
===========================================================================
report_checks -unconstrained
===========================================================================
======================= max_ss_100C_1v60 Corner ===================================

Startpoint: rst_n (input port clocked by sys_clk)
Endpoint: u_memory._430_ (recovery check against rising-edge clock sys_clk)
Path Group: asynchronous
Path Type: max

Fanout         Cap        Slew       Delay        Time   Description
---------------------------------------------------------------------------------------------
                                  0.000000    0.000000   clock sys_clk (rise edge)
                                  0.000000    0.000000   clock network delay (propagated)
                                  2.000000    2.000000 ^ input external delay
     1    0.002228    0.150000    0.000000    2.000000 ^ rst_n (in)
                                                         rst_n (net)
                      0.150134    0.000067    2.000067 ^ hold1/A (sky130_fd_sc_hd__dlygate4sd3_1)
     1    0.002885    0.092639    1.074055    3.074122 ^ hold1/X (sky130_fd_sc_hd__dlygate4sd3_1)
                                                         net657 (net)
                      0.092639    0.000212    3.074334 ^ input25/A (sky130_fd_sc_hd__clkbuf_2)
     1    0.003456    0.051707    0.180997    3.255331 ^ input25/X (sky130_fd_sc_hd__clkbuf_2)
                                                         net25 (net)
                      0.051707    0.000252    3.255584 ^ hold2/A (sky130_fd_sc_hd__dlygate4sd3_1)
     1    0.006318    0.138885    1.080273    4.335857 ^ hold2/X (sky130_fd_sc_hd__dlygate4sd3_1)
                                                         net658 (net)
                      0.138885    0.000499    4.336355 ^ wire647/A (sky130_fd_sc_hd__buf_6)
     8    0.144517    0.454206    0.442176    4.778532 ^ wire647/X (sky130_fd_sc_hd__buf_6)
                                                         net647 (net)
                      0.473128    0.072797    4.851329 ^ u_memory._430_/RESET_B (sky130_fd_sc_hd__dfrtp_4)
                                              4.851329   data arrival time

                                 10.000000   10.000000   clock sys_clk (rise edge)
                                  0.000000   10.000000   clock source latency
     2    0.168738    0.150000    0.000000   10.000000 ^ clk (in)
                                                         clk (net)
                      0.327914    0.088956   10.088957 ^ clkbuf_0_clk/A (sky130_fd_sc_hd__clkbuf_16)
     2    0.114837    0.200210    0.435569   10.524526 ^ clkbuf_0_clk/X (sky130_fd_sc_hd__clkbuf_16)
                                                         clknet_0_clk (net)
                      0.205135    0.024803   10.549329 ^ clkbuf_1_1_0_clk/A (sky130_fd_sc_hd__clkbuf_16)
     4    0.138622    0.232159    0.409711   10.959041 ^ clkbuf_1_1_0_clk/X (sky130_fd_sc_hd__clkbuf_16)
                                                         clknet_1_1_0_clk (net)
                      0.234174    0.017441   10.976481 ^ clkbuf_3_4_0_clk/A (sky130_fd_sc_hd__clkbuf_16)
     2    0.074215    0.140657    0.359093   11.335574 ^ clkbuf_3_4_0_clk/X (sky130_fd_sc_hd__clkbuf_16)
                                                         clknet_3_4_0_clk (net)
                      0.141445    0.007702   11.343277 ^ clkbuf_4_9__f_clk/A (sky130_fd_sc_hd__clkbuf_16)
     6    0.088627    0.160702    0.333688   11.676965 ^ clkbuf_4_9__f_clk/X (sky130_fd_sc_hd__clkbuf_16)
                                                         clknet_4_9__leaf_clk (net)
                      0.160952    0.003914   11.680879 ^ u_memory._430_/CLK (sky130_fd_sc_hd__dfrtp_4)
                                 -0.250000   11.430879   clock uncertainty
                                  0.000000   11.430879   clock reconvergence pessimism
                                  0.286442   11.717320   library recovery time
                                             11.717320   data required time
---------------------------------------------------------------------------------------------
                                             11.717320   data required time
                                             -4.851329   data arrival time
---------------------------------------------------------------------------------------------
                                              6.865992   slack (MET)


Startpoint: u_memory.g_read[0].g_bank[3].g_slice[0].u_sram
            (rising edge-triggered flip-flop clocked by sys_clk)
Endpoint: _027_ (rising edge-triggered flip-flop clocked by sys_clk)
Path Group: sys_clk
Path Type: max

Fanout         Cap        Slew       Delay        Time   Description
---------------------------------------------------------------------------------------------
                                  0.000000    0.000000   clock sys_clk (rise edge)
                                  0.000000    0.000000   clock source latency
     2    0.168738    0.150000    0.000000    0.000000 ^ clk (in)
                                                         clk (net)
                      0.327914    0.088957    0.088957 ^ clkbuf_0_clk/A (sky130_fd_sc_hd__clkbuf_16)
     2    0.114837    0.200210    0.435569    0.524526 ^ clkbuf_0_clk/X (sky130_fd_sc_hd__clkbuf_16)
                                                         clknet_0_clk (net)
                      0.205135    0.024803    0.549329 ^ clkbuf_1_1_0_clk/A (sky130_fd_sc_hd__clkbuf_16)
     4    0.138622    0.232159    0.409711    0.959040 ^ clkbuf_1_1_0_clk/X (sky130_fd_sc_hd__clkbuf_16)
                                                         clknet_1_1_0_clk (net)
                      0.234362    0.018204    0.977244 ^ clkbuf_3_5_0_clk/A (sky130_fd_sc_hd__clkbuf_16)
     2    0.058080    0.118460    0.338188    1.315433 ^ clkbuf_3_5_0_clk/X (sky130_fd_sc_hd__clkbuf_16)
                                                         clknet_3_5_0_clk (net)
                      0.122345    0.016357    1.331789 ^ clkbuf_4_10__f_clk/A (sky130_fd_sc_hd__clkbuf_16)
     9    0.149279    0.247617    0.382637    1.714427 ^ clkbuf_4_10__f_clk/X (sky130_fd_sc_hd__clkbuf_16)
                                                         clknet_4_10__leaf_clk (net)
                      0.249206    0.016139    1.730566 ^ m6_leaf_3_pre/A (sky130_fd_sc_hd__clkinv_2)
     1    0.036989    0.273692    0.329186    2.059752 v m6_leaf_3_pre/Y (sky130_fd_sc_hd__clkinv_2)
                                                         m6_leaf_3_inverted (net)
                      0.273695    0.001222    2.060975 v m6_leaf_3_drive/A (sky130_fd_sc_hd__clkinv_16)
     1    0.242595    0.257896    0.319273    2.380248 ^ m6_leaf_3_drive/Y (sky130_fd_sc_hd__clkinv_16)
                                                         m6_leaf_3_local (net)
                      0.345920    0.016062    2.396310 ^ u_memory.g_read[0].g_bank[3].g_slice[0].u_sram/clk (sram22_512x32m4w8)
     1    0.011338    0.245247    6.708719    9.105029 ^ u_memory.g_read[0].g_bank[3].g_slice[0].u_sram/dout[26] (sram22_512x32m4w8)
                                                         m6_out_3_26_local (net)
                      0.183953    0.000690    9.105720 ^ m6_out_3_26/A (sky130_fd_sc_hd__buf_12)
     1    0.003260    0.036863    0.198888    9.304607 ^ m6_out_3_26/X (sky130_fd_sc_hd__buf_12)
                                                         u_memory.g_read[0].bank_data[3][26] (net)
                      0.036863    0.000218    9.304826 ^ wire297/A (sky130_fd_sc_hd__clkbuf_4)
     4    0.097026    0.455102    0.506853    9.811679 ^ wire297/X (sky130_fd_sc_hd__clkbuf_4)
                                                         net297 (net)
                      0.455749    0.014181    9.825859 ^ u_memory._286_/C (sky130_fd_sc_hd__and3_4)
     5    0.089088    0.430170    0.832512   10.658371 ^ u_memory._286_/X (sky130_fd_sc_hd__and3_4)
                                                         u_memory._083_ (net)
                      0.430884    0.012371   10.670742 ^ u_memory._288_/B1 (sky130_fd_sc_hd__o22a_2)
     2    0.050053    0.415297    0.695207   11.365950 ^ u_memory._288_/X (sky130_fd_sc_hd__o22a_2)
                                                         result[26] (net)
                      0.416004    0.012675   11.378625 ^ _027_/D (sky130_fd_sc_hd__dfxtp_2)
                                             11.378625   data arrival time

                                 10.000000   10.000000   clock sys_clk (rise edge)
                                  0.000000   10.000000   clock source latency
     2    0.168738    0.150000    0.000000   10.000000 ^ clk (in)
                                                         clk (net)
                      0.327914    0.088956   10.088957 ^ clkbuf_0_clk/A (sky130_fd_sc_hd__clkbuf_16)
     2    0.114837    0.200210    0.435569   10.524526 ^ clkbuf_0_clk/X (sky130_fd_sc_hd__clkbuf_16)
                                                         clknet_0_clk (net)
                      0.201509    0.012969   10.537495 ^ clkbuf_1_0_0_clk/A (sky130_fd_sc_hd__clkbuf_16)
     4    0.102751    0.182200    0.369721   10.907216 ^ clkbuf_1_0_0_clk/X (sky130_fd_sc_hd__clkbuf_16)
                                                         clknet_1_0_0_clk (net)
                      0.185280    0.018758   10.925974 ^ clkbuf_3_0_0_clk/A (sky130_fd_sc_hd__clkbuf_16)
     2    0.046433    0.102029    0.307760   11.233734 ^ clkbuf_3_0_0_clk/X (sky130_fd_sc_hd__clkbuf_16)
                                                         clknet_3_0_0_clk (net)
                      0.103421    0.009197   11.242931 ^ clkbuf_4_0__f_clk/A (sky130_fd_sc_hd__clkbuf_16)
    10    0.054805    0.113698    0.279559   11.522490 ^ clkbuf_4_0__f_clk/X (sky130_fd_sc_hd__clkbuf_16)
                                                         clknet_4_0__leaf_clk (net)
                      0.114380    0.006786   11.529276 ^ _027_/CLK (sky130_fd_sc_hd__dfxtp_2)
                                 -0.250000   11.279276   clock uncertainty
                                  0.000000   11.279276   clock reconvergence pessimism
                                 -0.223925   11.055350   library setup time
                                             11.055350   data required time
---------------------------------------------------------------------------------------------
                                             11.055350   data required time
                                            -11.378625   data arrival time
---------------------------------------------------------------------------------------------
                                             -0.323274   slack (VIOLATED)




===========================================================================
report_checks --slack_max -0.01
============================================================================
======================= max_ss_100C_1v60 Corner ===================================

Startpoint: u_memory.g_read[0].g_bank[3].g_slice[0].u_sram
            (rising edge-triggered flip-flop clocked by sys_clk)
Endpoint: _027_ (rising edge-triggered flip-flop clocked by sys_clk)
Path Group: sys_clk
Path Type: max

Fanout         Cap        Slew       Delay        Time   Description
---------------------------------------------------------------------------------------------
                                  0.000000    0.000000   clock sys_clk (rise edge)
                                  0.000000    0.000000   clock source latency
     2    0.168738    0.150000    0.000000    0.000000 ^ clk (in)
                                                         clk (net)
                      0.327914    0.088957    0.088957 ^ clkbuf_0_clk/A (sky130_fd_sc_hd__clkbuf_16)
     2    0.114837    0.200210    0.435569    0.524526 ^ clkbuf_0_clk/X (sky130_fd_sc_hd__clkbuf_16)
                                                         clknet_0_clk (net)
                      0.205135    0.024803    0.549329 ^ clkbuf_1_1_0_clk/A (sky130_fd_sc_hd__clkbuf_16)
     4    0.138622    0.232159    0.409711    0.959040 ^ clkbuf_1_1_0_clk/X (sky130_fd_sc_hd__clkbuf_16)
                                                         clknet_1_1_0_clk (net)
                      0.234362    0.018204    0.977244 ^ clkbuf_3_5_0_clk/A (sky130_fd_sc_hd__clkbuf_16)
     2    0.058080    0.118460    0.338188    1.315433 ^ clkbuf_3_5_0_clk/X (sky130_fd_sc_hd__clkbuf_16)
                                                         clknet_3_5_0_clk (net)
                      0.122345    0.016357    1.331789 ^ clkbuf_4_10__f_clk/A (sky130_fd_sc_hd__clkbuf_16)
     9    0.149279    0.247617    0.382637    1.714427 ^ clkbuf_4_10__f_clk/X (sky130_fd_sc_hd__clkbuf_16)
                                                         clknet_4_10__leaf_clk (net)
                      0.249206    0.016139    1.730566 ^ m6_leaf_3_pre/A (sky130_fd_sc_hd__clkinv_2)
     1    0.036989    0.273692    0.329186    2.059752 v m6_leaf_3_pre/Y (sky130_fd_sc_hd__clkinv_2)
                                                         m6_leaf_3_inverted (net)
                      0.273695    0.001222    2.060975 v m6_leaf_3_drive/A (sky130_fd_sc_hd__clkinv_16)
     1    0.242595    0.257896    0.319273    2.380248 ^ m6_leaf_3_drive/Y (sky130_fd_sc_hd__clkinv_16)
                                                         m6_leaf_3_local (net)
                      0.345920    0.016062    2.396310 ^ u_memory.g_read[0].g_bank[3].g_slice[0].u_sram/clk (sram22_512x32m4w8)
     1    0.011338    0.245247    6.708719    9.105029 ^ u_memory.g_read[0].g_bank[3].g_slice[0].u_sram/dout[26] (sram22_512x32m4w8)
                                                         m6_out_3_26_local (net)
                      0.183953    0.000690    9.105720 ^ m6_out_3_26/A (sky130_fd_sc_hd__buf_12)
     1    0.003260    0.036863    0.198888    9.304607 ^ m6_out_3_26/X (sky130_fd_sc_hd__buf_12)
                                                         u_memory.g_read[0].bank_data[3][26] (net)
                      0.036863    0.000218    9.304826 ^ wire297/A (sky130_fd_sc_hd__clkbuf_4)
     4    0.097026    0.455102    0.506853    9.811679 ^ wire297/X (sky130_fd_sc_hd__clkbuf_4)
                                                         net297 (net)
                      0.455749    0.014181    9.825859 ^ u_memory._286_/C (sky130_fd_sc_hd__and3_4)
     5    0.089088    0.430170    0.832512   10.658371 ^ u_memory._286_/X (sky130_fd_sc_hd__and3_4)
                                                         u_memory._083_ (net)
                      0.430884    0.012371   10.670742 ^ u_memory._288_/B1 (sky130_fd_sc_hd__o22a_2)
     2    0.050053    0.415297    0.695207   11.365950 ^ u_memory._288_/X (sky130_fd_sc_hd__o22a_2)
                                                         result[26] (net)
                      0.416004    0.012675   11.378625 ^ _027_/D (sky130_fd_sc_hd__dfxtp_2)
                                             11.378625   data arrival time

                                 10.000000   10.000000   clock sys_clk (rise edge)
                                  0.000000   10.000000   clock source latency
     2    0.168738    0.150000    0.000000   10.000000 ^ clk (in)
                                                         clk (net)
                      0.327914    0.088956   10.088957 ^ clkbuf_0_clk/A (sky130_fd_sc_hd__clkbuf_16)
     2    0.114837    0.200210    0.435569   10.524526 ^ clkbuf_0_clk/X (sky130_fd_sc_hd__clkbuf_16)
                                                         clknet_0_clk (net)
                      0.201509    0.012969   10.537495 ^ clkbuf_1_0_0_clk/A (sky130_fd_sc_hd__clkbuf_16)
     4    0.102751    0.182200    0.369721   10.907216 ^ clkbuf_1_0_0_clk/X (sky130_fd_sc_hd__clkbuf_16)
                                                         clknet_1_0_0_clk (net)
                      0.185280    0.018758   10.925974 ^ clkbuf_3_0_0_clk/A (sky130_fd_sc_hd__clkbuf_16)
     2    0.046433    0.102029    0.307760   11.233734 ^ clkbuf_3_0_0_clk/X (sky130_fd_sc_hd__clkbuf_16)
                                                         clknet_3_0_0_clk (net)
                      0.103421    0.009197   11.242931 ^ clkbuf_4_0__f_clk/A (sky130_fd_sc_hd__clkbuf_16)
    10    0.054805    0.113698    0.279559   11.522490 ^ clkbuf_4_0__f_clk/X (sky130_fd_sc_hd__clkbuf_16)
                                                         clknet_4_0__leaf_clk (net)
                      0.114380    0.006786   11.529276 ^ _027_/CLK (sky130_fd_sc_hd__dfxtp_2)
                                 -0.250000   11.279276   clock uncertainty
                                  0.000000   11.279276   clock reconvergence pessimism
                                 -0.223925   11.055350   library setup time
                                             11.055350   data required time
---------------------------------------------------------------------------------------------
                                             11.055350   data required time
                                            -11.378625   data arrival time
---------------------------------------------------------------------------------------------
                                             -0.323274   slack (VIOLATED)




===========================================================================
 report_check_types -max_slew -max_cap -max_fanout -violators
============================================================================
======================= max_ss_100C_1v60 Corner ===================================

max slew

Pin                                        Limit        Slew       Slack
------------------------------------------------------------------------
hold168/A                               0.350000    1.304727   -0.954727 (VIOLATED)
hold174/X                               0.350000    1.303008   -0.953008 (VIOLATED)
u_memory.g_read[0].g_bank[0].g_slice[0].u_sram/we    0.350000    1.213345   -0.863345 (VIOLATED)
hold164/A                               0.350000    1.213165   -0.863165 (VIOLATED)
hold172/X                               0.350000    1.211735   -0.861735 (VIOLATED)
u_memory.g_read[0].g_bank[1].g_slice[0].u_sram/we    0.350000    1.209105   -0.859105 (VIOLATED)
u_memory.g_read[1].g_bank[0].g_slice[0].u_sram/we    0.350000    1.197830   -0.847830 (VIOLATED)
u_memory.g_read[1].g_bank[1].g_slice[0].u_sram/we    0.350000    1.193872   -0.843872 (VIOLATED)
u_memory.g_read[0].g_bank[3].g_slice[0].u_sram/we    0.350000    1.192837   -0.842837 (VIOLATED)
wire179/A                               0.350000    1.174117   -0.824117 (VIOLATED)
u_memory._322_/Y                        0.350000    1.174100   -0.824100 (VIOLATED)
u_memory.g_read[1].g_bank[3].g_slice[0].u_sram/we    0.350000    1.170274   -0.820274 (VIOLATED)
u_memory.g_read[1].g_bank[2].g_slice[0].u_sram/we    0.350000    1.163178   -0.813178 (VIOLATED)
hold158/A                               0.350000    1.162553   -0.812553 (VIOLATED)
hold162/X                               0.350000    1.161736   -0.811736 (VIOLATED)
hold170/A                               0.350000    1.103635   -0.753635 (VIOLATED)
hold176/X                               0.350000    1.103096   -0.753096 (VIOLATED)
hold178/A                               0.350000    1.085173   -0.735173 (VIOLATED)
hold180/X                               0.350000    1.084612   -0.734612 (VIOLATED)
hold160/A                               0.350000    1.030507   -0.680507 (VIOLATED)
hold166/X                               0.350000    1.029975   -0.679975 (VIOLATED)
u_memory._236_/C1                       0.350000    1.022392   -0.672392 (VIOLATED)
max_cap187/A                            0.350000    1.022053   -0.672053 (VIOLATED)
u_memory._206_/Y                        0.350000    1.022050   -0.672050 (VIOLATED)
ANTENNA_2734/DIODE                      0.350000    0.905652   -0.555652 (VIOLATED)
ANTENNA_596/DIODE                       0.350000    0.905607   -0.555607 (VIOLATED)
ANTENNA_598/DIODE                       0.350000    0.896507   -0.546507 (VIOLATED)
ANTENNA_2735/DIODE                      0.350000    0.896505   -0.546505 (VIOLATED)
ANTENNA_2756/DIODE                      0.350000    0.896503   -0.546503 (VIOLATED)
ANTENNA_2755/DIODE                      0.350000    0.896501   -0.546501 (VIOLATED)
ANTENNA_2754/DIODE                      0.350000    0.896496   -0.546496 (VIOLATED)
ANTENNA_597/DIODE                       0.350000    0.894502   -0.544502 (VIOLATED)
ANTENNA_599/DIODE                       0.350000    0.878172   -0.528172 (VIOLATED)
fanout169/A                             0.350000    0.858302   -0.508302 (VIOLATED)
fanout170/X                             0.350000    0.857620   -0.507620 (VIOLATED)
u_memory.g_read[1].g_bank[2].g_slice[0].u_sram/din[2]    0.350000    0.829708   -0.479708 (VIOLATED)
max_cap196/A                            0.350000    0.818115   -0.468115 (VIOLATED)
max_cap202/A                            0.350000    0.818115   -0.468115 (VIOLATED)
u_memory._175_/Y                        0.350000    0.818115   -0.468115 (VIOLATED)
wire195/A                               0.350000    0.818115   -0.468115 (VIOLATED)
u_memory.g_read[1].g_bank[1].g_slice[0].u_sram/ce    0.350000    0.792866   -0.442866 (VIOLATED)
u_memory.g_read[0].g_bank[2].g_slice[0].u_sram/din[24]    0.350000    0.755984   -0.405984 (VIOLATED)
u_memory.g_read[0].g_bank[2].g_slice[0].u_sram/din[28]    0.350000    0.749715   -0.399715 (VIOLATED)
u_memory.g_read[1].g_bank[1].g_slice[0].u_sram/wmask[1]    0.350000    0.740199   -0.390199 (VIOLATED)
u_memory.g_read[1].g_bank[0].g_slice[0].u_sram/wmask[1]    0.350000    0.740168   -0.390168 (VIOLATED)
u_memory.g_read[1].g_bank[3].g_slice[0].u_sram/din[11]    0.350000    0.723126   -0.373126 (VIOLATED)
u_memory.g_read[1].g_bank[0].g_slice[0].u_sram/wmask[0]    0.350000    0.714650   -0.364650 (VIOLATED)
u_memory.g_read[1].g_bank[1].g_slice[0].u_sram/wmask[0]    0.350000    0.714624   -0.364624 (VIOLATED)
u_memory.g_read[0].g_bank[3].g_slice[0].u_sram/din[27]    0.350000    0.713139   -0.363139 (VIOLATED)
wire167/A                               0.350000    0.692415   -0.342415 (VIOLATED)
wire168/X                               0.350000    0.690502   -0.340502 (VIOLATED)
u_memory.g_read[1].g_bank[3].g_slice[0].u_sram/wmask[2]    0.350000    0.680683   -0.330683 (VIOLATED)
u_memory.g_read[0].g_bank[3].g_slice[0].u_sram/din[24]    0.350000    0.675030   -0.325030 (VIOLATED)
u_memory.g_read[0].g_bank[2].g_slice[0].u_sram/din[31]    0.350000    0.662196   -0.312196 (VIOLATED)
u_memory.g_read[1].g_bank[0].g_slice[0].u_sram/din[8]    0.350000    0.656428   -0.306428 (VIOLATED)
u_memory._411_/A1                       0.350000    0.653364   -0.303364 (VIOLATED)
wire264/X                               0.350000    0.651974   -0.301974 (VIOLATED)
max_cap194/A                            0.350000    0.645486   -0.295486 (VIOLATED)
wire193/A                               0.350000    0.645468   -0.295468 (VIOLATED)
u_memory.g_read[0].g_bank[2].g_slice[0].u_sram/din[18]    0.350000    0.643715   -0.293715 (VIOLATED)
wire195/X                               0.350000    0.642948   -0.292948 (VIOLATED)
hold200/A                               0.350000    0.636259   -0.286259 (VIOLATED)
hold206/X                               0.350000    0.634684   -0.284684 (VIOLATED)
wire392/A                               0.350000    0.631398   -0.281398 (VIOLATED)
max_cap393/A                            0.350000    0.630749   -0.280749 (VIOLATED)
wire394/X                               0.350000    0.630328   -0.280328 (VIOLATED)
u_memory.g_read[1].g_bank[3].g_slice[0].u_sram/din[20]    0.350000    0.630009   -0.280009 (VIOLATED)
ANTENNA_810/DIODE                       0.350000    0.625866   -0.275866 (VIOLATED)
ANTENNA_809/DIODE                       0.350000    0.625849   -0.275849 (VIOLATED)
ANTENNA_805/DIODE                       0.350000    0.625762   -0.275762 (VIOLATED)
ANTENNA_803/DIODE                       0.350000    0.625719   -0.275719 (VIOLATED)
u_memory._405_/A1                       0.350000    0.625711   -0.275711 (VIOLATED)
ANTENNA_801/DIODE                       0.350000    0.625709   -0.275708 (VIOLATED)
ANTENNA_800/DIODE                       0.350000    0.625664   -0.275664 (VIOLATED)
ANTENNA_802/DIODE                       0.350000    0.625645   -0.275645 (VIOLATED)
ANTENNA_804/DIODE                       0.350000    0.625624   -0.275624 (VIOLATED)
ANTENNA_806/DIODE                       0.350000    0.625602   -0.275602 (VIOLATED)
ANTENNA_807/DIODE                       0.350000    0.625577   -0.275577 (VIOLATED)
ANTENNA_808/DIODE                       0.350000    0.625551   -0.275551 (VIOLATED)
u_memory.g_read[0].g_bank[1].g_slice[0].u_sram/din[10]    0.350000    0.625202   -0.275202 (VIOLATED)
max_cap609/A                            0.350000    0.622275   -0.272275 (VIOLATED)
max_cap610/A                            0.350000    0.622275   -0.272275 (VIOLATED)
wire611/X                               0.350000    0.621848   -0.271848 (VIOLATED)
u_memory.g_read[0].g_bank[1].g_slice[0].u_sram/din[18]    0.350000    0.620885   -0.270885 (VIOLATED)
u_memory.g_read[1].g_bank[0].g_slice[0].u_sram/din[17]    0.350000    0.619485   -0.269485 (VIOLATED)
u_memory.g_read[1].g_bank[3].g_slice[0].u_sram/din[12]    0.350000    0.619350   -0.269350 (VIOLATED)
u_memory.g_read[0].g_bank[0].g_slice[0].u_sram/wmask[2]    0.350000    0.612106   -0.262106 (VIOLATED)
u_memory.g_read[0].g_bank[2].g_slice[0].u_sram/din[10]    0.350000    0.610206   -0.260206 (VIOLATED)
u_memory.g_read[0].g_bank[1].g_slice[0].u_sram/wmask[2]    0.350000    0.609144   -0.259144 (VIOLATED)
u_memory.g_read[0].g_bank[3].g_slice[0].u_sram/din[11]    0.350000    0.607300   -0.257300 (VIOLATED)
u_memory.g_read[0].g_bank[3].g_slice[0].u_sram/din[28]    0.350000    0.606822   -0.256822 (VIOLATED)
u_memory.g_read[1].g_bank[0].g_slice[0].u_sram/din[3]    0.350000    0.606545   -0.256545 (VIOLATED)
wire266/X                               0.350000    0.605613   -0.255613 (VIOLATED)
u_memory._372_/B1                       0.350000    0.603334   -0.253334 (VIOLATED)
u_memory._371_/X                        0.350000    0.603232   -0.253232 (VIOLATED)
u_memory.g_read[0].g_bank[3].g_slice[0].u_sram/din[15]    0.350000    0.602348   -0.252348 (VIOLATED)
u_memory.g_read[1].g_bank[3].g_slice[0].u_sram/din[24]    0.350000    0.602001   -0.252001 (VIOLATED)
u_memory.g_read[0].g_bank[2].g_slice[0].u_sram/we    0.350000    0.601695   -0.251695 (VIOLATED)
u_memory.g_read[1].g_bank[0].g_slice[0].u_sram/din[16]    0.350000    0.600101   -0.250101 (VIOLATED)
u_memory.g_read[1].g_bank[3].g_slice[0].u_sram/din[26]    0.350000    0.597828   -0.247828 (VIOLATED)
u_memory.g_read[1].g_bank[3].g_slice[0].u_sram/din[17]    0.350000    0.597360   -0.247360 (VIOLATED)
u_memory.g_read[1].g_bank[3].g_slice[0].u_sram/din[6]    0.350000    0.595247   -0.245247 (VIOLATED)
ANTENNA_2690/DIODE                      0.350000    0.594691   -0.244691 (VIOLATED)
ANTENNA_2745/DIODE                      0.350000    0.594691   -0.244691 (VIOLATED)
ANTENNA_2762/DIODE                      0.350000    0.594691   -0.244690 (VIOLATED)
u_memory.g_read[0].g_bank[2].g_slice[0].u_sram/din[26]    0.350000    0.593261   -0.243261 (VIOLATED)
hold13/X                                0.350000    0.593003   -0.243003 (VIOLATED)
u_memory.g_read[0].g_bank[3].g_slice[0].u_sram/din[14]    0.350000    0.592062   -0.242062 (VIOLATED)
hold114/A                               0.350000    0.591712   -0.241712 (VIOLATED)
hold156/X                               0.350000    0.591603   -0.241603 (VIOLATED)
u_memory.g_read[1].g_bank[0].g_slice[0].u_sram/din[27]    0.350000    0.591385   -0.241385 (VIOLATED)
u_memory.g_read[0].g_bank[3].g_slice[0].u_sram/din[13]    0.350000    0.590682   -0.240682 (VIOLATED)
u_memory.g_read[0].g_bank[3].g_slice[0].u_sram/din[23]    0.350000    0.588879   -0.238879 (VIOLATED)
u_memory.g_read[0].g_bank[3].g_slice[0].u_sram/din[20]    0.350000    0.588861   -0.238861 (VIOLATED)
u_memory.g_read[0].g_bank[3].g_slice[0].u_sram/din[6]    0.350000    0.588645   -0.238645 (VIOLATED)
u_memory.g_read[1].g_bank[0].g_slice[0].u_sram/din[1]    0.350000    0.588153   -0.238153 (VIOLATED)
u_memory.g_read[1].g_bank[3].g_slice[0].u_sram/din[5]    0.350000    0.587435   -0.237435 (VIOLATED)
u_memory.g_read[1].g_bank[3].g_slice[0].u_sram/din[22]    0.350000    0.586794   -0.236794 (VIOLATED)
ANTENNA_22/DIODE                        0.350000    0.586299   -0.236299 (VIOLATED)
_003_/D                                 0.350000    0.586297   -0.236297 (VIOLATED)
u_memory._215_/X                        0.350000    0.586016   -0.236016 (VIOLATED)
u_memory.g_read[0].g_bank[2].g_slice[0].u_sram/addr[1]    0.350000    0.584050   -0.234050 (VIOLATED)
u_memory.g_read[0].g_bank[3].g_slice[0].u_sram/addr[1]    0.350000    0.583971   -0.233971 (VIOLATED)
u_memory.g_read[1].g_bank[3].g_slice[0].u_sram/din[18]    0.350000    0.583737   -0.233737 (VIOLATED)
u_memory.g_read[0].g_bank[0].g_slice[0].u_sram/din[8]    0.350000    0.582371   -0.232371 (VIOLATED)
u_memory.g_read[1].g_bank[3].g_slice[0].u_sram/din[1]    0.350000    0.582012   -0.232012 (VIOLATED)
u_memory.g_read[0].g_bank[3].g_slice[0].u_sram/din[26]    0.350000    0.581868   -0.231868 (VIOLATED)
u_memory.g_read[0].g_bank[0].g_slice[0].u_sram/din[24]    0.350000    0.581619   -0.231619 (VIOLATED)
u_memory.g_read[0].g_bank[0].g_slice[0].u_sram/din[22]    0.350000    0.581234   -0.231234 (VIOLATED)
u_memory.g_read[1].g_bank[0].g_slice[0].u_sram/din[18]    0.350000    0.580488   -0.230488 (VIOLATED)
u_memory.g_read[0].g_bank[0].g_slice[0].u_sram/din[16]    0.350000    0.580280   -0.230280 (VIOLATED)
u_memory.g_read[1].g_bank[0].g_slice[0].u_sram/din[28]    0.350000    0.580277   -0.230277 (VIOLATED)
u_memory.g_read[1].g_bank[0].g_slice[0].u_sram/din[12]    0.350000    0.578634   -0.228634 (VIOLATED)
u_memory.g_read[0].g_bank[0].g_slice[0].u_sram/din[10]    0.350000    0.578590   -0.228590 (VIOLATED)
u_memory.g_read[0].g_bank[0].g_slice[0].u_sram/din[23]    0.350000    0.577417   -0.227417 (VIOLATED)
u_memory._236_/A1                       0.350000    0.576792   -0.226792 (VIOLATED)
u_memory.g_read[0].g_bank[0].g_slice[0].u_sram/din[11]    0.350000    0.575859   -0.225859 (VIOLATED)
u_memory.g_read[0].g_bank[0].g_slice[0].u_sram/din[12]    0.350000    0.575438   -0.225438 (VIOLATED)
max_cap207/X                            0.350000    0.575280   -0.225280 (VIOLATED)
u_memory.g_read[0].g_bank[0].g_slice[0].u_sram/din[3]    0.350000    0.575182   -0.225182 (VIOLATED)
fanout189/A                             0.350000    0.573033   -0.223033 (VIOLATED)
fanout190/A                             0.350000    0.572047   -0.222047 (VIOLATED)
u_memory.g_read[0].g_bank[0].g_slice[0].u_sram/din[26]    0.350000    0.571886   -0.221886 (VIOLATED)
u_memory.g_read[0].g_bank[0].g_slice[0].u_sram/din[2]    0.350000    0.571747   -0.221747 (VIOLATED)
u_memory.g_read[0].g_bank[0].g_slice[0].u_sram/din[30]    0.350000    0.571460   -0.221460 (VIOLATED)
u_memory._203_/X                        0.350000    0.571428   -0.221428 (VIOLATED)
u_memory.g_read[0].g_bank[0].g_slice[0].u_sram/din[21]    0.350000    0.571325   -0.221324 (VIOLATED)
u_memory.g_read[0].g_bank[0].g_slice[0].u_sram/din[17]    0.350000    0.570978   -0.220978 (VIOLATED)
u_memory.g_read[0].g_bank[2].g_slice[0].u_sram/addr[7]    0.350000    0.570729   -0.220729 (VIOLATED)
u_memory.g_read[0].g_bank[3].g_slice[0].u_sram/addr[7]    0.350000    0.570663   -0.220663 (VIOLATED)
u_memory.g_read[1].g_bank[0].g_slice[0].u_sram/din[7]    0.350000    0.570244   -0.220244 (VIOLATED)
u_memory.g_read[1].g_bank[0].g_slice[0].u_sram/din[11]    0.350000    0.568643   -0.218643 (VIOLATED)
u_memory.g_read[0].g_bank[0].g_slice[0].u_sram/din[19]    0.350000    0.567356   -0.217356 (VIOLATED)
u_memory.g_read[0].g_bank[0].g_slice[0].u_sram/din[29]    0.350000    0.567284   -0.217284 (VIOLATED)
max_cap455/A                            0.350000    0.566751   -0.216751 (VIOLATED)
u_memory.g_read[0].g_bank[0].g_slice[0].u_sram/din[31]    0.350000    0.566513   -0.216513 (VIOLATED)
u_memory.g_read[1].g_bank[0].g_slice[0].u_sram/wmask[3]    0.350000    0.565148   -0.215148 (VIOLATED)
u_memory.g_read[0].g_bank[1].g_slice[0].u_sram/din[8]    0.350000    0.564762   -0.214762 (VIOLATED)
max_cap427/A                            0.350000    0.562105   -0.212105 (VIOLATED)
u_memory.g_read[0].g_bank[2].g_slice[0].u_sram/din[29]    0.350000    0.561327   -0.211327 (VIOLATED)
u_memory.g_read[0].g_bank[3].g_slice[0].u_sram/ce    0.350000    0.560253   -0.210253 (VIOLATED)
u_memory.g_read[0].g_bank[1].g_slice[0].u_sram/din[1]    0.350000    0.558855   -0.208855 (VIOLATED)
u_memory.g_read[0].g_bank[2].g_slice[0].u_sram/addr[5]    0.350000    0.558733   -0.208733 (VIOLATED)
u_memory.g_read[0].g_bank[3].g_slice[0].u_sram/addr[5]    0.350000    0.558676   -0.208676 (VIOLATED)
ANTENNA_818/DIODE                       0.350000    0.558317   -0.208317 (VIOLATED)
ANTENNA_816/DIODE                       0.350000    0.558316   -0.208316 (VIOLATED)
ANTENNA_814/DIODE                       0.350000    0.558315   -0.208315 (VIOLATED)
u_memory._399_/A1                       0.350000    0.558315   -0.208315 (VIOLATED)
ANTENNA_812/DIODE                       0.350000    0.558313   -0.208313 (VIOLATED)
ANTENNA_811/DIODE                       0.350000    0.558301   -0.208301 (VIOLATED)
ANTENNA_813/DIODE                       0.350000    0.558296   -0.208296 (VIOLATED)
ANTENNA_815/DIODE                       0.350000    0.558291   -0.208291 (VIOLATED)
ANTENNA_817/DIODE                       0.350000    0.558281   -0.208281 (VIOLATED)
ANTENNA_819/DIODE                       0.350000    0.558275   -0.208275 (VIOLATED)
wire456/X                               0.350000    0.558042   -0.208042 (VIOLATED)
wire268/X                               0.350000    0.556649   -0.206649 (VIOLATED)
u_memory.g_read[1].g_bank[3].g_slice[0].u_sram/din[21]    0.350000    0.555435   -0.205435 (VIOLATED)
u_memory.g_read[0].g_bank[1].g_slice[0].u_sram/din[9]    0.350000    0.555257   -0.205257 (VIOLATED)
ANTENNA_2693/DIODE                      0.350000    0.555137   -0.205137 (VIOLATED)
ANTENNA_2692/DIODE                      0.350000    0.555133   -0.205133 (VIOLATED)
ANTENNA_2691/DIODE                      0.350000    0.555133   -0.205132 (VIOLATED)
ANTENNA_2694/DIODE                      0.350000    0.555125   -0.205125 (VIOLATED)
hold132/X                               0.350000    0.554788   -0.204788 (VIOLATED)
u_memory.g_read[0].g_bank[2].g_slice[0].u_sram/ce    0.350000    0.554098   -0.204098 (VIOLATED)
u_memory.g_read[1].g_bank[2].g_slice[0].u_sram/wmask[2]    0.350000    0.553990   -0.203990 (VIOLATED)
u_memory.g_read[0].g_bank[2].g_slice[0].u_sram/addr[2]    0.350000    0.552709   -0.202709 (VIOLATED)
u_memory.g_read[0].g_bank[3].g_slice[0].u_sram/addr[2]    0.350000    0.552666   -0.202666 (VIOLATED)
u_memory.g_read[0].g_bank[1].g_slice[0].u_sram/din[0]    0.350000    0.550984   -0.200984 (VIOLATED)
u_memory.g_read[1].g_bank[0].g_slice[0].u_sram/din[24]    0.350000    0.550818   -0.200818 (VIOLATED)
wire428/X                               0.350000    0.550195   -0.200195 (VIOLATED)
u_memory.g_read[0].g_bank[3].g_slice[0].u_sram/din[0]    0.350000    0.549899   -0.199899 (VIOLATED)
u_memory.g_read[0].g_bank[1].g_slice[0].u_sram/din[26]    0.350000    0.547666   -0.197666 (VIOLATED)
u_memory.g_read[0].g_bank[3].g_slice[0].u_sram/din[8]    0.350000    0.546709   -0.196709 (VIOLATED)
u_memory.g_read[0].g_bank[1].g_slice[0].u_sram/din[28]    0.350000    0.545201   -0.195201 (VIOLATED)
u_memory.g_read[0].g_bank[1].g_slice[0].u_sram/din[4]    0.350000    0.543295   -0.193295 (VIOLATED)
ANTENNA_2187/DIODE                      0.350000    0.542292   -0.192292 (VIOLATED)
ANTENNA_2196/DIODE                      0.350000    0.542252   -0.192252 (VIOLATED)
ANTENNA_2192/DIODE                      0.350000    0.542250   -0.192250 (VIOLATED)
ANTENNA_2191/DIODE                      0.350000    0.542248   -0.192248 (VIOLATED)
ANTENNA_2190/DIODE                      0.350000    0.542246   -0.192246 (VIOLATED)
ANTENNA_2189/DIODE                      0.350000    0.542244   -0.192244 (VIOLATED)
ANTENNA_2188/DIODE                      0.350000    0.542241   -0.192241 (VIOLATED)
u_memory._181_/A_N                      0.350000    0.542241   -0.192241 (VIOLATED)
u_memory._185_/B                        0.350000    0.542228   -0.192228 (VIOLATED)
u_memory._177_/A                        0.350000    0.542202   -0.192202 (VIOLATED)
u_memory._190_/A                        0.350000    0.542203   -0.192203 (VIOLATED)
ANTENNA_2193/DIODE                      0.350000    0.542151   -0.192151 (VIOLATED)
ANTENNA_2194/DIODE                      0.350000    0.542148   -0.192148 (VIOLATED)
ANTENNA_2195/DIODE                      0.350000    0.542145   -0.192145 (VIOLATED)
ANTENNA_2197/DIODE                      0.350000    0.542142   -0.192142 (VIOLATED)
max_cap548/X                            0.350000    0.541147   -0.191147 (VIOLATED)
wire627/X                               0.350000    0.541068   -0.191068 (VIOLATED)
u_memory.g_read[1].g_bank[0].g_slice[0].u_sram/din[19]    0.350000    0.540074   -0.190074 (VIOLATED)
u_memory._195_/A1                       0.350000    0.539514   -0.189514 (VIOLATED)
wire193/X                               0.350000    0.538048   -0.188048 (VIOLATED)
u_memory.g_read[0].g_bank[2].g_slice[0].u_sram/addr[6]    0.350000    0.536341   -0.186341 (VIOLATED)
u_memory.g_read[0].g_bank[3].g_slice[0].u_sram/addr[6]    0.350000    0.536284   -0.186284 (VIOLATED)
ANTENNA_2696/DIODE                      0.350000    0.535990   -0.185990 (VIOLATED)
ANTENNA_2695/DIODE                      0.350000    0.535990   -0.185990 (VIOLATED)
ANTENNA_2697/DIODE                      0.350000    0.535963   -0.185963 (VIOLATED)
ANTENNA_2698/DIODE                      0.350000    0.535962   -0.185962 (VIOLATED)
u_memory.g_read[0].g_bank[1].g_slice[0].u_sram/din[16]    0.350000    0.535625   -0.185625 (VIOLATED)
hold138/X                               0.350000    0.535608   -0.185608 (VIOLATED)
ANTENNA_1459/DIODE                      0.350000    0.534816   -0.184816 (VIOLATED)
ANTENNA_1466/DIODE                      0.350000    0.534775   -0.184775 (VIOLATED)
ANTENNA_1468/DIODE                      0.350000    0.534775   -0.184775 (VIOLATED)
ANTENNA_1462/DIODE                      0.350000    0.534768   -0.184768 (VIOLATED)
ANTENNA_1461/DIODE                      0.350000    0.534767   -0.184767 (VIOLATED)
ANTENNA_1460/DIODE                      0.350000    0.534767   -0.184767 (VIOLATED)
ANTENNA_1464/DIODE                      0.350000    0.534766   -0.184766 (VIOLATED)
ANTENNA_1463/DIODE                      0.350000    0.534758   -0.184758 (VIOLATED)
ANTENNA_1469/DIODE                      0.350000    0.534755   -0.184755 (VIOLATED)
ANTENNA_1465/DIODE                      0.350000    0.534755   -0.184755 (VIOLATED)
ANTENNA_1467/DIODE                      0.350000    0.534755   -0.184755 (VIOLATED)
u_memory._408_/A1                       0.350000    0.534703   -0.184703 (VIOLATED)
max_cap433/X                            0.350000    0.533887   -0.183887 (VIOLATED)
wire265/X                               0.350000    0.533730   -0.183730 (VIOLATED)
u_memory.g_read[0].g_bank[3].g_slice[0].u_sram/din[2]    0.350000    0.532403   -0.182403 (VIOLATED)
u_memory.g_read[0].g_bank[3].g_slice[0].u_sram/din[25]    0.350000    0.532396   -0.182396 (VIOLATED)
u_memory.g_read[0].g_bank[1].g_slice[0].u_sram/din[21]    0.350000    0.531963   -0.181963 (VIOLATED)
u_memory.g_read[1].g_bank[3].g_slice[0].u_sram/din[9]    0.350000    0.529095   -0.179095 (VIOLATED)
u_memory.g_read[0].g_bank[1].g_slice[0].u_sram/din[13]    0.350000    0.528941   -0.178941 (VIOLATED)
u_memory.g_read[1].g_bank[1].g_slice[0].u_sram/din[29]    0.350000    0.528312   -0.178312 (VIOLATED)
u_memory.g_read[0].g_bank[1].g_slice[0].u_sram/din[23]    0.350000    0.528086   -0.178086 (VIOLATED)
u_memory.g_read[0].g_bank[2].g_slice[0].u_sram/addr[8]    0.350000    0.525537   -0.175537 (VIOLATED)
u_memory.g_read[0].g_bank[3].g_slice[0].u_sram/addr[8]    0.350000    0.525478   -0.175478 (VIOLATED)
u_memory.g_read[0].g_bank[1].g_slice[0].u_sram/ce    0.350000    0.525272   -0.175272 (VIOLATED)
u_memory.g_read[0].g_bank[1].g_slice[0].u_sram/din[20]    0.350000    0.524890   -0.174890 (VIOLATED)
u_memory.g_read[1].g_bank[0].g_slice[0].u_sram/din[0]    0.350000    0.524774   -0.174774 (VIOLATED)
u_memory.g_read[1].g_bank[1].g_slice[0].u_sram/din[3]    0.350000    0.524678   -0.174678 (VIOLATED)
u_memory.g_read[0].g_bank[3].g_slice[0].u_sram/din[16]    0.350000    0.524570   -0.174570 (VIOLATED)
u_memory.g_read[1].g_bank[3].g_slice[0].u_sram/din[3]    0.350000    0.523022   -0.173022 (VIOLATED)
u_memory.g_read[1].g_bank[3].g_slice[0].u_sram/din[7]    0.350000    0.522886   -0.172886 (VIOLATED)
u_memory._194_/C_N                      0.350000    0.522279   -0.172279 (VIOLATED)
u_memory._424_/A                        0.350000    0.522267   -0.172267 (VIOLATED)
u_memory._196_/C                        0.350000    0.522260   -0.172260 (VIOLATED)
u_memory._198_/A                        0.350000    0.522214   -0.172214 (VIOLATED)
u_memory.g_read[1].g_bank[0].g_slice[0].u_sram/wmask[2]    0.350000    0.522186   -0.172186 (VIOLATED)
u_memory.g_read[1].g_bank[3].g_slice[0].u_sram/din[8]    0.350000    0.521511   -0.171511 (VIOLATED)
u_memory.g_read[1].g_bank[1].g_slice[0].u_sram/din[6]    0.350000    0.521341   -0.171341 (VIOLATED)
wire632/X                               0.350000    0.521194   -0.171194 (VIOLATED)
u_memory.g_read[1].g_bank[3].g_slice[0].u_sram/din[23]    0.350000    0.520498   -0.170498 (VIOLATED)
u_memory.g_read[0].g_bank[1].g_slice[0].u_sram/din[7]    0.350000    0.519879   -0.169879 (VIOLATED)
u_memory.g_read[1].g_bank[1].g_slice[0].u_sram/wmask[2]    0.350000    0.519487   -0.169487 (VIOLATED)
u_memory._378_/B1                       0.350000    0.518021   -0.168021 (VIOLATED)
ANTENNA_184/DIODE                       0.350000    0.518018   -0.168018 (VIOLATED)
ANTENNA_186/DIODE                       0.350000    0.518013   -0.168013 (VIOLATED)
ANTENNA_185/DIODE                       0.350000    0.518008   -0.168008 (VIOLATED)
ANTENNA_187/DIODE                       0.350000    0.518007   -0.168007 (VIOLATED)
u_memory.g_read[1].g_bank[3].g_slice[0].u_sram/din[14]    0.350000    0.517286   -0.167286 (VIOLATED)
u_memory._376_/X                        0.350000    0.517080   -0.167080 (VIOLATED)
u_memory.g_read[1].g_bank[2].g_slice[0].u_sram/din[3]    0.350000    0.516150   -0.166150 (VIOLATED)
u_memory._417_/A1                       0.350000    0.515041   -0.165041 (VIOLATED)
u_memory.g_read[0].g_bank[0].g_slice[0].u_sram/din[7]    0.350000    0.514688   -0.164688 (VIOLATED)
u_memory.g_read[1].g_bank[3].g_slice[0].u_sram/addr[8]    0.350000    0.514092   -0.164092 (VIOLATED)
u_memory.g_read[1].g_bank[1].g_slice[0].u_sram/din[18]    0.350000    0.514006   -0.164006 (VIOLATED)
u_memory.g_read[0].g_bank[1].g_slice[0].u_sram/din[19]    0.350000    0.513868   -0.163868 (VIOLATED)
wire261/X                               0.350000    0.513605   -0.163605 (VIOLATED)
u_memory.g_read[1].g_bank[2].g_slice[0].u_sram/addr[8]    0.350000    0.513576   -0.163576 (VIOLATED)
u_memory.g_read[0].g_bank[1].g_slice[0].u_sram/din[17]    0.350000    0.513488   -0.163488 (VIOLATED)
u_memory.g_read[0].g_bank[1].g_slice[0].u_sram/din[14]    0.350000    0.513173   -0.163173 (VIOLATED)
u_memory.g_read[1].g_bank[1].g_slice[0].u_sram/din[5]    0.350000    0.512711   -0.162711 (VIOLATED)
u_memory.g_read[0].g_bank[3].g_slice[0].u_sram/din[22]    0.350000    0.512689   -0.162689 (VIOLATED)
ANTENNA_1246/DIODE                      0.350000    0.510502   -0.160502 (VIOLATED)
ANTENNA_1240/DIODE                      0.350000    0.510476   -0.160476 (VIOLATED)
ANTENNA_1239/DIODE                      0.350000    0.510471   -0.160471 (VIOLATED)
ANTENNA_1249/DIODE                      0.350000    0.510451   -0.160451 (VIOLATED)
ANTENNA_1248/DIODE                      0.350000    0.510451   -0.160451 (VIOLATED)
ANTENNA_1247/DIODE                      0.350000    0.510423   -0.160423 (VIOLATED)
ANTENNA_1241/DIODE                      0.350000    0.510423   -0.160423 (VIOLATED)
ANTENNA_1242/DIODE                      0.350000    0.510421   -0.160421 (VIOLATED)
ANTENNA_1243/DIODE                      0.350000    0.510419   -0.160419 (VIOLATED)
ANTENNA_1244/DIODE                      0.350000    0.510415   -0.160415 (VIOLATED)
ANTENNA_1245/DIODE                      0.350000    0.510413   -0.160413 (VIOLATED)
u_memory.g_read[1].g_bank[3].g_slice[0].u_sram/din[13]    0.350000    0.510271   -0.160271 (VIOLATED)
u_memory.g_read[0].g_bank[0].g_slice[0].u_sram/din[6]    0.350000    0.510133   -0.160133 (VIOLATED)
u_memory.g_read[0].g_bank[3].g_slice[0].u_sram/din[4]    0.350000    0.509720   -0.159720 (VIOLATED)
u_memory.g_read[0].g_bank[1].g_slice[0].u_sram/din[24]    0.350000    0.509553   -0.159553 (VIOLATED)
max_cap390/X                            0.350000    0.509353   -0.159353 (VIOLATED)
u_memory.g_read[1].g_bank[3].g_slice[0].u_sram/din[0]    0.350000    0.509043   -0.159043 (VIOLATED)
u_memory._201_/A2                       0.350000    0.508920   -0.158920 (VIOLATED)
u_memory._199_/B                        0.350000    0.508899   -0.158899 (VIOLATED)
u_memory._426_/A2                       0.350000    0.508879   -0.158879 (VIOLATED)
wire191/X                               0.350000    0.508865   -0.158865 (VIOLATED)
u_memory.g_read[1].g_bank[0].g_slice[0].u_sram/din[10]    0.350000    0.508842   -0.158842 (VIOLATED)
u_memory.g_read[0].g_bank[3].g_slice[0].u_sram/din[21]    0.350000    0.507992   -0.157992 (VIOLATED)
u_memory.g_read[0].g_bank[1].g_slice[0].u_sram/din[12]    0.350000    0.507916   -0.157916 (VIOLATED)
u_memory.g_read[0].g_bank[3].g_slice[0].u_sram/din[10]    0.350000    0.507120   -0.157120 (VIOLATED)
u_memory.g_read[1].g_bank[2].g_slice[0].u_sram/din[26]    0.350000    0.506453   -0.156453 (VIOLATED)
ANTENNA_1613/DIODE                      0.350000    0.506234   -0.156234 (VIOLATED)
ANTENNA_1611/DIODE                      0.350000    0.506191   -0.156191 (VIOLATED)
ANTENNA_1609/DIODE                      0.350000    0.506189   -0.156189 (VIOLATED)
ANTENNA_1607/DIODE                      0.350000    0.506187   -0.156187 (VIOLATED)
ANTENNA_1606/DIODE                      0.350000    0.506185   -0.156185 (VIOLATED)
ANTENNA_1605/DIODE                      0.350000    0.506182   -0.156182 (VIOLATED)
ANTENNA_1604/DIODE                      0.350000    0.506182   -0.156182 (VIOLATED)
ANTENNA_1614/DIODE                      0.350000    0.506148   -0.156148 (VIOLATED)
ANTENNA_1612/DIODE                      0.350000    0.506148   -0.156148 (VIOLATED)
ANTENNA_1610/DIODE                      0.350000    0.506148   -0.156148 (VIOLATED)
ANTENNA_1608/DIODE                      0.350000    0.506147   -0.156147 (VIOLATED)
u_memory._422_/A0                       0.350000    0.505709   -0.155709 (VIOLATED)
u_memory._183_/B                        0.350000    0.505708   -0.155708 (VIOLATED)
hold221/X                               0.350000    0.505639   -0.155639 (VIOLATED)
u_memory.g_read[0].g_bank[0].g_slice[0].u_sram/din[1]    0.350000    0.505525   -0.155525 (VIOLATED)
u_memory.g_read[0].g_bank[1].g_slice[0].u_sram/din[29]    0.350000    0.505415   -0.155415 (VIOLATED)
u_memory.g_read[0].g_bank[0].g_slice[0].u_sram/din[9]    0.350000    0.505337   -0.155337 (VIOLATED)
max_cap455/X                            0.350000    0.505275   -0.155275 (VIOLATED)
u_memory.g_read[1].g_bank[0].g_slice[0].u_sram/din[14]    0.350000    0.505135   -0.155135 (VIOLATED)
u_memory.g_read[1].g_bank[1].g_slice[0].u_sram/din[10]    0.350000    0.505054   -0.155054 (VIOLATED)
u_memory.g_read[0].g_bank[3].g_slice[0].u_sram/din[3]    0.350000    0.504939   -0.154939 (VIOLATED)
u_memory.g_read[0].g_bank[2].g_slice[0].u_sram/din[17]    0.350000    0.504920   -0.154920 (VIOLATED)
_100_/D                                 0.350000    0.504043   -0.154043 (VIOLATED)
wire645/X                               0.350000    0.503993   -0.153993 (VIOLATED)
u_memory.g_read[1].g_bank[0].g_slice[0].u_sram/din[13]    0.350000    0.503063   -0.153063 (VIOLATED)
u_memory._349_/C                        0.350000    0.502687   -0.152687 (VIOLATED)
ANTENNA_605/DIODE                       0.350000    0.502682   -0.152682 (VIOLATED)
ANTENNA_603/DIODE                       0.350000    0.502681   -0.152681 (VIOLATED)
ANTENNA_604/DIODE                       0.350000    0.502679   -0.152679 (VIOLATED)
ANTENNA_606/DIODE                       0.350000    0.502678   -0.152678 (VIOLATED)
u_memory._414_/A1                       0.350000    0.502401   -0.152401 (VIOLATED)
wire209/X                               0.350000    0.501755   -0.151755 (VIOLATED)
wire263/X                               0.350000    0.501333   -0.151333 (VIOLATED)
ANTENNA_415/DIODE                       0.350000    0.501166   -0.151166 (VIOLATED)
wire146/A                               0.350000    0.501165   -0.151165 (VIOLATED)
ANTENNA_418/DIODE                       0.350000    0.501162   -0.151162 (VIOLATED)
ANTENNA_416/DIODE                       0.350000    0.501162   -0.151162 (VIOLATED)
ANTENNA_414/DIODE                       0.350000    0.501162   -0.151162 (VIOLATED)
ANTENNA_413/DIODE                       0.350000    0.501155   -0.151155 (VIOLATED)
ANTENNA_412/DIODE                       0.350000    0.501155   -0.151155 (VIOLATED)
ANTENNA_417/DIODE                       0.350000    0.501153   -0.151153 (VIOLATED)
wire147/X                               0.350000    0.501000   -0.151000 (VIOLATED)
output80/A                              0.350000    0.500361   -0.150361 (VIOLATED)
ANTENNA_2748/DIODE                      0.350000    0.500360   -0.150360 (VIOLATED)
_017_/Q                                 0.350000    0.500280   -0.150280 (VIOLATED)
u_memory.g_read[1].g_bank[0].g_slice[0].u_sram/din[25]    0.350000    0.500050   -0.150050 (VIOLATED)
u_memory.g_read[0].g_bank[3].g_slice[0].u_sram/din[19]    0.350000    0.499958   -0.149958 (VIOLATED)
u_memory.g_read[1].g_bank[1].g_slice[0].u_sram/din[28]    0.350000    0.499264   -0.149264 (VIOLATED)
u_memory.g_read[1].g_bank[0].g_slice[0].u_sram/din[2]    0.350000    0.498195   -0.148195 (VIOLATED)
u_memory._326_/A1                       0.350000    0.497757   -0.147757 (VIOLATED)
u_memory._329_/A1                       0.350000    0.497705   -0.147705 (VIOLATED)
u_memory._332_/A1                       0.350000    0.497697   -0.147697 (VIOLATED)
u_memory._335_/A1                       0.350000    0.497686   -0.147686 (VIOLATED)
u_memory._341_/A1                       0.350000    0.497535   -0.147535 (VIOLATED)
u_memory._347_/A1                       0.350000    0.497479   -0.147479 (VIOLATED)
u_memory._338_/A1                       0.350000    0.497458   -0.147458 (VIOLATED)
u_memory._344_/A1                       0.350000    0.497271   -0.147271 (VIOLATED)
u_memory._350_/A1                       0.350000    0.497123   -0.147123 (VIOLATED)
u_memory._356_/A1                       0.350000    0.496822   -0.146822 (VIOLATED)
u_memory._353_/A1                       0.350000    0.496789   -0.146789 (VIOLATED)
u_memory._362_/A1                       0.350000    0.496583   -0.146583 (VIOLATED)
max_cap405/A                            0.350000    0.496569   -0.146569 (VIOLATED)
max_cap406/A                            0.350000    0.496413   -0.146413 (VIOLATED)
u_memory._359_/A1                       0.350000    0.496343   -0.146343 (VIOLATED)
u_memory._419_/A1                       0.350000    0.495997   -0.145997 (VIOLATED)
fanout204/A                             0.350000    0.495873   -0.145873 (VIOLATED)
u_memory._368_/A1                       0.350000    0.495867   -0.145867 (VIOLATED)
u_memory._174_/Y                        0.350000    0.495709   -0.145709 (VIOLATED)
u_memory._365_/A1                       0.350000    0.495444   -0.145444 (VIOLATED)
u_memory._359_/A2                       0.350000    0.494757   -0.144757 (VIOLATED)
ANTENNA_750/DIODE                       0.350000    0.494742   -0.144742 (VIOLATED)
ANTENNA_752/DIODE                       0.350000    0.494738   -0.144738 (VIOLATED)
ANTENNA_751/DIODE                       0.350000    0.494734   -0.144734 (VIOLATED)
ANTENNA_753/DIODE                       0.350000    0.494731   -0.144731 (VIOLATED)
u_memory.g_read[0].g_bank[0].g_slice[0].u_sram/din[0]    0.350000    0.494574   -0.144574 (VIOLATED)
wire166/A                               0.350000    0.494068   -0.144068 (VIOLATED)
wire250/X                               0.350000    0.494061   -0.144061 (VIOLATED)
u_memory._320_/A1                       0.350000    0.493450   -0.143450 (VIOLATED)
hold181/X                               0.350000    0.493405   -0.143405 (VIOLATED)
u_memory._371_/A2                       0.350000    0.493350   -0.143350 (VIOLATED)
fanout203/X                             0.350000    0.493297   -0.143297 (VIOLATED)
u_memory.g_read[1].g_bank[3].g_slice[0].u_sram/din[2]    0.350000    0.493179   -0.143179 (VIOLATED)
u_memory.g_read[0].g_bank[0].g_slice[0].u_sram/din[20]    0.350000    0.493065   -0.143065 (VIOLATED)
wire165/A                               0.350000    0.492924   -0.142924 (VIOLATED)
wire167/X                               0.350000    0.492759   -0.142759 (VIOLATED)
ANTENNA_2292/DIODE                      0.350000    0.492336   -0.142336 (VIOLATED)
ANTENNA_2291/DIODE                      0.350000    0.492336   -0.142336 (VIOLATED)
ANTENNA_2290/DIODE                      0.350000    0.492335   -0.142335 (VIOLATED)
ANTENNA_2289/DIODE                      0.350000    0.492335   -0.142335 (VIOLATED)
ANTENNA_2288/DIODE                      0.350000    0.492335   -0.142335 (VIOLATED)
ANTENNA_2295/DIODE                      0.350000    0.492335   -0.142335 (VIOLATED)
ANTENNA_2298/DIODE                      0.350000    0.492334   -0.142334 (VIOLATED)
ANTENNA_2297/DIODE                      0.350000    0.492334   -0.142334 (VIOLATED)
ANTENNA_2296/DIODE                      0.350000    0.492334   -0.142334 (VIOLATED)
ANTENNA_2294/DIODE                      0.350000    0.492328   -0.142328 (VIOLATED)
ANTENNA_2293/DIODE                      0.350000    0.492328   -0.142328 (VIOLATED)
u_memory._288_/B2                       0.350000    0.492313   -0.142313 (VIOLATED)
u_memory.g_read[0].g_bank[3].g_slice[0].u_sram/din[29]    0.350000    0.492286   -0.142286 (VIOLATED)
u_memory._287_/X                        0.350000    0.491578   -0.141578 (VIOLATED)
max_cap564/X                            0.350000    0.491390   -0.141390 (VIOLATED)
u_memory._326_/C1                       0.350000    0.491009   -0.141009 (VIOLATED)
u_memory._329_/C1                       0.350000    0.491004   -0.141004 (VIOLATED)
u_memory._332_/C1                       0.350000    0.490970   -0.140970 (VIOLATED)
u_memory._335_/C1                       0.350000    0.490955   -0.140955 (VIOLATED)
u_memory._341_/C1                       0.350000    0.490891   -0.140891 (VIOLATED)
u_memory._347_/C1                       0.350000    0.490859   -0.140859 (VIOLATED)
u_memory._338_/C1                       0.350000    0.490817   -0.140817 (VIOLATED)
u_memory._344_/C1                       0.350000    0.490784   -0.140784 (VIOLATED)
u_memory.g_read[1].g_bank[3].g_slice[0].u_sram/din[15]    0.350000    0.490783   -0.140783 (VIOLATED)
u_memory._350_/C1                       0.350000    0.490740   -0.140740 (VIOLATED)
u_memory.g_read[1].g_bank[3].g_slice[0].u_sram/din[30]    0.350000    0.490464   -0.140464 (VIOLATED)
u_memory._356_/C1                       0.350000    0.490424   -0.140424 (VIOLATED)
u_memory._353_/C1                       0.350000    0.489970   -0.139970 (VIOLATED)
u_memory.g_read[0].g_bank[0].g_slice[0].u_sram/din[18]    0.350000    0.489957   -0.139957 (VIOLATED)
u_memory.g_read[0].g_bank[1].g_slice[0].u_sram/din[11]    0.350000    0.489952   -0.139952 (VIOLATED)
u_memory._362_/C1                       0.350000    0.489740   -0.139740 (VIOLATED)
wire407/X                               0.350000    0.489607   -0.139607 (VIOLATED)
u_memory._178_/A2                       0.350000    0.489595   -0.139595 (VIOLATED)
u_memory._177_/Y                        0.350000    0.489588   -0.139588 (VIOLATED)
u_memory._359_/C1                       0.350000    0.489245   -0.139245 (VIOLATED)
u_memory._368_/C1                       0.350000    0.488906   -0.138906 (VIOLATED)
u_memory._387_/B2                       0.350000    0.488771   -0.138771 (VIOLATED)
u_memory._386_/X                        0.350000    0.488713   -0.138713 (VIOLATED)
u_memory._365_/C1                       0.350000    0.488467   -0.138467 (VIOLATED)
u_memory.g_read[1].g_bank[3].g_slice[0].u_sram/din[28]    0.350000    0.488448   -0.138448 (VIOLATED)
fanout176/A                             0.350000    0.487272   -0.137272 (VIOLATED)
u_memory._417_/A2                       0.350000    0.487247   -0.137247 (VIOLATED)
u_memory._420_/A2                       0.350000    0.487212   -0.137212 (VIOLATED)
u_memory._405_/A2                       0.350000    0.487198   -0.137198 (VIOLATED)
u_memory._411_/A2                       0.350000    0.486982   -0.136982 (VIOLATED)
u_memory._326_/B2                       0.350000    0.486462   -0.136462 (VIOLATED)
u_memory._329_/B2                       0.350000    0.486439   -0.136439 (VIOLATED)
u_memory._332_/B2                       0.350000    0.486387   -0.136387 (VIOLATED)
u_memory._335_/B2                       0.350000    0.486341   -0.136341 (VIOLATED)
u_memory._341_/B2                       0.350000    0.486231   -0.136231 (VIOLATED)
u_memory._347_/B2                       0.350000    0.486174   -0.136174 (VIOLATED)
u_memory._338_/B2                       0.350000    0.486024   -0.136024 (VIOLATED)
u_memory._371_/C1                       0.350000    0.485997   -0.135997 (VIOLATED)
u_memory.g_read[1].g_bank[0].g_slice[0].u_sram/din[21]    0.350000    0.485961   -0.135961 (VIOLATED)
fanout177/X                             0.350000    0.485939   -0.135939 (VIOLATED)
u_memory._370_/C                        0.350000    0.485923   -0.135923 (VIOLATED)
ANTENNA_680/DIODE                       0.350000    0.485918   -0.135918 (VIOLATED)
ANTENNA_678/DIODE                       0.350000    0.485916   -0.135916 (VIOLATED)
ANTENNA_679/DIODE                       0.350000    0.485913   -0.135913 (VIOLATED)
u_memory._396_/A2                       0.350000    0.485871   -0.135871 (VIOLATED)
u_memory._344_/B2                       0.350000    0.485867   -0.135867 (VIOLATED)
u_memory._350_/B2                       0.350000    0.485811   -0.135811 (VIOLATED)
u_memory._308_/A1                       0.350000    0.485765   -0.135765 (VIOLATED)
u_memory.g_read[0].g_bank[3].g_slice[0].u_sram/din[7]    0.350000    0.485680   -0.135680 (VIOLATED)
u_memory._356_/B2                       0.350000    0.485468   -0.135468 (VIOLATED)
u_memory._317_/A0                       0.350000    0.485278   -0.135278 (VIOLATED)
ANTENNA_1068/DIODE                      0.350000    0.485219   -0.135219 (VIOLATED)
u_memory._251_/B2                       0.350000    0.485215   -0.135215 (VIOLATED)
ANTENNA_1066/DIODE                      0.350000    0.485214   -0.135214 (VIOLATED)
ANTENNA_1067/DIODE                      0.350000    0.485210   -0.135210 (VIOLATED)
ANTENNA_1069/DIODE                      0.350000    0.485207   -0.135207 (VIOLATED)
u_memory._381_/A2                       0.350000    0.485139   -0.135139 (VIOLATED)
hold209/X                               0.350000    0.485110   -0.135110 (VIOLATED)
u_memory._353_/B2                       0.350000    0.485083   -0.135083 (VIOLATED)
wire227/X                               0.350000    0.485016   -0.135016 (VIOLATED)
u_memory._362_/B2                       0.350000    0.484996   -0.134996 (VIOLATED)
u_memory._359_/B2                       0.350000    0.484622   -0.134622 (VIOLATED)
u_memory._266_/A1                       0.350000    0.484611   -0.134611 (VIOLATED)
ANTENNA_1054/DIODE                      0.350000    0.484607   -0.134607 (VIOLATED)
ANTENNA_1053/DIODE                      0.350000    0.484606   -0.134606 (VIOLATED)
ANTENNA_1055/DIODE                      0.350000    0.484603   -0.134603 (VIOLATED)
wire331/X                               0.350000    0.484550   -0.134550 (VIOLATED)
u_memory._202_/B                        0.350000    0.484393   -0.134393 (VIOLATED)
u_memory._368_/B2                       0.350000    0.484237   -0.134237 (VIOLATED)
u_memory._365_/B2                       0.350000    0.484000   -0.134000 (VIOLATED)
wire327/X                               0.350000    0.483941   -0.133941 (VIOLATED)
u_memory._201_/X                        0.350000    0.483390   -0.133390 (VIOLATED)
u_memory._321_/A1                       0.350000    0.482623   -0.132623 (VIOLATED)
max_cap496/A                            0.350000    0.482621   -0.132621 (VIOLATED)
hold183/X                               0.350000    0.482578   -0.132578 (VIOLATED)
u_memory._323_/X                        0.350000    0.482486   -0.132486 (VIOLATED)
max_cap495/A                            0.350000    0.482427   -0.132427 (VIOLATED)
u_memory.g_read[1].g_bank[3].g_slice[0].u_sram/din[10]    0.350000    0.481055   -0.131055 (VIOLATED)
u_memory.g_read[0].g_bank[3].g_slice[0].u_sram/din[1]    0.350000    0.480670   -0.130670 (VIOLATED)
u_memory._371_/B2                       0.350000    0.480624   -0.130624 (VIOLATED)
fanout173/X                             0.350000    0.480606   -0.130606 (VIOLATED)
u_memory.g_read[0].g_bank[3].g_slice[0].u_sram/din[17]    0.350000    0.480138   -0.130138 (VIOLATED)
u_memory.g_read[1].g_bank[3].g_slice[0].u_sram/din[29]    0.350000    0.479442   -0.129442 (VIOLATED)
ANTENNA_827/DIODE                       0.350000    0.479362   -0.129362 (VIOLATED)
u_memory._396_/A1                       0.350000    0.479358   -0.129358 (VIOLATED)
ANTENNA_825/DIODE                       0.350000    0.479354   -0.129354 (VIOLATED)
ANTENNA_823/DIODE                       0.350000    0.479352   -0.129352 (VIOLATED)
ANTENNA_821/DIODE                       0.350000    0.479348   -0.129348 (VIOLATED)
ANTENNA_820/DIODE                       0.350000    0.479338   -0.129338 (VIOLATED)
ANTENNA_822/DIODE                       0.350000    0.479331   -0.129331 (VIOLATED)
ANTENNA_824/DIODE                       0.350000    0.479323   -0.129323 (VIOLATED)
ANTENNA_826/DIODE                       0.350000    0.479314   -0.129314 (VIOLATED)
ANTENNA_726/DIODE                       0.350000    0.479307   -0.129307 (VIOLATED)
u_memory._335_/A2                       0.350000    0.479305   -0.129305 (VIOLATED)
ANTENNA_724/DIODE                       0.350000    0.479303   -0.129303 (VIOLATED)
ANTENNA_725/DIODE                       0.350000    0.479295   -0.129295 (VIOLATED)
u_memory._428_/RESET_B                  0.350000    0.478886   -0.128886 (VIOLATED)
u_memory._427_/RESET_B                  0.350000    0.478770   -0.128770 (VIOLATED)
wire240/X                               0.350000    0.478518   -0.128518 (VIOLATED)
wire385/A                               0.350000    0.478497   -0.128497 (VIOLATED)
u_memory._191_/B1                       0.350000    0.478492   -0.128492 (VIOLATED)
u_memory.g_read[0].g_bank[0].g_slice[0].u_sram/din[25]    0.350000    0.478260   -0.128259 (VIOLATED)
u_memory._186_/B1                       0.350000    0.477657   -0.127657 (VIOLATED)
u_memory.g_read[1].g_bank[3].g_slice[0].u_sram/addr[4]    0.350000    0.477473   -0.127473 (VIOLATED)
wire497/X                               0.350000    0.477408   -0.127408 (VIOLATED)
u_memory._182_/B1                       0.350000    0.477200   -0.127200 (VIOLATED)
u_memory.g_read[1].g_bank[2].g_slice[0].u_sram/addr[4]    0.350000    0.477070   -0.127070 (VIOLATED)
ANTENNA_794/DIODE                       0.350000    0.476932   -0.126932 (VIOLATED)
ANTENNA_793/DIODE                       0.350000    0.476931   -0.126931 (VIOLATED)
ANTENNA_791/DIODE                       0.350000    0.476921   -0.126921 (VIOLATED)
u_memory._420_/A1                       0.350000    0.476913   -0.126913 (VIOLATED)
ANTENNA_789/DIODE                       0.350000    0.476911   -0.126911 (VIOLATED)
ANTENNA_787/DIODE                       0.350000    0.476909   -0.126909 (VIOLATED)
ANTENNA_786/DIODE                       0.350000    0.476903   -0.126903 (VIOLATED)
ANTENNA_788/DIODE                       0.350000    0.476898   -0.126898 (VIOLATED)
ANTENNA_790/DIODE                       0.350000    0.476894   -0.126894 (VIOLATED)
ANTENNA_792/DIODE                       0.350000    0.476889   -0.126889 (VIOLATED)
ANTENNA_795/DIODE                       0.350000    0.476878   -0.126878 (VIOLATED)
u_memory._178_/B1                       0.350000    0.476628   -0.126628 (VIOLATED)
wire260/X                               0.350000    0.476037   -0.126037 (VIOLATED)
wire269/X                               0.350000    0.475498   -0.125498 (VIOLATED)
max_cap386/A                            0.350000    0.475339   -0.125339 (VIOLATED)
u_memory.g_read[1].g_bank[3].g_slice[0].u_sram/addr[3]    0.350000    0.474797   -0.124797 (VIOLATED)
u_memory.g_read[1].g_bank[3].g_slice[0].u_sram/din[19]    0.350000    0.474291   -0.124291 (VIOLATED)
u_memory.g_read[1].g_bank[2].g_slice[0].u_sram/addr[3]    0.350000    0.474249   -0.124249 (VIOLATED)
u_memory.g_read[0].g_bank[3].g_slice[0].u_sram/din[30]    0.350000    0.473636   -0.123636 (VIOLATED)
u_memory.g_read[0].g_bank[3].g_slice[0].u_sram/din[18]    0.350000    0.473527   -0.123527 (VIOLATED)
wire387/X                               0.350000    0.473425   -0.123425 (VIOLATED)
u_memory._430_/RESET_B                  0.350000    0.473128   -0.123128 (VIOLATED)
ANTENNA_1791/DIODE                      0.350000    0.472462   -0.122462 (VIOLATED)
ANTENNA_1793/DIODE                      0.350000    0.472460   -0.122460 (VIOLATED)
ANTENNA_1794/DIODE                      0.350000    0.472459   -0.122459 (VIOLATED)
ANTENNA_1795/DIODE                      0.350000    0.472459   -0.122459 (VIOLATED)
ANTENNA_1797/DIODE                      0.350000    0.472459   -0.122459 (VIOLATED)
ANTENNA_1799/DIODE                      0.350000    0.472458   -0.122458 (VIOLATED)
ANTENNA_1792/DIODE                      0.350000    0.472411   -0.122411 (VIOLATED)
ANTENNA_1796/DIODE                      0.350000    0.472408   -0.122408 (VIOLATED)
ANTENNA_1798/DIODE                      0.350000    0.472405   -0.122405 (VIOLATED)
ANTENNA_1800/DIODE                      0.350000    0.472402   -0.122402 (VIOLATED)
ANTENNA_1801/DIODE                      0.350000    0.472399   -0.122399 (VIOLATED)
u_memory.g_read[0].g_bank[0].g_slice[0].u_sram/din[4]    0.350000    0.472380   -0.122380 (VIOLATED)
_107_/D                                 0.350000    0.471765   -0.121765 (VIOLATED)
input66/X                               0.350000    0.471713   -0.121713 (VIOLATED)
ANTENNA_1128/DIODE                      0.350000    0.471608   -0.121608 (VIOLATED)
ANTENNA_1126/DIODE                      0.350000    0.471585   -0.121585 (VIOLATED)
u_memory._297_/A1                       0.350000    0.471569   -0.121569 (VIOLATED)
ANTENNA_1125/DIODE                      0.350000    0.471568   -0.121568 (VIOLATED)
max_cap485/X                            0.350000    0.471563   -0.121563 (VIOLATED)
ANTENNA_1127/DIODE                      0.350000    0.471528   -0.121528 (VIOLATED)
u_memory.g_read[0].g_bank[1].g_slice[0].u_sram/din[15]    0.350000    0.471256   -0.121256 (VIOLATED)
u_memory._429_/RESET_B                  0.350000    0.471147   -0.121147 (VIOLATED)
u_memory.g_read[1].g_bank[0].g_slice[0].u_sram/din[5]    0.350000    0.471036   -0.121036 (VIOLATED)
wire347/X                               0.350000    0.470854   -0.120854 (VIOLATED)
u_memory._307_/A1                       0.350000    0.470798   -0.120798 (VIOLATED)
output94/A                              0.350000    0.470651   -0.120651 (VIOLATED)
ANTENNA_2751/DIODE                      0.350000    0.470640   -0.120640 (VIOLATED)
u_memory._194_/A                        0.350000    0.470471   -0.120471 (VIOLATED)
u_memory._196_/A_N                      0.350000    0.470466   -0.120466 (VIOLATED)
u_memory._198_/B                        0.350000    0.470462   -0.120462 (VIOLATED)
wire628/X                               0.350000    0.470351   -0.120350 (VIOLATED)
u_memory.g_read[1].g_bank[0].g_slice[0].u_sram/din[6]    0.350000    0.470134   -0.120134 (VIOLATED)
u_memory.g_read[1].g_bank[3].g_slice[0].u_sram/addr[1]    0.350000    0.470027   -0.120027 (VIOLATED)
_030_/Q                                 0.350000    0.469967   -0.119967 (VIOLATED)
u_memory.g_read[1].g_bank[2].g_slice[0].u_sram/addr[1]    0.350000    0.469648   -0.119648 (VIOLATED)
u_memory._316_/A0                       0.350000    0.469554   -0.119554 (VIOLATED)
hold203/X                               0.350000    0.469392   -0.119392 (VIOLATED)
max_cap551/A                            0.350000    0.468901   -0.118901 (VIOLATED)
u_memory.g_read[1].g_bank[0].g_slice[0].u_sram/din[15]    0.350000    0.468883   -0.118883 (VIOLATED)
u_memory.g_read[1].g_bank[0].g_slice[0].u_sram/din[22]    0.350000    0.468485   -0.118485 (VIOLATED)
u_memory.g_read[0].g_bank[2].g_slice[0].u_sram/din[13]    0.350000    0.468460   -0.118460 (VIOLATED)
max_cap552/X                            0.350000    0.467784   -0.117784 (VIOLATED)
u_memory.g_read[0].g_bank[2].g_slice[0].u_sram/addr[0]    0.350000    0.467638   -0.117638 (VIOLATED)
u_memory.g_read[0].g_bank[3].g_slice[0].u_sram/addr[0]    0.350000    0.467514   -0.117514 (VIOLATED)
u_memory._318_/A0                       0.350000    0.467485   -0.117485 (VIOLATED)
ANTENNA_1167/DIODE                      0.350000    0.467484   -0.117484 (VIOLATED)
u_memory._267_/A1                       0.350000    0.467470   -0.117470 (VIOLATED)
ANTENNA_1164/DIODE                      0.350000    0.467465   -0.117465 (VIOLATED)
ANTENNA_1165/DIODE                      0.350000    0.467418   -0.117418 (VIOLATED)
ANTENNA_1166/DIODE                      0.350000    0.467418   -0.117418 (VIOLATED)
wire358/X                               0.350000    0.466725   -0.116725 (VIOLATED)
u_memory.g_read[0].g_bank[2].g_slice[0].u_sram/din[0]    0.350000    0.466287   -0.116287 (VIOLATED)
u_memory.g_read[0].g_bank[0].g_slice[0].u_sram/din[27]    0.350000    0.466218   -0.116218 (VIOLATED)
u_memory._402_/A1                       0.350000    0.466173   -0.116173 (VIOLATED)
max_cap494/A                            0.350000    0.465661   -0.115661 (VIOLATED)
u_memory.g_read[1].g_bank[0].g_slice[0].u_sram/din[9]    0.350000    0.464853   -0.114853 (VIOLATED)
max_cap495/X                            0.350000    0.464795   -0.114795 (VIOLATED)
ANTENNA_1895/DIODE                      0.350000    0.464668   -0.114668 (VIOLATED)
ANTENNA_1896/DIODE                      0.350000    0.464667   -0.114667 (VIOLATED)
ANTENNA_1897/DIODE                      0.350000    0.464667   -0.114667 (VIOLATED)
ANTENNA_1899/DIODE                      0.350000    0.464667   -0.114667 (VIOLATED)
ANTENNA_1890/DIODE                      0.350000    0.464666   -0.114666 (VIOLATED)
ANTENNA_1900/DIODE                      0.350000    0.464646   -0.114646 (VIOLATED)
ANTENNA_1898/DIODE                      0.350000    0.464645   -0.114645 (VIOLATED)
ANTENNA_1893/DIODE                      0.350000    0.464645   -0.114645 (VIOLATED)
ANTENNA_1891/DIODE                      0.350000    0.464644   -0.114644 (VIOLATED)
ANTENNA_1894/DIODE                      0.350000    0.464622   -0.114622 (VIOLATED)
ANTENNA_1892/DIODE                      0.350000    0.464621   -0.114621 (VIOLATED)
u_memory.g_read[1].g_bank[0].g_slice[0].u_sram/din[23]    0.350000    0.464486   -0.114486 (VIOLATED)
ANTENNA_2150/DIODE                      0.350000    0.464477   -0.114477 (VIOLATED)
ANTENNA_2144/DIODE                      0.350000    0.464471   -0.114471 (VIOLATED)
ANTENNA_2143/DIODE                      0.350000    0.464471   -0.114471 (VIOLATED)
ANTENNA_2149/DIODE                      0.350000    0.464470   -0.114470 (VIOLATED)
ANTENNA_2145/DIODE                      0.350000    0.464470   -0.114470 (VIOLATED)
ANTENNA_2148/DIODE                      0.350000    0.464470   -0.114470 (VIOLATED)
ANTENNA_2147/DIODE                      0.350000    0.464469   -0.114469 (VIOLATED)
ANTENNA_2146/DIODE                      0.350000    0.464469   -0.114469 (VIOLATED)
ANTENNA_2151/DIODE                      0.350000    0.464452   -0.114452 (VIOLATED)
ANTENNA_2152/DIODE                      0.350000    0.464451   -0.114451 (VIOLATED)
ANTENNA_2153/DIODE                      0.350000    0.464451   -0.114451 (VIOLATED)
u_memory.g_read[1].g_bank[3].g_slice[0].u_sram/din[31]    0.350000    0.464375   -0.114375 (VIOLATED)
u_memory.g_read[0].g_bank[3].g_slice[0].u_sram/din[5]    0.350000    0.463995   -0.113995 (VIOLATED)
u_memory.g_read[1].g_bank[3].g_slice[0].u_sram/addr[2]    0.350000    0.463818   -0.113818 (VIOLATED)
max_cap501/X                            0.350000    0.463726   -0.113726 (VIOLATED)
max_cap541/X                            0.350000    0.463709   -0.113709 (VIOLATED)
u_memory.g_read[0].g_bank[3].g_slice[0].u_sram/din[12]    0.350000    0.463547   -0.113547 (VIOLATED)
u_memory._318_/A1                       0.350000    0.463502   -0.113502 (VIOLATED)
hold185/X                               0.350000    0.463474   -0.113474 (VIOLATED)
u_memory.g_read[1].g_bank[2].g_slice[0].u_sram/addr[2]    0.350000    0.463379   -0.113379 (VIOLATED)
u_memory.g_read[0].g_bank[3].g_slice[0].u_sram/din[9]    0.350000    0.463290   -0.113290 (VIOLATED)
output84/A                              0.350000    0.463272   -0.113272 (VIOLATED)
ANTENNA_2749/DIODE                      0.350000    0.463271   -0.113271 (VIOLATED)
_002_/Q                                 0.350000    0.463194   -0.113194 (VIOLATED)
u_memory._309_/A1                       0.350000    0.462834   -0.112834 (VIOLATED)
u_memory._279_/B1                       0.350000    0.462639   -0.112639 (VIOLATED)
ANTENNA_102/DIODE                       0.350000    0.462625   -0.112625 (VIOLATED)
ANTENNA_100/DIODE                       0.350000    0.462623   -0.112623 (VIOLATED)
ANTENNA_101/DIODE                       0.350000    0.462619   -0.112619 (VIOLATED)
hold179/X                               0.350000    0.462543   -0.112543 (VIOLATED)
u_memory.g_read[0].g_bank[0].g_slice[0].u_sram/din[13]    0.350000    0.462371   -0.112371 (VIOLATED)
u_memory._291_/A1                       0.350000    0.462279   -0.112279 (VIOLATED)
ANTENNA_1135/DIODE                      0.350000    0.462276   -0.112276 (VIOLATED)
ANTENNA_1134/DIODE                      0.350000    0.462275   -0.112275 (VIOLATED)
ANTENNA_1133/DIODE                      0.350000    0.462275   -0.112275 (VIOLATED)
ANTENNA_1136/DIODE                      0.350000    0.462258   -0.112258 (VIOLATED)
u_memory._277_/X                        0.350000    0.461746   -0.111746 (VIOLATED)
wire349/X                               0.350000    0.461621   -0.111621 (VIOLATED)
u_memory._282_/B2                       0.350000    0.461338   -0.111338 (VIOLATED)
ANTENNA_107/DIODE                       0.350000    0.461336   -0.111336 (VIOLATED)
u_memory.g_read[0].g_bank[2].g_slice[0].u_sram/din[4]    0.350000    0.460976   -0.110976 (VIOLATED)
u_memory._281_/X                        0.350000    0.460632   -0.110632 (VIOLATED)
wire391/A                               0.350000    0.460606   -0.110606 (VIOLATED)
max_cap396/A                            0.350000    0.460561   -0.110561 (VIOLATED)
u_memory.g_read[0].g_bank[2].g_slice[0].u_sram/din[12]    0.350000    0.460532   -0.110532 (VIOLATED)
u_memory.g_read[1].g_bank[3].g_slice[0].u_sram/din[4]    0.350000    0.460511   -0.110511 (VIOLATED)
_112_/D                                 0.350000    0.460454   -0.110454 (VIOLATED)
input40/X                               0.350000    0.460419   -0.110419 (VIOLATED)
u_memory.g_read[0].g_bank[3].g_slice[0].u_sram/wmask[0]    0.350000    0.460409   -0.110409 (VIOLATED)
u_memory._179_/C_N                      0.350000    0.460145   -0.110145 (VIOLATED)
ANTENNA_4/DIODE                         0.350000    0.460142   -0.110142 (VIOLATED)
hold131/X                               0.350000    0.460135   -0.110135 (VIOLATED)
ANTENNA_5/DIODE                         0.350000    0.460127   -0.110127 (VIOLATED)
u_memory._183_/C                        0.350000    0.460126   -0.110126 (VIOLATED)
u_memory.g_read[0].g_bank[2].g_slice[0].u_sram/din[21]    0.350000    0.460034   -0.110034 (VIOLATED)
u_memory._421_/A                        0.350000    0.460017   -0.110017 (VIOLATED)
ANTENNA_7/DIODE                         0.350000    0.460015   -0.110015 (VIOLATED)
u_memory._187_/A                        0.350000    0.459955   -0.109955 (VIOLATED)
ANTENNA_6/DIODE                         0.350000    0.459949   -0.109949 (VIOLATED)
_109_/D                                 0.350000    0.459835   -0.109835 (VIOLATED)
wire642/X                               0.350000    0.459800   -0.109800 (VIOLATED)
u_memory.g_read[0].g_bank[2].g_slice[0].u_sram/wmask[0]    0.350000    0.459750   -0.109750 (VIOLATED)
u_memory.g_read[0].g_bank[0].g_slice[0].u_sram/din[14]    0.350000    0.459618   -0.109618 (VIOLATED)
_065_/Q                                 0.350000    0.459500   -0.109500 (VIOLATED)
u_memory._321_/A0                       0.350000    0.459394   -0.109394 (VIOLATED)
ANTENNA_1215/DIODE                      0.350000    0.459148   -0.109148 (VIOLATED)
ANTENNA_1214/DIODE                      0.350000    0.459147   -0.109147 (VIOLATED)
ANTENNA_1213/DIODE                      0.350000    0.459143   -0.109143 (VIOLATED)
ANTENNA_1217/DIODE                      0.350000    0.459138   -0.109138 (VIOLATED)
ANTENNA_1216/DIODE                      0.350000    0.459138   -0.109138 (VIOLATED)
ANTENNA_2731/DIODE                      0.350000    0.459125   -0.109125 (VIOLATED)
_113_/D                                 0.350000    0.459125   -0.109125 (VIOLATED)
input41/X                               0.350000    0.459091   -0.109091 (VIOLATED)
ANTENNA_1179/DIODE                      0.350000    0.458131   -0.108131 (VIOLATED)
u_memory._255_/A1                       0.350000    0.458114   -0.108114 (VIOLATED)
ANTENNA_1176/DIODE                      0.350000    0.458112   -0.108112 (VIOLATED)
ANTENNA_1177/DIODE                      0.350000    0.458086   -0.108086 (VIOLATED)
ANTENNA_1178/DIODE                      0.350000    0.458086   -0.108086 (VIOLATED)
u_memory._243_/B1                       0.350000    0.457671   -0.107671 (VIOLATED)
ANTENNA_68/DIODE                        0.350000    0.457658   -0.107658 (VIOLATED)
ANTENNA_67/DIODE                        0.350000    0.457656   -0.107656 (VIOLATED)
ANTENNA_69/DIODE                        0.350000    0.457650   -0.107650 (VIOLATED)
max_cap552/A                            0.350000    0.457571   -0.107571 (VIOLATED)
max_cap553/A                            0.350000    0.457465   -0.107465 (VIOLATED)
wire362/X                               0.350000    0.457419   -0.107419 (VIOLATED)
u_memory.g_read[1].g_bank[0].g_slice[0].u_sram/din[30]    0.350000    0.457254   -0.107254 (VIOLATED)
u_memory.g_read[1].g_bank[0].g_slice[0].u_sram/din[31]    0.350000    0.457246   -0.107246 (VIOLATED)
ANTENNA_1222/DIODE                      0.350000    0.456901   -0.106901 (VIOLATED)
ANTENNA_1219/DIODE                      0.350000    0.456898   -0.106898 (VIOLATED)
u_memory._241_/X                        0.350000    0.456816   -0.106816 (VIOLATED)
u_memory.g_read[1].g_bank[0].g_slice[0].u_sram/din[4]    0.350000    0.456552   -0.106552 (VIOLATED)
ANTENNA_1223/DIODE                      0.350000    0.456434   -0.106434 (VIOLATED)
ANTENNA_1221/DIODE                      0.350000    0.456432   -0.106432 (VIOLATED)
ANTENNA_1220/DIODE                      0.350000    0.456429   -0.106429 (VIOLATED)
ANTENNA_2758/DIODE                      0.350000    0.456133   -0.106133 (VIOLATED)
u_memory.g_read[1].g_bank[2].g_slice[0].u_sram/din[8]    0.350000    0.455786   -0.105786 (VIOLATED)
u_memory.g_read[0].g_bank[0].g_slice[0].u_sram/din[5]    0.350000    0.455776   -0.105776 (VIOLATED)
u_memory._286_/C                        0.350000    0.455749   -0.105749 (VIOLATED)
ANTENNA_938/DIODE                       0.350000    0.455744   -0.105744 (VIOLATED)
ANTENNA_1218/DIODE                      0.350000    0.455742   -0.105742 (VIOLATED)
ANTENNA_937/DIODE                       0.350000    0.455739   -0.105739 (VIOLATED)
ANTENNA_2738/DIODE                      0.350000    0.455738   -0.105738 (VIOLATED)
ANTENNA_939/DIODE                       0.350000    0.455737   -0.105737 (VIOLATED)
ANTENNA_2179/DIODE                      0.350000    0.455444   -0.105444 (VIOLATED)
ANTENNA_2176/DIODE                      0.350000    0.455433   -0.105433 (VIOLATED)
ANTENNA_2185/DIODE                      0.350000    0.455400   -0.105400 (VIOLATED)
ANTENNA_2183/DIODE                      0.350000    0.455400   -0.105400 (VIOLATED)
ANTENNA_2181/DIODE                      0.350000    0.455399   -0.105399 (VIOLATED)
ANTENNA_2180/DIODE                      0.350000    0.455399   -0.105399 (VIOLATED)
ANTENNA_2177/DIODE                      0.350000    0.455399   -0.105399 (VIOLATED)
ANTENNA_2178/DIODE                      0.350000    0.455396   -0.105396 (VIOLATED)
ANTENNA_2186/DIODE                      0.350000    0.455350   -0.105350 (VIOLATED)
ANTENNA_2182/DIODE                      0.350000    0.455350   -0.105350 (VIOLATED)
ANTENNA_2184/DIODE                      0.350000    0.455350   -0.105350 (VIOLATED)
wire297/X                               0.350000    0.455102   -0.105102 (VIOLATED)
u_memory._315_/A1                       0.350000    0.455099   -0.105098 (VIOLATED)
ANTENNA_1436/DIODE                      0.350000    0.455082   -0.105082 (VIOLATED)
ANTENNA_1426/DIODE                      0.350000    0.455072   -0.105072 (VIOLATED)
hold195/X                               0.350000    0.455062   -0.105062 (VIOLATED)
ANTENNA_1435/DIODE                      0.350000    0.455038   -0.105038 (VIOLATED)
ANTENNA_1433/DIODE                      0.350000    0.455038   -0.105038 (VIOLATED)
ANTENNA_1431/DIODE                      0.350000    0.455038   -0.105038 (VIOLATED)
ANTENNA_1430/DIODE                      0.350000    0.455037   -0.105037 (VIOLATED)
ANTENNA_1427/DIODE                      0.350000    0.455037   -0.105037 (VIOLATED)
ANTENNA_1428/DIODE                      0.350000    0.455036   -0.105036 (VIOLATED)
ANTENNA_1429/DIODE                      0.350000    0.455035   -0.105035 (VIOLATED)
ANTENNA_1432/DIODE                      0.350000    0.454983   -0.104983 (VIOLATED)
ANTENNA_1434/DIODE                      0.350000    0.454983   -0.104983 (VIOLATED)
u_memory.g_read[1].g_bank[0].g_slice[0].u_sram/din[29]    0.350000    0.454978   -0.104978 (VIOLATED)
wire267/X                               0.350000    0.454947   -0.104947 (VIOLATED)
ANTENNA_2521/DIODE                      0.350000    0.454934   -0.104934 (VIOLATED)
ANTENNA_2531/DIODE                      0.350000    0.454933   -0.104933 (VIOLATED)
ANTENNA_2529/DIODE                      0.350000    0.454926   -0.104926 (VIOLATED)
ANTENNA_2528/DIODE                      0.350000    0.454926   -0.104926 (VIOLATED)
ANTENNA_2527/DIODE                      0.350000    0.454926   -0.104926 (VIOLATED)
ANTENNA_2526/DIODE                      0.350000    0.454926   -0.104926 (VIOLATED)
ANTENNA_2530/DIODE                      0.350000    0.454925   -0.104925 (VIOLATED)
ANTENNA_2525/DIODE                      0.350000    0.454925   -0.104925 (VIOLATED)
ANTENNA_2524/DIODE                      0.350000    0.454914   -0.104914 (VIOLATED)
ANTENNA_2523/DIODE                      0.350000    0.454914   -0.104914 (VIOLATED)
ANTENNA_2522/DIODE                      0.350000    0.454914   -0.104914 (VIOLATED)
u_memory._312_/A1                       0.350000    0.454653   -0.104653 (VIOLATED)
max_cap546/X                            0.350000    0.454630   -0.104630 (VIOLATED)
hold175/X                               0.350000    0.454242   -0.104242 (VIOLATED)
u_memory.g_read[0].g_bank[3].g_slice[0].u_sram/wmask[1]    0.350000    0.454221   -0.104221 (VIOLATED)
wire647/X                               0.350000    0.454206   -0.104206 (VIOLATED)
max_cap427/X                            0.350000    0.454104   -0.104104 (VIOLATED)
max_cap601/X                            0.350000    0.454045   -0.104045 (VIOLATED)
u_memory.g_read[0].g_bank[2].g_slice[0].u_sram/wmask[1]    0.350000    0.453707   -0.103707 (VIOLATED)
u_memory.g_read[0].g_bank[0].g_slice[0].u_sram/din[28]    0.350000    0.453598   -0.103598 (VIOLATED)
wire554/X                               0.350000    0.453342   -0.103342 (VIOLATED)
u_memory._311_/S                        0.350000    0.453303   -0.103303 (VIOLATED)
u_memory._310_/S                        0.350000    0.453232   -0.103232 (VIOLATED)
u_memory.g_read[0].g_bank[3].g_slice[0].u_sram/din[31]    0.350000    0.453190   -0.103190 (VIOLATED)
u_memory._312_/S                        0.350000    0.453161   -0.103161 (VIOLATED)
u_memory._192_/A2                       0.350000    0.453099   -0.103099 (VIOLATED)
u_memory._306_/S                        0.350000    0.453077   -0.103077 (VIOLATED)
u_memory._188_/B                        0.350000    0.452973   -0.102973 (VIOLATED)
ANTENNA_32/DIODE                        0.350000    0.452970   -0.102970 (VIOLATED)
u_memory._423_/A2                       0.350000    0.452835   -0.102835 (VIOLATED)
u_memory._187_/X                        0.350000    0.452525   -0.102525 (VIOLATED)
u_memory._309_/S                        0.350000    0.452464   -0.102464 (VIOLATED)
u_memory.g_read[0].g_bank[2].g_slice[0].u_sram/din[16]    0.350000    0.452205   -0.102205 (VIOLATED)
ANTENNA_212/DIODE                       0.350000    0.452098   -0.102098 (VIOLATED)
_085_/D                                 0.350000    0.452092   -0.102092 (VIOLATED)
ANTENNA_1151/DIODE                      0.350000    0.451943   -0.101943 (VIOLATED)
u_memory._279_/A1                       0.350000    0.451940   -0.101940 (VIOLATED)
ANTENNA_1148/DIODE                      0.350000    0.451933   -0.101933 (VIOLATED)
u_memory.g_read[1].g_bank[2].g_slice[0].u_sram/din[0]    0.350000    0.451912   -0.101912 (VIOLATED)
ANTENNA_1150/DIODE                      0.350000    0.451903   -0.101903 (VIOLATED)
ANTENNA_1149/DIODE                      0.350000    0.451903   -0.101903 (VIOLATED)
ANTENNA_2002/DIODE                      0.350000    0.451718   -0.101718 (VIOLATED)
ANTENNA_2010/DIODE                      0.350000    0.451680   -0.101680 (VIOLATED)
ANTENNA_2008/DIODE                      0.350000    0.451679   -0.101679 (VIOLATED)
ANTENNA_2006/DIODE                      0.350000    0.451677   -0.101677 (VIOLATED)
ANTENNA_2004/DIODE                      0.350000    0.451674   -0.101674 (VIOLATED)
ANTENNA_2003/DIODE                      0.350000    0.451672   -0.101672 (VIOLATED)
ANTENNA_2001/DIODE                      0.350000    0.451670   -0.101670 (VIOLATED)
ANTENNA_2000/DIODE                      0.350000    0.451670   -0.101670 (VIOLATED)
ANTENNA_2009/DIODE                      0.350000    0.451626   -0.101626 (VIOLATED)
ANTENNA_2007/DIODE                      0.350000    0.451626   -0.101626 (VIOLATED)
ANTENNA_2005/DIODE                      0.350000    0.451625   -0.101625 (VIOLATED)
u_memory._282_/B1                       0.350000    0.451458   -0.101458 (VIOLATED)
ANTENNA_1624/DIODE                      0.350000    0.451457   -0.101457 (VIOLATED)
ANTENNA_1622/DIODE                      0.350000    0.451456   -0.101456 (VIOLATED)
ANTENNA_1619/DIODE                      0.350000    0.451456   -0.101456 (VIOLATED)
ANTENNA_1621/DIODE                      0.350000    0.451456   -0.101456 (VIOLATED)
ANTENNA_1620/DIODE                      0.350000    0.451456   -0.101456 (VIOLATED)
ANTENNA_105/DIODE                       0.350000    0.451456   -0.101456 (VIOLATED)
ANTENNA_103/DIODE                       0.350000    0.451455   -0.101455 (VIOLATED)
ANTENNA_104/DIODE                       0.350000    0.451450   -0.101450 (VIOLATED)
ANTENNA_106/DIODE                       0.350000    0.451448   -0.101448 (VIOLATED)
ANTENNA_1615/DIODE                      0.350000    0.451414   -0.101414 (VIOLATED)
ANTENNA_1616/DIODE                      0.350000    0.451411   -0.101411 (VIOLATED)
ANTENNA_1617/DIODE                      0.350000    0.451409   -0.101409 (VIOLATED)
ANTENNA_1618/DIODE                      0.350000    0.451406   -0.101406 (VIOLATED)
ANTENNA_1623/DIODE                      0.350000    0.451401   -0.101401 (VIOLATED)
ANTENNA_1625/DIODE                      0.350000    0.451398   -0.101398 (VIOLATED)
wire353/X                               0.350000    0.451355   -0.101355 (VIOLATED)
input10/X                               0.350000    0.451335   -0.101335 (VIOLATED)
u_memory._305_/S                        0.350000    0.451182   -0.101182 (VIOLATED)
max_cap518/X                            0.350000    0.450910   -0.100910 (VIOLATED)
u_memory._249_/A1                       0.350000    0.450706   -0.100706 (VIOLATED)
ANTENNA_1186/DIODE                      0.350000    0.450691   -0.100691 (VIOLATED)
ANTENNA_1184/DIODE                      0.350000    0.450690   -0.100690 (VIOLATED)
ANTENNA_1183/DIODE                      0.350000    0.450688   -0.100688 (VIOLATED)
ANTENNA_1185/DIODE                      0.350000    0.450678   -0.100678 (VIOLATED)
max_cap457/X                            0.350000    0.450672   -0.100672 (VIOLATED)
u_memory._280_/X                        0.350000    0.450671   -0.100671 (VIOLATED)
u_memory.g_read[0].g_bank[2].g_slice[0].u_sram/din[14]    0.350000    0.450333   -0.100333 (VIOLATED)
u_memory.g_read[1].g_bank[0].g_slice[0].u_sram/din[20]    0.350000    0.450211   -0.100211 (VIOLATED)
u_memory.g_read[1].g_bank[0].g_slice[0].u_sram/din[26]    0.350000    0.450154   -0.100154 (VIOLATED)
wire364/X                               0.350000    0.450125   -0.100125 (VIOLATED)
ANTENNA_1961/DIODE                      0.350000    0.450032   -0.100032 (VIOLATED)
ANTENNA_1966/DIODE                      0.350000    0.450032   -0.100032 (VIOLATED)
ANTENNA_1962/DIODE                      0.350000    0.450032   -0.100032 (VIOLATED)
ANTENNA_1964/DIODE                      0.350000    0.450032   -0.100032 (VIOLATED)
u_memory._273_/A1                       0.350000    0.450012   -0.100012 (VIOLATED)
ANTENNA_1153/DIODE                      0.350000    0.450003   -0.100003 (VIOLATED)
ANTENNA_1155/DIODE                      0.350000    0.450001   -0.100001 (VIOLATED)
ANTENNA_1960/DIODE                      0.350000    0.449993   -0.099993 (VIOLATED)
ANTENNA_1152/DIODE                      0.350000    0.449991   -0.099991 (VIOLATED)
ANTENNA_1956/DIODE                      0.350000    0.449991   -0.099991 (VIOLATED)
ANTENNA_1957/DIODE                      0.350000    0.449988   -0.099988 (VIOLATED)
ANTENNA_1958/DIODE                      0.350000    0.449985   -0.099985 (VIOLATED)
ANTENNA_1963/DIODE                      0.350000    0.449983   -0.099983 (VIOLATED)
ANTENNA_1965/DIODE                      0.350000    0.449981   -0.099981 (VIOLATED)
ANTENNA_1154/DIODE                      0.350000    0.449960   -0.099960 (VIOLATED)
ANTENNA_1959/DIODE                      0.350000    0.449902   -0.099902 (VIOLATED)
u_memory.g_read[1].g_bank[2].g_slice[0].u_sram/din[21]    0.350000    0.449900   -0.099900 (VIOLATED)
u_memory._351_/B1                       0.350000    0.449440   -0.099440 (VIOLATED)
ANTENNA_155/DIODE                       0.350000    0.449438   -0.099438 (VIOLATED)
ANTENNA_153/DIODE                       0.350000    0.449436   -0.099436 (VIOLATED)
ANTENNA_154/DIODE                       0.350000    0.449431   -0.099431 (VIOLATED)
ANTENNA_156/DIODE                       0.350000    0.449428   -0.099428 (VIOLATED)
wire355/X                               0.350000    0.449320   -0.099320 (VIOLATED)
max_cap512/X                            0.350000    0.449255   -0.099255 (VIOLATED)
u_memory._372_/B2                       0.350000    0.449032   -0.099032 (VIOLATED)
ANTENNA_179/DIODE                       0.350000    0.449022   -0.099022 (VIOLATED)
ANTENNA_178/DIODE                       0.350000    0.449021   -0.099021 (VIOLATED)
ANTENNA_180/DIODE                       0.350000    0.449015   -0.099015 (VIOLATED)
wire385/X                               0.350000    0.448998   -0.098998 (VIOLATED)
u_memory.g_read[1].g_bank[1].g_slice[0].u_sram/din[24]    0.350000    0.448723   -0.098723 (VIOLATED)
u_memory._349_/X                        0.350000    0.448511   -0.098511 (VIOLATED)
u_memory._243_/A1                       0.350000    0.448336   -0.098336 (VIOLATED)
ANTENNA_1526/DIODE                      0.350000    0.448314   -0.098314 (VIOLATED)
ANTENNA_1192/DIODE                      0.350000    0.448307   -0.098307 (VIOLATED)
ANTENNA_1536/DIODE                      0.350000    0.448301   -0.098301 (VIOLATED)
ANTENNA_1535/DIODE                      0.350000    0.448301   -0.098301 (VIOLATED)
ANTENNA_1190/DIODE                      0.350000    0.448300   -0.098300 (VIOLATED)
ANTENNA_1534/DIODE                      0.350000    0.448295   -0.098295 (VIOLATED)
ANTENNA_1528/DIODE                      0.350000    0.448294   -0.098294 (VIOLATED)
u_memory._370_/X                        0.350000    0.448294   -0.098294 (VIOLATED)
ANTENNA_1529/DIODE                      0.350000    0.448294   -0.098294 (VIOLATED)
ANTENNA_1191/DIODE                      0.350000    0.448294   -0.098293 (VIOLATED)
ANTENNA_1530/DIODE                      0.350000    0.448293   -0.098293 (VIOLATED)
ANTENNA_1532/DIODE                      0.350000    0.448292   -0.098292 (VIOLATED)
ANTENNA_1533/DIODE                      0.350000    0.448292   -0.098292 (VIOLATED)
ANTENNA_1193/DIODE                      0.350000    0.448290   -0.098290 (VIOLATED)
u_memory._177_/B                        0.350000    0.448287   -0.098287 (VIOLATED)
ANTENNA_1527/DIODE                      0.350000    0.448286   -0.098286 (VIOLATED)
ANTENNA_1531/DIODE                      0.350000    0.448286   -0.098286 (VIOLATED)
u_memory._185_/A_N                      0.350000    0.448285   -0.098285 (VIOLATED)
u_memory.g_read[1].g_bank[2].g_slice[0].u_sram/din[13]    0.350000    0.448188   -0.098188 (VIOLATED)
ANTENNA_210/DIODE                       0.350000    0.448085   -0.098085 (VIOLATED)
hold12/A                                0.350000    0.448083   -0.098083 (VIOLATED)
_098_/Q                                 0.350000    0.447995   -0.097995 (VIOLATED)
ANTENNA_1926/DIODE                      0.350000    0.447979   -0.097979 (VIOLATED)
ANTENNA_1927/DIODE                      0.350000    0.447978   -0.097978 (VIOLATED)
ANTENNA_1928/DIODE                      0.350000    0.447978   -0.097978 (VIOLATED)
ANTENNA_1930/DIODE                      0.350000    0.447978   -0.097978 (VIOLATED)
ANTENNA_1932/DIODE                      0.350000    0.447977   -0.097977 (VIOLATED)
ANTENNA_1924/DIODE                      0.350000    0.447934   -0.097934 (VIOLATED)
ANTENNA_1925/DIODE                      0.350000    0.447934   -0.097934 (VIOLATED)
ANTENNA_1929/DIODE                      0.350000    0.447932   -0.097932 (VIOLATED)
ANTENNA_1931/DIODE                      0.350000    0.447930   -0.097930 (VIOLATED)
ANTENNA_1923/DIODE                      0.350000    0.447883   -0.097883 (VIOLATED)
ANTENNA_1933/DIODE                      0.350000    0.447881   -0.097881 (VIOLATED)
hold199/A                               0.350000    0.447818   -0.097818 (VIOLATED)
hold213/X                               0.350000    0.447811   -0.097811 (VIOLATED)
u_memory.g_read[1].g_bank[1].g_slice[0].u_sram/din[13]    0.350000    0.447766   -0.097766 (VIOLATED)
wire366/X                               0.350000    0.447707   -0.097707 (VIOLATED)
max_cap443/X                            0.350000    0.447591   -0.097591 (VIOLATED)
max_cap506/X                            0.350000    0.447237   -0.097237 (VIOLATED)
output91/A                              0.350000    0.447042   -0.097042 (VIOLATED)
u_memory._319_/A1                       0.350000    0.446988   -0.096988 (VIOLATED)
hold193/X                               0.350000    0.446948   -0.096948 (VIOLATED)
u_memory._320_/A0                       0.350000    0.446933   -0.096933 (VIOLATED)
ANTENNA_2699/DIODE                      0.350000    0.446861   -0.096861 (VIOLATED)
ANTENNA_2750/DIODE                      0.350000    0.446643   -0.096643 (VIOLATED)
output93/A                              0.350000    0.446642   -0.096642 (VIOLATED)
u_memory._291_/B1                       0.350000    0.446554   -0.096554 (VIOLATED)
ANTENNA_117/DIODE                       0.350000    0.446549   -0.096549 (VIOLATED)
ANTENNA_115/DIODE                       0.350000    0.446548   -0.096548 (VIOLATED)
ANTENNA_116/DIODE                       0.350000    0.446545   -0.096545 (VIOLATED)
_027_/Q                                 0.350000    0.446426   -0.096426 (VIOLATED)
ANTENNA_2411/DIODE                      0.350000    0.446402   -0.096402 (VIOLATED)
ANTENNA_2417/DIODE                      0.350000    0.446400   -0.096400 (VIOLATED)
ANTENNA_2419/DIODE                      0.350000    0.446398   -0.096398 (VIOLATED)
ANTENNA_2418/DIODE                      0.350000    0.446398   -0.096398 (VIOLATED)
ANTENNA_2416/DIODE                      0.350000    0.446398   -0.096398 (VIOLATED)
ANTENNA_2412/DIODE                      0.350000    0.446398   -0.096398 (VIOLATED)
ANTENNA_2415/DIODE                      0.350000    0.446398   -0.096398 (VIOLATED)
ANTENNA_2414/DIODE                      0.350000    0.446398   -0.096398 (VIOLATED)
ANTENNA_2413/DIODE                      0.350000    0.446397   -0.096397 (VIOLATED)
ANTENNA_2420/DIODE                      0.350000    0.446380   -0.096380 (VIOLATED)
ANTENNA_2421/DIODE                      0.350000    0.446379   -0.096379 (VIOLATED)
_108_/D                                 0.350000    0.446144   -0.096144 (VIOLATED)
input67/X                               0.350000    0.446113   -0.096113 (VIOLATED)
_029_/Q                                 0.350000    0.445995   -0.095995 (VIOLATED)
_104_/D                                 0.350000    0.445795   -0.095795 (VIOLATED)
wire643/X                               0.350000    0.445721   -0.095721 (VIOLATED)
u_memory._289_/X                        0.350000    0.445710   -0.095710 (VIOLATED)
max_cap582/X                            0.350000    0.445709   -0.095709 (VIOLATED)
u_memory._303_/A1                       0.350000    0.445670   -0.095670 (VIOLATED)
ANTENNA_1118/DIODE                      0.350000    0.445666   -0.095666 (VIOLATED)
ANTENNA_1121/DIODE                      0.350000    0.445663   -0.095663 (VIOLATED)
ANTENNA_1119/DIODE                      0.350000    0.445651   -0.095651 (VIOLATED)
ANTENNA_1120/DIODE                      0.350000    0.445619   -0.095619 (VIOLATED)
u_memory.g_read[0].g_bank[0].g_slice[0].u_sram/din[15]    0.350000    0.445380   -0.095380 (VIOLATED)
wire344/X                               0.350000    0.444990   -0.094990 (VIOLATED)
max_cap441/A                            0.350000    0.444792   -0.094792 (VIOLATED)
u_memory.g_read[1].g_bank[2].g_slice[0].u_sram/din[7]    0.350000    0.444676   -0.094676 (VIOLATED)
u_memory._425_/A0                       0.350000    0.444549   -0.094549 (VIOLATED)
_083_/D                                 0.350000    0.444481   -0.094481 (VIOLATED)
ANTENNA_2730/DIODE                      0.350000    0.444477   -0.094477 (VIOLATED)
u_memory._246_/A1                       0.350000    0.444273   -0.094273 (VIOLATED)
ANTENNA_1187/DIODE                      0.350000    0.444237   -0.094237 (VIOLATED)
ANTENNA_1188/DIODE                      0.350000    0.444235   -0.094235 (VIOLATED)
ANTENNA_1189/DIODE                      0.350000    0.444224   -0.094224 (VIOLATED)
input8/X                                0.350000    0.444044   -0.094044 (VIOLATED)
hold46/X                                0.350000    0.444005   -0.094005 (VIOLATED)
ANTENNA_2044/DIODE                      0.350000    0.444005   -0.094005 (VIOLATED)
u_memory._261_/A2                       0.350000    0.443990   -0.093990 (VIOLATED)
u_memory._258_/A2                       0.350000    0.443986   -0.093986 (VIOLATED)
u_memory._267_/A2                       0.350000    0.443972   -0.093972 (VIOLATED)
u_memory._270_/A2                       0.350000    0.443967   -0.093967 (VIOLATED)
ANTENNA_2045/DIODE                      0.350000    0.443966   -0.093966 (VIOLATED)
u_memory._273_/A2                       0.350000    0.443964   -0.093964 (VIOLATED)
u_memory._279_/A2                       0.350000    0.443923   -0.093923 (VIOLATED)
ANTENNA_2052/DIODE                      0.350000    0.443904   -0.093904 (VIOLATED)
ANTENNA_2050/DIODE                      0.350000    0.443904   -0.093904 (VIOLATED)
ANTENNA_2048/DIODE                      0.350000    0.443903   -0.093903 (VIOLATED)
ANTENNA_2047/DIODE                      0.350000    0.443902   -0.093902 (VIOLATED)
ANTENNA_2046/DIODE                      0.350000    0.443899   -0.093899 (VIOLATED)
ANTENNA_2049/DIODE                      0.350000    0.443855   -0.093855 (VIOLATED)
ANTENNA_2051/DIODE                      0.350000    0.443807   -0.093807 (VIOLATED)
ANTENNA_2053/DIODE                      0.350000    0.443804   -0.093804 (VIOLATED)
ANTENNA_2054/DIODE                      0.350000    0.443801   -0.093801 (VIOLATED)
u_memory._288_/A2                       0.350000    0.443745   -0.093745 (VIOLATED)
u_memory._282_/A2                       0.350000    0.443744   -0.093744 (VIOLATED)
u_memory._294_/A2                       0.350000    0.443711   -0.093710 (VIOLATED)
u_memory._285_/A2                       0.350000    0.443695   -0.093695 (VIOLATED)
u_memory._291_/A2                       0.350000    0.443675   -0.093675 (VIOLATED)
wire365/X                               0.350000    0.443674   -0.093674 (VIOLATED)
fanout183/X                             0.350000    0.443670   -0.093670 (VIOLATED)
ANTENNA_1471/DIODE                      0.350000    0.443575   -0.093575 (VIOLATED)
ANTENNA_1478/DIODE                      0.350000    0.443575   -0.093575 (VIOLATED)
ANTENNA_1480/DIODE                      0.350000    0.443575   -0.093575 (VIOLATED)
ANTENNA_1479/DIODE                      0.350000    0.443574   -0.093574 (VIOLATED)
ANTENNA_1472/DIODE                      0.350000    0.443560   -0.093560 (VIOLATED)
ANTENNA_1473/DIODE                      0.350000    0.443559   -0.093559 (VIOLATED)
ANTENNA_1474/DIODE                      0.350000    0.443558   -0.093558 (VIOLATED)
ANTENNA_1475/DIODE                      0.350000    0.443558   -0.093558 (VIOLATED)
ANTENNA_1481/DIODE                      0.350000    0.443557   -0.093557 (VIOLATED)
ANTENNA_1477/DIODE                      0.350000    0.443539   -0.093539 (VIOLATED)
ANTENNA_1476/DIODE                      0.350000    0.443539   -0.093539 (VIOLATED)
max_cap525/X                            0.350000    0.443108   -0.093108 (VIOLATED)
u_memory._311_/A1                       0.350000    0.443026   -0.093026 (VIOLATED)
ANTENNA_2091/DIODE                      0.350000    0.442979   -0.092979 (VIOLATED)
ANTENNA_2097/DIODE                      0.350000    0.442974   -0.092974 (VIOLATED)
ANTENNA_2095/DIODE                      0.350000    0.442974   -0.092974 (VIOLATED)
ANTENNA_2090/DIODE                      0.350000    0.442974   -0.092974 (VIOLATED)
ANTENNA_2093/DIODE                      0.350000    0.442973   -0.092973 (VIOLATED)
ANTENNA_2089/DIODE                      0.350000    0.442973   -0.092973 (VIOLATED)
ANTENNA_2092/DIODE                      0.350000    0.442973   -0.092973 (VIOLATED)
ANTENNA_2088/DIODE                      0.350000    0.442969   -0.092969 (VIOLATED)
ANTENNA_2098/DIODE                      0.350000    0.442954   -0.092954 (VIOLATED)
ANTENNA_2096/DIODE                      0.350000    0.442954   -0.092954 (VIOLATED)
ANTENNA_2094/DIODE                      0.350000    0.442954   -0.092954 (VIOLATED)
hold161/X                               0.350000    0.442885   -0.092885 (VIOLATED)
max_cap435/X                            0.350000    0.442871   -0.092871 (VIOLATED)
u_memory._308_/S                        0.350000    0.442767   -0.092767 (VIOLATED)
ANTENNA_134/DIODE                       0.350000    0.442669   -0.092669 (VIOLATED)
ANTENNA_132/DIODE                       0.350000    0.442668   -0.092668 (VIOLATED)
u_memory._330_/B1                       0.350000    0.442664   -0.092664 (VIOLATED)
ANTENNA_133/DIODE                       0.350000    0.442653   -0.092653 (VIOLATED)
u_memory._339_/B1                       0.350000    0.442314   -0.092314 (VIOLATED)
ANTENNA_142/DIODE                       0.350000    0.442309   -0.092309 (VIOLATED)
ANTENNA_141/DIODE                       0.350000    0.442308   -0.092308 (VIOLATED)
ANTENNA_143/DIODE                       0.350000    0.442303   -0.092303 (VIOLATED)
u_memory._181_/B                        0.350000    0.442298   -0.092298 (VIOLATED)
u_memory._190_/B                        0.350000    0.442297   -0.092297 (VIOLATED)
hold12/X                                0.350000    0.442264   -0.092264 (VIOLATED)
max_cap532/X                            0.350000    0.442257   -0.092257 (VIOLATED)
u_memory._307_/S                        0.350000    0.442015   -0.092015 (VIOLATED)
u_memory.g_read[1].g_bank[1].g_slice[0].u_sram/din[31]    0.350000    0.442011   -0.092011 (VIOLATED)
output128/A                             0.350000    0.441993   -0.091993 (VIOLATED)
_006_/Q                                 0.350000    0.441924   -0.091924 (VIOLATED)
u_memory._328_/X                        0.350000    0.441868   -0.091868 (VIOLATED)
ANTENNA_1648/DIODE                      0.350000    0.441615   -0.091615 (VIOLATED)
ANTENNA_1788/DIODE                      0.350000    0.441614   -0.091614 (VIOLATED)
ANTENNA_1786/DIODE                      0.350000    0.441614   -0.091614 (VIOLATED)
ANTENNA_1790/DIODE                      0.350000    0.441614   -0.091614 (VIOLATED)
ANTENNA_1780/DIODE                      0.350000    0.441609   -0.091609 (VIOLATED)
ANTENNA_1783/DIODE                      0.350000    0.441607   -0.091607 (VIOLATED)
ANTENNA_1789/DIODE                      0.350000    0.441607   -0.091607 (VIOLATED)
ANTENNA_1784/DIODE                      0.350000    0.441606   -0.091606 (VIOLATED)
ANTENNA_1787/DIODE                      0.350000    0.441606   -0.091606 (VIOLATED)
ANTENNA_1785/DIODE                      0.350000    0.441606   -0.091606 (VIOLATED)
u_memory.g_read[0].g_bank[3].g_slice[0].u_sram/wmask[2]    0.350000    0.441604   -0.091604 (VIOLATED)
ANTENNA_1782/DIODE                      0.350000    0.441604   -0.091604 (VIOLATED)
ANTENNA_1781/DIODE                      0.350000    0.441604   -0.091604 (VIOLATED)
ANTENNA_1652/DIODE                      0.350000    0.441576   -0.091576 (VIOLATED)
ANTENNA_1651/DIODE                      0.350000    0.441574   -0.091574 (VIOLATED)
ANTENNA_1649/DIODE                      0.350000    0.441572   -0.091572 (VIOLATED)
ANTENNA_1650/DIODE                      0.350000    0.441570   -0.091570 (VIOLATED)
ANTENNA_1658/DIODE                      0.350000    0.441501   -0.091501 (VIOLATED)
ANTENNA_1653/DIODE                      0.350000    0.441501   -0.091501 (VIOLATED)
ANTENNA_1654/DIODE                      0.350000    0.441500   -0.091500 (VIOLATED)
ANTENNA_1655/DIODE                      0.350000    0.441498   -0.091498 (VIOLATED)
ANTENNA_1656/DIODE                      0.350000    0.441495   -0.091495 (VIOLATED)
ANTENNA_1657/DIODE                      0.350000    0.441492   -0.091492 (VIOLATED)
u_memory._337_/X                        0.350000    0.441442   -0.091442 (VIOLATED)
ANTENNA_2389/DIODE                      0.350000    0.441441   -0.091441 (VIOLATED)
ANTENNA_2392/DIODE                      0.350000    0.441402   -0.091402 (VIOLATED)
ANTENNA_2390/DIODE                      0.350000    0.441402   -0.091402 (VIOLATED)
ANTENNA_2391/DIODE                      0.350000    0.441401   -0.091401 (VIOLATED)
ANTENNA_2393/DIODE                      0.350000    0.441369   -0.091369 (VIOLATED)
ANTENNA_2398/DIODE                      0.350000    0.441369   -0.091369 (VIOLATED)
ANTENNA_2399/DIODE                      0.350000    0.441369   -0.091369 (VIOLATED)
ANTENNA_2394/DIODE                      0.350000    0.441315   -0.091315 (VIOLATED)
ANTENNA_2395/DIODE                      0.350000    0.441313   -0.091313 (VIOLATED)
ANTENNA_2396/DIODE                      0.350000    0.441310   -0.091310 (VIOLATED)
ANTENNA_2397/DIODE                      0.350000    0.441307   -0.091307 (VIOLATED)
ANTENNA_2604/DIODE                      0.350000    0.441133   -0.091133 (VIOLATED)
ANTENNA_2603/DIODE                      0.350000    0.441133   -0.091133 (VIOLATED)
ANTENNA_2608/DIODE                      0.350000    0.441133   -0.091133 (VIOLATED)
ANTENNA_2602/DIODE                      0.350000    0.441133   -0.091133 (VIOLATED)
ANTENNA_2606/DIODE                      0.350000    0.441133   -0.091133 (VIOLATED)
ANTENNA_2601/DIODE                      0.350000    0.441132   -0.091132 (VIOLATED)
ANTENNA_2605/DIODE                      0.350000    0.441132   -0.091132 (VIOLATED)
ANTENNA_2600/DIODE                      0.350000    0.441132   -0.091132 (VIOLATED)
output133/A                             0.350000    0.441129   -0.091129 (VIOLATED)
ANTENNA_2752/DIODE                      0.350000    0.441128   -0.091128 (VIOLATED)
ANTENNA_2598/DIODE                      0.350000    0.441123   -0.091123 (VIOLATED)
ANTENNA_2607/DIODE                      0.350000    0.441123   -0.091123 (VIOLATED)
ANTENNA_2599/DIODE                      0.350000    0.441115   -0.091115 (VIOLATED)
_007_/Q                                 0.350000    0.441081   -0.091081 (VIOLATED)
max_cap483/X                            0.350000    0.440947   -0.090947 (VIOLATED)
u_memory._390_/B1                       0.350000    0.440936   -0.090936 (VIOLATED)
u_memory._389_/X                        0.350000    0.440902   -0.090902 (VIOLATED)
u_memory.g_read[0].g_bank[2].g_slice[0].u_sram/wmask[2]    0.350000    0.440854   -0.090854 (VIOLATED)
max_cap462/X                            0.350000    0.440829   -0.090829 (VIOLATED)
output97/A                              0.350000    0.440777   -0.090777 (VIOLATED)
max_cap579/X                            0.350000    0.440563   -0.090563 (VIOLATED)
ANTENNA_2455/DIODE                      0.350000    0.440535   -0.090535 (VIOLATED)
ANTENNA_2462/DIODE                      0.350000    0.440534   -0.090534 (VIOLATED)
ANTENNA_2457/DIODE                      0.350000    0.440534   -0.090534 (VIOLATED)
ANTENNA_2458/DIODE                      0.350000    0.440534   -0.090534 (VIOLATED)
ANTENNA_2461/DIODE                      0.350000    0.440534   -0.090534 (VIOLATED)
ANTENNA_2460/DIODE                      0.350000    0.440534   -0.090534 (VIOLATED)
ANTENNA_2459/DIODE                      0.350000    0.440533   -0.090533 (VIOLATED)
ANTENNA_2456/DIODE                      0.350000    0.440530   -0.090530 (VIOLATED)
ANTENNA_2463/DIODE                      0.350000    0.440522   -0.090522 (VIOLATED)
ANTENNA_2464/DIODE                      0.350000    0.440521   -0.090521 (VIOLATED)
ANTENNA_2465/DIODE                      0.350000    0.440521   -0.090521 (VIOLATED)
max_cap613/X                            0.350000    0.440440   -0.090440 (VIOLATED)
ANTENNA_878/DIODE                       0.350000    0.440399   -0.090399 (VIOLATED)
u_memory._327_/A1                       0.350000    0.440399   -0.090399 (VIOLATED)
ANTENNA_877/DIODE                       0.350000    0.440389   -0.090389 (VIOLATED)
ANTENNA_879/DIODE                       0.350000    0.440387   -0.090387 (VIOLATED)
_032_/Q                                 0.350000    0.440274   -0.090274 (VIOLATED)
ANTENNA_1703/DIODE                      0.350000    0.440054   -0.090054 (VIOLATED)
ANTENNA_1710/DIODE                      0.350000    0.440049   -0.090049 (VIOLATED)
ANTENNA_1711/DIODE                      0.350000    0.440049   -0.090049 (VIOLATED)
ANTENNA_1712/DIODE                      0.350000    0.440048   -0.090048 (VIOLATED)
ANTENNA_1709/DIODE                      0.350000    0.440013   -0.090013 (VIOLATED)
ANTENNA_1704/DIODE                      0.350000    0.440013   -0.090013 (VIOLATED)
ANTENNA_1705/DIODE                      0.350000    0.440013   -0.090013 (VIOLATED)
ANTENNA_1706/DIODE                      0.350000    0.440013   -0.090013 (VIOLATED)
ANTENNA_1707/DIODE                      0.350000    0.440010   -0.090010 (VIOLATED)
ANTENNA_1708/DIODE                      0.350000    0.440007   -0.090007 (VIOLATED)
ANTENNA_1713/DIODE                      0.350000    0.440004   -0.090004 (VIOLATED)
u_memory._304_/S                        0.350000    0.439984   -0.089984 (VIOLATED)
max_cap589/X                            0.350000    0.439835   -0.089835 (VIOLATED)
wire284/X                               0.350000    0.439810   -0.089810 (VIOLATED)
ANTENNA_95/DIODE                        0.350000    0.439426   -0.089426 (VIOLATED)
u_memory._270_/B2                       0.350000    0.439425   -0.089425 (VIOLATED)
ANTENNA_93/DIODE                        0.350000    0.439421   -0.089421 (VIOLATED)
ANTENNA_94/DIODE                        0.350000    0.439412   -0.089412 (VIOLATED)
max_cap471/X                            0.350000    0.439314   -0.089314 (VIOLATED)
output117/A                             0.350000    0.438886   -0.088886 (VIOLATED)
ANTENNA_236/DIODE                       0.350000    0.438886   -0.088886 (VIOLATED)
_005_/Q                                 0.350000    0.438846   -0.088846 (VIOLATED)
u_memory._268_/X                        0.350000    0.438672   -0.088672 (VIOLATED)
max_cap144/A                            0.350000    0.438106   -0.088106 (VIOLATED)
ANTENNA_75/DIODE                        0.350000    0.437856   -0.087856 (VIOLATED)
u_memory._249_/B1                       0.350000    0.437855   -0.087855 (VIOLATED)
ANTENNA_73/DIODE                        0.350000    0.437854   -0.087854 (VIOLATED)
ANTENNA_74/DIODE                        0.350000    0.437828   -0.087828 (VIOLATED)
u_memory._233_/A1                       0.350000    0.437826   -0.087826 (VIOLATED)
ANTENNA_1096/DIODE                      0.350000    0.437811   -0.087811 (VIOLATED)
ANTENNA_1094/DIODE                      0.350000    0.437810   -0.087810 (VIOLATED)
ANTENNA_1095/DIODE                      0.350000    0.437800   -0.087800 (VIOLATED)
ANTENNA_1097/DIODE                      0.350000    0.437798   -0.087797 (VIOLATED)
ANTENNA_1880/DIODE                      0.350000    0.437765   -0.087765 (VIOLATED)
ANTENNA_1879/DIODE                      0.350000    0.437764   -0.087764 (VIOLATED)
ANTENNA_1885/DIODE                      0.350000    0.437761   -0.087761 (VIOLATED)
ANTENNA_1887/DIODE                      0.350000    0.437761   -0.087761 (VIOLATED)
ANTENNA_1886/DIODE                      0.350000    0.437761   -0.087761 (VIOLATED)
ANTENNA_1881/DIODE                      0.350000    0.437726   -0.087726 (VIOLATED)
ANTENNA_1882/DIODE                      0.350000    0.437724   -0.087724 (VIOLATED)
ANTENNA_1883/DIODE                      0.350000    0.437722   -0.087722 (VIOLATED)
ANTENNA_1884/DIODE                      0.350000    0.437719   -0.087719 (VIOLATED)
ANTENNA_1888/DIODE                      0.350000    0.437717   -0.087717 (VIOLATED)
ANTENNA_1889/DIODE                      0.350000    0.437714   -0.087714 (VIOLATED)
hold168/X                               0.350000    0.437703   -0.087703 (VIOLATED)
u_memory.g_read[1].g_bank[2].g_slice[0].u_sram/din[1]    0.350000    0.437626   -0.087626 (VIOLATED)
wire338/X                               0.350000    0.437266   -0.087266 (VIOLATED)
u_memory.g_read[1].g_bank[2].g_slice[0].u_sram/din[5]    0.350000    0.437247   -0.087247 (VIOLATED)
u_memory._402_/B1                       0.350000    0.437240   -0.087240 (VIOLATED)
ANTENNA_202/DIODE                       0.350000    0.437228   -0.087228 (VIOLATED)
u_memory.g_read[0].g_bank[2].g_slice[0].u_sram/din[7]    0.350000    0.437202   -0.087202 (VIOLATED)
max_cap500/X                            0.350000    0.437050   -0.087050 (VIOLATED)
wire442/X                               0.350000    0.436998   -0.086998 (VIOLATED)
u_memory._247_/X                        0.350000    0.436991   -0.086991 (VIOLATED)
ANTENNA_2306/DIODE                      0.350000    0.436808   -0.086808 (VIOLATED)
ANTENNA_2303/DIODE                      0.350000    0.436808   -0.086808 (VIOLATED)
ANTENNA_2308/DIODE                      0.350000    0.436799   -0.086799 (VIOLATED)
ANTENNA_2305/DIODE                      0.350000    0.436799   -0.086799 (VIOLATED)
ANTENNA_2302/DIODE                      0.350000    0.436798   -0.086798 (VIOLATED)
ANTENNA_2301/DIODE                      0.350000    0.436798   -0.086798 (VIOLATED)
ANTENNA_2300/DIODE                      0.350000    0.436797   -0.086797 (VIOLATED)
ANTENNA_2299/DIODE                      0.350000    0.436797   -0.086797 (VIOLATED)
ANTENNA_2309/DIODE                      0.350000    0.436789   -0.086789 (VIOLATED)
ANTENNA_2307/DIODE                      0.350000    0.436789   -0.086789 (VIOLATED)
ANTENNA_2304/DIODE                      0.350000    0.436789   -0.086789 (VIOLATED)
u_memory._400_/X                        0.350000    0.436572   -0.086572 (VIOLATED)
u_memory._303_/B1                       0.350000    0.436492   -0.086492 (VIOLATED)
ANTENNA_127/DIODE                       0.350000    0.436487   -0.086487 (VIOLATED)
ANTENNA_128/DIODE                       0.350000    0.436486   -0.086486 (VIOLATED)
ANTENNA_126/DIODE                       0.350000    0.436485   -0.086485 (VIOLATED)
ANTENNA_2635/DIODE                      0.350000    0.436478   -0.086478 (VIOLATED)
ANTENNA_2634/DIODE                      0.350000    0.436477   -0.086477 (VIOLATED)
ANTENNA_2633/DIODE                      0.350000    0.436477   -0.086477 (VIOLATED)
ANTENNA_2636/DIODE                      0.350000    0.436477   -0.086477 (VIOLATED)
ANTENNA_2631/DIODE                      0.350000    0.436477   -0.086477 (VIOLATED)
ANTENNA_2632/DIODE                      0.350000    0.436477   -0.086477 (VIOLATED)
ANTENNA_2641/DIODE                      0.350000    0.436470   -0.086470 (VIOLATED)
ANTENNA_2640/DIODE                      0.350000    0.436469   -0.086469 (VIOLATED)
ANTENNA_2639/DIODE                      0.350000    0.436469   -0.086469 (VIOLATED)
ANTENNA_2637/DIODE                      0.350000    0.436469   -0.086469 (VIOLATED)
ANTENNA_2638/DIODE                      0.350000    0.436469   -0.086469 (VIOLATED)
ANTENNA_1515/DIODE                      0.350000    0.436361   -0.086361 (VIOLATED)
ANTENNA_1525/DIODE                      0.350000    0.436336   -0.086336 (VIOLATED)
ANTENNA_1523/DIODE                      0.350000    0.436335   -0.086335 (VIOLATED)
ANTENNA_1521/DIODE                      0.350000    0.436335   -0.086335 (VIOLATED)
ANTENNA_1519/DIODE                      0.350000    0.436335   -0.086335 (VIOLATED)
ANTENNA_1518/DIODE                      0.350000    0.436334   -0.086334 (VIOLATED)
ANTENNA_1516/DIODE                      0.350000    0.436334   -0.086334 (VIOLATED)
ANTENNA_1517/DIODE                      0.350000    0.436332   -0.086332 (VIOLATED)
ANTENNA_1592/DIODE                      0.350000    0.436301   -0.086301 (VIOLATED)
ANTENNA_1590/DIODE                      0.350000    0.436300   -0.086300 (VIOLATED)
ANTENNA_1588/DIODE                      0.350000    0.436300   -0.086300 (VIOLATED)
ANTENNA_1586/DIODE                      0.350000    0.436300   -0.086300 (VIOLATED)
ANTENNA_1520/DIODE                      0.350000    0.436292   -0.086292 (VIOLATED)
ANTENNA_1522/DIODE                      0.350000    0.436291   -0.086291 (VIOLATED)
ANTENNA_1524/DIODE                      0.350000    0.436291   -0.086291 (VIOLATED)
u_memory._292_/C                        0.350000    0.436287   -0.086287 (VIOLATED)
ANTENNA_930/DIODE                       0.350000    0.436285   -0.086285 (VIOLATED)
ANTENNA_1582/DIODE                      0.350000    0.436283   -0.086283 (VIOLATED)
ANTENNA_1584/DIODE                      0.350000    0.436282   -0.086282 (VIOLATED)
ANTENNA_1585/DIODE                      0.350000    0.436281   -0.086281 (VIOLATED)
ANTENNA_931/DIODE                       0.350000    0.436281   -0.086281 (VIOLATED)
ANTENNA_1587/DIODE                      0.350000    0.436280   -0.086280 (VIOLATED)
ANTENNA_1591/DIODE                      0.350000    0.436280   -0.086280 (VIOLATED)
ANTENNA_1589/DIODE                      0.350000    0.436280   -0.086280 (VIOLATED)
ANTENNA_929/DIODE                       0.350000    0.436279   -0.086279 (VIOLATED)
ANTENNA_932/DIODE                       0.350000    0.436274   -0.086274 (VIOLATED)
u_memory._261_/B1                       0.350000    0.436274   -0.086274 (VIOLATED)
ANTENNA_87/DIODE                        0.350000    0.436261   -0.086261 (VIOLATED)
ANTENNA_86/DIODE                        0.350000    0.436254   -0.086254 (VIOLATED)
ANTENNA_88/DIODE                        0.350000    0.436252   -0.086252 (VIOLATED)
ANTENNA_1583/DIODE                      0.350000    0.436239   -0.086239 (VIOLATED)
ANTENNA_1691/DIODE                      0.350000    0.435939   -0.085939 (VIOLATED)
ANTENNA_1689/DIODE                      0.350000    0.435939   -0.085939 (VIOLATED)
ANTENNA_1687/DIODE                      0.350000    0.435938   -0.085938 (VIOLATED)
ANTENNA_1686/DIODE                      0.350000    0.435938   -0.085938 (VIOLATED)
ANTENNA_1685/DIODE                      0.350000    0.435938   -0.085938 (VIOLATED)
ANTENNA_1683/DIODE                      0.350000    0.435937   -0.085937 (VIOLATED)
ANTENNA_1681/DIODE                      0.350000    0.435934   -0.085934 (VIOLATED)
ANTENNA_1690/DIODE                      0.350000    0.435934   -0.085934 (VIOLATED)
ANTENNA_1688/DIODE                      0.350000    0.435933   -0.085933 (VIOLATED)
ANTENNA_1684/DIODE                      0.350000    0.435928   -0.085928 (VIOLATED)
ANTENNA_1682/DIODE                      0.350000    0.435927   -0.085927 (VIOLATED)
max_cap565/X                            0.350000    0.435840   -0.085840 (VIOLATED)
max_cap618/X                            0.350000    0.435823   -0.085823 (VIOLATED)
wire295/X                               0.350000    0.435708   -0.085708 (VIOLATED)
u_memory._301_/X                        0.350000    0.435669   -0.085669 (VIOLATED)
u_memory.g_read[0].g_bank[2].g_slice[0].u_sram/din[5]    0.350000    0.435647   -0.085647 (VIOLATED)
max_cap441/X                            0.350000    0.435514   -0.085514 (VIOLATED)
u_memory._259_/X                        0.350000    0.435433   -0.085433 (VIOLATED)
ANTENNA_1878/DIODE                      0.350000    0.435387   -0.085387 (VIOLATED)
ANTENNA_1876/DIODE                      0.350000    0.435386   -0.085386 (VIOLATED)
ANTENNA_1872/DIODE                      0.350000    0.435386   -0.085386 (VIOLATED)
ANTENNA_1871/DIODE                      0.350000    0.435386   -0.085386 (VIOLATED)
ANTENNA_1868/DIODE                      0.350000    0.435385   -0.085385 (VIOLATED)
ANTENNA_1870/DIODE                      0.350000    0.435385   -0.085385 (VIOLATED)
ANTENNA_1877/DIODE                      0.350000    0.435385   -0.085385 (VIOLATED)
ANTENNA_1875/DIODE                      0.350000    0.435385   -0.085385 (VIOLATED)
ANTENNA_1873/DIODE                      0.350000    0.435385   -0.085385 (VIOLATED)
ANTENNA_1869/DIODE                      0.350000    0.435384   -0.085384 (VIOLATED)
ANTENNA_1874/DIODE                      0.350000    0.435384   -0.085384 (VIOLATED)
max_cap452/X                            0.350000    0.435379   -0.085379 (VIOLATED)
max_cap467/X                            0.350000    0.435299   -0.085299 (VIOLATED)
ANTENNA_1943/DIODE                      0.350000    0.435245   -0.085245 (VIOLATED)
ANTENNA_1941/DIODE                      0.350000    0.435245   -0.085245 (VIOLATED)
ANTENNA_1939/DIODE                      0.350000    0.435244   -0.085244 (VIOLATED)
ANTENNA_1944/DIODE                      0.350000    0.435233   -0.085233 (VIOLATED)
ANTENNA_1937/DIODE                      0.350000    0.435233   -0.085233 (VIOLATED)
ANTENNA_1942/DIODE                      0.350000    0.435232   -0.085232 (VIOLATED)
ANTENNA_1935/DIODE                      0.350000    0.435232   -0.085232 (VIOLATED)
ANTENNA_1940/DIODE                      0.350000    0.435232   -0.085232 (VIOLATED)
ANTENNA_1938/DIODE                      0.350000    0.435232   -0.085232 (VIOLATED)
ANTENNA_1424/DIODE                      0.350000    0.435217   -0.085217 (VIOLATED)
ANTENNA_1415/DIODE                      0.350000    0.435217   -0.085217 (VIOLATED)
ANTENNA_1420/DIODE                      0.350000    0.435217   -0.085217 (VIOLATED)
ANTENNA_1421/DIODE                      0.350000    0.435217   -0.085217 (VIOLATED)
ANTENNA_1416/DIODE                      0.350000    0.435217   -0.085217 (VIOLATED)
ANTENNA_1419/DIODE                      0.350000    0.435217   -0.085217 (VIOLATED)
ANTENNA_1425/DIODE                      0.350000    0.435217   -0.085217 (VIOLATED)
ANTENNA_1422/DIODE                      0.350000    0.435216   -0.085216 (VIOLATED)
ANTENNA_1417/DIODE                      0.350000    0.435216   -0.085216 (VIOLATED)
ANTENNA_1423/DIODE                      0.350000    0.435216   -0.085216 (VIOLATED)
ANTENNA_1418/DIODE                      0.350000    0.435216   -0.085216 (VIOLATED)
ANTENNA_1936/DIODE                      0.350000    0.435216   -0.085216 (VIOLATED)
ANTENNA_1934/DIODE                      0.350000    0.435216   -0.085216 (VIOLATED)
u_memory._246_/B1                       0.350000    0.435080   -0.085080 (VIOLATED)
ANTENNA_71/DIODE                        0.350000    0.435067   -0.085067 (VIOLATED)
ANTENNA_70/DIODE                        0.350000    0.435065   -0.085065 (VIOLATED)
ANTENNA_72/DIODE                        0.350000    0.435057   -0.085057 (VIOLATED)
u_memory._399_/B1                       0.350000    0.434500   -0.084500 (VIOLATED)
ANTENNA_201/DIODE                       0.350000    0.434465   -0.084465 (VIOLATED)
max_cap498/X                            0.350000    0.434443   -0.084443 (VIOLATED)
max_cap508/X                            0.350000    0.434397   -0.084397 (VIOLATED)
u_memory._267_/B1                       0.350000    0.434367   -0.084367 (VIOLATED)
ANTENNA_92/DIODE                        0.350000    0.434366   -0.084366 (VIOLATED)
ANTENNA_90/DIODE                        0.350000    0.434365   -0.084365 (VIOLATED)
max_cap426/X                            0.350000    0.434361   -0.084361 (VIOLATED)
ANTENNA_89/DIODE                        0.350000    0.434359   -0.084359 (VIOLATED)
ANTENNA_91/DIODE                        0.350000    0.434344   -0.084344 (VIOLATED)
u_memory._244_/X                        0.350000    0.434282   -0.084282 (VIOLATED)
ANTENNA_2209/DIODE                      0.350000    0.434017   -0.084017 (VIOLATED)
ANTENNA_2219/DIODE                      0.350000    0.434016   -0.084016 (VIOLATED)
ANTENNA_2217/DIODE                      0.350000    0.434016   -0.084016 (VIOLATED)
ANTENNA_2215/DIODE                      0.350000    0.434016   -0.084016 (VIOLATED)
ANTENNA_2213/DIODE                      0.350000    0.434001   -0.084001 (VIOLATED)
ANTENNA_2211/DIODE                      0.350000    0.434001   -0.084001 (VIOLATED)
ANTENNA_2218/DIODE                      0.350000    0.433999   -0.083999 (VIOLATED)
ANTENNA_2110/DIODE                      0.350000    0.433997   -0.083997 (VIOLATED)
ANTENNA_2118/DIODE                      0.350000    0.433997   -0.083997 (VIOLATED)
ANTENNA_2119/DIODE                      0.350000    0.433997   -0.083997 (VIOLATED)
ANTENNA_2112/DIODE                      0.350000    0.433986   -0.083986 (VIOLATED)
ANTENNA_2113/DIODE                      0.350000    0.433985   -0.083985 (VIOLATED)
ANTENNA_2114/DIODE                      0.350000    0.433985   -0.083985 (VIOLATED)
ANTENNA_2120/DIODE                      0.350000    0.433985   -0.083985 (VIOLATED)
ANTENNA_2115/DIODE                      0.350000    0.433984   -0.083984 (VIOLATED)
ANTENNA_2117/DIODE                      0.350000    0.433974   -0.083973 (VIOLATED)
ANTENNA_2116/DIODE                      0.350000    0.433973   -0.083973 (VIOLATED)
ANTENNA_2216/DIODE                      0.350000    0.433971   -0.083971 (VIOLATED)
ANTENNA_2214/DIODE                      0.350000    0.433971   -0.083971 (VIOLATED)
ANTENNA_2212/DIODE                      0.350000    0.433970   -0.083970 (VIOLATED)
ANTENNA_2111/DIODE                      0.350000    0.433970   -0.083970 (VIOLATED)
ANTENNA_2210/DIODE                      0.350000    0.433969   -0.083969 (VIOLATED)
u_memory.g_read[1].g_bank[2].g_slice[0].u_sram/din[14]    0.350000    0.433800   -0.083800 (VIOLATED)
ANTENNA_1017/DIODE                      0.350000    0.433623   -0.083623 (VIOLATED)
u_memory._226_/B2                       0.350000    0.433621   -0.083621 (VIOLATED)
ANTENNA_1014/DIODE                      0.350000    0.433598   -0.083598 (VIOLATED)
ANTENNA_1015/DIODE                      0.350000    0.433583   -0.083583 (VIOLATED)
ANTENNA_1016/DIODE                      0.350000    0.433580   -0.083580 (VIOLATED)
u_memory._265_/X                        0.350000    0.433552   -0.083552 (VIOLATED)
max_cap536/X                            0.350000    0.433339   -0.083339 (VIOLATED)
max_cap551/X                            0.350000    0.433162   -0.083162 (VIOLATED)
ANTENNA_1637/DIODE                      0.350000    0.433152   -0.083152 (VIOLATED)
ANTENNA_1646/DIODE                      0.350000    0.433152   -0.083152 (VIOLATED)
ANTENNA_1644/DIODE                      0.350000    0.433151   -0.083151 (VIOLATED)
ANTENNA_1643/DIODE                      0.350000    0.433151   -0.083151 (VIOLATED)
ANTENNA_1640/DIODE                      0.350000    0.433135   -0.083135 (VIOLATED)
ANTENNA_1639/DIODE                      0.350000    0.433135   -0.083135 (VIOLATED)
ANTENNA_1641/DIODE                      0.350000    0.433134   -0.083134 (VIOLATED)
ANTENNA_1642/DIODE                      0.350000    0.433133   -0.083133 (VIOLATED)
ANTENNA_1647/DIODE                      0.350000    0.433117   -0.083117 (VIOLATED)
ANTENNA_1645/DIODE                      0.350000    0.433117   -0.083117 (VIOLATED)
ANTENNA_1638/DIODE                      0.350000    0.433090   -0.083090 (VIOLATED)
wire317/X                               0.350000    0.432995   -0.082995 (VIOLATED)
u_memory._390_/B2                       0.350000    0.432442   -0.082442 (VIOLATED)
ANTENNA_198/DIODE                       0.350000    0.432440   -0.082440 (VIOLATED)
ANTENNA_196/DIODE                       0.350000    0.432438   -0.082438 (VIOLATED)
ANTENNA_197/DIODE                       0.350000    0.432423   -0.082423 (VIOLATED)
ANTENNA_199/DIODE                       0.350000    0.432412   -0.082412 (VIOLATED)
max_cap460/X                            0.350000    0.432242   -0.082242 (VIOLATED)
u_memory._285_/A1                       0.350000    0.431956   -0.081956 (VIOLATED)
ANTENNA_1143/DIODE                      0.350000    0.431944   -0.081944 (VIOLATED)
ANTENNA_1141/DIODE                      0.350000    0.431943   -0.081943 (VIOLATED)
ANTENNA_1142/DIODE                      0.350000    0.431933   -0.081933 (VIOLATED)
ANTENNA_2175/DIODE                      0.350000    0.431907   -0.081907 (VIOLATED)
ANTENNA_2173/DIODE                      0.350000    0.431907   -0.081907 (VIOLATED)
ANTENNA_2171/DIODE                      0.350000    0.431907   -0.081907 (VIOLATED)
ANTENNA_2167/DIODE                      0.350000    0.431906   -0.081906 (VIOLATED)
ANTENNA_2170/DIODE                      0.350000    0.431906   -0.081906 (VIOLATED)
ANTENNA_2166/DIODE                      0.350000    0.431906   -0.081906 (VIOLATED)
ANTENNA_2165/DIODE                      0.350000    0.431903   -0.081903 (VIOLATED)
ANTENNA_2174/DIODE                      0.350000    0.431903   -0.081903 (VIOLATED)
ANTENNA_2172/DIODE                      0.350000    0.431902   -0.081902 (VIOLATED)
ANTENNA_2169/DIODE                      0.350000    0.431897   -0.081897 (VIOLATED)
ANTENNA_2168/DIODE                      0.350000    0.431897   -0.081897 (VIOLATED)
u_memory._339_/A1                       0.350000    0.431789   -0.081789 (VIOLATED)
ANTENNA_781/DIODE                       0.350000    0.431789   -0.081789 (VIOLATED)
ANTENNA_780/DIODE                       0.350000    0.431779   -0.081779 (VIOLATED)
ANTENNA_782/DIODE                       0.350000    0.431777   -0.081777 (VIOLATED)
u_memory._388_/X                        0.350000    0.431631   -0.081631 (VIOLATED)
ANTENNA_2121/DIODE                      0.350000    0.431610   -0.081610 (VIOLATED)
ANTENNA_2130/DIODE                      0.350000    0.431610   -0.081610 (VIOLATED)
ANTENNA_2128/DIODE                      0.350000    0.431609   -0.081609 (VIOLATED)
ANTENNA_2125/DIODE                      0.350000    0.431598   -0.081598 (VIOLATED)
ANTENNA_2131/DIODE                      0.350000    0.431598   -0.081598 (VIOLATED)
ANTENNA_2123/DIODE                      0.350000    0.431598   -0.081598 (VIOLATED)
ANTENNA_2129/DIODE                      0.350000    0.431598   -0.081598 (VIOLATED)
ANTENNA_2127/DIODE                      0.350000    0.431598   -0.081598 (VIOLATED)
ANTENNA_2126/DIODE                      0.350000    0.431597   -0.081597 (VIOLATED)
ANTENNA_2124/DIODE                      0.350000    0.431583   -0.081583 (VIOLATED)
ANTENNA_2122/DIODE                      0.350000    0.431582   -0.081582 (VIOLATED)
u_memory.g_read[1].g_bank[3].g_slice[0].u_sram/wmask[1]    0.350000    0.431493   -0.081493 (VIOLATED)
u_memory.g_read[1].g_bank[2].g_slice[0].u_sram/din[12]    0.350000    0.431487   -0.081487 (VIOLATED)
u_memory.g_read[1].g_bank[3].g_slice[0].u_sram/wmask[0]    0.350000    0.431433   -0.081433 (VIOLATED)
wire351/X                               0.350000    0.431411   -0.081411 (VIOLATED)
ANTENNA_2520/DIODE                      0.350000    0.431400   -0.081400 (VIOLATED)
ANTENNA_2519/DIODE                      0.350000    0.431400   -0.081400 (VIOLATED)
ANTENNA_2517/DIODE                      0.350000    0.431399   -0.081399 (VIOLATED)
ANTENNA_2510/DIODE                      0.350000    0.431399   -0.081399 (VIOLATED)
ANTENNA_2515/DIODE                      0.350000    0.431399   -0.081399 (VIOLATED)
ANTENNA_2518/DIODE                      0.350000    0.431399   -0.081399 (VIOLATED)
ANTENNA_2516/DIODE                      0.350000    0.431398   -0.081398 (VIOLATED)
ANTENNA_2514/DIODE                      0.350000    0.431398   -0.081398 (VIOLATED)
ANTENNA_2513/DIODE                      0.350000    0.431398   -0.081398 (VIOLATED)
ANTENNA_2512/DIODE                      0.350000    0.431397   -0.081397 (VIOLATED)
ANTENNA_2511/DIODE                      0.350000    0.431390   -0.081390 (VIOLATED)
ANTENNA_923/DIODE                       0.350000    0.431293   -0.081293 (VIOLATED)
u_memory._213_/C                        0.350000    0.431290   -0.081290 (VIOLATED)
ANTENNA_921/DIODE                       0.350000    0.431289   -0.081289 (VIOLATED)
ANTENNA_922/DIODE                       0.350000    0.431283   -0.081283 (VIOLATED)
ANTENNA_924/DIODE                       0.350000    0.431281   -0.081281 (VIOLATED)
wire258/X                               0.350000    0.431244   -0.081244 (VIOLATED)
ANTENNA_122/DIODE                       0.350000    0.431194   -0.081194 (VIOLATED)
u_memory._294_/B2                       0.350000    0.431191   -0.081191 (VIOLATED)
max_cap544/X                            0.350000    0.431120   -0.081120 (VIOLATED)
u_memory.g_read[1].g_bank[2].g_slice[0].u_sram/wmask[1]    0.350000    0.430955   -0.080955 (VIOLATED)
u_memory.g_read[1].g_bank[3].g_slice[0].u_sram/addr[0]    0.350000    0.430926   -0.080926 (VIOLATED)
u_memory._288_/B1                       0.350000    0.430884   -0.080884 (VIOLATED)
ANTENNA_113/DIODE                       0.350000    0.430882   -0.080882 (VIOLATED)
ANTENNA_111/DIODE                       0.350000    0.430880   -0.080880 (VIOLATED)
ANTENNA_112/DIODE                       0.350000    0.430878   -0.080878 (VIOLATED)
ANTENNA_114/DIODE                       0.350000    0.430875   -0.080875 (VIOLATED)
u_memory.g_read[1].g_bank[2].g_slice[0].u_sram/wmask[0]    0.350000    0.430826   -0.080826 (VIOLATED)
max_cap599/X                            0.350000    0.430784   -0.080784 (VIOLATED)
max_cap537/X                            0.350000    0.430779   -0.080779 (VIOLATED)
wire293/X                               0.350000    0.430692   -0.080692 (VIOLATED)
u_memory.g_read[1].g_bank[2].g_slice[0].u_sram/addr[0]    0.350000    0.430496   -0.080496 (VIOLATED)
u_memory._293_/X                        0.350000    0.430474   -0.080474 (VIOLATED)
u_memory._230_/B1                       0.350000    0.430384   -0.080384 (VIOLATED)
ANTENNA_54/DIODE                        0.350000    0.430373   -0.080373 (VIOLATED)
ANTENNA_56/DIODE                        0.350000    0.430366   -0.080366 (VIOLATED)
ANTENNA_55/DIODE                        0.350000    0.430360   -0.080360 (VIOLATED)
u_memory._286_/X                        0.350000    0.430170   -0.080170 (VIOLATED)
u_memory.g_read[1].g_bank[3].g_slice[0].u_sram/din[25]    0.350000    0.430158   -0.080158 (VIOLATED)
ANTENNA_677/DIODE                       0.350000    0.430150   -0.080150 (VIOLATED)
ANTENNA_676/DIODE                       0.350000    0.430148   -0.080148 (VIOLATED)
u_memory._373_/C                        0.350000    0.430148   -0.080148 (VIOLATED)
ANTENNA_675/DIODE                       0.350000    0.430146   -0.080146 (VIOLATED)
ANTENNA_674/DIODE                       0.350000    0.430144   -0.080144 (VIOLATED)
u_memory._397_/X                        0.350000    0.429938   -0.079938 (VIOLATED)
u_memory._219_/C                        0.350000    0.429564   -0.079564 (VIOLATED)
ANTENNA_899/DIODE                       0.350000    0.429562   -0.079562 (VIOLATED)
ANTENNA_896/DIODE                       0.350000    0.429558   -0.079558 (VIOLATED)
u_memory._228_/X                        0.350000    0.429555   -0.079555 (VIOLATED)
ANTENNA_897/DIODE                       0.350000    0.429551   -0.079551 (VIOLATED)
ANTENNA_898/DIODE                       0.350000    0.429545   -0.079545 (VIOLATED)
u_memory._273_/B1                       0.350000    0.429544   -0.079544 (VIOLATED)
ANTENNA_97/DIODE                        0.350000    0.429534   -0.079534 (VIOLATED)
ANTENNA_99/DIODE                        0.350000    0.429534   -0.079534 (VIOLATED)
ANTENNA_96/DIODE                        0.350000    0.429532   -0.079532 (VIOLATED)
ANTENNA_98/DIODE                        0.350000    0.429515   -0.079515 (VIOLATED)
wire226/X                               0.350000    0.429386   -0.079386 (VIOLATED)
_110_/D                                 0.350000    0.429325   -0.079325 (VIOLATED)
input38/X                               0.350000    0.429296   -0.079296 (VIOLATED)
output106/A                             0.350000    0.429076   -0.079076 (VIOLATED)
_004_/Q                                 0.350000    0.429051   -0.079051 (VIOLATED)
u_memory._197_/A1                       0.350000    0.429023   -0.079023 (VIOLATED)
u_memory.g_read[0].g_bank[2].g_slice[0].u_sram/din[3]    0.350000    0.429015   -0.079014 (VIOLATED)
ANTENNA_1503/DIODE                      0.350000    0.428933   -0.078933 (VIOLATED)
ANTENNA_1501/DIODE                      0.350000    0.428933   -0.078933 (VIOLATED)
ANTENNA_1499/DIODE                      0.350000    0.428933   -0.078933 (VIOLATED)
ANTENNA_1496/DIODE                      0.350000    0.428933   -0.078933 (VIOLATED)
ANTENNA_1495/DIODE                      0.350000    0.428932   -0.078932 (VIOLATED)
ANTENNA_1498/DIODE                      0.350000    0.428933   -0.078933 (VIOLATED)
ANTENNA_1494/DIODE                      0.350000    0.428932   -0.078932 (VIOLATED)
ANTENNA_1493/DIODE                      0.350000    0.428928   -0.078928 (VIOLATED)
ANTENNA_1502/DIODE                      0.350000    0.428927   -0.078927 (VIOLATED)
ANTENNA_1500/DIODE                      0.350000    0.428927   -0.078927 (VIOLATED)
ANTENNA_1497/DIODE                      0.350000    0.428923   -0.078923 (VIOLATED)
ANTENNA_2554/DIODE                      0.350000    0.428845   -0.078845 (VIOLATED)
ANTENNA_2561/DIODE                      0.350000    0.428845   -0.078845 (VIOLATED)
ANTENNA_2564/DIODE                      0.350000    0.428845   -0.078845 (VIOLATED)
ANTENNA_2563/DIODE                      0.350000    0.428844   -0.078844 (VIOLATED)
ANTENNA_2562/DIODE                      0.350000    0.428830   -0.078830 (VIOLATED)
ANTENNA_2558/DIODE                      0.350000    0.428830   -0.078830 (VIOLATED)
ANTENNA_2560/DIODE                      0.350000    0.428830   -0.078830 (VIOLATED)
ANTENNA_2559/DIODE                      0.350000    0.428830   -0.078830 (VIOLATED)
ANTENNA_2556/DIODE                      0.350000    0.428829   -0.078829 (VIOLATED)
ANTENNA_2557/DIODE                      0.350000    0.428814   -0.078814 (VIOLATED)
ANTENNA_2555/DIODE                      0.350000    0.428813   -0.078813 (VIOLATED)
u_memory._271_/X                        0.350000    0.428804   -0.078804 (VIOLATED)
wire289/X                               0.350000    0.428776   -0.078776 (VIOLATED)
u_memory._381_/B1                       0.350000    0.428671   -0.078671 (VIOLATED)
ANTENNA_1332/DIODE                      0.350000    0.428611   -0.078611 (VIOLATED)
ANTENNA_1330/DIODE                      0.350000    0.428611   -0.078611 (VIOLATED)
ANTENNA_1328/DIODE                      0.350000    0.428611   -0.078611 (VIOLATED)
ANTENNA_1327/DIODE                      0.350000    0.428611   -0.078610 (VIOLATED)
ANTENNA_1334/DIODE                      0.350000    0.428610   -0.078610 (VIOLATED)
ANTENNA_1333/DIODE                      0.350000    0.428610   -0.078610 (VIOLATED)
ANTENNA_1326/DIODE                      0.350000    0.428610   -0.078610 (VIOLATED)
ANTENNA_1325/DIODE                      0.350000    0.428603   -0.078603 (VIOLATED)
ANTENNA_1335/DIODE                      0.350000    0.428603   -0.078603 (VIOLATED)
ANTENNA_1331/DIODE                      0.350000    0.428601   -0.078601 (VIOLATED)
ANTENNA_1329/DIODE                      0.350000    0.428600   -0.078600 (VIOLATED)
u_memory._201_/B1                       0.350000    0.428548   -0.078548 (VIOLATED)
ANTENNA_1725/DIODE                      0.350000    0.428509   -0.078509 (VIOLATED)
ANTENNA_1734/DIODE                      0.350000    0.428509   -0.078509 (VIOLATED)
ANTENNA_1732/DIODE                      0.350000    0.428508   -0.078508 (VIOLATED)
ANTENNA_1735/DIODE                      0.350000    0.428508   -0.078508 (VIOLATED)
ANTENNA_1730/DIODE                      0.350000    0.428508   -0.078508 (VIOLATED)
ANTENNA_1733/DIODE                      0.350000    0.428508   -0.078508 (VIOLATED)
ANTENNA_1728/DIODE                      0.350000    0.428508   -0.078508 (VIOLATED)
ANTENNA_1731/DIODE                      0.350000    0.428508   -0.078508 (VIOLATED)
ANTENNA_1727/DIODE                      0.350000    0.428507   -0.078507 (VIOLATED)
ANTENNA_1729/DIODE                      0.350000    0.428507   -0.078507 (VIOLATED)
ANTENNA_1726/DIODE                      0.350000    0.428507   -0.078507 (VIOLATED)
_111_/D                                 0.350000    0.428468   -0.078468 (VIOLATED)
ANTENNA_223/DIODE                       0.350000    0.428467   -0.078467 (VIOLATED)
input39/X                               0.350000    0.428450   -0.078450 (VIOLATED)
u_memory._200_/A1                       0.350000    0.428426   -0.078426 (VIOLATED)
u_memory.g_read[0].g_bank[2].g_slice[0].u_sram/din[25]    0.350000    0.428274   -0.078274 (VIOLATED)
ANTENNA_1911/DIODE                      0.350000    0.428247   -0.078247 (VIOLATED)
ANTENNA_1909/DIODE                      0.350000    0.428246   -0.078246 (VIOLATED)
ANTENNA_1903/DIODE                      0.350000    0.428246   -0.078246 (VIOLATED)
ANTENNA_1907/DIODE                      0.350000    0.428246   -0.078246 (VIOLATED)
ANTENNA_1902/DIODE                      0.350000    0.428246   -0.078246 (VIOLATED)
ANTENNA_1906/DIODE                      0.350000    0.428246   -0.078246 (VIOLATED)
ANTENNA_1901/DIODE                      0.350000    0.428243   -0.078243 (VIOLATED)
ANTENNA_1910/DIODE                      0.350000    0.428243   -0.078243 (VIOLATED)
ANTENNA_1908/DIODE                      0.350000    0.428242   -0.078242 (VIOLATED)
ANTENNA_1905/DIODE                      0.350000    0.428236   -0.078236 (VIOLATED)
ANTENNA_1904/DIODE                      0.350000    0.428235   -0.078235 (VIOLATED)
u_memory.g_read[0].g_bank[2].g_slice[0].u_sram/din[9]    0.350000    0.428205   -0.078205 (VIOLATED)
max_cap606/X                            0.350000    0.428192   -0.078192 (VIOLATED)
u_memory.g_read[1].g_bank[2].g_slice[0].u_sram/din[9]    0.350000    0.428152   -0.078152 (VIOLATED)
max_cap438/X                            0.350000    0.428120   -0.078120 (VIOLATED)
max_cap138/A                            0.350000    0.428100   -0.078100 (VIOLATED)
max_cap411/X                            0.350000    0.427947   -0.077947 (VIOLATED)
u_memory._189_/A1                       0.350000    0.427867   -0.077867 (VIOLATED)
u_memory._379_/X                        0.350000    0.427770   -0.077770 (VIOLATED)
hold158/X                               0.350000    0.427752   -0.077752 (VIOLATED)
ANTENNA_2332/DIODE                      0.350000    0.427702   -0.077702 (VIOLATED)
ANTENNA_2341/DIODE                      0.350000    0.427698   -0.077698 (VIOLATED)
ANTENNA_2340/DIODE                      0.350000    0.427698   -0.077698 (VIOLATED)
ANTENNA_2338/DIODE                      0.350000    0.427698   -0.077698 (VIOLATED)
ANTENNA_2337/DIODE                      0.350000    0.427697   -0.077697 (VIOLATED)
ANTENNA_2342/DIODE                      0.350000    0.427697   -0.077697 (VIOLATED)
ANTENNA_2336/DIODE                      0.350000    0.427697   -0.077697 (VIOLATED)
ANTENNA_2339/DIODE                      0.350000    0.427690   -0.077690 (VIOLATED)
ANTENNA_2335/DIODE                      0.350000    0.427690   -0.077690 (VIOLATED)
ANTENNA_2334/DIODE                      0.350000    0.427690   -0.077690 (VIOLATED)
ANTENNA_2333/DIODE                      0.350000    0.427690   -0.077690 (VIOLATED)
max_cap474/X                            0.350000    0.427603   -0.077603 (VIOLATED)
max_cap502/X                            0.350000    0.427454   -0.077454 (VIOLATED)
max_cap571/X                            0.350000    0.427065   -0.077065 (VIOLATED)
u_memory.g_read[0].g_bank[2].g_slice[0].u_sram/din[6]    0.350000    0.426927   -0.076927 (VIOLATED)
ANTENNA_224/DIODE                       0.350000    0.426688   -0.076688 (VIOLATED)
_115_/D                                 0.350000    0.426687   -0.076687 (VIOLATED)
input43/X                               0.350000    0.426658   -0.076658 (VIOLATED)
ANTENNA_2156/DIODE                      0.350000    0.426501   -0.076501 (VIOLATED)
ANTENNA_2164/DIODE                      0.350000    0.426498   -0.076498 (VIOLATED)
ANTENNA_2162/DIODE                      0.350000    0.426497   -0.076497 (VIOLATED)
ANTENNA_2157/DIODE                      0.350000    0.426497   -0.076497 (VIOLATED)
ANTENNA_2155/DIODE                      0.350000    0.426497   -0.076497 (VIOLATED)
ANTENNA_2154/DIODE                      0.350000    0.426496   -0.076496 (VIOLATED)
ANTENNA_2163/DIODE                      0.350000    0.426495   -0.076495 (VIOLATED)
ANTENNA_2161/DIODE                      0.350000    0.426495   -0.076495 (VIOLATED)
ANTENNA_2158/DIODE                      0.350000    0.426495   -0.076495 (VIOLATED)
ANTENNA_2160/DIODE                      0.350000    0.426495   -0.076495 (VIOLATED)
ANTENNA_2159/DIODE                      0.350000    0.426494   -0.076494 (VIOLATED)
max_cap543/X                            0.350000    0.425883   -0.075883 (VIOLATED)
u_memory._192_/B1                       0.350000    0.425830   -0.075830 (VIOLATED)
ANTENNA_1823/DIODE                      0.350000    0.425534   -0.075534 (VIOLATED)
ANTENNA_1821/DIODE                      0.350000    0.425533   -0.075533 (VIOLATED)
ANTENNA_1819/DIODE                      0.350000    0.425533   -0.075533 (VIOLATED)
ANTENNA_1817/DIODE                      0.350000    0.425533   -0.075533 (VIOLATED)
ANTENNA_1815/DIODE                      0.350000    0.425532   -0.075532 (VIOLATED)
ANTENNA_1816/DIODE                      0.350000    0.425532   -0.075532 (VIOLATED)
ANTENNA_1814/DIODE                      0.350000    0.425532   -0.075532 (VIOLATED)
ANTENNA_1813/DIODE                      0.350000    0.425529   -0.075529 (VIOLATED)
ANTENNA_1822/DIODE                      0.350000    0.425529   -0.075529 (VIOLATED)
ANTENNA_1820/DIODE                      0.350000    0.425529   -0.075529 (VIOLATED)
ANTENNA_1818/DIODE                      0.350000    0.425529   -0.075529 (VIOLATED)
ANTENNA_1369/DIODE                      0.350000    0.425478   -0.075478 (VIOLATED)
ANTENNA_1364/DIODE                      0.350000    0.425478   -0.075478 (VIOLATED)
ANTENNA_1366/DIODE                      0.350000    0.425478   -0.075477 (VIOLATED)
ANTENNA_1363/DIODE                      0.350000    0.425477   -0.075477 (VIOLATED)
ANTENNA_1365/DIODE                      0.350000    0.425477   -0.075477 (VIOLATED)
ANTENNA_1362/DIODE                      0.350000    0.425477   -0.075477 (VIOLATED)
ANTENNA_1361/DIODE                      0.350000    0.425477   -0.075477 (VIOLATED)
ANTENNA_1360/DIODE                      0.350000    0.425470   -0.075470 (VIOLATED)
ANTENNA_1368/DIODE                      0.350000    0.425469   -0.075469 (VIOLATED)
ANTENNA_1370/DIODE                      0.350000    0.425469   -0.075469 (VIOLATED)
ANTENNA_1367/DIODE                      0.350000    0.425469   -0.075468 (VIOLATED)
u_memory.g_read[1].g_bank[1].g_slice[0].u_sram/din[11]    0.350000    0.425452   -0.075452 (VIOLATED)
ANTENNA_1288/DIODE                      0.350000    0.424898   -0.074898 (VIOLATED)
ANTENNA_1287/DIODE                      0.350000    0.424898   -0.074898 (VIOLATED)
ANTENNA_1286/DIODE                      0.350000    0.424898   -0.074898 (VIOLATED)
ANTENNA_1284/DIODE                      0.350000    0.424897   -0.074897 (VIOLATED)
ANTENNA_1285/DIODE                      0.350000    0.424896   -0.074896 (VIOLATED)
ANTENNA_1283/DIODE                      0.350000    0.424896   -0.074896 (VIOLATED)
ANTENNA_1291/DIODE                      0.350000    0.424895   -0.074895 (VIOLATED)
ANTENNA_1289/DIODE                      0.350000    0.424895   -0.074895 (VIOLATED)
ANTENNA_1290/DIODE                      0.350000    0.424895   -0.074895 (VIOLATED)
ANTENNA_1282/DIODE                      0.350000    0.424894   -0.074894 (VIOLATED)
ANTENNA_1281/DIODE                      0.350000    0.424889   -0.074889 (VIOLATED)
u_memory._218_/A1                       0.350000    0.424801   -0.074801 (VIOLATED)
ANTENNA_1116/DIODE                      0.350000    0.424785   -0.074785 (VIOLATED)
ANTENNA_1114/DIODE                      0.350000    0.424785   -0.074785 (VIOLATED)
ANTENNA_1115/DIODE                      0.350000    0.424776   -0.074776 (VIOLATED)
ANTENNA_1117/DIODE                      0.350000    0.424772   -0.074772 (VIOLATED)
max_cap488/X                            0.350000    0.424748   -0.074748 (VIOLATED)
max_cap417/X                            0.350000    0.424694   -0.074694 (VIOLATED)
u_memory.g_read[0].g_bank[1].g_slice[0].u_sram/din[2]    0.350000    0.424645   -0.074645 (VIOLATED)
u_memory._315_/A0                       0.350000    0.424594   -0.074594 (VIOLATED)
u_memory._374_/A2                       0.350000    0.424471   -0.074471 (VIOLATED)
ANTENNA_738/DIODE                       0.350000    0.424468   -0.074468 (VIOLATED)
ANTENNA_736/DIODE                       0.350000    0.424467   -0.074467 (VIOLATED)
ANTENNA_739/DIODE                       0.350000    0.424465   -0.074465 (VIOLATED)
ANTENNA_737/DIODE                       0.350000    0.424464   -0.074464 (VIOLATED)
max_cap404/X                            0.350000    0.424267   -0.074267 (VIOLATED)
wire343/X                               0.350000    0.424222   -0.074222 (VIOLATED)
wire245/X                               0.350000    0.423887   -0.073887 (VIOLATED)
ANTENNA_2725/DIODE                      0.350000    0.423851   -0.073851 (VIOLATED)
_079_/D                                 0.350000    0.423849   -0.073849 (VIOLATED)
max_cap380/A                            0.350000    0.423627   -0.073627 (VIOLATED)
ANTENNA_667/DIODE                       0.350000    0.423621   -0.073621 (VIOLATED)
u_memory._328_/C                        0.350000    0.423612   -0.073612 (VIOLATED)
max_cap565/A                            0.350000    0.423601   -0.073601 (VIOLATED)
ANTENNA_664/DIODE                       0.350000    0.423595   -0.073595 (VIOLATED)
ANTENNA_665/DIODE                       0.350000    0.423594   -0.073594 (VIOLATED)
ANTENNA_666/DIODE                       0.350000    0.423590   -0.073590 (VIOLATED)
hold145/X                               0.350000    0.423435   -0.073435 (VIOLATED)
ANTENNA_162/DIODE                       0.350000    0.423261   -0.073261 (VIOLATED)
u_memory._357_/B1                       0.350000    0.423260   -0.073260 (VIOLATED)
input4/X                                0.350000    0.423166   -0.073166 (VIOLATED)
ANTENNA_160/DIODE                       0.350000    0.423041   -0.073041 (VIOLATED)
ANTENNA_161/DIODE                       0.350000    0.423040   -0.073040 (VIOLATED)
wire223/X                               0.350000    0.423034   -0.073034 (VIOLATED)
ANTENNA_163/DIODE                       0.350000    0.423033   -0.073033 (VIOLATED)
_077_/D                                 0.350000    0.422981   -0.072981 (VIOLATED)
ANTENNA_211/DIODE                       0.350000    0.422977   -0.072977 (VIOLATED)
output89/A                              0.350000    0.422960   -0.072960 (VIOLATED)
max_cap566/X                            0.350000    0.422890   -0.072890 (VIOLATED)
u_memory._271_/C                        0.350000    0.422860   -0.072860 (VIOLATED)
ANTENNA_957/DIODE                       0.350000    0.422855   -0.072855 (VIOLATED)
ANTENNA_955/DIODE                       0.350000    0.422855   -0.072855 (VIOLATED)
ANTENNA_956/DIODE                       0.350000    0.422853   -0.072853 (VIOLATED)
ANTENNA_958/DIODE                       0.350000    0.422850   -0.072850 (VIOLATED)
u_memory._408_/B1                       0.350000    0.422841   -0.072841 (VIOLATED)
u_memory._355_/X                        0.350000    0.422517   -0.072517 (VIOLATED)
_025_/Q                                 0.350000    0.422392   -0.072392 (VIOLATED)
ANTENNA_874/DIODE                       0.350000    0.422351   -0.072351 (VIOLATED)
ANTENNA_876/DIODE                       0.350000    0.422351   -0.072351 (VIOLATED)
ANTENNA_875/DIODE                       0.350000    0.422348   -0.072348 (VIOLATED)
u_memory._357_/A1                       0.350000    0.422337   -0.072337 (VIOLATED)
wire302/X                               0.350000    0.422306   -0.072306 (VIOLATED)
u_memory.g_read[0].g_bank[2].g_slice[0].u_sram/din[11]    0.350000    0.422258   -0.072258 (VIOLATED)
input2/X                                0.350000    0.422200   -0.072200 (VIOLATED)
u_memory.g_read[0].g_bank[0].g_slice[0].u_sram/wmask[3]    0.350000    0.422195   -0.072195 (VIOLATED)
u_memory.g_read[1].g_bank[2].g_slice[0].u_sram/din[23]    0.350000    0.421936   -0.071936 (VIOLATED)
wire283/X                               0.350000    0.421776   -0.071776 (VIOLATED)
ANTENNA_873/DIODE                       0.350000    0.421745   -0.071745 (VIOLATED)
ANTENNA_871/DIODE                       0.350000    0.421744   -0.071744 (VIOLATED)
u_memory._360_/A1                       0.350000    0.421743   -0.071743 (VIOLATED)
u_memory._333_/B1                       0.350000    0.421734   -0.071734 (VIOLATED)
ANTENNA_870/DIODE                       0.350000    0.421732   -0.071732 (VIOLATED)
ANTENNA_137/DIODE                       0.350000    0.421730   -0.071730 (VIOLATED)
ANTENNA_872/DIODE                       0.350000    0.421729   -0.071729 (VIOLATED)
ANTENNA_135/DIODE                       0.350000    0.421729   -0.071729 (VIOLATED)
ANTENNA_136/DIODE                       0.350000    0.421726   -0.071726 (VIOLATED)
u_memory._331_/X                        0.350000    0.421273   -0.071273 (VIOLATED)
wire282/X                               0.350000    0.421183   -0.071183 (VIOLATED)
max_cap420/A                            0.350000    0.420961   -0.070961 (VIOLATED)
u_memory._224_/A1                       0.350000    0.420904   -0.070904 (VIOLATED)
ANTENNA_1108/DIODE                      0.350000    0.420889   -0.070889 (VIOLATED)
ANTENNA_1106/DIODE                      0.350000    0.420888   -0.070888 (VIOLATED)
ANTENNA_1107/DIODE                      0.350000    0.420878   -0.070878 (VIOLATED)
ANTENNA_1109/DIODE                      0.350000    0.420875   -0.070875 (VIOLATED)
u_memory._300_/A1                       0.350000    0.420815   -0.070815 (VIOLATED)
u_memory._285_/B2                       0.350000    0.420761   -0.070761 (VIOLATED)
ANTENNA_110/DIODE                       0.350000    0.420752   -0.070752 (VIOLATED)
ANTENNA_108/DIODE                       0.350000    0.420751   -0.070751 (VIOLATED)
ANTENNA_109/DIODE                       0.350000    0.420748   -0.070748 (VIOLATED)
u_memory._255_/B1                       0.350000    0.420444   -0.070444 (VIOLATED)
ANTENNA_82/DIODE                        0.350000    0.420439   -0.070439 (VIOLATED)
ANTENNA_80/DIODE                        0.350000    0.420437   -0.070437 (VIOLATED)
ANTENNA_79/DIODE                        0.350000    0.420426   -0.070426 (VIOLATED)
ANTENNA_81/DIODE                        0.350000    0.420403   -0.070403 (VIOLATED)
wire341/X                               0.350000    0.420371   -0.070371 (VIOLATED)
u_memory._283_/X                        0.350000    0.420340   -0.070340 (VIOLATED)
wire421/X                               0.350000    0.420337   -0.070337 (VIOLATED)
wire345/X                               0.350000    0.420244   -0.070244 (VIOLATED)
u_memory._306_/A1                       0.350000    0.420235   -0.070235 (VIOLATED)
u_memory._224_/B1                       0.350000    0.420235   -0.070235 (VIOLATED)
ANTENNA_50/DIODE                        0.350000    0.420221   -0.070221 (VIOLATED)
ANTENNA_48/DIODE                        0.350000    0.420219   -0.070219 (VIOLATED)
ANTENNA_49/DIODE                        0.350000    0.420215   -0.070215 (VIOLATED)
hold171/X                               0.350000    0.420153   -0.070153 (VIOLATED)
ANTENNA_204/DIODE                       0.350000    0.420112   -0.070112 (VIOLATED)
u_memory.g_read[0].g_bank[2].g_slice[0].u_sram/din[2]    0.350000    0.419997   -0.069997 (VIOLATED)
u_memory._184_/A1                       0.350000    0.419909   -0.069909 (VIOLATED)
fanout169/X                             0.350000    0.419805   -0.069805 (VIOLATED)
u_memory._253_/X                        0.350000    0.419718   -0.069718 (VIOLATED)
output77/A                              0.350000    0.419499   -0.069499 (VIOLATED)
ANTENNA_235/DIODE                       0.350000    0.419498   -0.069498 (VIOLATED)
_014_/Q                                 0.350000    0.419456   -0.069456 (VIOLATED)
u_memory._222_/X                        0.350000    0.419455   -0.069455 (VIOLATED)
u_memory._406_/X                        0.350000    0.419237   -0.069237 (VIOLATED)
u_memory._366_/B1                       0.350000    0.419230   -0.069230 (VIOLATED)
ANTENNA_173/DIODE                       0.350000    0.419227   -0.069227 (VIOLATED)
ANTENNA_171/DIODE                       0.350000    0.419225   -0.069225 (VIOLATED)
ANTENNA_172/DIODE                       0.350000    0.419222   -0.069222 (VIOLATED)
ANTENNA_174/DIODE                       0.350000    0.419220   -0.069220 (VIOLATED)
max_cap614/A                            0.350000    0.419140   -0.069140 (VIOLATED)
u_memory._381_/A1                       0.350000    0.419112   -0.069112 (VIOLATED)
ANTENNA_847/DIODE                       0.350000    0.419107   -0.069107 (VIOLATED)
ANTENNA_845/DIODE                       0.350000    0.419104   -0.069104 (VIOLATED)
ANTENNA_843/DIODE                       0.350000    0.419102   -0.069102 (VIOLATED)
ANTENNA_842/DIODE                       0.350000    0.419095   -0.069095 (VIOLATED)
ANTENNA_844/DIODE                       0.350000    0.419090   -0.069090 (VIOLATED)
max_cap140/A                            0.350000    0.419089   -0.069089 (VIOLATED)
ANTENNA_846/DIODE                       0.350000    0.419083   -0.069083 (VIOLATED)
u_memory._364_/X                        0.350000    0.418838   -0.068838 (VIOLATED)
u_memory._229_/A2                       0.350000    0.418828   -0.068828 (VIOLATED)
ANTENNA_1010/DIODE                      0.350000    0.418814   -0.068814 (VIOLATED)
ANTENNA_1012/DIODE                      0.350000    0.418812   -0.068812 (VIOLATED)
ANTENNA_1011/DIODE                      0.350000    0.418805   -0.068805 (VIOLATED)
ANTENNA_1013/DIODE                      0.350000    0.418801   -0.068801 (VIOLATED)
hold178/X                               0.350000    0.418768   -0.068768 (VIOLATED)
u_memory.g_read[0].g_bank[1].g_slice[0].u_sram/wmask[3]    0.350000    0.418617   -0.068617 (VIOLATED)
u_memory._345_/B1                       0.350000    0.418560   -0.068560 (VIOLATED)
ANTENNA_148/DIODE                       0.350000    0.418550   -0.068550 (VIOLATED)
ANTENNA_147/DIODE                       0.350000    0.418549   -0.068549 (VIOLATED)
ANTENNA_149/DIODE                       0.350000    0.418545   -0.068545 (VIOLATED)
max_cap615/X                            0.350000    0.418363   -0.068363 (VIOLATED)
u_memory._343_/X                        0.350000    0.418137   -0.068137 (VIOLATED)
wire316/X                               0.350000    0.418066   -0.068066 (VIOLATED)
u_memory._405_/B1                       0.350000    0.417692   -0.067692 (VIOLATED)
_034_/D                                 0.350000    0.417486   -0.067486 (VIOLATED)
u_memory._330_/X                        0.350000    0.417454   -0.067454 (VIOLATED)
u_memory._340_/C                        0.350000    0.417395   -0.067395 (VIOLATED)
ANTENNA_618/DIODE                       0.350000    0.417392   -0.067392 (VIOLATED)
ANTENNA_616/DIODE                       0.350000    0.417390   -0.067390 (VIOLATED)
ANTENNA_615/DIODE                       0.350000    0.417375   -0.067375 (VIOLATED)
u_memory._403_/X                        0.350000    0.417367   -0.067367 (VIOLATED)
ANTENNA_617/DIODE                       0.350000    0.417362   -0.067362 (VIOLATED)
_019_/D                                 0.350000    0.417332   -0.067332 (VIOLATED)
u_memory._369_/A1                       0.350000    0.417285   -0.067285 (VIOLATED)
ANTENNA_861/DIODE                       0.350000    0.417284   -0.067284 (VIOLATED)
ANTENNA_859/DIODE                       0.350000    0.417283   -0.067283 (VIOLATED)
ANTENNA_860/DIODE                       0.350000    0.417274   -0.067274 (VIOLATED)
ANTENNA_862/DIODE                       0.350000    0.417272   -0.067272 (VIOLATED)
wire212/X                               0.350000    0.416807   -0.066807 (VIOLATED)
wire279/X                               0.350000    0.416763   -0.066763 (VIOLATED)
ANTENNA_1756/DIODE                      0.350000    0.416526   -0.066526 (VIOLATED)
ANTENNA_1757/DIODE                      0.350000    0.416526   -0.066526 (VIOLATED)
ANTENNA_1748/DIODE                      0.350000    0.416488   -0.066488 (VIOLATED)
ANTENNA_1750/DIODE                      0.350000    0.416486   -0.066486 (VIOLATED)
ANTENNA_1752/DIODE                      0.350000    0.416483   -0.066483 (VIOLATED)
max_cap558/A                            0.350000    0.416443   -0.066443 (VIOLATED)
u_memory.g_read[1].g_bank[2].g_slice[0].u_sram/din[19]    0.350000    0.416418   -0.066418 (VIOLATED)
ANTENNA_1747/DIODE                      0.350000    0.416412   -0.066412 (VIOLATED)
ANTENNA_1749/DIODE                      0.350000    0.416409   -0.066409 (VIOLATED)
ANTENNA_1751/DIODE                      0.350000    0.416406   -0.066406 (VIOLATED)
ANTENNA_1753/DIODE                      0.350000    0.416403   -0.066403 (VIOLATED)
ANTENNA_1755/DIODE                      0.350000    0.416402   -0.066402 (VIOLATED)
ANTENNA_1754/DIODE                      0.350000    0.416402   -0.066402 (VIOLATED)
ANTENNA_18/DIODE                        0.350000    0.416006   -0.066006 (VIOLATED)
_027_/D                                 0.350000    0.416004   -0.066004 (VIOLATED)
wire275/X                               0.350000    0.415989   -0.065989 (VIOLATED)
ANTENNA_746/DIODE                       0.350000    0.415956   -0.065956 (VIOLATED)
u_memory._365_/A2                       0.350000    0.415952   -0.065952 (VIOLATED)
ANTENNA_744/DIODE                       0.350000    0.415951   -0.065951 (VIOLATED)
ANTENNA_745/DIODE                       0.350000    0.415928   -0.065928 (VIOLATED)
u_memory.g_read[1].g_bank[2].g_slice[0].u_sram/din[4]    0.350000    0.415908   -0.065908 (VIOLATED)
wire387/A                               0.350000    0.415686   -0.065686 (VIOLATED)
max_cap559/X                            0.350000    0.415662   -0.065662 (VIOLATED)
max_cap478/X                            0.350000    0.415655   -0.065655 (VIOLATED)
max_cap390/A                            0.350000    0.415526   -0.065526 (VIOLATED)
max_cap389/A                            0.350000    0.415524   -0.065524 (VIOLATED)
u_memory._283_/C                        0.350000    0.415480   -0.065480 (VIOLATED)
ANTENNA_942/DIODE                       0.350000    0.415476   -0.065476 (VIOLATED)
ANTENNA_940/DIODE                       0.350000    0.415476   -0.065476 (VIOLATED)
ANTENNA_941/DIODE                       0.350000    0.415472   -0.065472 (VIOLATED)
ANTENNA_943/DIODE                       0.350000    0.415470   -0.065470 (VIOLATED)
u_memory.g_read[0].g_bank[2].g_slice[0].u_sram/din[19]    0.350000    0.415451   -0.065451 (VIOLATED)
u_memory._355_/C                        0.350000    0.415354   -0.065354 (VIOLATED)
ANTENNA_696/DIODE                       0.350000    0.415351   -0.065351 (VIOLATED)
ANTENNA_694/DIODE                       0.350000    0.415349   -0.065349 (VIOLATED)
ANTENNA_695/DIODE                       0.350000    0.415342   -0.065342 (VIOLATED)
ANTENNA_697/DIODE                       0.350000    0.415342   -0.065342 (VIOLATED)
u_memory._288_/X                        0.350000    0.415297   -0.065297 (VIOLATED)
wire248/X                               0.350000    0.415276   -0.065276 (VIOLATED)
hold112/X                               0.350000    0.415188   -0.065188 (VIOLATED)
u_memory.g_read[0].g_bank[2].g_slice[0].u_sram/din[30]    0.350000    0.414925   -0.064925 (VIOLATED)
wire298/X                               0.350000    0.414802   -0.064802 (VIOLATED)
wire148/X                               0.350000    0.414746   -0.064746 (VIOLATED)
u_memory._184_/B1                       0.350000    0.414629   -0.064629 (VIOLATED)
wire232/X                               0.350000    0.414611   -0.064611 (VIOLATED)
max_cap143/A                            0.350000    0.414563   -0.064563 (VIOLATED)
u_memory._341_/A2                       0.350000    0.414549   -0.064549 (VIOLATED)
ANTENNA_718/DIODE                       0.350000    0.414543   -0.064543 (VIOLATED)
ANTENNA_716/DIODE                       0.350000    0.414542   -0.064542 (VIOLATED)
ANTENNA_717/DIODE                       0.350000    0.414539   -0.064539 (VIOLATED)
ANTENNA_719/DIODE                       0.350000    0.414537   -0.064537 (VIOLATED)
u_memory._193_/X                        0.350000    0.414479   -0.064479 (VIOLATED)
hold164/X                               0.350000    0.414245   -0.064245 (VIOLATED)
u_memory.g_read[0].g_bank[1].g_slice[0].u_sram/din[3]    0.350000    0.414210   -0.064210 (VIOLATED)
u_memory.g_read[0].g_bank[1].g_slice[0].u_sram/din[22]    0.350000    0.414025   -0.064025 (VIOLATED)
wire238/X                               0.350000    0.414007   -0.064007 (VIOLATED)
max_cap164/X                            0.350000    0.413929   -0.063929 (VIOLATED)
ANTENNA_217/DIODE                       0.350000    0.413871   -0.063871 (VIOLATED)
_076_/D                                 0.350000    0.413868   -0.063868 (VIOLATED)
u_memory._261_/A1                       0.350000    0.413651   -0.063651 (VIOLATED)
u_memory.g_read[1].g_bank[1].g_slice[0].u_sram/din[19]    0.350000    0.413643   -0.063643 (VIOLATED)
ANTENNA_1171/DIODE                      0.350000    0.413637   -0.063637 (VIOLATED)
ANTENNA_1169/DIODE                      0.350000    0.413636   -0.063636 (VIOLATED)
ANTENNA_1168/DIODE                      0.350000    0.413623   -0.063623 (VIOLATED)
ANTENNA_1170/DIODE                      0.350000    0.413620   -0.063620 (VIOLATED)
output82/A                              0.350000    0.413454   -0.063454 (VIOLATED)
u_memory._264_/X                        0.350000    0.413410   -0.063410 (VIOLATED)
u_memory.g_read[1].g_bank[2].g_slice[0].u_sram/din[11]    0.350000    0.413376   -0.063376 (VIOLATED)
u_memory._214_/B1                       0.350000    0.413337   -0.063337 (VIOLATED)
u_memory._226_/B1                       0.350000    0.413282   -0.063282 (VIOLATED)
max_cap621/A                            0.350000    0.413245   -0.063245 (VIOLATED)
input22/X                               0.350000    0.413170   -0.063170 (VIOLATED)
u_memory._239_/B1                       0.350000    0.413135   -0.063135 (VIOLATED)
ANTENNA_1600/DIODE                      0.350000    0.413126   -0.063126 (VIOLATED)
ANTENNA_1599/DIODE                      0.350000    0.413125   -0.063125 (VIOLATED)
ANTENNA_1598/DIODE                      0.350000    0.413125   -0.063125 (VIOLATED)
ANTENNA_1601/DIODE                      0.350000    0.413125   -0.063125 (VIOLATED)
ANTENNA_1597/DIODE                      0.350000    0.413125   -0.063125 (VIOLATED)
ANTENNA_1596/DIODE                      0.350000    0.413125   -0.063125 (VIOLATED)
ANTENNA_1593/DIODE                      0.350000    0.413121   -0.063121 (VIOLATED)
ANTENNA_1603/DIODE                      0.350000    0.413121   -0.063121 (VIOLATED)
ANTENNA_1602/DIODE                      0.350000    0.413121   -0.063121 (VIOLATED)
ANTENNA_1595/DIODE                      0.350000    0.413116   -0.063116 (VIOLATED)
ANTENNA_1594/DIODE                      0.350000    0.413116   -0.063116 (VIOLATED)
wire360/X                               0.350000    0.413074   -0.063074 (VIOLATED)
u_memory._251_/B1                       0.350000    0.412970   -0.062970 (VIOLATED)
u_memory._304_/A1                       0.350000    0.412885   -0.062885 (VIOLATED)
u_memory._313_/A0                       0.350000    0.412868   -0.062868 (VIOLATED)
u_memory.g_read[0].g_bank[2].g_slice[0].u_sram/din[23]    0.350000    0.412839   -0.062839 (VIOLATED)
_099_/D                                 0.350000    0.412814   -0.062814 (VIOLATED)
ANTENNA_218/DIODE                       0.350000    0.412813   -0.062813 (VIOLATED)
input27/X                               0.350000    0.412790   -0.062790 (VIOLATED)
hold199/X                               0.350000    0.412789   -0.062789 (VIOLATED)
output74/A                              0.350000    0.412724   -0.062724 (VIOLATED)
_011_/Q                                 0.350000    0.412674   -0.062674 (VIOLATED)
max_cap622/X                            0.350000    0.412551   -0.062551 (VIOLATED)
ANTENNA_961/DIODE                       0.350000    0.412501   -0.062501 (VIOLATED)
u_memory._268_/C                        0.350000    0.412498   -0.062498 (VIOLATED)
ANTENNA_959/DIODE                       0.350000    0.412497   -0.062497 (VIOLATED)
ANTENNA_960/DIODE                       0.350000    0.412491   -0.062491 (VIOLATED)
ANTENNA_962/DIODE                       0.350000    0.412489   -0.062489 (VIOLATED)
ANTENNA_2674/DIODE                      0.350000    0.412422   -0.062422 (VIOLATED)
ANTENNA_2673/DIODE                      0.350000    0.412422   -0.062422 (VIOLATED)
ANTENNA_2670/DIODE                      0.350000    0.412421   -0.062421 (VIOLATED)
ANTENNA_2667/DIODE                      0.350000    0.412421   -0.062421 (VIOLATED)
ANTENNA_2664/DIODE                      0.350000    0.412420   -0.062420 (VIOLATED)
ANTENNA_2672/DIODE                      0.350000    0.412403   -0.062403 (VIOLATED)
ANTENNA_2669/DIODE                      0.350000    0.412403   -0.062403 (VIOLATED)
ANTENNA_2666/DIODE                      0.350000    0.412402   -0.062402 (VIOLATED)
ANTENNA_2665/DIODE                      0.350000    0.412401   -0.062401 (VIOLATED)
ANTENNA_2671/DIODE                      0.350000    0.412382   -0.062382 (VIOLATED)
ANTENNA_2668/DIODE                      0.350000    0.412382   -0.062382 (VIOLATED)
max_cap454/X                            0.350000    0.412378   -0.062378 (VIOLATED)
u_memory.g_read[1].g_bank[2].g_slice[0].u_sram/din[15]    0.350000    0.412343   -0.062343 (VIOLATED)
u_memory.g_read[1].g_bank[2].g_slice[0].u_sram/din[20]    0.350000    0.412047   -0.062047 (VIOLATED)
wire303/X                               0.350000    0.411975   -0.061975 (VIOLATED)
max_cap623/X                            0.350000    0.411722   -0.061722 (VIOLATED)
u_memory._237_/A1                       0.350000    0.411214   -0.061214 (VIOLATED)
ANTENNA_1090/DIODE                      0.350000    0.411189   -0.061189 (VIOLATED)
ANTENNA_1093/DIODE                      0.350000    0.411179   -0.061179 (VIOLATED)
ANTENNA_1091/DIODE                      0.350000    0.411178   -0.061178 (VIOLATED)
ANTENNA_1092/DIODE                      0.350000    0.411164   -0.061164 (VIOLATED)
u_memory.g_read[1].g_bank[2].g_slice[0].u_sram/din[22]    0.350000    0.411163   -0.061163 (VIOLATED)
_081_/D                                 0.350000    0.411135   -0.061135 (VIOLATED)
wire644/X                               0.350000    0.411078   -0.061078 (VIOLATED)
max_cap438/A                            0.350000    0.410715   -0.060715 (VIOLATED)
wire337/X                               0.350000    0.410608   -0.060608 (VIOLATED)
wire439/X                               0.350000    0.410132   -0.060132 (VIOLATED)
ANTENNA_2315/DIODE                      0.350000    0.409986   -0.059986 (VIOLATED)
ANTENNA_2318/DIODE                      0.350000    0.409954   -0.059954 (VIOLATED)
ANTENNA_2316/DIODE                      0.350000    0.409954   -0.059954 (VIOLATED)
ANTENNA_2313/DIODE                      0.350000    0.409953   -0.059953 (VIOLATED)
ANTENNA_2312/DIODE                      0.350000    0.409953   -0.059953 (VIOLATED)
ANTENNA_2310/DIODE                      0.350000    0.409949   -0.059949 (VIOLATED)
ANTENNA_2311/DIODE                      0.350000    0.409946   -0.059946 (VIOLATED)
ANTENNA_2320/DIODE                      0.350000    0.409906   -0.059906 (VIOLATED)
ANTENNA_2314/DIODE                      0.350000    0.409906   -0.059906 (VIOLATED)
ANTENNA_2319/DIODE                      0.350000    0.409906   -0.059906 (VIOLATED)
ANTENNA_2317/DIODE                      0.350000    0.409906   -0.059906 (VIOLATED)
u_memory._299_/B1                       0.350000    0.409817   -0.059817 (VIOLATED)
u_memory._314_/A0                       0.350000    0.409740   -0.059740 (VIOLATED)
u_memory._287_/B1                       0.350000    0.409734   -0.059734 (VIOLATED)
u_memory._275_/B1                       0.350000    0.409691   -0.059691 (VIOLATED)
u_memory._204_/A_N                      0.350000    0.409675   -0.059675 (VIOLATED)
ANTENNA_183/DIODE                       0.350000    0.409635   -0.059635 (VIOLATED)
u_memory._375_/B1                       0.350000    0.409632   -0.059632 (VIOLATED)
ANTENNA_181/DIODE                       0.350000    0.409631   -0.059631 (VIOLATED)
ANTENNA_182/DIODE                       0.350000    0.409614   -0.059614 (VIOLATED)
u_memory._172_/A                        0.350000    0.409579   -0.059579 (VIOLATED)
wire188/X                               0.350000    0.409494   -0.059494 (VIOLATED)
u_memory._203_/B                        0.350000    0.409389   -0.059389 (VIOLATED)
u_memory.g_read[1].g_bank[2].g_slice[0].u_sram/din[31]    0.350000    0.409357   -0.059357 (VIOLATED)
max_cap567/X                            0.350000    0.409268   -0.059268 (VIOLATED)
u_memory._373_/X                        0.350000    0.409169   -0.059169 (VIOLATED)
u_memory._207_/A                        0.350000    0.409075   -0.059075 (VIOLATED)
_019_/Q                                 0.350000    0.409033   -0.059033 (VIOLATED)
u_memory._300_/B1                       0.350000    0.408978   -0.058978 (VIOLATED)
u_memory._206_/A                        0.350000    0.408877   -0.058877 (VIOLATED)
max_cap424/A                            0.350000    0.408661   -0.058661 (VIOLATED)
u_memory._346_/C                        0.350000    0.408479   -0.058479 (VIOLATED)
ANTENNA_610/DIODE                       0.350000    0.408476   -0.058476 (VIOLATED)
ANTENNA_608/DIODE                       0.350000    0.408475   -0.058475 (VIOLATED)
ANTENNA_607/DIODE                       0.350000    0.408474   -0.058474 (VIOLATED)
ANTENNA_609/DIODE                       0.350000    0.408469   -0.058469 (VIOLATED)
u_memory._299_/X                        0.350000    0.408345   -0.058345 (VIOLATED)
_084_/D                                 0.350000    0.408210   -0.058210 (VIOLATED)
u_memory._235_/A                        0.350000    0.408205   -0.058205 (VIOLATED)
wire210/X                               0.350000    0.407970   -0.057970 (VIOLATED)
u_memory.g_read[1].g_bank[2].g_slice[0].u_sram/din[16]    0.350000    0.407958   -0.057958 (VIOLATED)
u_memory._262_/A                        0.350000    0.407928   -0.057928 (VIOLATED)
input9/X                                0.350000    0.407565   -0.057565 (VIOLATED)
u_memory.g_read[0].g_bank[2].g_slice[0].u_sram/din[15]    0.350000    0.407470   -0.057470 (VIOLATED)
max_cap593/A                            0.350000    0.407467   -0.057467 (VIOLATED)
u_memory.g_read[1].g_bank[2].g_slice[0].u_sram/din[10]    0.350000    0.407284   -0.057284 (VIOLATED)
ANTENNA_1073/DIODE                      0.350000    0.407157   -0.057157 (VIOLATED)
ANTENNA_1075/DIODE                      0.350000    0.407157   -0.057157 (VIOLATED)
u_memory._245_/A1                       0.350000    0.407152   -0.057152 (VIOLATED)
ANTENNA_1074/DIODE                      0.350000    0.407144   -0.057144 (VIOLATED)
u_memory._361_/C                        0.350000    0.407083   -0.057083 (VIOLATED)
ANTENNA_690/DIODE                       0.350000    0.407078   -0.057078 (VIOLATED)
ANTENNA_688/DIODE                       0.350000    0.407076   -0.057076 (VIOLATED)
ANTENNA_689/DIODE                       0.350000    0.407073   -0.057073 (VIOLATED)
fanout377/A                             0.350000    0.406950   -0.056950 (VIOLATED)
ANTENNA_1202/DIODE                      0.350000    0.406942   -0.056942 (VIOLATED)
ANTENNA_213/DIODE                       0.350000    0.406760   -0.056760 (VIOLATED)
_086_/D                                 0.350000    0.406759   -0.056759 (VIOLATED)
max_cap594/X                            0.350000    0.406707   -0.056707 (VIOLATED)
wire333/X                               0.350000    0.406600   -0.056600 (VIOLATED)
u_memory._305_/A1                       0.350000    0.406559   -0.056559 (VIOLATED)
u_memory._274_/C                        0.350000    0.406473   -0.056473 (VIOLATED)
ANTENNA_951/DIODE                       0.350000    0.406471   -0.056470 (VIOLATED)
ANTENNA_954/DIODE                       0.350000    0.406469   -0.056469 (VIOLATED)
ANTENNA_952/DIODE                       0.350000    0.406469   -0.056469 (VIOLATED)
ANTENNA_953/DIODE                       0.350000    0.406454   -0.056454 (VIOLATED)
wire230/X                               0.350000    0.406397   -0.056397 (VIOLATED)
hold173/X                               0.350000    0.406379   -0.056379 (VIOLATED)
u_memory._330_/A1                       0.350000    0.406364   -0.056364 (VIOLATED)
ANTENNA_837/DIODE                       0.350000    0.406354   -0.056354 (VIOLATED)
ANTENNA_836/DIODE                       0.350000    0.406354   -0.056354 (VIOLATED)
ANTENNA_835/DIODE                       0.350000    0.406354   -0.056354 (VIOLATED)
input11/X                               0.350000    0.406352   -0.056352 (VIOLATED)
u_memory._419_/B2                       0.350000    0.406062   -0.056062 (VIOLATED)
u_memory._393_/A1                       0.350000    0.405895   -0.055895 (VIOLATED)
wire273/X                               0.350000    0.405876   -0.055876 (VIOLATED)
fanout174/A                             0.350000    0.405819   -0.055819 (VIOLATED)
wire301/X                               0.350000    0.405701   -0.055701 (VIOLATED)
u_memory._414_/B1                       0.350000    0.405514   -0.055514 (VIOLATED)
u_memory.g_read[0].g_bank[2].g_slice[0].u_sram/addr[3]    0.350000    0.405323   -0.055323 (VIOLATED)
u_memory.g_read[0].g_bank[2].g_slice[0].u_sram/din[8]    0.350000    0.405234   -0.055234 (VIOLATED)
u_memory.g_read[0].g_bank[3].g_slice[0].u_sram/addr[3]    0.350000    0.405175   -0.055175 (VIOLATED)
ANTENNA_1802/DIODE                      0.350000    0.405100   -0.055100 (VIOLATED)
ANTENNA_1811/DIODE                      0.350000    0.405100   -0.055100 (VIOLATED)
ANTENNA_1807/DIODE                      0.350000    0.405100   -0.055100 (VIOLATED)
ANTENNA_1809/DIODE                      0.350000    0.405100   -0.055100 (VIOLATED)
ANTENNA_1808/DIODE                      0.350000    0.405099   -0.055099 (VIOLATED)
ANTENNA_1812/DIODE                      0.350000    0.405082   -0.055082 (VIOLATED)
ANTENNA_1810/DIODE                      0.350000    0.405082   -0.055082 (VIOLATED)
ANTENNA_1806/DIODE                      0.350000    0.405082   -0.055082 (VIOLATED)
ANTENNA_1805/DIODE                      0.350000    0.405082   -0.055082 (VIOLATED)
ANTENNA_1804/DIODE                      0.350000    0.405081   -0.055081 (VIOLATED)
ANTENNA_1803/DIODE                      0.350000    0.405080   -0.055080 (VIOLATED)
u_memory._244_/C                        0.350000    0.404881   -0.054881 (VIOLATED)
ANTENNA_994/DIODE                       0.350000    0.404875   -0.054875 (VIOLATED)
ANTENNA_992/DIODE                       0.350000    0.404874   -0.054874 (VIOLATED)
ANTENNA_991/DIODE                       0.350000    0.404873   -0.054873 (VIOLATED)
ANTENNA_993/DIODE                       0.350000    0.404867   -0.054867 (VIOLATED)
wire425/X                               0.350000    0.404672   -0.054672 (VIOLATED)
wire171/X                               0.350000    0.404622   -0.054622 (VIOLATED)
u_memory._327_/B1                       0.350000    0.404502   -0.054502 (VIOLATED)
ANTENNA_131/DIODE                       0.350000    0.404499   -0.054499 (VIOLATED)
ANTENNA_129/DIODE                       0.350000    0.404498   -0.054498 (VIOLATED)
ANTENNA_130/DIODE                       0.350000    0.404495   -0.054495 (VIOLATED)
max_cap487/X                            0.350000    0.404287   -0.054287 (VIOLATED)
wire311/X                               0.350000    0.404199   -0.054199 (VIOLATED)
u_memory._256_/C                        0.350000    0.404181   -0.054181 (VIOLATED)
ANTENNA_977/DIODE                       0.350000    0.404176   -0.054176 (VIOLATED)
ANTENNA_975/DIODE                       0.350000    0.404174   -0.054174 (VIOLATED)
ANTENNA_976/DIODE                       0.350000    0.404171   -0.054171 (VIOLATED)
ANTENNA_978/DIODE                       0.350000    0.404168   -0.054168 (VIOLATED)
u_memory._324_/X                        0.350000    0.404126   -0.054126 (VIOLATED)
u_memory._325_/X                        0.350000    0.404060   -0.054060 (VIOLATED)
u_memory._422_/A1                       0.350000    0.403974   -0.053974 (VIOLATED)
fanout378/X                             0.350000    0.403892   -0.053892 (VIOLATED)
u_memory._265_/C                        0.350000    0.403818   -0.053818 (VIOLATED)
ANTENNA_969/DIODE                       0.350000    0.403813   -0.053813 (VIOLATED)
ANTENNA_967/DIODE                       0.350000    0.403812   -0.053812 (VIOLATED)
ANTENNA_968/DIODE                       0.350000    0.403809   -0.053809 (VIOLATED)
ANTENNA_970/DIODE                       0.350000    0.403807   -0.053807 (VIOLATED)
u_memory._294_/A1                       0.350000    0.403570   -0.053570 (VIOLATED)
ANTENNA_1131/DIODE                      0.350000    0.403568   -0.053568 (VIOLATED)
ANTENNA_1129/DIODE                      0.350000    0.403563   -0.053563 (VIOLATED)
ANTENNA_1130/DIODE                      0.350000    0.403539   -0.053539 (VIOLATED)
ANTENNA_1132/DIODE                      0.350000    0.403538   -0.053538 (VIOLATED)
wire307/X                               0.350000    0.403537   -0.053537 (VIOLATED)
u_memory._343_/C                        0.350000    0.403402   -0.053402 (VIOLATED)
ANTENNA_613/DIODE                       0.350000    0.403398   -0.053398 (VIOLATED)
ANTENNA_611/DIODE                       0.350000    0.403396   -0.053396 (VIOLATED)
ANTENNA_612/DIODE                       0.350000    0.403393   -0.053393 (VIOLATED)
ANTENNA_614/DIODE                       0.350000    0.403391   -0.053391 (VIOLATED)
u_memory._353_/A2                       0.350000    0.403309   -0.053309 (VIOLATED)
ANTENNA_702/DIODE                       0.350000    0.403295   -0.053295 (VIOLATED)
ANTENNA_704/DIODE                       0.350000    0.403292   -0.053292 (VIOLATED)
ANTENNA_703/DIODE                       0.350000    0.403287   -0.053287 (VIOLATED)
wire305/X                               0.350000    0.403175   -0.053175 (VIOLATED)
u_memory.g_read[0].g_bank[2].g_slice[0].u_sram/addr[4]    0.350000    0.403041   -0.053041 (VIOLATED)
u_memory.g_read[1].g_bank[2].g_slice[0].u_sram/din[28]    0.350000    0.402979   -0.052979 (VIOLATED)
wire348/X                               0.350000    0.402932   -0.052932 (VIOLATED)
u_memory.g_read[0].g_bank[3].g_slice[0].u_sram/addr[4]    0.350000    0.402892   -0.052892 (VIOLATED)
wire211/X                               0.350000    0.402746   -0.052746 (VIOLATED)
wire234/X                               0.350000    0.402685   -0.052685 (VIOLATED)
u_memory._367_/C                        0.350000    0.402461   -0.052461 (VIOLATED)
ANTENNA_683/DIODE                       0.350000    0.402456   -0.052456 (VIOLATED)
ANTENNA_681/DIODE                       0.350000    0.402455   -0.052455 (VIOLATED)
ANTENNA_682/DIODE                       0.350000    0.402452   -0.052452 (VIOLATED)
ANTENNA_684/DIODE                       0.350000    0.402450   -0.052450 (VIOLATED)
u_memory._400_/C                        0.350000    0.402327   -0.052327 (VIOLATED)
ANTENNA_648/DIODE                       0.350000    0.402324   -0.052324 (VIOLATED)
ANTENNA_646/DIODE                       0.350000    0.402323   -0.052323 (VIOLATED)
ANTENNA_647/DIODE                       0.350000    0.402317   -0.052317 (VIOLATED)
max_cap139/A                            0.350000    0.402293   -0.052293 (VIOLATED)
u_memory._225_/C                        0.350000    0.402199   -0.052199 (VIOLATED)
ANTENNA_890/DIODE                       0.350000    0.402195   -0.052195 (VIOLATED)
ANTENNA_888/DIODE                       0.350000    0.402193   -0.052193 (VIOLATED)
ANTENNA_889/DIODE                       0.350000    0.402189   -0.052189 (VIOLATED)
ANTENNA_891/DIODE                       0.350000    0.402187   -0.052187 (VIOLATED)
_035_/D                                 0.350000    0.402039   -0.052039 (VIOLATED)
u_memory._333_/X                        0.350000    0.402008   -0.052008 (VIOLATED)
hold160/X                               0.350000    0.401970   -0.051970 (VIOLATED)
u_memory._217_/A2                       0.350000    0.401964   -0.051964 (VIOLATED)
ANTENNA_1031/DIODE                      0.350000    0.401959   -0.051959 (VIOLATED)
ANTENNA_1029/DIODE                      0.350000    0.401958   -0.051958 (VIOLATED)
ANTENNA_1027/DIODE                      0.350000    0.401957   -0.051957 (VIOLATED)
ANTENNA_1028/DIODE                      0.350000    0.401955   -0.051955 (VIOLATED)
ANTENNA_1030/DIODE                      0.350000    0.401952   -0.051952 (VIOLATED)
wire228/X                               0.350000    0.401821   -0.051821 (VIOLATED)
max_cap508/A                            0.350000    0.401714   -0.051714 (VIOLATED)
wire218/X                               0.350000    0.401661   -0.051661 (VIOLATED)
wire287/X                               0.350000    0.401529   -0.051529 (VIOLATED)
wire320/X                               0.350000    0.401445   -0.051445 (VIOLATED)
u_memory._369_/B1                       0.350000    0.401382   -0.051382 (VIOLATED)
ANTENNA_177/DIODE                       0.350000    0.401379   -0.051379 (VIOLATED)
ANTENNA_175/DIODE                       0.350000    0.401377   -0.051377 (VIOLATED)
ANTENNA_176/DIODE                       0.350000    0.401375   -0.051375 (VIOLATED)
output92/A                              0.350000    0.401127   -0.051127 (VIOLATED)
u_memory.g_read[1].g_bank[1].g_slice[0].u_sram/din[2]    0.350000    0.401114   -0.051114 (VIOLATED)
max_cap509/X                            0.350000    0.401031   -0.051031 (VIOLATED)
u_memory._338_/A2                       0.350000    0.400977   -0.050977 (VIOLATED)
ANTENNA_720/DIODE                       0.350000    0.400965   -0.050965 (VIOLATED)
u_memory._367_/X                        0.350000    0.400964   -0.050964 (VIOLATED)
ANTENNA_722/DIODE                       0.350000    0.400962   -0.050962 (VIOLATED)
ANTENNA_721/DIODE                       0.350000    0.400958   -0.050958 (VIOLATED)
ANTENNA_723/DIODE                       0.350000    0.400956   -0.050956 (VIOLATED)
u_memory.g_read[0].g_bank[2].g_slice[0].u_sram/din[22]    0.350000    0.400879   -0.050879 (VIOLATED)
ANTENNA_228/DIODE                       0.350000    0.400812   -0.050812 (VIOLATED)
_119_/D                                 0.350000    0.400812   -0.050812 (VIOLATED)
input47/X                               0.350000    0.400787   -0.050787 (VIOLATED)
u_memory._314_/A1                       0.350000    0.400737   -0.050737 (VIOLATED)
_028_/Q                                 0.350000    0.400706   -0.050706 (VIOLATED)
hold189/X                               0.350000    0.400702   -0.050702 (VIOLATED)
ANTENNA_2721/DIODE                      0.350000    0.400521   -0.050521 (VIOLATED)
_032_/D                                 0.350000    0.400519   -0.050519 (VIOLATED)
wire239/X                               0.350000    0.400482   -0.050482 (VIOLATED)
ANTENNA_903/DIODE                       0.350000    0.400058   -0.050058 (VIOLATED)
ANTENNA_901/DIODE                       0.350000    0.400055   -0.050055 (VIOLATED)
u_memory._216_/C                        0.350000    0.400055   -0.050054 (VIOLATED)
ANTENNA_900/DIODE                       0.350000    0.400037   -0.050037 (VIOLATED)
ANTENNA_902/DIODE                       0.350000    0.400025   -0.050025 (VIOLATED)
u_memory._303_/X                        0.350000    0.399868   -0.049868 (VIOLATED)
u_memory._192_/A1                       0.350000    0.399580   -0.049580 (VIOLATED)
wire290/X                               0.350000    0.399555   -0.049555 (VIOLATED)
_029_/D                                 0.350000    0.399510   -0.049510 (VIOLATED)
ANTENNA_19/DIODE                        0.350000    0.399510   -0.049510 (VIOLATED)
u_memory._228_/C                        0.350000    0.399503   -0.049503 (VIOLATED)
ANTENNA_886/DIODE                       0.350000    0.399498   -0.049498 (VIOLATED)
ANTENNA_884/DIODE                       0.350000    0.399497   -0.049497 (VIOLATED)
ANTENNA_885/DIODE                       0.350000    0.399493   -0.049493 (VIOLATED)
ANTENNA_887/DIODE                       0.350000    0.399491   -0.049491 (VIOLATED)
u_memory._294_/X                        0.350000    0.399456   -0.049456 (VIOLATED)
u_memory._188_/A_N                      0.350000    0.399384   -0.049384 (VIOLATED)
ANTENNA_2587/DIODE                      0.350000    0.399267   -0.049267 (VIOLATED)
ANTENNA_1549/DIODE                      0.350000    0.399261   -0.049261 (VIOLATED)
ANTENNA_1548/DIODE                      0.350000    0.399261   -0.049261 (VIOLATED)
ANTENNA_1555/DIODE                      0.350000    0.399255   -0.049255 (VIOLATED)
wire270/X                               0.350000    0.399249   -0.049249 (VIOLATED)
ANTENNA_2596/DIODE                      0.350000    0.399236   -0.049236 (VIOLATED)
ANTENNA_2594/DIODE                      0.350000    0.399235   -0.049235 (VIOLATED)
ANTENNA_2592/DIODE                      0.350000    0.399235   -0.049235 (VIOLATED)
ANTENNA_2590/DIODE                      0.350000    0.399235   -0.049235 (VIOLATED)
ANTENNA_2589/DIODE                      0.350000    0.399233   -0.049233 (VIOLATED)
ANTENNA_2588/DIODE                      0.350000    0.399231   -0.049231 (VIOLATED)
ANTENNA_1557/DIODE                      0.350000    0.399223   -0.049223 (VIOLATED)
ANTENNA_1554/DIODE                      0.350000    0.399221   -0.049221 (VIOLATED)
ANTENNA_1552/DIODE                      0.350000    0.399219   -0.049219 (VIOLATED)
ANTENNA_1551/DIODE                      0.350000    0.399217   -0.049217 (VIOLATED)
ANTENNA_1550/DIODE                      0.350000    0.399215   -0.049215 (VIOLATED)
ANTENNA_2597/DIODE                      0.350000    0.399195   -0.049195 (VIOLATED)
ANTENNA_2595/DIODE                      0.350000    0.399195   -0.049195 (VIOLATED)
ANTENNA_2593/DIODE                      0.350000    0.399195   -0.049195 (VIOLATED)
ANTENNA_2591/DIODE                      0.350000    0.399195   -0.049195 (VIOLATED)
ANTENNA_1558/DIODE                      0.350000    0.399180   -0.049180 (VIOLATED)
ANTENNA_1556/DIODE                      0.350000    0.399180   -0.049180 (VIOLATED)
ANTENNA_1553/DIODE                      0.350000    0.399180   -0.049180 (VIOLATED)
hold21/X                                0.350000    0.399147   -0.049147 (VIOLATED)
u_memory.g_read[0].g_bank[1].g_slice[0].u_sram/din[6]    0.350000    0.399017   -0.049017 (VIOLATED)
max_cap474/A                            0.350000    0.398969   -0.048969 (VIOLATED)
ANTENNA_226/DIODE                       0.350000    0.398956   -0.048956 (VIOLATED)
_117_/D                                 0.350000    0.398956   -0.048956 (VIOLATED)
input45/X                               0.350000    0.398929   -0.048929 (VIOLATED)
u_memory.g_read[1].g_bank[2].g_slice[0].u_sram/din[17]    0.350000    0.398900   -0.048900 (VIOLATED)
wire286/X                               0.350000    0.398871   -0.048871 (VIOLATED)
u_memory._364_/C                        0.350000    0.398845   -0.048845 (VIOLATED)
ANTENNA_685/DIODE                       0.350000    0.398833   -0.048833 (VIOLATED)
ANTENNA_686/DIODE                       0.350000    0.398826   -0.048826 (VIOLATED)
ANTENNA_687/DIODE                       0.350000    0.398824   -0.048824 (VIOLATED)
max_cap447/X                            0.350000    0.398597   -0.048597 (VIOLATED)
_071_/D                                 0.350000    0.398454   -0.048454 (VIOLATED)
ANTENNA_214/DIODE                       0.350000    0.398452   -0.048452 (VIOLATED)
max_cap612/X                            0.350000    0.398434   -0.048434 (VIOLATED)
wire229/X                               0.350000    0.398347   -0.048347 (VIOLATED)
_074_/D                                 0.350000    0.398327   -0.048327 (VIOLATED)
input20/X                               0.350000    0.398310   -0.048310 (VIOLATED)
max_cap475/X                            0.350000    0.398217   -0.048217 (VIOLATED)
input17/X                               0.350000    0.398093   -0.048093 (VIOLATED)
u_memory._222_/C                        0.350000    0.397841   -0.047841 (VIOLATED)
ANTENNA_895/DIODE                       0.350000    0.397836   -0.047836 (VIOLATED)
ANTENNA_893/DIODE                       0.350000    0.397835   -0.047835 (VIOLATED)
ANTENNA_892/DIODE                       0.350000    0.397831   -0.047831 (VIOLATED)
ANTENNA_894/DIODE                       0.350000    0.397829   -0.047829 (VIOLATED)
u_memory._368_/A2                       0.350000    0.397603   -0.047603 (VIOLATED)
ANTENNA_740/DIODE                       0.350000    0.397589   -0.047589 (VIOLATED)
ANTENNA_742/DIODE                       0.350000    0.397587   -0.047587 (VIOLATED)
ANTENNA_741/DIODE                       0.350000    0.397580   -0.047580 (VIOLATED)
ANTENNA_743/DIODE                       0.350000    0.397575   -0.047575 (VIOLATED)
wire288/X                               0.350000    0.397241   -0.047241 (VIOLATED)
wire418/A                               0.350000    0.397122   -0.047122 (VIOLATED)
wire247/X                               0.350000    0.397056   -0.047056 (VIOLATED)
ANTENNA_2277/DIODE                      0.350000    0.396762   -0.046762 (VIOLATED)
max_cap419/A                            0.350000    0.396756   -0.046756 (VIOLATED)
ANTENNA_2282/DIODE                      0.350000    0.396736   -0.046736 (VIOLATED)
ANTENNA_2283/DIODE                      0.350000    0.396736   -0.046736 (VIOLATED)
ANTENNA_2286/DIODE                      0.350000    0.396735   -0.046735 (VIOLATED)
ANTENNA_2284/DIODE                      0.350000    0.396735   -0.046735 (VIOLATED)
u_memory.g_read[1].g_bank[2].g_slice[0].u_sram/din[27]    0.350000    0.396731   -0.046731 (VIOLATED)
max_cap530/A                            0.350000    0.396703   -0.046703 (VIOLATED)
ANTENNA_2278/DIODE                      0.350000    0.396699   -0.046699 (VIOLATED)
ANTENNA_2279/DIODE                      0.350000    0.396699   -0.046699 (VIOLATED)
ANTENNA_2280/DIODE                      0.350000    0.396696   -0.046696 (VIOLATED)
ANTENNA_2281/DIODE                      0.350000    0.396694   -0.046694 (VIOLATED)
ANTENNA_2285/DIODE                      0.350000    0.396691   -0.046691 (VIOLATED)
ANTENNA_2287/DIODE                      0.350000    0.396689   -0.046689 (VIOLATED)
u_memory.g_read[1].g_bank[1].g_slice[0].u_sram/din[8]    0.350000    0.396634   -0.046634 (VIOLATED)
u_memory._344_/A2                       0.350000    0.396628   -0.046628 (VIOLATED)
ANTENNA_714/DIODE                       0.350000    0.396613   -0.046613 (VIOLATED)
ANTENNA_715/DIODE                       0.350000    0.396612   -0.046611 (VIOLATED)
ANTENNA_713/DIODE                       0.350000    0.396610   -0.046610 (VIOLATED)
u_memory._257_/A2                       0.350000    0.396603   -0.046603 (VIOLATED)
ANTENNA_1061/DIODE                      0.350000    0.396601   -0.046601 (VIOLATED)
ANTENNA_1059/DIODE                      0.350000    0.396598   -0.046598 (VIOLATED)
ANTENNA_1060/DIODE                      0.350000    0.396592   -0.046592 (VIOLATED)
fanout182/A                             0.350000    0.396444   -0.046444 (VIOLATED)
fanout183/A                             0.350000    0.396223   -0.046223 (VIOLATED)
u_memory._300_/A2                       0.350000    0.396121   -0.046121 (VIOLATED)
u_memory._297_/A2                       0.350000    0.396079   -0.046079 (VIOLATED)
_093_/D                                 0.350000    0.396074   -0.046074 (VIOLATED)
max_cap460/A                            0.350000    0.396066   -0.046066 (VIOLATED)
u_memory.g_read[1].g_bank[2].g_slice[0].u_sram/din[29]    0.350000    0.396061   -0.046061 (VIOLATED)
max_cap562/X                            0.350000    0.396055   -0.046055 (VIOLATED)
wire329/X                               0.350000    0.396032   -0.046032 (VIOLATED)
wire237/X                               0.350000    0.396030   -0.046030 (VIOLATED)
max_cap531/X                            0.350000    0.395956   -0.045956 (VIOLATED)
u_memory._303_/A2                       0.350000    0.395879   -0.045879 (VIOLATED)
ANTENNA_1044/DIODE                      0.350000    0.395825   -0.045825 (VIOLATED)
u_memory._272_/A1                       0.350000    0.395823   -0.045823 (VIOLATED)
ANTENNA_1045/DIODE                      0.350000    0.395819   -0.045819 (VIOLATED)
ANTENNA_1043/DIODE                      0.350000    0.395816   -0.045816 (VIOLATED)
input31/X                               0.350000    0.395563   -0.045563 (VIOLATED)
u_memory.g_read[0].g_bank[2].g_slice[0].u_sram/din[1]    0.350000    0.395406   -0.045406 (VIOLATED)
wire324/X                               0.350000    0.395337   -0.045337 (VIOLATED)
max_cap461/X                            0.350000    0.395241   -0.045241 (VIOLATED)
u_memory._347_/A2                       0.350000    0.394962   -0.044962 (VIOLATED)
ANTENNA_711/DIODE                       0.350000    0.394956   -0.044956 (VIOLATED)
ANTENNA_709/DIODE                       0.350000    0.394955   -0.044955 (VIOLATED)
ANTENNA_710/DIODE                       0.350000    0.394953   -0.044953 (VIOLATED)
ANTENNA_712/DIODE                       0.350000    0.394949   -0.044949 (VIOLATED)
u_memory._411_/B1                       0.350000    0.394886   -0.044886 (VIOLATED)
ANTENNA_203/DIODE                       0.350000    0.394883   -0.044883 (VIOLATED)
u_memory._409_/X                        0.350000    0.394584   -0.044584 (VIOLATED)
u_memory.g_read[1].g_bank[0].g_slice[0].u_sram/addr[8]    0.350000    0.394509   -0.044509 (VIOLATED)
wire236/X                               0.350000    0.394482   -0.044482 (VIOLATED)
max_cap137/A                            0.350000    0.394206   -0.044206 (VIOLATED)
u_memory._270_/A1                       0.350000    0.394204   -0.044204 (VIOLATED)
ANTENNA_1156/DIODE                      0.350000    0.394188   -0.044188 (VIOLATED)
ANTENNA_1158/DIODE                      0.350000    0.394188   -0.044188 (VIOLATED)
ANTENNA_1157/DIODE                      0.350000    0.394188   -0.044188 (VIOLATED)
ANTENNA_1159/DIODE                      0.350000    0.394138   -0.044138 (VIOLATED)
u_memory._191_/A2                       0.350000    0.394034   -0.044034 (VIOLATED)
u_memory._190_/X                        0.350000    0.394025   -0.044025 (VIOLATED)
ANTENNA_419/DIODE                       0.350000    0.393909   -0.043908 (VIOLATED)
ANTENNA_2753/DIODE                      0.350000    0.393906   -0.043906 (VIOLATED)
ANTENNA_2733/DIODE                      0.350000    0.393903   -0.043903 (VIOLATED)
hold170/X                               0.350000    0.393900   -0.043899 (VIOLATED)
max_cap481/A                            0.350000    0.393668   -0.043668 (VIOLATED)
wire356/X                               0.350000    0.393626   -0.043626 (VIOLATED)
ANTENNA_2642/DIODE                      0.350000    0.393593   -0.043593 (VIOLATED)
ANTENNA_2645/DIODE                      0.350000    0.393592   -0.043592 (VIOLATED)
ANTENNA_2648/DIODE                      0.350000    0.393592   -0.043592 (VIOLATED)
ANTENNA_2644/DIODE                      0.350000    0.393592   -0.043592 (VIOLATED)
ANTENNA_2647/DIODE                      0.350000    0.393592   -0.043592 (VIOLATED)
ANTENNA_2646/DIODE                      0.350000    0.393591   -0.043591 (VIOLATED)
ANTENNA_2651/DIODE                      0.350000    0.393585   -0.043585 (VIOLATED)
ANTENNA_2649/DIODE                      0.350000    0.393585   -0.043585 (VIOLATED)
ANTENNA_2643/DIODE                      0.350000    0.393584   -0.043584 (VIOLATED)
ANTENNA_2652/DIODE                      0.350000    0.393584   -0.043584 (VIOLATED)
ANTENNA_2650/DIODE                      0.350000    0.393584   -0.043584 (VIOLATED)
max_cap601/A                            0.350000    0.393527   -0.043527 (VIOLATED)
u_memory._276_/A2                       0.350000    0.393438   -0.043438 (VIOLATED)
u_memory.g_read[1].g_bank[1].g_slice[0].u_sram/din[14]    0.350000    0.393413   -0.043413 (VIOLATED)
ANTENNA_1954/DIODE                      0.350000    0.393354   -0.043354 (VIOLATED)
ANTENNA_1952/DIODE                      0.350000    0.393354   -0.043354 (VIOLATED)
ANTENNA_1950/DIODE                      0.350000    0.393354   -0.043354 (VIOLATED)
ANTENNA_1948/DIODE                      0.350000    0.393353   -0.043353 (VIOLATED)
ANTENNA_1947/DIODE                      0.350000    0.393353   -0.043353 (VIOLATED)
ANTENNA_1946/DIODE                      0.350000    0.393351   -0.043351 (VIOLATED)
ANTENNA_1945/DIODE                      0.350000    0.393351   -0.043351 (VIOLATED)
ANTENNA_1955/DIODE                      0.350000    0.393312   -0.043312 (VIOLATED)
ANTENNA_1953/DIODE                      0.350000    0.393311   -0.043311 (VIOLATED)
ANTENNA_1951/DIODE                      0.350000    0.393311   -0.043311 (VIOLATED)
ANTENNA_1949/DIODE                      0.350000    0.393311   -0.043311 (VIOLATED)
u_memory.g_read[1].g_bank[2].g_slice[0].u_sram/din[25]    0.350000    0.393299   -0.043299 (VIOLATED)
_037_/D                                 0.350000    0.393266   -0.043266 (VIOLATED)
u_memory._339_/X                        0.350000    0.393241   -0.043241 (VIOLATED)
u_memory.g_read[1].g_bank[1].g_slice[0].u_sram/din[25]    0.350000    0.393032   -0.043032 (VIOLATED)
max_cap482/X                            0.350000    0.392994   -0.042994 (VIOLATED)
u_memory._356_/A2                       0.350000    0.392993   -0.042993 (VIOLATED)
ANTENNA_756/DIODE                       0.350000    0.392986   -0.042986 (VIOLATED)
ANTENNA_754/DIODE                       0.350000    0.392984   -0.042984 (VIOLATED)
ANTENNA_755/DIODE                       0.350000    0.392982   -0.042982 (VIOLATED)
max_cap620/X                            0.350000    0.392858   -0.042858 (VIOLATED)
max_cap602/X                            0.350000    0.392751   -0.042751 (VIOLATED)
wire184/X                               0.350000    0.392602   -0.042602 (VIOLATED)
max_cap510/X                            0.350000    0.392567   -0.042567 (VIOLATED)
ANTENNA_2532/DIODE                      0.350000    0.392221   -0.042221 (VIOLATED)
ANTENNA_2535/DIODE                      0.350000    0.392220   -0.042220 (VIOLATED)
ANTENNA_2534/DIODE                      0.350000    0.392220   -0.042220 (VIOLATED)
ANTENNA_2541/DIODE                      0.350000    0.392219   -0.042219 (VIOLATED)
ANTENNA_2539/DIODE                      0.350000    0.392219   -0.042219 (VIOLATED)
ANTENNA_2533/DIODE                      0.350000    0.392219   -0.042219 (VIOLATED)
ANTENNA_2542/DIODE                      0.350000    0.392168   -0.042168 (VIOLATED)
ANTENNA_2540/DIODE                      0.350000    0.392166   -0.042166 (VIOLATED)
ANTENNA_2538/DIODE                      0.350000    0.392163   -0.042163 (VIOLATED)
ANTENNA_2536/DIODE                      0.350000    0.392162   -0.042162 (VIOLATED)
ANTENNA_2537/DIODE                      0.350000    0.392162   -0.042162 (VIOLATED)
ANTENNA_2367/DIODE                      0.350000    0.392080   -0.042080 (VIOLATED)
ANTENNA_2371/DIODE                      0.350000    0.392045   -0.042045 (VIOLATED)
ANTENNA_2370/DIODE                      0.350000    0.392045   -0.042045 (VIOLATED)
ANTENNA_2368/DIODE                      0.350000    0.392044   -0.042044 (VIOLATED)
ANTENNA_2369/DIODE                      0.350000    0.392042   -0.042042 (VIOLATED)
ANTENNA_2377/DIODE                      0.350000    0.392035   -0.042035 (VIOLATED)
ANTENNA_2372/DIODE                      0.350000    0.392002   -0.042002 (VIOLATED)
ANTENNA_2373/DIODE                      0.350000    0.392002   -0.042002 (VIOLATED)
ANTENNA_2374/DIODE                      0.350000    0.392001   -0.042001 (VIOLATED)
ANTENNA_2375/DIODE                      0.350000    0.392001   -0.042001 (VIOLATED)
ANTENNA_2376/DIODE                      0.350000    0.392000   -0.042000 (VIOLATED)
wire251/X                               0.350000    0.391975   -0.041975 (VIOLATED)
ANTENNA_2728/DIODE                      0.350000    0.391847   -0.041847 (VIOLATED)
ANTENNA_2726/DIODE                      0.350000    0.391847   -0.041847 (VIOLATED)
_080_/D                                 0.350000    0.391846   -0.041846 (VIOLATED)
ANTENNA_2727/DIODE                      0.350000    0.391845   -0.041845 (VIOLATED)
ANTENNA_1228/DIODE                      0.350000    0.391732   -0.041732 (VIOLATED)
ANTENNA_1229/DIODE                      0.350000    0.391697   -0.041697 (VIOLATED)
u_memory.g_read[1].g_bank[1].g_slice[0].u_sram/addr[8]    0.350000    0.391695   -0.041695 (VIOLATED)
ANTENNA_1232/DIODE                      0.350000    0.391692   -0.041692 (VIOLATED)
ANTENNA_1231/DIODE                      0.350000    0.391690   -0.041690 (VIOLATED)
ANTENNA_1230/DIODE                      0.350000    0.391689   -0.041689 (VIOLATED)
input5/X                                0.350000    0.391659   -0.041659 (VIOLATED)
max_cap603/X                            0.350000    0.391375   -0.041375 (VIOLATED)
u_memory._417_/B1                       0.350000    0.391289   -0.041289 (VIOLATED)
max_cap576/X                            0.350000    0.391256   -0.041256 (VIOLATED)
u_memory.g_read[0].g_bank[1].g_slice[0].u_sram/din[25]    0.350000    0.391199   -0.041199 (VIOLATED)
ANTENNA_2323/DIODE                      0.350000    0.391096   -0.041096 (VIOLATED)
ANTENNA_2324/DIODE                      0.350000    0.391095   -0.041095 (VIOLATED)
ANTENNA_2325/DIODE                      0.350000    0.391095   -0.041095 (VIOLATED)
ANTENNA_2326/DIODE                      0.350000    0.391095   -0.041095 (VIOLATED)
ANTENNA_2330/DIODE                      0.350000    0.391094   -0.041094 (VIOLATED)
ANTENNA_2328/DIODE                      0.350000    0.391094   -0.041094 (VIOLATED)
wire397/A                               0.350000    0.391089   -0.041089 (VIOLATED)
max_cap402/A                            0.350000    0.391073   -0.041073 (VIOLATED)
u_memory._394_/B                        0.350000    0.391061   -0.041061 (VIOLATED)
ANTENNA_2321/DIODE                      0.350000    0.391050   -0.041050 (VIOLATED)
ANTENNA_2322/DIODE                      0.350000    0.391047   -0.041047 (VIOLATED)
ANTENNA_2327/DIODE                      0.350000    0.391045   -0.041045 (VIOLATED)
ANTENNA_2329/DIODE                      0.350000    0.391042   -0.041042 (VIOLATED)
u_memory._379_/B                        0.350000    0.391041   -0.041041 (VIOLATED)
ANTENNA_2331/DIODE                      0.350000    0.391040   -0.041040 (VIOLATED)
u_memory._415_/X                        0.350000    0.391033   -0.041033 (VIOLATED)
u_memory._409_/B                        0.350000    0.391030   -0.041030 (VIOLATED)
max_cap580/A                            0.350000    0.391009   -0.041009 (VIOLATED)
u_memory.g_read[1].g_bank[1].g_slice[0].u_sram/din[26]    0.350000    0.390943   -0.040943 (VIOLATED)
u_memory._403_/B                        0.350000    0.390919   -0.040919 (VIOLATED)
u_memory._415_/B                        0.350000    0.390811   -0.040811 (VIOLATED)
hold137/X                               0.350000    0.390657   -0.040657 (VIOLATED)
max_cap581/X                            0.350000    0.390347   -0.040347 (VIOLATED)
u_memory.g_read[1].g_bank[3].g_slice[0].u_sram/ce    0.350000    0.390344   -0.040344 (VIOLATED)
ANTENNA_1664/DIODE                      0.350000    0.390340   -0.040340 (VIOLATED)
ANTENNA_1668/DIODE                      0.350000    0.390336   -0.040336 (VIOLATED)
ANTENNA_1663/DIODE                      0.350000    0.390335   -0.040335 (VIOLATED)
ANTENNA_1662/DIODE                      0.350000    0.390335   -0.040335 (VIOLATED)
ANTENNA_1659/DIODE                      0.350000    0.390334   -0.040334 (VIOLATED)
ANTENNA_1661/DIODE                      0.350000    0.390334   -0.040334 (VIOLATED)
ANTENNA_1660/DIODE                      0.350000    0.390334   -0.040334 (VIOLATED)
max_cap569/X                            0.350000    0.390332   -0.040332 (VIOLATED)
ANTENNA_1665/DIODE                      0.350000    0.390321   -0.040321 (VIOLATED)
ANTENNA_1667/DIODE                      0.350000    0.390321   -0.040321 (VIOLATED)
ANTENNA_1666/DIODE                      0.350000    0.390321   -0.040321 (VIOLATED)
u_memory._189_/B1                       0.350000    0.390294   -0.040294 (VIOLATED)
ANTENNA_1669/DIODE                      0.350000    0.390264   -0.040264 (VIOLATED)
u_memory._186_/X                        0.350000    0.390041   -0.040041 (VIOLATED)
u_memory._200_/B1                       0.350000    0.390041   -0.040041 (VIOLATED)
ANTENNA_1234/DIODE                      0.350000    0.389952   -0.039952 (VIOLATED)
ANTENNA_1238/DIODE                      0.350000    0.389949   -0.039949 (VIOLATED)
ANTENNA_1233/DIODE                      0.350000    0.389940   -0.039940 (VIOLATED)
ANTENNA_1236/DIODE                      0.350000    0.389915   -0.039915 (VIOLATED)
max_cap572/A                            0.350000    0.389913   -0.039913 (VIOLATED)
ANTENNA_1235/DIODE                      0.350000    0.389911   -0.039911 (VIOLATED)
ANTENNA_1237/DIODE                      0.350000    0.389910   -0.039910 (VIOLATED)
ANTENNA_1084/DIODE                      0.350000    0.389697   -0.039697 (VIOLATED)
ANTENNA_1082/DIODE                      0.350000    0.389693   -0.039693 (VIOLATED)
u_memory.g_read[0].g_bank[2].g_slice[0].u_sram/din[20]    0.350000    0.389691   -0.039691 (VIOLATED)
u_memory._239_/B2                       0.350000    0.389690   -0.039690 (VIOLATED)
ANTENNA_1080/DIODE                      0.350000    0.389664   -0.039664 (VIOLATED)
ANTENNA_1083/DIODE                      0.350000    0.389652   -0.039652 (VIOLATED)
ANTENNA_1081/DIODE                      0.350000    0.389651   -0.039651 (VIOLATED)
max_cap464/X                            0.350000    0.389524   -0.039524 (VIOLATED)
u_memory._336_/A1                       0.350000    0.389499   -0.039499 (VIOLATED)
ANTENNA_784/DIODE                       0.350000    0.389499   -0.039499 (VIOLATED)
ANTENNA_783/DIODE                       0.350000    0.389491   -0.039491 (VIOLATED)
ANTENNA_785/DIODE                       0.350000    0.389489   -0.039489 (VIOLATED)
u_memory.g_read[0].g_bank[1].g_slice[0].u_sram/din[31]    0.350000    0.389425   -0.039425 (VIOLATED)
fanout370/A                             0.350000    0.389320   -0.039320 (VIOLATED)
u_memory._430_/Q                        0.350000    0.389305   -0.039305 (VIOLATED)
max_cap573/X                            0.350000    0.389236   -0.039236 (VIOLATED)
wire335/X                               0.350000    0.389210   -0.039210 (VIOLATED)
wire259/X                               0.350000    0.389057   -0.039056 (VIOLATED)
u_memory._308_/A0                       0.350000    0.388838   -0.038838 (VIOLATED)
hold214/X                               0.350000    0.388815   -0.038815 (VIOLATED)
_072_/D                                 0.350000    0.388623   -0.038623 (VIOLATED)
ANTENNA_215/DIODE                       0.350000    0.388622   -0.038622 (VIOLATED)
input18/X                               0.350000    0.388591   -0.038591 (VIOLATED)
u_memory.g_read[0].g_bank[1].g_slice[0].u_sram/din[27]    0.350000    0.388337   -0.038337 (VIOLATED)
u_memory.g_read[1].g_bank[1].g_slice[0].u_sram/din[23]    0.350000    0.388249   -0.038249 (VIOLATED)
_038_/D                                 0.350000    0.388167   -0.038167 (VIOLATED)
u_memory._342_/X                        0.350000    0.388132   -0.038132 (VIOLATED)
wire149/X                               0.350000    0.387951   -0.037951 (VIOLATED)
ANTENNA_2055/DIODE                      0.350000    0.387923   -0.037923 (VIOLATED)
ANTENNA_2064/DIODE                      0.350000    0.387898   -0.037898 (VIOLATED)
ANTENNA_2063/DIODE                      0.350000    0.387898   -0.037898 (VIOLATED)
ANTENNA_2062/DIODE                      0.350000    0.387892   -0.037892 (VIOLATED)
ANTENNA_2056/DIODE                      0.350000    0.387891   -0.037891 (VIOLATED)
ANTENNA_2057/DIODE                      0.350000    0.387889   -0.037889 (VIOLATED)
ANTENNA_2058/DIODE                      0.350000    0.387886   -0.037886 (VIOLATED)
ANTENNA_2059/DIODE                      0.350000    0.387884   -0.037884 (VIOLATED)
ANTENNA_2060/DIODE                      0.350000    0.387881   -0.037881 (VIOLATED)
ANTENNA_2065/DIODE                      0.350000    0.387878   -0.037878 (VIOLATED)
ANTENNA_2061/DIODE                      0.350000    0.387846   -0.037846 (VIOLATED)
u_memory._351_/A1                       0.350000    0.387685   -0.037685 (VIOLATED)
ANTENNA_765/DIODE                       0.350000    0.387680   -0.037680 (VIOLATED)
ANTENNA_766/DIODE                       0.350000    0.387679   -0.037679 (VIOLATED)
ANTENNA_767/DIODE                       0.350000    0.387679   -0.037679 (VIOLATED)
u_memory._376_/C                        0.350000    0.387628   -0.037628 (VIOLATED)
ANTENNA_673/DIODE                       0.350000    0.387627   -0.037627 (VIOLATED)
ANTENNA_671/DIODE                       0.350000    0.387623   -0.037623 (VIOLATED)
ANTENNA_672/DIODE                       0.350000    0.387623   -0.037623 (VIOLATED)
wire254/X                               0.350000    0.387233   -0.037233 (VIOLATED)
wire225/X                               0.350000    0.387164   -0.037164 (VIOLATED)
max_cap527/X                            0.350000    0.387153   -0.037153 (VIOLATED)
max_cap603/A                            0.350000    0.387116   -0.037116 (VIOLATED)
max_cap602/A                            0.350000    0.387098   -0.037098 (VIOLATED)
u_memory._362_/A2                       0.350000    0.386921   -0.036921 (VIOLATED)
ANTENNA_747/DIODE                       0.350000    0.386908   -0.036908 (VIOLATED)
ANTENNA_749/DIODE                       0.350000    0.386905   -0.036905 (VIOLATED)
ANTENNA_748/DIODE                       0.350000    0.386901   -0.036901 (VIOLATED)
u_memory.g_read[0].g_bank[1].g_slice[0].u_sram/din[30]    0.350000    0.386785   -0.036785 (VIOLATED)
u_memory._201_/A1                       0.350000    0.386687   -0.036687 (VIOLATED)
u_memory._199_/A_N                      0.350000    0.386618   -0.036617 (VIOLATED)
u_memory.g_read[1].g_bank[1].g_slice[0].u_sram/din[21]    0.350000    0.386535   -0.036535 (VIOLATED)
u_memory._348_/A1                       0.350000    0.386509   -0.036509 (VIOLATED)
ANTENNA_768/DIODE                       0.350000    0.386507   -0.036507 (VIOLATED)
ANTENNA_770/DIODE                       0.350000    0.386502   -0.036502 (VIOLATED)
u_memory._196_/B                        0.350000    0.386502   -0.036502 (VIOLATED)
ANTENNA_769/DIODE                       0.350000    0.386501   -0.036501 (VIOLATED)
wire249/X                               0.350000    0.386423   -0.036423 (VIOLATED)
ANTENNA_1145/DIODE                      0.350000    0.386227   -0.036227 (VIOLATED)
ANTENNA_1147/DIODE                      0.350000    0.386226   -0.036226 (VIOLATED)
u_memory._282_/A1                       0.350000    0.386225   -0.036225 (VIOLATED)
hold8/X                                 0.350000    0.386207   -0.036207 (VIOLATED)
ANTENNA_1009/DIODE                      0.350000    0.386203   -0.036203 (VIOLATED)
ANTENNA_1007/DIODE                      0.350000    0.386202   -0.036202 (VIOLATED)
ANTENNA_1144/DIODE                      0.350000    0.386200   -0.036200 (VIOLATED)
u_memory._232_/A1                       0.350000    0.386197   -0.036197 (VIOLATED)
ANTENNA_1008/DIODE                      0.350000    0.386195   -0.036195 (VIOLATED)
ANTENNA_1146/DIODE                      0.350000    0.386185   -0.036185 (VIOLATED)
u_memory._396_/B1                       0.350000    0.386177   -0.036177 (VIOLATED)
wire255/X                               0.350000    0.386077   -0.036077 (VIOLATED)
ANTENNA_2352/DIODE                      0.350000    0.386032   -0.036032 (VIOLATED)
ANTENNA_2350/DIODE                      0.350000    0.386032   -0.036032 (VIOLATED)
ANTENNA_2348/DIODE                      0.350000    0.386032   -0.036032 (VIOLATED)
ANTENNA_2345/DIODE                      0.350000    0.386031   -0.036031 (VIOLATED)
ANTENNA_2347/DIODE                      0.350000    0.386031   -0.036031 (VIOLATED)
ANTENNA_2344/DIODE                      0.350000    0.386031   -0.036031 (VIOLATED)
ANTENNA_2343/DIODE                      0.350000    0.386030   -0.036030 (VIOLATED)
ANTENNA_2353/DIODE                      0.350000    0.386030   -0.036030 (VIOLATED)
ANTENNA_2351/DIODE                      0.350000    0.386030   -0.036030 (VIOLATED)
ANTENNA_2349/DIODE                      0.350000    0.386029   -0.036029 (VIOLATED)
ANTENNA_2346/DIODE                      0.350000    0.386023   -0.036023 (VIOLATED)
wire352/X                               0.350000    0.385747   -0.035747 (VIOLATED)
wire315/X                               0.350000    0.385724   -0.035724 (VIOLATED)
ANTENNA_2704/DIODE                      0.350000    0.385556   -0.035556 (VIOLATED)
ANTENNA_2703/DIODE                      0.350000    0.385556   -0.035556 (VIOLATED)
max_cap498/A                            0.350000    0.385488   -0.035488 (VIOLATED)
wire172/X                               0.350000    0.385466   -0.035466 (VIOLATED)
max_cap488/A                            0.350000    0.385401   -0.035401 (VIOLATED)
max_cap572/X                            0.350000    0.385208   -0.035208 (VIOLATED)
max_cap502/A                            0.350000    0.385118   -0.035118 (VIOLATED)
ANTENNA_2702/DIODE                      0.350000    0.385076   -0.035076 (VIOLATED)
ANTENNA_2701/DIODE                      0.350000    0.385076   -0.035076 (VIOLATED)
hold184/X                               0.350000    0.384964   -0.034964 (VIOLATED)
max_cap523/A                            0.350000    0.384875   -0.034875 (VIOLATED)
max_cap499/X                            0.350000    0.384832   -0.034832 (VIOLATED)
_028_/D                                 0.350000    0.384756   -0.034756 (VIOLATED)
max_cap489/X                            0.350000    0.384752   -0.034752 (VIOLATED)
max_cap587/A                            0.350000    0.384522   -0.034522 (VIOLATED)
ANTENNA_1702/DIODE                      0.350000    0.384482   -0.034482 (VIOLATED)
ANTENNA_1692/DIODE                      0.350000    0.384469   -0.034469 (VIOLATED)
max_cap503/X                            0.350000    0.384467   -0.034467 (VIOLATED)
ANTENNA_1699/DIODE                      0.350000    0.384436   -0.034435 (VIOLATED)
ANTENNA_1697/DIODE                      0.350000    0.384435   -0.034435 (VIOLATED)
ANTENNA_1695/DIODE                      0.350000    0.384433   -0.034433 (VIOLATED)
ANTENNA_1694/DIODE                      0.350000    0.384431   -0.034431 (VIOLATED)
u_memory._291_/X                        0.350000    0.384430   -0.034430 (VIOLATED)
ANTENNA_1693/DIODE                      0.350000    0.384429   -0.034429 (VIOLATED)
ANTENNA_1701/DIODE                      0.350000    0.384395   -0.034395 (VIOLATED)
ANTENNA_1700/DIODE                      0.350000    0.384395   -0.034395 (VIOLATED)
ANTENNA_1698/DIODE                      0.350000    0.384395   -0.034395 (VIOLATED)
ANTENNA_1696/DIODE                      0.350000    0.384395   -0.034395 (VIOLATED)
max_cap524/X                            0.350000    0.384225   -0.034225 (VIOLATED)
u_memory._214_/B2                       0.350000    0.384216   -0.034216 (VIOLATED)
ANTENNA_1033/DIODE                      0.350000    0.384200   -0.034200 (VIOLATED)
ANTENNA_1032/DIODE                      0.350000    0.384196   -0.034196 (VIOLATED)
ANTENNA_1034/DIODE                      0.350000    0.384192   -0.034192 (VIOLATED)
wire604/X                               0.350000    0.384096   -0.034096 (VIOLATED)
max_cap588/X                            0.350000    0.383859   -0.033859 (VIOLATED)
max_cap469/X                            0.350000    0.383711   -0.033711 (VIOLATED)
hold131/A                               0.350000    0.383673   -0.033673 (VIOLATED)
hold154/X                               0.350000    0.383644   -0.033644 (VIOLATED)
wire321/X                               0.350000    0.383623   -0.033623 (VIOLATED)
wire388/X                               0.350000    0.383573   -0.033573 (VIOLATED)
ANTENNA_2378/DIODE                      0.350000    0.382689   -0.032689 (VIOLATED)
ANTENNA_2387/DIODE                      0.350000    0.382689   -0.032689 (VIOLATED)
ANTENNA_2384/DIODE                      0.350000    0.382689   -0.032689 (VIOLATED)
ANTENNA_2381/DIODE                      0.350000    0.382677   -0.032677 (VIOLATED)
ANTENNA_2380/DIODE                      0.350000    0.382677   -0.032677 (VIOLATED)
ANTENNA_2382/DIODE                      0.350000    0.382676   -0.032676 (VIOLATED)
ANTENNA_2383/DIODE                      0.350000    0.382675   -0.032675 (VIOLATED)
ANTENNA_2385/DIODE                      0.350000    0.382674   -0.032674 (VIOLATED)
ANTENNA_2388/DIODE                      0.350000    0.382673   -0.032673 (VIOLATED)
ANTENNA_2099/DIODE                      0.350000    0.382653   -0.032653 (VIOLATED)
ANTENNA_2386/DIODE                      0.350000    0.382652   -0.032652 (VIOLATED)
ANTENNA_2379/DIODE                      0.350000    0.382625   -0.032625 (VIOLATED)
ANTENNA_2109/DIODE                      0.350000    0.382611   -0.032611 (VIOLATED)
ANTENNA_2104/DIODE                      0.350000    0.382609   -0.032609 (VIOLATED)
ANTENNA_2103/DIODE                      0.350000    0.382607   -0.032607 (VIOLATED)
ANTENNA_2102/DIODE                      0.350000    0.382605   -0.032605 (VIOLATED)
ANTENNA_2101/DIODE                      0.350000    0.382603   -0.032603 (VIOLATED)
ANTENNA_2105/DIODE                      0.350000    0.382601   -0.032601 (VIOLATED)
ANTENNA_2100/DIODE                      0.350000    0.382600   -0.032600 (VIOLATED)
ANTENNA_2106/DIODE                      0.350000    0.382510   -0.032510 (VIOLATED)
ANTENNA_2107/DIODE                      0.350000    0.382507   -0.032507 (VIOLATED)
ANTENNA_2108/DIODE                      0.350000    0.382504   -0.032504 (VIOLATED)
ANTENNA_2488/DIODE                      0.350000    0.382256   -0.032256 (VIOLATED)
ANTENNA_2498/DIODE                      0.350000    0.382251   -0.032251 (VIOLATED)
ANTENNA_2496/DIODE                      0.350000    0.382250   -0.032250 (VIOLATED)
ANTENNA_2492/DIODE                      0.350000    0.382212   -0.032212 (VIOLATED)
ANTENNA_2491/DIODE                      0.350000    0.382212   -0.032212 (VIOLATED)
ANTENNA_2489/DIODE                      0.350000    0.382212   -0.032212 (VIOLATED)
ANTENNA_2490/DIODE                      0.350000    0.382210   -0.032210 (VIOLATED)
ANTENNA_2493/DIODE                      0.350000    0.382168   -0.032168 (VIOLATED)
ANTENNA_2497/DIODE                      0.350000    0.382168   -0.032168 (VIOLATED)
ANTENNA_2494/DIODE                      0.350000    0.382167   -0.032167 (VIOLATED)
ANTENNA_2495/DIODE                      0.350000    0.382167   -0.032167 (VIOLATED)
u_memory._288_/A1                       0.350000    0.382127   -0.032127 (VIOLATED)
ANTENNA_1139/DIODE                      0.350000    0.382117   -0.032117 (VIOLATED)
ANTENNA_1137/DIODE                      0.350000    0.382113   -0.032113 (VIOLATED)
ANTENNA_1138/DIODE                      0.350000    0.382102   -0.032102 (VIOLATED)
ANTENNA_1140/DIODE                      0.350000    0.382083   -0.032083 (VIOLATED)
u_memory._332_/A2                       0.350000    0.382049   -0.032049 (VIOLATED)
ANTENNA_727/DIODE                       0.350000    0.382037   -0.032037 (VIOLATED)
ANTENNA_729/DIODE                       0.350000    0.382034   -0.032034 (VIOLATED)
ANTENNA_728/DIODE                       0.350000    0.382030   -0.032030 (VIOLATED)
max_cap452/A                            0.350000    0.381956   -0.031956 (VIOLATED)
max_cap578/X                            0.350000    0.381895   -0.031895 (VIOLATED)
max_cap534/X                            0.350000    0.381756   -0.031756 (VIOLATED)
ANTENNA_2684/DIODE                      0.350000    0.381746   -0.031746 (VIOLATED)
ANTENNA_2681/DIODE                      0.350000    0.381745   -0.031745 (VIOLATED)
ANTENNA_2675/DIODE                      0.350000    0.381745   -0.031745 (VIOLATED)
max_cap423/X                            0.350000    0.381711   -0.031711 (VIOLATED)
ANTENNA_2683/DIODE                      0.350000    0.381710   -0.031710 (VIOLATED)
ANTENNA_2680/DIODE                      0.350000    0.381710   -0.031710 (VIOLATED)
ANTENNA_2679/DIODE                      0.350000    0.381705   -0.031705 (VIOLATED)
ANTENNA_2678/DIODE                      0.350000    0.381703   -0.031703 (VIOLATED)
ANTENNA_2677/DIODE                      0.350000    0.381700   -0.031700 (VIOLATED)
ANTENNA_2676/DIODE                      0.350000    0.381700   -0.031700 (VIOLATED)
ANTENNA_2682/DIODE                      0.350000    0.381657   -0.031657 (VIOLATED)
ANTENNA_2685/DIODE                      0.350000    0.381657   -0.031657 (VIOLATED)
ANTENNA_2200/DIODE                      0.350000    0.381640   -0.031640 (VIOLATED)
ANTENNA_2204/DIODE                      0.350000    0.381640   -0.031640 (VIOLATED)
ANTENNA_2201/DIODE                      0.350000    0.381640   -0.031640 (VIOLATED)
ANTENNA_2203/DIODE                      0.350000    0.381640   -0.031640 (VIOLATED)
ANTENNA_2202/DIODE                      0.350000    0.381640   -0.031640 (VIOLATED)
ANTENNA_2207/DIODE                      0.350000    0.381638   -0.031638 (VIOLATED)
ANTENNA_2208/DIODE                      0.350000    0.381638   -0.031638 (VIOLATED)
ANTENNA_2198/DIODE                      0.350000    0.381638   -0.031638 (VIOLATED)
ANTENNA_2206/DIODE                      0.350000    0.381635   -0.031635 (VIOLATED)
ANTENNA_2205/DIODE                      0.350000    0.381635   -0.031635 (VIOLATED)
ANTENNA_2199/DIODE                      0.350000    0.381632   -0.031632 (VIOLATED)
wire241/X                               0.350000    0.381598   -0.031598 (VIOLATED)
wire350/X                               0.350000    0.381530   -0.031530 (VIOLATED)
max_cap595/X                            0.350000    0.381495   -0.031495 (VIOLATED)
u_memory._304_/A0                       0.350000    0.381463   -0.031463 (VIOLATED)
hold205/X                               0.350000    0.381439   -0.031439 (VIOLATED)
hold137/A                               0.350000    0.381294   -0.031294 (VIOLATED)
hold155/X                               0.350000    0.381264   -0.031264 (VIOLATED)
max_cap550/X                            0.350000    0.381061   -0.031061 (VIOLATED)
max_cap625/X                            0.350000    0.381000   -0.031000 (VIOLATED)
ANTENNA_1745/DIODE                      0.350000    0.380955   -0.030955 (VIOLATED)
ANTENNA_1736/DIODE                      0.350000    0.380953   -0.030953 (VIOLATED)
ANTENNA_1742/DIODE                      0.350000    0.380952   -0.030952 (VIOLATED)
ANTENNA_1740/DIODE                      0.350000    0.380951   -0.030951 (VIOLATED)
ANTENNA_1739/DIODE                      0.350000    0.380951   -0.030951 (VIOLATED)
ANTENNA_1738/DIODE                      0.350000    0.380951   -0.030951 (VIOLATED)
ANTENNA_1737/DIODE                      0.350000    0.380951   -0.030951 (VIOLATED)
max_cap537/A                            0.350000    0.380932   -0.030932 (VIOLATED)
ANTENNA_1741/DIODE                      0.350000    0.380899   -0.030899 (VIOLATED)
ANTENNA_1743/DIODE                      0.350000    0.380897   -0.030897 (VIOLATED)
ANTENNA_1744/DIODE                      0.350000    0.380894   -0.030894 (VIOLATED)
ANTENNA_1746/DIODE                      0.350000    0.380892   -0.030892 (VIOLATED)
u_memory._214_/A1                       0.350000    0.380442   -0.030442 (VIOLATED)
u_memory._226_/A1                       0.350000    0.380374   -0.030374 (VIOLATED)
ANTENNA_2226/DIODE                      0.350000    0.380307   -0.030307 (VIOLATED)
ANTENNA_2225/DIODE                      0.350000    0.380307   -0.030307 (VIOLATED)
ANTENNA_2223/DIODE                      0.350000    0.380306   -0.030306 (VIOLATED)
ANTENNA_2221/DIODE                      0.350000    0.380306   -0.030306 (VIOLATED)
ANTENNA_2220/DIODE                      0.350000    0.380305   -0.030305 (VIOLATED)
ANTENNA_2230/DIODE                      0.350000    0.380264   -0.030264 (VIOLATED)
ANTENNA_2228/DIODE                      0.350000    0.380264   -0.030264 (VIOLATED)
ANTENNA_2227/DIODE                      0.350000    0.380262   -0.030262 (VIOLATED)
ANTENNA_2224/DIODE                      0.350000    0.380260   -0.030260 (VIOLATED)
ANTENNA_2222/DIODE                      0.350000    0.380260   -0.030260 (VIOLATED)
ANTENNA_2229/DIODE                      0.350000    0.380212   -0.030212 (VIOLATED)
max_cap476/X                            0.350000    0.380198   -0.030198 (VIOLATED)
u_memory._239_/A1                       0.350000    0.380189   -0.030189 (VIOLATED)
max_cap538/X                            0.350000    0.380165   -0.030165 (VIOLATED)
u_memory._251_/A1                       0.350000    0.379883   -0.029883 (VIOLATED)
u_memory.g_read[0].g_bank[1].g_slice[0].u_sram/din[5]    0.350000    0.379874   -0.029874 (VIOLATED)
wire442/A                               0.350000    0.379862   -0.029862 (VIOLATED)
max_cap444/A                            0.350000    0.379799   -0.029799 (VIOLATED)
max_cap443/A                            0.350000    0.379776   -0.029776 (VIOLATED)
u_memory._237_/B2                       0.350000    0.379701   -0.029701 (VIOLATED)
ANTENNA_63/DIODE                        0.350000    0.379692   -0.029692 (VIOLATED)
ANTENNA_61/DIODE                        0.350000    0.379689   -0.029689 (VIOLATED)
ANTENNA_62/DIODE                        0.350000    0.379666   -0.029666 (VIOLATED)
ANTENNA_60/DIODE                        0.350000    0.379660   -0.029660 (VIOLATED)
hold104/X                               0.350000    0.379613   -0.029613 (VIOLATED)
max_cap553/X                            0.350000    0.379505   -0.029505 (VIOLATED)
ANTENNA_1174/DIODE                      0.350000    0.379442   -0.029442 (VIOLATED)
u_memory._258_/A1                       0.350000    0.379434   -0.029434 (VIOLATED)
ANTENNA_1172/DIODE                      0.350000    0.379433   -0.029433 (VIOLATED)
ANTENNA_1173/DIODE                      0.350000    0.379405   -0.029405 (VIOLATED)
u_memory._363_/B1                       0.350000    0.379397   -0.029397 (VIOLATED)
ANTENNA_170/DIODE                       0.350000    0.379393   -0.029393 (VIOLATED)
ANTENNA_168/DIODE                       0.350000    0.379391   -0.029391 (VIOLATED)
ANTENNA_1175/DIODE                      0.350000    0.379389   -0.029389 (VIOLATED)
ANTENNA_169/DIODE                       0.350000    0.379389   -0.029389 (VIOLATED)
ANTENNA_2619/DIODE                      0.350000    0.379211   -0.029211 (VIOLATED)
ANTENNA_2617/DIODE                      0.350000    0.379211   -0.029211 (VIOLATED)
ANTENNA_20/DIODE                        0.350000    0.379209   -0.029209 (VIOLATED)
_030_/D                                 0.350000    0.379207   -0.029207 (VIOLATED)
ANTENNA_21/DIODE                        0.350000    0.379205   -0.029205 (VIOLATED)
ANTENNA_2614/DIODE                      0.350000    0.379203   -0.029203 (VIOLATED)
ANTENNA_2615/DIODE                      0.350000    0.379203   -0.029203 (VIOLATED)
ANTENNA_2616/DIODE                      0.350000    0.379202   -0.029202 (VIOLATED)
ANTENNA_2609/DIODE                      0.350000    0.379202   -0.029202 (VIOLATED)
ANTENNA_2618/DIODE                      0.350000    0.379202   -0.029202 (VIOLATED)
ANTENNA_2613/DIODE                      0.350000    0.379192   -0.029192 (VIOLATED)
ANTENNA_2612/DIODE                      0.350000    0.379171   -0.029171 (VIOLATED)
ANTENNA_2611/DIODE                      0.350000    0.379170   -0.029170 (VIOLATED)
ANTENNA_2610/DIODE                      0.350000    0.379168   -0.029168 (VIOLATED)
u_memory._361_/X                        0.350000    0.379036   -0.029036 (VIOLATED)
max_cap417/A                            0.350000    0.379030   -0.029030 (VIOLATED)
ANTENNA_2262/DIODE                      0.350000    0.379019   -0.029019 (VIOLATED)
ANTENNA_2260/DIODE                      0.350000    0.379019   -0.029019 (VIOLATED)
ANTENNA_2258/DIODE                      0.350000    0.379019   -0.029019 (VIOLATED)
ANTENNA_2255/DIODE                      0.350000    0.379018   -0.029018 (VIOLATED)
ANTENNA_2257/DIODE                      0.350000    0.379018   -0.029018 (VIOLATED)
ANTENNA_2254/DIODE                      0.350000    0.379018   -0.029018 (VIOLATED)
ANTENNA_2253/DIODE                      0.350000    0.379015   -0.029015 (VIOLATED)
ANTENNA_2261/DIODE                      0.350000    0.379015   -0.029015 (VIOLATED)
ANTENNA_2259/DIODE                      0.350000    0.379014   -0.029014 (VIOLATED)
ANTENNA_2263/DIODE                      0.350000    0.379008   -0.029008 (VIOLATED)
ANTENNA_2256/DIODE                      0.350000    0.379008   -0.029008 (VIOLATED)
wire361/X                               0.350000    0.378930   -0.028930 (VIOLATED)
ANTENNA_2026/DIODE                      0.350000    0.378867   -0.028867 (VIOLATED)
ANTENNA_2025/DIODE                      0.350000    0.378867   -0.028867 (VIOLATED)
ANTENNA_2024/DIODE                      0.350000    0.378867   -0.028867 (VIOLATED)
ANTENNA_2030/DIODE                      0.350000    0.378866   -0.028866 (VIOLATED)
ANTENNA_2023/DIODE                      0.350000    0.378866   -0.028866 (VIOLATED)
ANTENNA_2029/DIODE                      0.350000    0.378866   -0.028866 (VIOLATED)
ANTENNA_2022/DIODE                      0.350000    0.378862   -0.028862 (VIOLATED)
ANTENNA_2032/DIODE                      0.350000    0.378862   -0.028862 (VIOLATED)
ANTENNA_2031/DIODE                      0.350000    0.378862   -0.028862 (VIOLATED)
ANTENNA_2028/DIODE                      0.350000    0.378858   -0.028858 (VIOLATED)
ANTENNA_2027/DIODE                      0.350000    0.378858   -0.028858 (VIOLATED)
u_memory._236_/X                        0.350000    0.378857   -0.028857 (VIOLATED)
u_memory._297_/X                        0.350000    0.378827   -0.028827 (VIOLATED)
max_cap550/A                            0.350000    0.378781   -0.028781 (VIOLATED)
max_cap503/A                            0.350000    0.378665   -0.028665 (VIOLATED)
max_cap504/A                            0.350000    0.378659   -0.028659 (VIOLATED)
ANTENNA_2551/DIODE                      0.350000    0.378656   -0.028656 (VIOLATED)
ANTENNA_2549/DIODE                      0.350000    0.378656   -0.028656 (VIOLATED)
ANTENNA_2547/DIODE                      0.350000    0.378656   -0.028656 (VIOLATED)
ANTENNA_2546/DIODE                      0.350000    0.378655   -0.028655 (VIOLATED)
_040_/D                                 0.350000    0.378654   -0.028654 (VIOLATED)
ANTENNA_2545/DIODE                      0.350000    0.378654   -0.028654 (VIOLATED)
ANTENNA_2544/DIODE                      0.350000    0.378654   -0.028654 (VIOLATED)
ANTENNA_2543/DIODE                      0.350000    0.378648   -0.028648 (VIOLATED)
ANTENNA_2553/DIODE                      0.350000    0.378631   -0.028631 (VIOLATED)
ANTENNA_2552/DIODE                      0.350000    0.378630   -0.028630 (VIOLATED)
ANTENNA_2550/DIODE                      0.350000    0.378630   -0.028630 (VIOLATED)
ANTENNA_2548/DIODE                      0.350000    0.378629   -0.028629 (VIOLATED)
u_memory._348_/X                        0.350000    0.378627   -0.028627 (VIOLATED)
u_memory._291_/B2                       0.350000    0.378545   -0.028545 (VIOLATED)
wire418/X                               0.350000    0.378504   -0.028504 (VIOLATED)
max_cap614/X                            0.350000    0.378461   -0.028461 (VIOLATED)
max_cap558/X                            0.350000    0.378208   -0.028208 (VIOLATED)
max_cap556/X                            0.350000    0.378196   -0.028196 (VIOLATED)
_045_/D                                 0.350000    0.378171   -0.028171 (VIOLATED)
u_memory._363_/X                        0.350000    0.378135   -0.028135 (VIOLATED)
u_memory._290_/X                        0.350000    0.378088   -0.028088 (VIOLATED)
max_cap522/X                            0.350000    0.378055   -0.028055 (VIOLATED)
u_memory.g_read[1].g_bank[1].g_slice[0].u_sram/din[4]    0.350000    0.377940   -0.027940 (VIOLATED)
wire453/X                               0.350000    0.377927   -0.027927 (VIOLATED)
output73/A                              0.350000    0.377920   -0.027920 (VIOLATED)
_001_/Q                                 0.350000    0.377875   -0.027875 (VIOLATED)
u_memory._394_/A                        0.350000    0.377658   -0.027658 (VIOLATED)
wire505/X                               0.350000    0.377655   -0.027655 (VIOLATED)
u_memory._379_/A                        0.350000    0.377630   -0.027630 (VIOLATED)
u_memory._409_/A                        0.350000    0.377611   -0.027611 (VIOLATED)
u_memory._418_/A                        0.350000    0.377563   -0.027563 (VIOLATED)
u_memory._342_/A1                       0.350000    0.377531   -0.027531 (VIOLATED)
ANTENNA_778/DIODE                       0.350000    0.377530   -0.027530 (VIOLATED)
ANTENNA_776/DIODE                       0.350000    0.377529   -0.027529 (VIOLATED)
ANTENNA_775/DIODE                       0.350000    0.377526   -0.027526 (VIOLATED)
ANTENNA_779/DIODE                       0.350000    0.377515   -0.027515 (VIOLATED)
u_memory._403_/A                        0.350000    0.377515   -0.027515 (VIOLATED)
ANTENNA_777/DIODE                       0.350000    0.377515   -0.027515 (VIOLATED)
max_cap605/X                            0.350000    0.377420   -0.027420 (VIOLATED)
u_memory._415_/A                        0.350000    0.377408   -0.027408 (VIOLATED)
ANTENNA_2071/DIODE                      0.350000    0.377313   -0.027313 (VIOLATED)
ANTENNA_2070/DIODE                      0.350000    0.377312   -0.027312 (VIOLATED)
ANTENNA_2069/DIODE                      0.350000    0.377312   -0.027312 (VIOLATED)
ANTENNA_2066/DIODE                      0.350000    0.377312   -0.027312 (VIOLATED)
ANTENNA_2076/DIODE                      0.350000    0.377312   -0.027312 (VIOLATED)
ANTENNA_2068/DIODE                      0.350000    0.377312   -0.027312 (VIOLATED)
ANTENNA_2075/DIODE                      0.350000    0.377311   -0.027311 (VIOLATED)
ANTENNA_2067/DIODE                      0.350000    0.377311   -0.027311 (VIOLATED)
ANTENNA_2074/DIODE                      0.350000    0.377311   -0.027311 (VIOLATED)
ANTENNA_2073/DIODE                      0.350000    0.377307   -0.027307 (VIOLATED)
ANTENNA_2072/DIODE                      0.350000    0.377306   -0.027306 (VIOLATED)
wire257/X                               0.350000    0.377033   -0.027033 (VIOLATED)
output87/A                              0.350000    0.376886   -0.026886 (VIOLATED)
max_cap529/X                            0.350000    0.376480   -0.026480 (VIOLATED)
hold86/A                                0.350000    0.376359   -0.026359 (VIOLATED)
hold141/X                               0.350000    0.376336   -0.026336 (VIOLATED)
u_memory._374_/B2                       0.350000    0.376219   -0.026219 (VIOLATED)
u_memory._377_/B2                       0.350000    0.376143   -0.026143 (VIOLATED)
u_memory._212_/B1                       0.350000    0.376118   -0.026118 (VIOLATED)
ANTENNA_36/DIODE                        0.350000    0.376109   -0.026109 (VIOLATED)
ANTENNA_38/DIODE                        0.350000    0.376103   -0.026103 (VIOLATED)
ANTENNA_37/DIODE                        0.350000    0.376096   -0.026096 (VIOLATED)
_133_/D                                 0.350000    0.376095   -0.026095 (VIOLATED)
fanout372/A                             0.350000    0.376086   -0.026086 (VIOLATED)
u_memory._429_/Q                        0.350000    0.376070   -0.026070 (VIOLATED)
input70/X                               0.350000    0.376053   -0.026053 (VIOLATED)
u_memory.g_read[1].g_bank[1].g_slice[0].u_sram/din[7]    0.350000    0.375888   -0.025888 (VIOLATED)
u_memory._210_/X                        0.350000    0.375660   -0.025660 (VIOLATED)
_068_/D                                 0.350000    0.375531   -0.025531 (VIOLATED)
wire648/X                               0.350000    0.375503   -0.025503 (VIOLATED)
u_memory._299_/A1                       0.350000    0.375166   -0.025166 (VIOLATED)
u_memory._287_/A1                       0.350000    0.375157   -0.025157 (VIOLATED)
ANTENNA_1560/DIODE                      0.350000    0.375063   -0.025063 (VIOLATED)
ANTENNA_1570/DIODE                      0.350000    0.375063   -0.025063 (VIOLATED)
ANTENNA_1569/DIODE                      0.350000    0.375057   -0.025056 (VIOLATED)
ANTENNA_1568/DIODE                      0.350000    0.375056   -0.025056 (VIOLATED)
ANTENNA_1561/DIODE                      0.350000    0.375056   -0.025056 (VIOLATED)
ANTENNA_1562/DIODE                      0.350000    0.375055   -0.025055 (VIOLATED)
ANTENNA_1563/DIODE                      0.350000    0.375055   -0.025055 (VIOLATED)
ANTENNA_1564/DIODE                      0.350000    0.375054   -0.025054 (VIOLATED)
ANTENNA_1565/DIODE                      0.350000    0.375053   -0.025053 (VIOLATED)
ANTENNA_1567/DIODE                      0.350000    0.375038   -0.025038 (VIOLATED)
ANTENNA_1566/DIODE                      0.350000    0.375038   -0.025038 (VIOLATED)
wire425/A                               0.350000    0.374972   -0.024972 (VIOLATED)
ANTENNA_1826/DIODE                      0.350000    0.374938   -0.024938 (VIOLATED)
ANTENNA_1825/DIODE                      0.350000    0.374938   -0.024938 (VIOLATED)
ANTENNA_1824/DIODE                      0.350000    0.374937   -0.024937 (VIOLATED)
ANTENNA_1833/DIODE                      0.350000    0.374926   -0.024926 (VIOLATED)
ANTENNA_1831/DIODE                      0.350000    0.374926   -0.024926 (VIOLATED)
ANTENNA_1828/DIODE                      0.350000    0.374891   -0.024891 (VIOLATED)
ANTENNA_1827/DIODE                      0.350000    0.374891   -0.024891 (VIOLATED)
ANTENNA_1829/DIODE                      0.350000    0.374891   -0.024891 (VIOLATED)
ANTENNA_1830/DIODE                      0.350000    0.374889   -0.024889 (VIOLATED)
ANTENNA_1832/DIODE                      0.350000    0.374887   -0.024887 (VIOLATED)
ANTENNA_1834/DIODE                      0.350000    0.374885   -0.024885 (VIOLATED)
u_memory._389_/B2                       0.350000    0.374879   -0.024879 (VIOLATED)
u_memory._275_/A1                       0.350000    0.374832   -0.024832 (VIOLATED)
max_cap426/A                            0.350000    0.374510   -0.024510 (VIOLATED)
fanout173/A                             0.350000    0.374499   -0.024499 (VIOLATED)
u_memory._263_/A1                       0.350000    0.374472   -0.024472 (VIOLATED)
u_memory._173_/Y                        0.350000    0.374445   -0.024445 (VIOLATED)
u_memory._386_/B2                       0.350000    0.374434   -0.024434 (VIOLATED)
max_cap449/X                            0.350000    0.374387   -0.024387 (VIOLATED)
u_memory._180_/A2                       0.350000    0.374321   -0.024321 (VIOLATED)
max_cap490/X                            0.350000    0.374207   -0.024207 (VIOLATED)
u_memory._401_/B2                       0.350000    0.374092   -0.024092 (VIOLATED)
u_memory._392_/B2                       0.350000    0.374021   -0.024021 (VIOLATED)
ANTENNA_2573/DIODE                      0.350000    0.373677   -0.023677 (VIOLATED)
ANTENNA_2571/DIODE                      0.350000    0.373676   -0.023676 (VIOLATED)
ANTENNA_2567/DIODE                      0.350000    0.373676   -0.023676 (VIOLATED)
ANTENNA_2566/DIODE                      0.350000    0.373676   -0.023676 (VIOLATED)
ANTENNA_2575/DIODE                      0.350000    0.373664   -0.023664 (VIOLATED)
ANTENNA_2574/DIODE                      0.350000    0.373663   -0.023663 (VIOLATED)
ANTENNA_2572/DIODE                      0.350000    0.373663   -0.023663 (VIOLATED)
ANTENNA_2570/DIODE                      0.350000    0.373663   -0.023663 (VIOLATED)
ANTENNA_2569/DIODE                      0.350000    0.373662   -0.023662 (VIOLATED)
ANTENNA_2568/DIODE                      0.350000    0.373662   -0.023662 (VIOLATED)
ANTENNA_2565/DIODE                      0.350000    0.373661   -0.023661 (VIOLATED)
u_memory._407_/B2                       0.350000    0.373607   -0.023607 (VIOLATED)
u_memory._383_/B2                       0.350000    0.373554   -0.023554 (VIOLATED)
_075_/D                                 0.350000    0.373250   -0.023250 (VIOLATED)
ANTENNA_216/DIODE                       0.350000    0.373249   -0.023249 (VIOLATED)
input21/X                               0.350000    0.373223   -0.023223 (VIOLATED)
u_memory._413_/B2                       0.350000    0.373207   -0.023207 (VIOLATED)
u_memory._264_/A1                       0.350000    0.373071   -0.023071 (VIOLATED)
max_cap608/X                            0.350000    0.372969   -0.022969 (VIOLATED)
_023_/Q                                 0.350000    0.372946   -0.022946 (VIOLATED)
u_memory.g_read[0].g_bank[0].g_slice[0].u_sram/addr[0]    0.350000    0.372860   -0.022860 (VIOLATED)
u_memory._416_/B2                       0.350000    0.372675   -0.022675 (VIOLATED)
u_memory._398_/B2                       0.350000    0.372485   -0.022485 (VIOLATED)
u_memory._404_/B2                       0.350000    0.372352   -0.022352 (VIOLATED)
output98/A                              0.350000    0.372320   -0.022320 (VIOLATED)
u_memory._410_/B2                       0.350000    0.372316   -0.022316 (VIOLATED)
u_memory._360_/B1                       0.350000    0.372315   -0.022315 (VIOLATED)
ANTENNA_166/DIODE                       0.350000    0.372312   -0.022312 (VIOLATED)
ANTENNA_164/DIODE                       0.350000    0.372310   -0.022310 (VIOLATED)
ANTENNA_165/DIODE                       0.350000    0.372308   -0.022308 (VIOLATED)
ANTENNA_167/DIODE                       0.350000    0.372306   -0.022306 (VIOLATED)
_033_/Q                                 0.350000    0.372298   -0.022298 (VIOLATED)
ANTENNA_1071/DIODE                      0.350000    0.372295   -0.022295 (VIOLATED)
ANTENNA_1070/DIODE                      0.350000    0.372290   -0.022290 (VIOLATED)
u_memory._248_/A1                       0.350000    0.372288   -0.022288 (VIOLATED)
ANTENNA_1072/DIODE                      0.350000    0.372281   -0.022281 (VIOLATED)
u_memory._336_/B1                       0.350000    0.372139   -0.022139 (VIOLATED)
ANTENNA_140/DIODE                       0.350000    0.372135   -0.022135 (VIOLATED)
ANTENNA_138/DIODE                       0.350000    0.372134   -0.022134 (VIOLATED)
ANTENNA_139/DIODE                       0.350000    0.372132   -0.022132 (VIOLATED)
u_memory._395_/B2                       0.350000    0.371977   -0.021977 (VIOLATED)
u_memory._358_/X                        0.350000    0.371963   -0.021963 (VIOLATED)
ANTENNA_35/DIODE                        0.350000    0.371840   -0.021840 (VIOLATED)
ANTENNA_33/DIODE                        0.350000    0.371837   -0.021837 (VIOLATED)
u_memory._209_/B2                       0.350000    0.371836   -0.021836 (VIOLATED)
u_memory._380_/B2                       0.350000    0.371836   -0.021835 (VIOLATED)
ANTENNA_34/DIODE                        0.350000    0.371831   -0.021831 (VIOLATED)
u_memory._334_/X                        0.350000    0.371828   -0.021828 (VIOLATED)
fanout174/X                             0.350000    0.371747   -0.021747 (VIOLATED)
wire332/X                               0.350000    0.371706   -0.021706 (VIOLATED)
u_memory._205_/X                        0.350000    0.371411   -0.021411 (VIOLATED)
u_memory._179_/X                        0.350000    0.371184   -0.021184 (VIOLATED)
u_memory.g_read[0].g_bank[0].g_slice[0].u_sram/wmask[1]    0.350000    0.371152   -0.021152 (VIOLATED)
output135/A                             0.350000    0.371132   -0.021132 (VIOLATED)
_009_/Q                                 0.350000    0.371096   -0.021096 (VIOLATED)
ANTENNA_2663/DIODE                      0.350000    0.370939   -0.020939 (VIOLATED)
ANTENNA_2660/DIODE                      0.350000    0.370938   -0.020938 (VIOLATED)
ANTENNA_2657/DIODE                      0.350000    0.370938   -0.020938 (VIOLATED)
ANTENNA_2656/DIODE                      0.350000    0.370938   -0.020938 (VIOLATED)
ANTENNA_2655/DIODE                      0.350000    0.370937   -0.020937 (VIOLATED)
ANTENNA_2661/DIODE                      0.350000    0.370936   -0.020936 (VIOLATED)
ANTENNA_2658/DIODE                      0.350000    0.370936   -0.020936 (VIOLATED)
ANTENNA_2654/DIODE                      0.350000    0.370936   -0.020936 (VIOLATED)
ANTENNA_2653/DIODE                      0.350000    0.370935   -0.020935 (VIOLATED)
ANTENNA_2662/DIODE                      0.350000    0.370933   -0.020933 (VIOLATED)
ANTENNA_2659/DIODE                      0.350000    0.370933   -0.020933 (VIOLATED)
u_memory.g_read[0].g_bank[1].g_slice[0].u_sram/addr[0]    0.350000    0.370682   -0.020682 (VIOLATED)
u_memory._334_/C                        0.350000    0.370315   -0.020315 (VIOLATED)
ANTENNA_626/DIODE                       0.350000    0.370312   -0.020312 (VIOLATED)
ANTENNA_624/DIODE                       0.350000    0.370310   -0.020310 (VIOLATED)
max_cap621/X                            0.350000    0.370295   -0.020295 (VIOLATED)
ANTENNA_623/DIODE                       0.350000    0.370293   -0.020293 (VIOLATED)
ANTENNA_625/DIODE                       0.350000    0.370279   -0.020279 (VIOLATED)
u_memory._342_/B1                       0.350000    0.370277   -0.020277 (VIOLATED)
ANTENNA_146/DIODE                       0.350000    0.370276   -0.020276 (VIOLATED)
ANTENNA_144/DIODE                       0.350000    0.370273   -0.020273 (VIOLATED)
ANTENNA_145/DIODE                       0.350000    0.370269   -0.020269 (VIOLATED)
u_memory.g_read[0].g_bank[1].g_slice[0].u_sram/wmask[1]    0.350000    0.370253   -0.020253 (VIOLATED)
u_memory._340_/X                        0.350000    0.369875   -0.019875 (VIOLATED)
ANTENNA_2576/DIODE                      0.350000    0.369866   -0.019866 (VIOLATED)
ANTENNA_2581/DIODE                      0.350000    0.369857   -0.019857 (VIOLATED)
ANTENNA_2580/DIODE                      0.350000    0.369857   -0.019857 (VIOLATED)
ANTENNA_2579/DIODE                      0.350000    0.369856   -0.019856 (VIOLATED)
ANTENNA_2583/DIODE                      0.350000    0.369855   -0.019855 (VIOLATED)
ANTENNA_2578/DIODE                      0.350000    0.369855   -0.019855 (VIOLATED)
ANTENNA_2582/DIODE                      0.350000    0.369855   -0.019855 (VIOLATED)
ANTENNA_2577/DIODE                      0.350000    0.369855   -0.019855 (VIOLATED)
ANTENNA_2586/DIODE                      0.350000    0.369837   -0.019837 (VIOLATED)
ANTENNA_2585/DIODE                      0.350000    0.369837   -0.019837 (VIOLATED)
ANTENNA_2584/DIODE                      0.350000    0.369837   -0.019837 (VIOLATED)
ANTENNA_1769/DIODE                      0.350000    0.369817   -0.019817 (VIOLATED)
ANTENNA_1779/DIODE                      0.350000    0.369816   -0.019816 (VIOLATED)
ANTENNA_1778/DIODE                      0.350000    0.369816   -0.019816 (VIOLATED)
ANTENNA_1776/DIODE                      0.350000    0.369816   -0.019816 (VIOLATED)
ANTENNA_1774/DIODE                      0.350000    0.369815   -0.019815 (VIOLATED)
ANTENNA_1777/DIODE                      0.350000    0.369813   -0.019813 (VIOLATED)
ANTENNA_1775/DIODE                      0.350000    0.369813   -0.019813 (VIOLATED)
ANTENNA_1773/DIODE                      0.350000    0.369813   -0.019813 (VIOLATED)
ANTENNA_1771/DIODE                      0.350000    0.369813   -0.019813 (VIOLATED)
ANTENNA_1772/DIODE                      0.350000    0.369812   -0.019812 (VIOLATED)
ANTENNA_1770/DIODE                      0.350000    0.369802   -0.019802 (VIOLATED)
wire214/X                               0.350000    0.369696   -0.019696 (VIOLATED)
ANTENNA_1382/DIODE                      0.350000    0.369178   -0.019178 (VIOLATED)
ANTENNA_1387/DIODE                      0.350000    0.369176   -0.019176 (VIOLATED)
ANTENNA_1383/DIODE                      0.350000    0.369175   -0.019175 (VIOLATED)
max_cap610/X                            0.350000    0.369151   -0.019151 (VIOLATED)
ANTENNA_1391/DIODE                      0.350000    0.369137   -0.019137 (VIOLATED)
ANTENNA_1389/DIODE                      0.350000    0.369137   -0.019137 (VIOLATED)
ANTENNA_1388/DIODE                      0.350000    0.369137   -0.019137 (VIOLATED)
ANTENNA_1384/DIODE                      0.350000    0.369136   -0.019136 (VIOLATED)
ANTENNA_1385/DIODE                      0.350000    0.369135   -0.019135 (VIOLATED)
ANTENNA_1386/DIODE                      0.350000    0.369132   -0.019132 (VIOLATED)
ANTENNA_1390/DIODE                      0.350000    0.369083   -0.019083 (VIOLATED)
ANTENNA_1392/DIODE                      0.350000    0.369083   -0.019083 (VIOLATED)
max_cap481/X                            0.350000    0.369044   -0.019044 (VIOLATED)
max_cap420/X                            0.350000    0.368385   -0.018385 (VIOLATED)
u_memory._212_/A1                       0.350000    0.368321   -0.018321 (VIOLATED)
ANTENNA_1162/DIODE                      0.350000    0.368319   -0.018319 (VIOLATED)
ANTENNA_1160/DIODE                      0.350000    0.368315   -0.018315 (VIOLATED)
wire154/A                               0.350000    0.368293   -0.018293 (VIOLATED)
u_memory._180_/Y                        0.350000    0.368290   -0.018290 (VIOLATED)
ANTENNA_1161/DIODE                      0.350000    0.368282   -0.018282 (VIOLATED)
ANTENNA_1163/DIODE                      0.350000    0.368264   -0.018264 (VIOLATED)
u_memory._375_/A1                       0.350000    0.368143   -0.018143 (VIOLATED)
ANTENNA_853/DIODE                       0.350000    0.368142   -0.018142 (VIOLATED)
ANTENNA_851/DIODE                       0.350000    0.368141   -0.018141 (VIOLATED)
ANTENNA_852/DIODE                       0.350000    0.368133   -0.018133 (VIOLATED)
ANTENNA_854/DIODE                       0.350000    0.368132   -0.018132 (VIOLATED)
ANTENNA_2011/DIODE                      0.350000    0.368051   -0.018051 (VIOLATED)
ANTENNA_2012/DIODE                      0.350000    0.368013   -0.018013 (VIOLATED)
ANTENNA_2013/DIODE                      0.350000    0.368011   -0.018011 (VIOLATED)
ANTENNA_2014/DIODE                      0.350000    0.368009   -0.018009 (VIOLATED)
ANTENNA_2015/DIODE                      0.350000    0.368007   -0.018007 (VIOLATED)
ANTENNA_2016/DIODE                      0.350000    0.368006   -0.018006 (VIOLATED)
ANTENNA_2019/DIODE                      0.350000    0.367980   -0.017980 (VIOLATED)
ANTENNA_2018/DIODE                      0.350000    0.367980   -0.017980 (VIOLATED)
ANTENNA_2017/DIODE                      0.350000    0.367980   -0.017980 (VIOLATED)
ANTENNA_2020/DIODE                      0.350000    0.367964   -0.017964 (VIOLATED)
ANTENNA_2021/DIODE                      0.350000    0.367964   -0.017964 (VIOLATED)
wire357/X                               0.350000    0.367841   -0.017841 (VIOLATED)
ANTENNA_1359/DIODE                      0.350000    0.367823   -0.017823 (VIOLATED)
ANTENNA_1358/DIODE                      0.350000    0.367823   -0.017823 (VIOLATED)
ANTENNA_1357/DIODE                      0.350000    0.367814   -0.017814 (VIOLATED)
ANTENNA_1350/DIODE                      0.350000    0.367814   -0.017814 (VIOLATED)
ANTENNA_1354/DIODE                      0.350000    0.367814   -0.017814 (VIOLATED)
ANTENNA_1351/DIODE                      0.350000    0.367813   -0.017814 (VIOLATED)
ANTENNA_1353/DIODE                      0.350000    0.367813   -0.017813 (VIOLATED)
ANTENNA_1352/DIODE                      0.350000    0.367813   -0.017813 (VIOLATED)
ANTENNA_1349/DIODE                      0.350000    0.367806   -0.017806 (VIOLATED)
ANTENNA_1355/DIODE                      0.350000    0.367741   -0.017741 (VIOLATED)
ANTENNA_1356/DIODE                      0.350000    0.367738   -0.017738 (VIOLATED)
wire277/X                               0.350000    0.367724   -0.017724 (VIOLATED)
ANTENNA_1846/DIODE                      0.350000    0.367545   -0.017545 (VIOLATED)
ANTENNA_1856/DIODE                      0.350000    0.367544   -0.017544 (VIOLATED)
ANTENNA_1854/DIODE                      0.350000    0.367544   -0.017544 (VIOLATED)
ANTENNA_1852/DIODE                      0.350000    0.367544   -0.017544 (VIOLATED)
ANTENNA_1848/DIODE                      0.350000    0.367529   -0.017529 (VIOLATED)
ANTENNA_1850/DIODE                      0.350000    0.367528   -0.017528 (VIOLATED)
ANTENNA_1851/DIODE                      0.350000    0.367527   -0.017527 (VIOLATED)
ANTENNA_1855/DIODE                      0.350000    0.367527   -0.017527 (VIOLATED)
ANTENNA_1853/DIODE                      0.350000    0.367527   -0.017527 (VIOLATED)
ANTENNA_1849/DIODE                      0.350000    0.367493   -0.017493 (VIOLATED)
ANTENNA_1847/DIODE                      0.350000    0.367491   -0.017491 (VIOLATED)
max_cap544/A                            0.350000    0.367462   -0.017462 (VIOLATED)
u_memory._331_/C                        0.350000    0.367421   -0.017421 (VIOLATED)
ANTENNA_630/DIODE                       0.350000    0.367420   -0.017420 (VIOLATED)
ANTENNA_628/DIODE                       0.350000    0.367419   -0.017419 (VIOLATED)
ANTENNA_627/DIODE                       0.350000    0.367418   -0.017418 (VIOLATED)
ANTENNA_629/DIODE                       0.350000    0.367395   -0.017395 (VIOLATED)
max_cap520/X                            0.350000    0.367290   -0.017290 (VIOLATED)
max_cap415/X                            0.350000    0.367135   -0.017135 (VIOLATED)
wire215/X                               0.350000    0.366897   -0.016897 (VIOLATED)
_089_/D                                 0.350000    0.366895   -0.016895 (VIOLATED)
u_memory.g_read[1].g_bank[2].g_slice[0].u_sram/din[30]    0.350000    0.366851   -0.016851 (VIOLATED)
max_cap494/X                            0.350000    0.366815   -0.016815 (VIOLATED)
u_memory._209_/A2                       0.350000    0.366814   -0.016814 (VIOLATED)
u_memory._218_/A2                       0.350000    0.366802   -0.016802 (VIOLATED)
u_memory._212_/A2                       0.350000    0.366792   -0.016792 (VIOLATED)
u_memory._221_/A2                       0.350000    0.366790   -0.016790 (VIOLATED)
u_memory._224_/A2                       0.350000    0.366773   -0.016773 (VIOLATED)
u_memory._215_/A2                       0.350000    0.366771   -0.016771 (VIOLATED)
u_memory._230_/A2                       0.350000    0.366748   -0.016748 (VIOLATED)
u_memory._227_/A2                       0.350000    0.366746   -0.016746 (VIOLATED)
u_memory._233_/A2                       0.350000    0.366722   -0.016722 (VIOLATED)
u_memory._237_/A2                       0.350000    0.366695   -0.016695 (VIOLATED)
u_memory._243_/A2                       0.350000    0.366658   -0.016658 (VIOLATED)
u_memory._240_/A2                       0.350000    0.366632   -0.016632 (VIOLATED)
u_memory._246_/A2                       0.350000    0.366612   -0.016612 (VIOLATED)
max_cap545/X                            0.350000    0.366587   -0.016587 (VIOLATED)
input26/X                               0.350000    0.366585   -0.016585 (VIOLATED)
u_memory._249_/A2                       0.350000    0.366532   -0.016532 (VIOLATED)
u_memory._255_/A2                       0.350000    0.366293   -0.016292 (VIOLATED)
ANTENNA_1437/DIODE                      0.350000    0.366292   -0.016292 (VIOLATED)
u_memory._252_/A2                       0.350000    0.366267   -0.016267 (VIOLATED)
ANTENNA_1446/DIODE                      0.350000    0.366257   -0.016257 (VIOLATED)
ANTENNA_1442/DIODE                      0.350000    0.366257   -0.016257 (VIOLATED)
ANTENNA_1441/DIODE                      0.350000    0.366257   -0.016257 (VIOLATED)
ANTENNA_1440/DIODE                      0.350000    0.366255   -0.016255 (VIOLATED)
ANTENNA_1439/DIODE                      0.350000    0.366253   -0.016253 (VIOLATED)
ANTENNA_1438/DIODE                      0.350000    0.366251   -0.016251 (VIOLATED)
fanout182/X                             0.350000    0.366206   -0.016206 (VIOLATED)
ANTENNA_1443/DIODE                      0.350000    0.366176   -0.016176 (VIOLATED)
ANTENNA_1444/DIODE                      0.350000    0.366174   -0.016174 (VIOLATED)
ANTENNA_1445/DIODE                      0.350000    0.366171   -0.016171 (VIOLATED)
ANTENNA_1447/DIODE                      0.350000    0.366168   -0.016168 (VIOLATED)
u_memory._371_/A1                       0.350000    0.365924   -0.015924 (VIOLATED)
max_cap429/X                            0.350000    0.365640   -0.015640 (VIOLATED)
u_memory._254_/A2                       0.350000    0.365445   -0.015445 (VIOLATED)
ANTENNA_1064/DIODE                      0.350000    0.365443   -0.015443 (VIOLATED)
ANTENNA_1062/DIODE                      0.350000    0.365443   -0.015443 (VIOLATED)
ANTENNA_1063/DIODE                      0.350000    0.365436   -0.015436 (VIOLATED)
ANTENNA_1065/DIODE                      0.350000    0.365434   -0.015434 (VIOLATED)
u_memory._252_/B1                       0.350000    0.365206   -0.015206 (VIOLATED)
ANTENNA_77/DIODE                        0.350000    0.365203   -0.015203 (VIOLATED)
ANTENNA_76/DIODE                        0.350000    0.365201   -0.015201 (VIOLATED)
ANTENNA_78/DIODE                        0.350000    0.365197   -0.015197 (VIOLATED)
wire246/X                               0.350000    0.365041   -0.015040 (VIOLATED)
u_memory._250_/X                        0.350000    0.364838   -0.014838 (VIOLATED)
wire330/X                               0.350000    0.364822   -0.014822 (VIOLATED)
_033_/D                                 0.350000    0.364750   -0.014750 (VIOLATED)
u_memory._327_/X                        0.350000    0.364722   -0.014722 (VIOLATED)
u_memory._173_/A                        0.350000    0.364715   -0.014715 (VIOLATED)
u_memory._204_/B                        0.350000    0.364582   -0.014582 (VIOLATED)
ANTENNA_1721/DIODE                      0.350000    0.364481   -0.014481 (VIOLATED)
ANTENNA_1720/DIODE                      0.350000    0.364481   -0.014481 (VIOLATED)
ANTENNA_1719/DIODE                      0.350000    0.364481   -0.014481 (VIOLATED)
ANTENNA_1714/DIODE                      0.350000    0.364480   -0.014480 (VIOLATED)
ANTENNA_1718/DIODE                      0.350000    0.364480   -0.014480 (VIOLATED)
ANTENNA_1724/DIODE                      0.350000    0.364480   -0.014480 (VIOLATED)
ANTENNA_1723/DIODE                      0.350000    0.364480   -0.014480 (VIOLATED)
ANTENNA_1717/DIODE                      0.350000    0.364480   -0.014480 (VIOLATED)
ANTENNA_1722/DIODE                      0.350000    0.364480   -0.014480 (VIOLATED)
ANTENNA_1716/DIODE                      0.350000    0.364472   -0.014472 (VIOLATED)
ANTENNA_1715/DIODE                      0.350000    0.364471   -0.014471 (VIOLATED)
ANTENNA_2363/DIODE                      0.350000    0.364230   -0.014230 (VIOLATED)
ANTENNA_2362/DIODE                      0.350000    0.364223   -0.014223 (VIOLATED)
ANTENNA_2361/DIODE                      0.350000    0.364222   -0.014222 (VIOLATED)
ANTENNA_2359/DIODE                      0.350000    0.364222   -0.014222 (VIOLATED)
ANTENNA_2357/DIODE                      0.350000    0.364222   -0.014222 (VIOLATED)
ANTENNA_2356/DIODE                      0.350000    0.364221   -0.014221 (VIOLATED)
ANTENNA_2355/DIODE                      0.350000    0.364221   -0.014221 (VIOLATED)
ANTENNA_2354/DIODE                      0.350000    0.364218   -0.014218 (VIOLATED)
u_memory._272_/B2                       0.350000    0.364204   -0.014204 (VIOLATED)
u_memory._278_/B2                       0.350000    0.364182   -0.014182 (VIOLATED)
ANTENNA_2358/DIODE                      0.350000    0.364158   -0.014158 (VIOLATED)
ANTENNA_2360/DIODE                      0.350000    0.364155   -0.014155 (VIOLATED)
ANTENNA_2364/DIODE                      0.350000    0.364151   -0.014151 (VIOLATED)
u_memory._284_/B2                       0.350000    0.364094   -0.014094 (VIOLATED)
u_memory._276_/A1                       0.350000    0.363956   -0.013956 (VIOLATED)
u_memory._203_/A_N                      0.350000    0.363910   -0.013910 (VIOLATED)
max_cap473/X                            0.350000    0.363782   -0.013782 (VIOLATED)
u_memory._374_/A1                       0.350000    0.363724   -0.013724 (VIOLATED)
u_memory._377_/A1                       0.350000    0.363662   -0.013662 (VIOLATED)
max_cap574/X                            0.350000    0.363481   -0.013481 (VIOLATED)
max_cap430/X                            0.350000    0.363476   -0.013476 (VIOLATED)
u_memory._207_/B                        0.350000    0.363372   -0.013372 (VIOLATED)
u_memory._290_/B2                       0.350000    0.363367   -0.013367 (VIOLATED)
fanout185/A                             0.350000    0.363363   -0.013363 (VIOLATED)
u_memory.g_read[0].g_bank[0].g_slice[0].u_sram/addr[1]    0.350000    0.363357   -0.013357 (VIOLATED)
u_memory._266_/C1                       0.350000    0.363337   -0.013337 (VIOLATED)
u_memory._296_/B2                       0.350000    0.363336   -0.013336 (VIOLATED)
u_memory._260_/C1                       0.350000    0.363327   -0.013327 (VIOLATED)
u_memory._281_/B2                       0.350000    0.363315   -0.013315 (VIOLATED)
u_memory._302_/B2                       0.350000    0.363306   -0.013306 (VIOLATED)
u_memory._272_/C1                       0.350000    0.363284   -0.013284 (VIOLATED)
u_memory._258_/B1                       0.350000    0.363281   -0.013281 (VIOLATED)
u_memory._206_/B                        0.350000    0.363278   -0.013278 (VIOLATED)
ANTENNA_84/DIODE                        0.350000    0.363277   -0.013277 (VIOLATED)
ANTENNA_83/DIODE                        0.350000    0.363276   -0.013276 (VIOLATED)
ANTENNA_85/DIODE                        0.350000    0.363261   -0.013261 (VIOLATED)
u_memory._278_/C1                       0.350000    0.363129   -0.013129 (VIOLATED)
u_memory._269_/C1                       0.350000    0.362999   -0.012999 (VIOLATED)
u_memory._284_/C1                       0.350000    0.362953   -0.012953 (VIOLATED)
u_memory._293_/B2                       0.350000    0.362946   -0.012946 (VIOLATED)
u_memory._256_/X                        0.350000    0.362925   -0.012925 (VIOLATED)
fanout190/X                             0.350000    0.362923   -0.012923 (VIOLATED)
wire388/A                               0.350000    0.362796   -0.012796 (VIOLATED)
ANTENNA_2739/DIODE                      0.350000    0.362765   -0.012765 (VIOLATED)
u_memory.g_read[1].g_bank[1].g_slice[0].u_sram/din[16]    0.350000    0.362558   -0.012558 (VIOLATED)
u_memory._389_/A2                       0.350000    0.362033   -0.012033 (VIOLATED)
u_memory._290_/C1                       0.350000    0.361961   -0.011961 (VIOLATED)
u_memory._296_/C1                       0.350000    0.361905   -0.011905 (VIOLATED)
u_memory._281_/C1                       0.350000    0.361894   -0.011894 (VIOLATED)
u_memory._302_/C1                       0.350000    0.361889   -0.011889 (VIOLATED)
fanout186/X                             0.350000    0.361847   -0.011847 (VIOLATED)
fanout203/A                             0.350000    0.361452   -0.011452 (VIOLATED)
u_memory._221_/A1                       0.350000    0.361328   -0.011328 (VIOLATED)
ANTENNA_1111/DIODE                      0.350000    0.361327   -0.011326 (VIOLATED)
ANTENNA_1113/DIODE                      0.350000    0.361326   -0.011326 (VIOLATED)
ANTENNA_1110/DIODE                      0.350000    0.361315   -0.011315 (VIOLATED)
ANTENNA_1112/DIODE                      0.350000    0.361295   -0.011295 (VIOLATED)
u_memory.g_read[1].g_bank[2].g_slice[0].u_sram/din[18]    0.350000    0.361276   -0.011276 (VIOLATED)
u_memory._386_/A1                       0.350000    0.361202   -0.011202 (VIOLATED)
output90/A                              0.350000    0.361089   -0.011089 (VIOLATED)
ANTENNA_1026/DIODE                      0.350000    0.361036   -0.011036 (VIOLATED)
u_memory._220_/A2                       0.350000    0.361036   -0.011036 (VIOLATED)
ANTENNA_1023/DIODE                      0.350000    0.361028   -0.011028 (VIOLATED)
ANTENNA_1024/DIODE                      0.350000    0.361026   -0.011026 (VIOLATED)
ANTENNA_1025/DIODE                      0.350000    0.361024   -0.011024 (VIOLATED)
u_memory._278_/A1                       0.350000    0.360988   -0.010988 (VIOLATED)
ANTENNA_1041/DIODE                      0.350000    0.360984   -0.010984 (VIOLATED)
ANTENNA_1039/DIODE                      0.350000    0.360983   -0.010983 (VIOLATED)
ANTENNA_1040/DIODE                      0.350000    0.360980   -0.010980 (VIOLATED)
ANTENNA_1042/DIODE                      0.350000    0.360978   -0.010978 (VIOLATED)
u_memory._401_/A1                       0.350000    0.360927   -0.010927 (VIOLATED)
wire342/X                               0.350000    0.360902   -0.010902 (VIOLATED)
u_memory._392_/A1                       0.350000    0.360867   -0.010867 (VIOLATED)
u_memory._235_/B                        0.350000    0.360812   -0.010812 (VIOLATED)
_026_/Q                                 0.350000    0.360764   -0.010764 (VIOLATED)
ANTENNA_2231/DIODE                      0.350000    0.360752   -0.010752 (VIOLATED)
ANTENNA_2240/DIODE                      0.350000    0.360736   -0.010736 (VIOLATED)
ANTENNA_2239/DIODE                      0.350000    0.360736   -0.010736 (VIOLATED)
ANTENNA_2238/DIODE                      0.350000    0.360736   -0.010736 (VIOLATED)
ANTENNA_2232/DIODE                      0.350000    0.360725   -0.010725 (VIOLATED)
ANTENNA_2233/DIODE                      0.350000    0.360725   -0.010725 (VIOLATED)
ANTENNA_2234/DIODE                      0.350000    0.360723   -0.010723 (VIOLATED)
ANTENNA_2235/DIODE                      0.350000    0.360721   -0.010721 (VIOLATED)
ANTENNA_2236/DIODE                      0.350000    0.360718   -0.010718 (VIOLATED)
ANTENNA_2241/DIODE                      0.350000    0.360716   -0.010716 (VIOLATED)
ANTENNA_2237/DIODE                      0.350000    0.360652   -0.010652 (VIOLATED)
ANTENNA_17/DIODE                        0.350000    0.360613   -0.010613 (VIOLATED)
_025_/D                                 0.350000    0.360613   -0.010613 (VIOLATED)
u_memory._282_/X                        0.350000    0.360581   -0.010581 (VIOLATED)
wire319/X                               0.350000    0.360571   -0.010571 (VIOLATED)
wire323/X                               0.350000    0.360504   -0.010504 (VIOLATED)
ANTENNA_2623/DIODE                      0.350000    0.360475   -0.010475 (VIOLATED)
ANTENNA_2630/DIODE                      0.350000    0.360470   -0.010470 (VIOLATED)
ANTENNA_2622/DIODE                      0.350000    0.360469   -0.010468 (VIOLATED)
ANTENNA_2620/DIODE                      0.350000    0.360468   -0.010468 (VIOLATED)
ANTENNA_2628/DIODE                      0.350000    0.360459   -0.010459 (VIOLATED)
ANTENNA_2626/DIODE                      0.350000    0.360459   -0.010459 (VIOLATED)
u_memory._262_/B                        0.350000    0.360435   -0.010435 (VIOLATED)
ANTENNA_2621/DIODE                      0.350000    0.360421   -0.010421 (VIOLATED)
ANTENNA_2624/DIODE                      0.350000    0.360421   -0.010421 (VIOLATED)
ANTENNA_2625/DIODE                      0.350000    0.360421   -0.010421 (VIOLATED)
ANTENNA_2627/DIODE                      0.350000    0.360418   -0.010418 (VIOLATED)
ANTENNA_2629/DIODE                      0.350000    0.360415   -0.010415 (VIOLATED)
u_memory._294_/B1                       0.350000    0.360404   -0.010404 (VIOLATED)
ANTENNA_121/DIODE                       0.350000    0.360401   -0.010401 (VIOLATED)
ANTENNA_120/DIODE                       0.350000    0.360400   -0.010400 (VIOLATED)
ANTENNA_118/DIODE                       0.350000    0.360391   -0.010391 (VIOLATED)
u_memory._407_/A1                       0.350000    0.360386   -0.010386 (VIOLATED)
ANTENNA_119/DIODE                       0.350000    0.360372   -0.010372 (VIOLATED)
u_memory._383_/A1                       0.350000    0.360337   -0.010337 (VIOLATED)
u_memory.g_read[1].g_bank[2].g_slice[0].u_sram/din[6]    0.350000    0.360274   -0.010274 (VIOLATED)
u_memory._413_/A1                       0.350000    0.360222   -0.010222 (VIOLATED)
u_memory._416_/A1                       0.350000    0.360077   -0.010077 (VIOLATED)
ANTENNA_1915/DIODE                      0.350000    0.360074   -0.010074 (VIOLATED)
ANTENNA_1914/DIODE                      0.350000    0.360074   -0.010074 (VIOLATED)
ANTENNA_1921/DIODE                      0.350000    0.360068   -0.010068 (VIOLATED)
ANTENNA_1919/DIODE                      0.350000    0.360068   -0.010068 (VIOLATED)
ANTENNA_1917/DIODE                      0.350000    0.360067   -0.010067 (VIOLATED)
ANTENNA_1913/DIODE                      0.350000    0.360067   -0.010067 (VIOLATED)
ANTENNA_1916/DIODE                      0.350000    0.360067   -0.010067 (VIOLATED)
u_memory._292_/X                        0.350000    0.360064   -0.010064 (VIOLATED)
ANTENNA_1912/DIODE                      0.350000    0.360064   -0.010064 (VIOLATED)
ANTENNA_1922/DIODE                      0.350000    0.360051   -0.010051 (VIOLATED)
ANTENNA_1920/DIODE                      0.350000    0.360051   -0.010051 (VIOLATED)
ANTENNA_1918/DIODE                      0.350000    0.360051   -0.010051 (VIOLATED)
max_cap555/X                            0.350000    0.360047   -0.010047 (VIOLATED)
u_memory.g_read[0].g_bank[1].g_slice[0].u_sram/addr[1]    0.350000    0.360046   -0.010046 (VIOLATED)
u_memory._398_/A1                       0.350000    0.360046   -0.010046 (VIOLATED)
fanout374/A                             0.350000    0.360043   -0.010043 (VIOLATED)
max_cap389/X                            0.350000    0.359932   -0.009932 (VIOLATED)
u_memory._404_/A1                       0.350000    0.359910   -0.009910 (VIOLATED)
u_memory._410_/A1                       0.350000    0.359877   -0.009877 (VIOLATED)
u_memory._374_/C1                       0.350000    0.359820   -0.009820 (VIOLATED)
u_memory._377_/C1                       0.350000    0.359773   -0.009773 (VIOLATED)
max_cap616/X                            0.350000    0.359764   -0.009764 (VIOLATED)
ANTENNA_1396/DIODE                      0.350000    0.359549   -0.009549 (VIOLATED)
ANTENNA_1397/DIODE                      0.350000    0.359549   -0.009549 (VIOLATED)
ANTENNA_1398/DIODE                      0.350000    0.359548   -0.009548 (VIOLATED)
ANTENNA_1399/DIODE                      0.350000    0.359548   -0.009548 (VIOLATED)
ANTENNA_1400/DIODE                      0.350000    0.359548   -0.009548 (VIOLATED)
ANTENNA_1393/DIODE                      0.350000    0.359542   -0.009542 (VIOLATED)
ANTENNA_1394/DIODE                      0.350000    0.359542   -0.009542 (VIOLATED)
u_memory._395_/A1                       0.350000    0.359524   -0.009524 (VIOLATED)
ANTENNA_1395/DIODE                      0.350000    0.359485   -0.009485 (VIOLATED)
ANTENNA_1403/DIODE                      0.350000    0.359483   -0.009483 (VIOLATED)
ANTENNA_1402/DIODE                      0.350000    0.359482   -0.009482 (VIOLATED)
ANTENNA_1401/DIODE                      0.350000    0.359482   -0.009482 (VIOLATED)
max_cap504/X                            0.350000    0.359432   -0.009432 (VIOLATED)
wire354/X                               0.350000    0.359428   -0.009428 (VIOLATED)
u_memory._380_/A1                       0.350000    0.359373   -0.009373 (VIOLATED)
fanout204/X                             0.350000    0.359260   -0.009260 (VIOLATED)
u_memory._348_/B1                       0.350000    0.359087   -0.009087 (VIOLATED)
ANTENNA_152/DIODE                       0.350000    0.359083   -0.009083 (VIOLATED)
ANTENNA_150/DIODE                       0.350000    0.359082   -0.009082 (VIOLATED)
ANTENNA_151/DIODE                       0.350000    0.359079   -0.009079 (VIOLATED)
ANTENNA_1537/DIODE                      0.350000    0.358772   -0.008772 (VIOLATED)
ANTENNA_1547/DIODE                      0.350000    0.358772   -0.008772 (VIOLATED)
ANTENNA_1546/DIODE                      0.350000    0.358772   -0.008772 (VIOLATED)
ANTENNA_1545/DIODE                      0.350000    0.358771   -0.008771 (VIOLATED)
ANTENNA_1544/DIODE                      0.350000    0.358771   -0.008771 (VIOLATED)
ANTENNA_1541/DIODE                      0.350000    0.358754   -0.008754 (VIOLATED)
ANTENNA_1539/DIODE                      0.350000    0.358753   -0.008753 (VIOLATED)
ANTENNA_1542/DIODE                      0.350000    0.358752   -0.008752 (VIOLATED)
ANTENNA_1543/DIODE                      0.350000    0.358752   -0.008751 (VIOLATED)
max_cap422/X                            0.350000    0.358748   -0.008748 (VIOLATED)
ANTENNA_1540/DIODE                      0.350000    0.358716   -0.008716 (VIOLATED)
ANTENNA_1538/DIODE                      0.350000    0.358716   -0.008716 (VIOLATED)
u_memory._346_/X                        0.350000    0.358704   -0.008704 (VIOLATED)
u_memory._389_/C1                       0.350000    0.358678   -0.008678 (VIOLATED)
u_memory.g_read[1].g_bank[2].g_slice[0].u_sram/clk    0.350000    0.358435   -0.008435 (VIOLATED)
fanout177/A                             0.350000    0.358399   -0.008399 (VIOLATED)
u_memory.g_read[1].g_bank[1].g_slice[0].u_sram/clk    0.350000    0.358372   -0.008372 (VIOLATED)
u_memory._386_/C1                       0.350000    0.358313   -0.008313 (VIOLATED)
max_cap445/X                            0.350000    0.358140   -0.008140 (VIOLATED)
_101_/D                                 0.350000    0.358074   -0.008074 (VIOLATED)
u_memory._401_/C1                       0.350000    0.358057   -0.008057 (VIOLATED)
input48/X                               0.350000    0.358035   -0.008035 (VIOLATED)
u_memory._392_/C1                       0.350000    0.358003   -0.008003 (VIOLATED)
max_cap159/A                            0.350000    0.357704   -0.007704 (VIOLATED)
u_memory._407_/C1                       0.350000    0.357699   -0.007699 (VIOLATED)
u_memory._383_/C1                       0.350000    0.357661   -0.007661 (VIOLATED)
hold208/X                               0.350000    0.357555   -0.007555 (VIOLATED)
u_memory._413_/C1                       0.350000    0.357545   -0.007545 (VIOLATED)
u_memory._416_/C1                       0.350000    0.357410   -0.007410 (VIOLATED)
u_memory._398_/C1                       0.350000    0.357384   -0.007384 (VIOLATED)
u_memory._404_/C1                       0.350000    0.357255   -0.007255 (VIOLATED)
u_memory._410_/C1                       0.350000    0.357224   -0.007224 (VIOLATED)
u_memory._395_/C1                       0.350000    0.356886   -0.006886 (VIOLATED)
u_memory.g_read[0].g_bank[1].g_slice[0].u_sram/clk    0.350000    0.356820   -0.006820 (VIOLATED)
u_memory._354_/A1                       0.350000    0.356746   -0.006746 (VIOLATED)
ANTENNA_763/DIODE                       0.350000    0.356746   -0.006746 (VIOLATED)
u_memory._380_/C1                       0.350000    0.356744   -0.006744 (VIOLATED)
ANTENNA_762/DIODE                       0.350000    0.356744   -0.006744 (VIOLATED)
ANTENNA_761/DIODE                       0.350000    0.356735   -0.006735 (VIOLATED)
ANTENNA_764/DIODE                       0.350000    0.356730   -0.006730 (VIOLATED)
fanout178/X                             0.350000    0.356649   -0.006649 (VIOLATED)
u_memory.g_read[1].g_bank[3].g_slice[0].u_sram/clk    0.350000    0.356611   -0.006611 (VIOLATED)
u_memory._289_/C                        0.350000    0.356538   -0.006538 (VIOLATED)
ANTENNA_935/DIODE                       0.350000    0.356534   -0.006534 (VIOLATED)
ANTENNA_933/DIODE                       0.350000    0.356532   -0.006532 (VIOLATED)
ANTENNA_934/DIODE                       0.350000    0.356530   -0.006530 (VIOLATED)
ANTENNA_936/DIODE                       0.350000    0.356528   -0.006528 (VIOLATED)
u_memory._208_/B2                       0.350000    0.356517   -0.006517 (VIOLATED)
u_memory._295_/C                        0.350000    0.356499   -0.006499 (VIOLATED)
ANTENNA_928/DIODE                       0.350000    0.356496   -0.006496 (VIOLATED)
ANTENNA_925/DIODE                       0.350000    0.356493   -0.006493 (VIOLATED)
u_memory._211_/B2                       0.350000    0.356492   -0.006492 (VIOLATED)
ANTENNA_926/DIODE                       0.350000    0.356490   -0.006490 (VIOLATED)
ANTENNA_927/DIODE                       0.350000    0.356488   -0.006488 (VIOLATED)
u_memory.g_read[1].g_bank[1].g_slice[0].u_sram/din[17]    0.350000    0.356487   -0.006487 (VIOLATED)
u_memory._217_/B2                       0.350000    0.356472   -0.006472 (VIOLATED)
u_memory._220_/B2                       0.350000    0.356470   -0.006470 (VIOLATED)
u_memory._223_/B2                       0.350000    0.356444   -0.006444 (VIOLATED)
u_memory._277_/C                        0.350000    0.356347   -0.006347 (VIOLATED)
ANTENNA_949/DIODE                       0.350000    0.356343   -0.006343 (VIOLATED)
ANTENNA_947/DIODE                       0.350000    0.356342   -0.006342 (VIOLATED)
ANTENNA_948/DIODE                       0.350000    0.356340   -0.006340 (VIOLATED)
ANTENNA_950/DIODE                       0.350000    0.356338   -0.006338 (VIOLATED)
u_memory._229_/B2                       0.350000    0.356310   -0.006310 (VIOLATED)
u_memory._423_/B2                       0.350000    0.356302   -0.006302 (VIOLATED)
u_memory.g_read[0].g_bank[3].g_slice[0].u_sram/clk    0.350000    0.356296   -0.006296 (VIOLATED)
wire253/X                               0.350000    0.356291   -0.006291 (VIOLATED)
ANTENNA_734/DIODE                       0.350000    0.356289   -0.006289 (VIOLATED)
ANTENNA_735/DIODE                       0.350000    0.356289   -0.006289 (VIOLATED)
u_memory._377_/A2                       0.350000    0.356279   -0.006279 (VIOLATED)
ANTENNA_733/DIODE                       0.350000    0.356272   -0.006272 (VIOLATED)
u_memory._234_/B                        0.350000    0.356246   -0.006246 (VIOLATED)
fanout375/X                             0.350000    0.356245   -0.006245 (VIOLATED)
u_memory._232_/B2                       0.350000    0.356238   -0.006238 (VIOLATED)
u_memory.g_read[0].g_bank[2].g_slice[0].u_sram/clk    0.350000    0.356230   -0.006230 (VIOLATED)
u_memory._245_/B2                       0.350000    0.356215   -0.006215 (VIOLATED)
u_memory._242_/B2                       0.350000    0.356210   -0.006210 (VIOLATED)
u_memory._248_/B2                       0.350000    0.356202   -0.006202 (VIOLATED)
u_memory._254_/B2                       0.350000    0.356200   -0.006200 (VIOLATED)
u_memory._257_/B2                       0.350000    0.356149   -0.006149 (VIOLATED)
wire296/X                               0.350000    0.356094   -0.006094 (VIOLATED)
u_memory._260_/B2                       0.350000    0.355995   -0.005995 (VIOLATED)
wire294/X                               0.350000    0.355988   -0.005988 (VIOLATED)
wire300/X                               0.350000    0.355897   -0.005897 (VIOLATED)
wire244/X                               0.350000    0.355860   -0.005860 (VIOLATED)
_011_/D                                 0.350000    0.355794   -0.005794 (VIOLATED)
ANTENNA_9/DIODE                         0.350000    0.355791   -0.005791 (VIOLATED)
u_memory._266_/B2                       0.350000    0.355701   -0.005701 (VIOLATED)
ANTENNA_1842/DIODE                      0.350000    0.355690   -0.005690 (VIOLATED)
ANTENNA_1844/DIODE                      0.350000    0.355690   -0.005690 (VIOLATED)
ANTENNA_1843/DIODE                      0.350000    0.355690   -0.005690 (VIOLATED)
ANTENNA_1836/DIODE                      0.350000    0.355680   -0.005680 (VIOLATED)
ANTENNA_1837/DIODE                      0.350000    0.355679   -0.005679 (VIOLATED)
ANTENNA_1838/DIODE                      0.350000    0.355679   -0.005679 (VIOLATED)
ANTENNA_1841/DIODE                      0.350000    0.355679   -0.005679 (VIOLATED)
ANTENNA_1839/DIODE                      0.350000    0.355678   -0.005678 (VIOLATED)
ANTENNA_1835/DIODE                      0.350000    0.355678   -0.005678 (VIOLATED)
ANTENNA_1840/DIODE                      0.350000    0.355677   -0.005677 (VIOLATED)
ANTENNA_1845/DIODE                      0.350000    0.355676   -0.005676 (VIOLATED)
u_memory._297_/B1                       0.350000    0.355663   -0.005663 (VIOLATED)
ANTENNA_125/DIODE                       0.350000    0.355661   -0.005661 (VIOLATED)
ANTENNA_123/DIODE                       0.350000    0.355659   -0.005659 (VIOLATED)
ANTENNA_124/DIODE                       0.350000    0.355649   -0.005649 (VIOLATED)
u_memory._269_/B2                       0.350000    0.355646   -0.005646 (VIOLATED)
fanout189/X                             0.350000    0.355643   -0.005643 (VIOLATED)
max_cap160/A                            0.350000    0.355581   -0.005581 (VIOLATED)
u_memory._240_/X                        0.350000    0.355487   -0.005487 (VIOLATED)
hold202/X                               0.350000    0.355425   -0.005425 (VIOLATED)
u_memory._295_/X                        0.350000    0.355285   -0.005284 (VIOLATED)
ANTENNA_1342/DIODE                      0.350000    0.355198   -0.005198 (VIOLATED)
ANTENNA_1346/DIODE                      0.350000    0.355191   -0.005191 (VIOLATED)
ANTENNA_1344/DIODE                      0.350000    0.355191   -0.005191 (VIOLATED)
ANTENNA_1343/DIODE                      0.350000    0.355191   -0.005191 (VIOLATED)
ANTENNA_1340/DIODE                      0.350000    0.355191   -0.005191 (VIOLATED)
ANTENNA_1337/DIODE                      0.350000    0.355191   -0.005191 (VIOLATED)
ANTENNA_1341/DIODE                      0.350000    0.355190   -0.005190 (VIOLATED)
ANTENNA_1338/DIODE                      0.350000    0.355189   -0.005189 (VIOLATED)
ANTENNA_1336/DIODE                      0.350000    0.355189   -0.005189 (VIOLATED)
ANTENNA_1345/DIODE                      0.350000    0.355171   -0.005171 (VIOLATED)
ANTENNA_1339/DIODE                      0.350000    0.355171   -0.005171 (VIOLATED)
ANTENNA_1857/DIODE                      0.350000    0.355110   -0.005110 (VIOLATED)
ANTENNA_1858/DIODE                      0.350000    0.355079   -0.005079 (VIOLATED)
ANTENNA_1866/DIODE                      0.350000    0.355038   -0.005038 (VIOLATED)
ANTENNA_1864/DIODE                      0.350000    0.355038   -0.005038 (VIOLATED)
ANTENNA_1862/DIODE                      0.350000    0.355038   -0.005038 (VIOLATED)
max_cap492/X                            0.350000    0.355032   -0.005032 (VIOLATED)
ANTENNA_1860/DIODE                      0.350000    0.355027   -0.005027 (VIOLATED)
ANTENNA_1859/DIODE                      0.350000    0.355027   -0.005027 (VIOLATED)
ANTENNA_1861/DIODE                      0.350000    0.355026   -0.005026 (VIOLATED)
ANTENNA_1863/DIODE                      0.350000    0.355023   -0.005023 (VIOLATED)
ANTENNA_1865/DIODE                      0.350000    0.355021   -0.005021 (VIOLATED)
ANTENNA_1867/DIODE                      0.350000    0.355018   -0.005018 (VIOLATED)
u_memory._280_/C                        0.350000    0.354708   -0.004708 (VIOLATED)
ANTENNA_946/DIODE                       0.350000    0.354704   -0.004704 (VIOLATED)
ANTENNA_944/DIODE                       0.350000    0.354703   -0.004703 (VIOLATED)
ANTENNA_945/DIODE                       0.350000    0.354700   -0.004700 (VIOLATED)
max_cap413/X                            0.350000    0.354590   -0.004590 (VIOLATED)
max_cap496/X                            0.350000    0.354384   -0.004384 (VIOLATED)
ANTENNA_2485/DIODE                      0.350000    0.354306   -0.004306 (VIOLATED)
ANTENNA_2484/DIODE                      0.350000    0.354306   -0.004306 (VIOLATED)
ANTENNA_2483/DIODE                      0.350000    0.354305   -0.004305 (VIOLATED)
ANTENNA_2482/DIODE                      0.350000    0.354305   -0.004305 (VIOLATED)
ANTENNA_2477/DIODE                      0.350000    0.354305   -0.004305 (VIOLATED)
ANTENNA_2487/DIODE                      0.350000    0.354305   -0.004305 (VIOLATED)
ANTENNA_2481/DIODE                      0.350000    0.354304   -0.004304 (VIOLATED)
ANTENNA_2480/DIODE                      0.350000    0.354295   -0.004295 (VIOLATED)
ANTENNA_2479/DIODE                      0.350000    0.354295   -0.004295 (VIOLATED)
ANTENNA_2478/DIODE                      0.350000    0.354295   -0.004295 (VIOLATED)
ANTENNA_2486/DIODE                      0.350000    0.354293   -0.004293 (VIOLATED)
wire299/X                               0.350000    0.354211   -0.004211 (VIOLATED)
u_memory.g_read[0].g_bank[2].g_slice[0].u_sram/din[27]    0.350000    0.354039   -0.004039 (VIOLATED)
u_memory._223_/A2                       0.350000    0.353979   -0.003979 (VIOLATED)
ANTENNA_1022/DIODE                      0.350000    0.353976   -0.003976 (VIOLATED)
ANTENNA_1020/DIODE                      0.350000    0.353975   -0.003975 (VIOLATED)
ANTENNA_1018/DIODE                      0.350000    0.353974   -0.003974 (VIOLATED)
ANTENNA_1019/DIODE                      0.350000    0.353971   -0.003971 (VIOLATED)
ANTENNA_1021/DIODE                      0.350000    0.353968   -0.003968 (VIOLATED)
u_memory._301_/C                        0.350000    0.353672   -0.003672 (VIOLATED)
ANTENNA_908/DIODE                       0.350000    0.353669   -0.003669 (VIOLATED)
ANTENNA_907/DIODE                       0.350000    0.353668   -0.003668 (VIOLATED)
ANTENNA_905/DIODE                       0.350000    0.353667   -0.003667 (VIOLATED)
ANTENNA_904/DIODE                       0.350000    0.353667   -0.003667 (VIOLATED)
ANTENNA_906/DIODE                       0.350000    0.353664   -0.003664 (VIOLATED)
max_cap593/X                            0.350000    0.353599   -0.003599 (VIOLATED)
wire318/X                               0.350000    0.353532   -0.003532 (VIOLATED)
_036_/D                                 0.350000    0.353500   -0.003500 (VIOLATED)
u_memory._336_/X                        0.350000    0.353476   -0.003476 (VIOLATED)
max_cap516/A                            0.350000    0.353440   -0.003440 (VIOLATED)
ANTENNA_2454/DIODE                      0.350000    0.353295   -0.003295 (VIOLATED)
ANTENNA_2452/DIODE                      0.350000    0.353295   -0.003295 (VIOLATED)
ANTENNA_2451/DIODE                      0.350000    0.353295   -0.003295 (VIOLATED)
ANTENNA_2450/DIODE                      0.350000    0.353295   -0.003295 (VIOLATED)
ANTENNA_2449/DIODE                      0.350000    0.353294   -0.003294 (VIOLATED)
ANTENNA_2453/DIODE                      0.350000    0.353294   -0.003294 (VIOLATED)
ANTENNA_2446/DIODE                      0.350000    0.353294   -0.003294 (VIOLATED)
ANTENNA_2445/DIODE                      0.350000    0.353293   -0.003293 (VIOLATED)
ANTENNA_2448/DIODE                      0.350000    0.353293   -0.003293 (VIOLATED)
ANTENNA_2447/DIODE                      0.350000    0.353292   -0.003292 (VIOLATED)
ANTENNA_2444/DIODE                      0.350000    0.353287   -0.003287 (VIOLATED)
wire291/X                               0.350000    0.353268   -0.003268 (VIOLATED)
wire398/A                               0.350000    0.352917   -0.002917 (VIOLATED)
max_cap517/X                            0.350000    0.352796   -0.002796 (VIOLATED)
max_cap587/X                            0.350000    0.352681   -0.002681 (VIOLATED)
u_memory._372_/A1                       0.350000    0.352643   -0.002643 (VIOLATED)
ANTENNA_2410/DIODE                      0.350000    0.352640   -0.002640 (VIOLATED)
ANTENNA_2407/DIODE                      0.350000    0.352640   -0.002640 (VIOLATED)
ANTENNA_2405/DIODE                      0.350000    0.352639   -0.002639 (VIOLATED)
ANTENNA_2401/DIODE                      0.350000    0.352639   -0.002639 (VIOLATED)
ANTENNA_856/DIODE                       0.350000    0.352632   -0.002632 (VIOLATED)
ANTENNA_858/DIODE                       0.350000    0.352631   -0.002631 (VIOLATED)
ANTENNA_2400/DIODE                      0.350000    0.352626   -0.002626 (VIOLATED)
ANTENNA_2408/DIODE                      0.350000    0.352625   -0.002625 (VIOLATED)
ANTENNA_2406/DIODE                      0.350000    0.352625   -0.002625 (VIOLATED)
ANTENNA_2404/DIODE                      0.350000    0.352624   -0.002624 (VIOLATED)
ANTENNA_2403/DIODE                      0.350000    0.352623   -0.002623 (VIOLATED)
ANTENNA_2402/DIODE                      0.350000    0.352622   -0.002622 (VIOLATED)
ANTENNA_855/DIODE                       0.350000    0.352620   -0.002620 (VIOLATED)
ANTENNA_857/DIODE                       0.350000    0.352617   -0.002617 (VIOLATED)
ANTENNA_2409/DIODE                      0.350000    0.352605   -0.002605 (VIOLATED)
_092_/D                                 0.350000    0.352549   -0.002549 (VIOLATED)
ANTENNA_2707/DIODE                      0.350000    0.352509   -0.002509 (VIOLATED)
ANTENNA_2708/DIODE                      0.350000    0.352509   -0.002509 (VIOLATED)
input30/X                               0.350000    0.352251   -0.002251 (VIOLATED)
wire278/X                               0.350000    0.352248   -0.002248 (VIOLATED)
ANTENNA_2706/DIODE                      0.350000    0.352207   -0.002207 (VIOLATED)
ANTENNA_2705/DIODE                      0.350000    0.352206   -0.002206 (VIOLATED)
hold190/X                               0.350000    0.352080   -0.002080 (VIOLATED)
u_memory._268_/B                        0.350000    0.352036   -0.002036 (VIOLATED)
fanout373/A                             0.350000    0.352034   -0.002034 (VIOLATED)
max_cap580/X                            0.350000    0.352011   -0.002011 (VIOLATED)
u_memory._265_/B                        0.350000    0.351978   -0.001978 (VIOLATED)
max_cap399/A                            0.350000    0.351934   -0.001934 (VIOLATED)
u_memory._259_/B                        0.350000    0.351885   -0.001885 (VIOLATED)
u_memory._271_/B                        0.350000    0.351885   -0.001885 (VIOLATED)
u_memory._277_/B                        0.350000    0.351829   -0.001829 (VIOLATED)
ANTENNA_1978/DIODE                      0.350000    0.351687   -0.001687 (VIOLATED)
ANTENNA_1988/DIODE                      0.350000    0.351687   -0.001687 (VIOLATED)
ANTENNA_1987/DIODE                      0.350000    0.351680   -0.001680 (VIOLATED)
ANTENNA_1979/DIODE                      0.350000    0.351680   -0.001680 (VIOLATED)
ANTENNA_1980/DIODE                      0.350000    0.351679   -0.001679 (VIOLATED)
ANTENNA_1981/DIODE                      0.350000    0.351679   -0.001679 (VIOLATED)
ANTENNA_1982/DIODE                      0.350000    0.351678   -0.001678 (VIOLATED)
ANTENNA_1984/DIODE                      0.350000    0.351678   -0.001678 (VIOLATED)
ANTENNA_1986/DIODE                      0.350000    0.351670   -0.001670 (VIOLATED)
ANTENNA_1985/DIODE                      0.350000    0.351669   -0.001669 (VIOLATED)
ANTENNA_1983/DIODE                      0.350000    0.351669   -0.001669 (VIOLATED)
u_memory._280_/B                        0.350000    0.351608   -0.001608 (VIOLATED)
u_memory._286_/B                        0.350000    0.351498   -0.001498 (VIOLATED)
u_memory._208_/A1                       0.350000    0.351489   -0.001489 (VIOLATED)
ANTENNA_1089/DIODE                      0.350000    0.351487   -0.001487 (VIOLATED)
ANTENNA_1087/DIODE                      0.350000    0.351485   -0.001485 (VIOLATED)
ANTENNA_1085/DIODE                      0.350000    0.351485   -0.001485 (VIOLATED)
ANTENNA_1086/DIODE                      0.350000    0.351482   -0.001482 (VIOLATED)
ANTENNA_1088/DIODE                      0.350000    0.351480   -0.001480 (VIOLATED)
_016_/D                                 0.350000    0.351464   -0.001464 (VIOLATED)
u_memory._354_/B1                       0.350000    0.351431   -0.001431 (VIOLATED)
ANTENNA_157/DIODE                       0.350000    0.351427   -0.001427 (VIOLATED)
ANTENNA_158/DIODE                       0.350000    0.351424   -0.001424 (VIOLATED)
ANTENNA_159/DIODE                       0.350000    0.351423   -0.001423 (VIOLATED)
ANTENNA_1680/DIODE                      0.350000    0.351382   -0.001382 (VIOLATED)
ANTENNA_1678/DIODE                      0.350000    0.351382   -0.001382 (VIOLATED)
ANTENNA_1676/DIODE                      0.350000    0.351381   -0.001381 (VIOLATED)
ANTENNA_1675/DIODE                      0.350000    0.351381   -0.001381 (VIOLATED)
ANTENNA_1674/DIODE                      0.350000    0.351381   -0.001381 (VIOLATED)
ANTENNA_1670/DIODE                      0.350000    0.351380   -0.001380 (VIOLATED)
ANTENNA_1679/DIODE                      0.350000    0.351379   -0.001379 (VIOLATED)
ANTENNA_1677/DIODE                      0.350000    0.351379   -0.001379 (VIOLATED)
ANTENNA_1671/DIODE                      0.350000    0.351379   -0.001379 (VIOLATED)
ANTENNA_1672/DIODE                      0.350000    0.351377   -0.001377 (VIOLATED)
ANTENNA_1673/DIODE                      0.350000    0.351377   -0.001377 (VIOLATED)
wire400/X                               0.350000    0.351308   -0.001308 (VIOLATED)
u_memory._292_/B                        0.350000    0.351284   -0.001284 (VIOLATED)
max_cap532/A                            0.350000    0.351218   -0.001218 (VIOLATED)
u_memory._283_/B                        0.350000    0.351186   -0.001186 (VIOLATED)
wire336/X                               0.350000    0.351183   -0.001183 (VIOLATED)
u_memory._352_/X                        0.350000    0.351161   -0.001161 (VIOLATED)
u_memory._255_/X                        0.350000    0.351143   -0.001143 (VIOLATED)
u_memory._289_/B                        0.350000    0.351103   -0.001103 (VIOLATED)
max_cap531/A                            0.350000    0.351100   -0.001100 (VIOLATED)
max_cap515/X                            0.350000    0.351046   -0.001046 (VIOLATED)
u_memory._301_/B                        0.350000    0.351033   -0.001033 (VIOLATED)
u_memory._295_/B                        0.350000    0.350897   -0.000897 (VIOLATED)
u_memory._298_/B                        0.350000    0.350889   -0.000889 (VIOLATED)
u_memory.g_read[1].g_bank[1].g_slice[0].u_sram/din[9]    0.350000    0.350878   -0.000878 (VIOLATED)
max_cap466/X                            0.350000    0.350871   -0.000871 (VIOLATED)
max_cap145/A                            0.350000    0.350868   -0.000868 (VIOLATED)
u_memory.g_read[1].g_bank[1].g_slice[0].u_sram/wmask[3]    0.350000    0.350724   -0.000724 (VIOLATED)
u_memory._274_/B                        0.350000    0.350655   -0.000655 (VIOLATED)
fanout374/X                             0.350000    0.350615   -0.000615 (VIOLATED)
u_memory._209_/A1                       0.350000    0.350491   -0.000491 (VIOLATED)
ANTENNA_1200/DIODE                      0.350000    0.350470   -0.000470 (VIOLATED)
ANTENNA_1198/DIODE                      0.350000    0.350469   -0.000469 (VIOLATED)
ANTENNA_1199/DIODE                      0.350000    0.350457   -0.000457 (VIOLATED)
ANTENNA_1201/DIODE                      0.350000    0.350453   -0.000453 (VIOLATED)
u_memory._240_/A1                       0.350000    0.350008   -0.000008 (VIOLATED)

max fanout

Pin                                   Limit Fanout  Slack
---------------------------------------------------------
max_cap137/X                             16     22     -6 (VIOLATED)
max_cap138/X                             16     22     -6 (VIOLATED)
max_cap139/X                             16     22     -6 (VIOLATED)
max_cap140/X                             16     22     -6 (VIOLATED)
max_cap141/X                             16     22     -6 (VIOLATED)
max_cap145/X                             16     22     -6 (VIOLATED)
max_cap155/X                             16     22     -6 (VIOLATED)
max_cap156/X                             16     22     -6 (VIOLATED)
max_cap158/X                             16     22     -6 (VIOLATED)
max_cap159/X                             16     22     -6 (VIOLATED)
max_cap160/X                             16     22     -6 (VIOLATED)
max_cap162/X                             16     22     -6 (VIOLATED)
max_cap163/X                             16     22     -6 (VIOLATED)
max_cap142/X                             16     20     -4 (VIOLATED)
max_cap143/X                             16     20     -4 (VIOLATED)
max_cap144/X                             16     20     -4 (VIOLATED)
max_cap157/X                             16     20     -4 (VIOLATED)
max_cap161/X                             16     20     -4 (VIOLATED)
fanout170/X                              16     17        (VIOLATED)

max capacitance

Pin                                        Limit         Cap       Slack
------------------------------------------------------------------------
u_memory.g_read[0].g_bank[1].g_slice[0].u_sram/dout[2]    0.013000    0.016655   -0.003655 (VIOLATED)
u_memory.g_read[0].g_bank[1].g_slice[0].u_sram/dout[5]    0.013000    0.016649   -0.003649 (VIOLATED)
u_memory.g_read[1].g_bank[1].g_slice[0].u_sram/dout[20]    0.013000    0.016571   -0.003571 (VIOLATED)
u_memory.g_read[0].g_bank[1].g_slice[0].u_sram/dout[8]    0.013000    0.016481   -0.003481 (VIOLATED)
u_memory.g_read[0].g_bank[1].g_slice[0].u_sram/dout[11]    0.013000    0.016364   -0.003364 (VIOLATED)
u_memory.g_read[0].g_bank[1].g_slice[0].u_sram/dout[3]    0.013000    0.016352   -0.003352 (VIOLATED)
u_memory.g_read[0].g_bank[1].g_slice[0].u_sram/dout[6]    0.013000    0.016172   -0.003172 (VIOLATED)
u_memory.g_read[0].g_bank[1].g_slice[0].u_sram/dout[10]    0.013000    0.016150   -0.003150 (VIOLATED)
u_memory.g_read[0].g_bank[1].g_slice[0].u_sram/dout[9]    0.013000    0.015755   -0.002755 (VIOLATED)
u_memory.g_read[0].g_bank[1].g_slice[0].u_sram/dout[0]    0.013000    0.015723   -0.002723 (VIOLATED)
u_memory.g_read[1].g_bank[1].g_slice[0].u_sram/dout[23]    0.013000    0.015719   -0.002719 (VIOLATED)
u_memory.g_read[1].g_bank[1].g_slice[0].u_sram/dout[27]    0.013000    0.015621   -0.002621 (VIOLATED)
u_memory.g_read[0].g_bank[1].g_slice[0].u_sram/dout[7]    0.013000    0.015594   -0.002594 (VIOLATED)
u_memory.g_read[0].g_bank[1].g_slice[0].u_sram/dout[12]    0.013000    0.015215   -0.002215 (VIOLATED)
u_memory.g_read[1].g_bank[1].g_slice[0].u_sram/dout[26]    0.013000    0.015191   -0.002191 (VIOLATED)
u_memory.g_read[1].g_bank[1].g_slice[0].u_sram/dout[21]    0.013000    0.014862   -0.001862 (VIOLATED)
u_memory.g_read[0].g_bank[1].g_slice[0].u_sram/dout[1]    0.013000    0.014705   -0.001705 (VIOLATED)
u_memory.g_read[1].g_bank[1].g_slice[0].u_sram/dout[25]    0.013000    0.014608   -0.001608 (VIOLATED)
u_memory.g_read[0].g_bank[1].g_slice[0].u_sram/dout[4]    0.013000    0.014593   -0.001593 (VIOLATED)
u_memory.g_read[1].g_bank[1].g_slice[0].u_sram/dout[24]    0.013000    0.014494   -0.001494 (VIOLATED)
u_memory.g_read[1].g_bank[1].g_slice[0].u_sram/dout[28]    0.013000    0.014401   -0.001401 (VIOLATED)
u_memory.g_read[1].g_bank[1].g_slice[0].u_sram/dout[22]    0.013000    0.014344   -0.001344 (VIOLATED)
u_memory.g_read[1].g_bank[2].g_slice[0].u_sram/dout[27]    0.013000    0.014250   -0.001250 (VIOLATED)
u_memory.g_read[1].g_bank[1].g_slice[0].u_sram/dout[19]    0.013000    0.014142   -0.001142 (VIOLATED)
u_memory.g_read[0].g_bank[1].g_slice[0].u_sram/dout[15]    0.013000    0.013995   -0.000995 (VIOLATED)
u_memory.g_read[1].g_bank[2].g_slice[0].u_sram/dout[26]    0.013000    0.013903   -0.000903 (VIOLATED)
u_memory.g_read[1].g_bank[1].g_slice[0].u_sram/dout[14]    0.013000    0.013840   -0.000840 (VIOLATED)
u_memory.g_read[1].g_bank[2].g_slice[0].u_sram/dout[14]    0.013000    0.013800   -0.000800 (VIOLATED)
u_memory.g_read[1].g_bank[1].g_slice[0].u_sram/dout[15]    0.013000    0.013749   -0.000749 (VIOLATED)
u_memory.g_read[1].g_bank[2].g_slice[0].u_sram/dout[24]    0.013000    0.013571   -0.000571 (VIOLATED)
u_memory.g_read[1].g_bank[2].g_slice[0].u_sram/dout[30]    0.013000    0.013473   -0.000473 (VIOLATED)
u_memory.g_read[1].g_bank[2].g_slice[0].u_sram/dout[16]    0.013000    0.013464   -0.000464 (VIOLATED)
u_memory.g_read[1].g_bank[2].g_slice[0].u_sram/dout[7]    0.013000    0.013451   -0.000451 (VIOLATED)
u_memory.g_read[0].g_bank[1].g_slice[0].u_sram/dout[14]    0.013000    0.013218   -0.000218 (VIOLATED)
u_memory.g_read[1].g_bank[1].g_slice[0].u_sram/dout[29]    0.013000    0.013173   -0.000173 (VIOLATED)



===========================================================================
report_parasitic_annotation -report_unannotated
============================================================================
Found 16 unannotated drivers.
 clkload0/X
 clkload1/X
 clkload2/X
 clkload3/X
 clkload4/X
 clkload5/Y
 clkload6/Y
 clkload7/X
 u_memory.g_read\[0\].g_bank\[0\].g_slice\[0\].u_sram_649/LO
 u_memory.g_read\[0\].g_bank\[1\].g_slice\[0\].u_sram_650/LO
 u_memory.g_read\[0\].g_bank\[2\].g_slice\[0\].u_sram_651/LO
 u_memory.g_read\[0\].g_bank\[3\].g_slice\[0\].u_sram_652/LO
 u_memory.g_read\[1\].g_bank\[0\].g_slice\[0\].u_sram_653/LO
 u_memory.g_read\[1\].g_bank\[1\].g_slice\[0\].u_sram_654/LO
 u_memory.g_read\[1\].g_bank\[2\].g_slice\[0\].u_sram_655/LO
 u_memory.g_read\[1\].g_bank\[3\].g_slice\[0\].u_sram_656/LO
Found 0 partially unannotated drivers.

===========================================================================
max slew violation count 3351
max fanout violation count 19
max cap violation count 35
============================================================================

===========================================================================
check_setup -verbose -unconstrained_endpoints -multiple_clock -no_clock -no_input_delay -loops -generated_clocks
===========================================================================
Warning: There are 8 unconstrained endpoints.
  u_memory.g_read[0].g_bank[0].g_slice[0].u_sram/rstb
  u_memory.g_read[0].g_bank[1].g_slice[0].u_sram/rstb
  u_memory.g_read[0].g_bank[2].g_slice[0].u_sram/rstb
  u_memory.g_read[0].g_bank[3].g_slice[0].u_sram/rstb
  u_memory.g_read[1].g_bank[0].g_slice[0].u_sram/rstb
  u_memory.g_read[1].g_bank[1].g_slice[0].u_sram/rstb
  u_memory.g_read[1].g_bank[2].g_slice[0].u_sram/rstb
  u_memory.g_read[1].g_bank[3].g_slice[0].u_sram/rstb
