
===========================================================================
report_checks -unconstrained
===========================================================================
======================= max_ss_100C_1v60 Corner ===================================

Startpoint: rst_n (input port clocked by sys_clk)
Endpoint: u_memory._428_ (recovery check against rising-edge clock sys_clk)
Path Group: asynchronous
Path Type: max

Fanout         Cap        Slew       Delay        Time   Description
---------------------------------------------------------------------------------------------
                                  0.000000    0.000000   clock sys_clk (rise edge)
                                  0.000000    0.000000   clock network delay (propagated)
                                  2.000000    2.000000 ^ input external delay
     1    0.002183    0.150000    0.000000    2.000000 ^ rst_n (in)
                                                         rst_n (net)
                      0.150131    0.000066    2.000066 ^ hold212/A (sky130_fd_sc_hd__dlygate4sd3_1)
     1    0.001832    0.080682    1.057967    3.058033 ^ hold212/X (sky130_fd_sc_hd__dlygate4sd3_1)
                                                         net868 (net)
                      0.080682    0.000131    3.058163 ^ hold1/A (sky130_fd_sc_hd__dlygate4sd3_1)
     1    0.002966    0.093598    1.047900    4.106063 ^ hold1/X (sky130_fd_sc_hd__dlygate4sd3_1)
                                                         net657 (net)
                      0.093598    0.000204    4.106267 ^ input25/A (sky130_fd_sc_hd__clkbuf_2)
     1    0.003797    0.054216    0.183935    4.290202 ^ input25/X (sky130_fd_sc_hd__clkbuf_2)
                                                         net25 (net)
                      0.054216    0.000281    4.290483 ^ hold2/A (sky130_fd_sc_hd__dlygate4sd3_1)
     1    0.006318    0.138894    1.081360    5.371843 ^ hold2/X (sky130_fd_sc_hd__dlygate4sd3_1)
                                                         net658 (net)
                      0.138894    0.000499    5.372342 ^ wire647/A (sky130_fd_sc_hd__buf_6)
     8    0.153626    0.482379    0.460738    5.833080 ^ wire647/X (sky130_fd_sc_hd__buf_6)
                                                         net647 (net)
                      0.503112    0.078530    5.911610 ^ u_memory._428_/RESET_B (sky130_fd_sc_hd__dfrtp_1)
                                              5.911610   data arrival time

                                 10.000000   10.000000   clock sys_clk (rise edge)
                                  0.000000   10.000000   clock source latency
     2    0.167707    0.150000    0.000000   10.000000 ^ clk (in)
                                                         clk (net)
                      0.326396    0.088198   10.088198 ^ clkbuf_0_clk/A (sky130_fd_sc_hd__clkbuf_16)
     2    0.113679    0.198462    0.434064   10.522263 ^ clkbuf_0_clk/X (sky130_fd_sc_hd__clkbuf_16)
                                                         clknet_0_clk (net)
                      0.203224    0.024287   10.546550 ^ clkbuf_1_1_0_clk/A (sky130_fd_sc_hd__clkbuf_16)
     4    0.140430    0.236523    0.407825   10.954374 ^ clkbuf_1_1_0_clk/X (sky130_fd_sc_hd__clkbuf_16)
                                                         clknet_1_1_0_clk (net)
                      0.238548    0.017708   10.972082 ^ clkbuf_3_5_0_clk/A (sky130_fd_sc_hd__clkbuf_16)
     2    0.069983    0.134801    0.356648   11.328731 ^ clkbuf_3_5_0_clk/X (sky130_fd_sc_hd__clkbuf_16)
                                                         clknet_3_5_0_clk (net)
                      0.135583    0.007497   11.336227 ^ clkbuf_4_10__f_clk/A (sky130_fd_sc_hd__clkbuf_16)
    11    0.128336    0.217449    0.370346   11.706573 ^ clkbuf_4_10__f_clk/X (sky130_fd_sc_hd__clkbuf_16)
                                                         clknet_4_10__leaf_clk (net)
                      0.218822    0.013910   11.720483 ^ u_memory._428_/CLK (sky130_fd_sc_hd__dfrtp_1)
                                 -0.250000   11.470483   clock uncertainty
                                  0.000000   11.470483   clock reconvergence pessimism
                                  0.353292   11.823775   library recovery time
                                             11.823775   data required time
---------------------------------------------------------------------------------------------
                                             11.823775   data required time
                                             -5.911610   data arrival time
---------------------------------------------------------------------------------------------
                                              5.912166   slack (MET)


Startpoint: u_memory.g_read[0].g_bank[2].g_slice[0].u_sram
            (rising edge-triggered flip-flop clocked by sys_clk)
Endpoint: _008_ (rising edge-triggered flip-flop clocked by sys_clk)
Path Group: sys_clk
Path Type: max

Fanout         Cap        Slew       Delay        Time   Description
---------------------------------------------------------------------------------------------
                                  0.000000    0.000000   clock sys_clk (rise edge)
                                  0.000000    0.000000   clock source latency
     2    0.167707    0.150000    0.000000    0.000000 ^ clk (in)
                                                         clk (net)
                      0.326396    0.088198    0.088198 ^ clkbuf_0_clk/A (sky130_fd_sc_hd__clkbuf_16)
     2    0.113679    0.198462    0.434064    0.522262 ^ clkbuf_0_clk/X (sky130_fd_sc_hd__clkbuf_16)
                                                         clknet_0_clk (net)
                      0.203224    0.024288    0.546550 ^ clkbuf_1_1_0_clk/A (sky130_fd_sc_hd__clkbuf_16)
     4    0.140430    0.236523    0.407825    0.954375 ^ clkbuf_1_1_0_clk/X (sky130_fd_sc_hd__clkbuf_16)
                                                         clknet_1_1_0_clk (net)
                      0.238745    0.018505    0.972880 ^ clkbuf_3_4_0_clk/A (sky130_fd_sc_hd__clkbuf_16)
     2    0.059825    0.121002    0.341669    1.314549 ^ clkbuf_3_4_0_clk/X (sky130_fd_sc_hd__clkbuf_16)
                                                         clknet_3_4_0_clk (net)
                      0.124908    0.016599    1.331149 ^ clkbuf_4_8__f_clk/A (sky130_fd_sc_hd__clkbuf_16)
     9    0.602440    0.902828    0.822885    2.154034 ^ clkbuf_4_8__f_clk/X (sky130_fd_sc_hd__clkbuf_16)
                                                         clknet_4_8__leaf_clk (net)
                      1.206818    0.037948    2.191982 ^ u_memory.g_read[0].g_bank[2].g_slice[0].u_sram/clk (sram22_512x32m4w8)
     1    0.010267    0.179066    6.905389    9.097371 v u_memory.g_read[0].g_bank[2].g_slice[0].u_sram/dout[7] (sram22_512x32m4w8)
                                                         m6_out_2_7_local (net)
                      0.134315    0.000625    9.097997 v m6_out_2_7/A (sky130_fd_sc_hd__buf_12)
     1    0.003334    0.034315    0.235516    9.333512 v m6_out_2_7/X (sky130_fd_sc_hd__buf_12)
                                                         u_memory.g_read[0].bank_data[2][7] (net)
                      0.034316    0.000215    9.333727 v wire316/A (sky130_fd_sc_hd__clkbuf_4)
     5    0.087668    0.308315    0.432541    9.766268 v wire316/X (sky130_fd_sc_hd__clkbuf_4)
                                                         net316 (net)
                      0.309266    0.014105    9.780374 v u_memory._229_/A2 (sky130_fd_sc_hd__a221o_1)
     1    0.016822    0.213925    0.871933   10.652306 v u_memory._229_/X (sky130_fd_sc_hd__a221o_1)
                                                         u_memory._045_ (net)
                      0.213941    0.002053   10.654360 v u_memory._230_/B2 (sky130_fd_sc_hd__o22a_1)
     2    0.035220    0.369810    0.642320   11.296679 v u_memory._230_/X (sky130_fd_sc_hd__o22a_1)
                                                         result[7] (net)
                      0.369947    0.006597   11.303276 v _008_/D (sky130_fd_sc_hd__dfxtp_1)
                                             11.303276   data arrival time

                                 10.000000   10.000000   clock sys_clk (rise edge)
                                  0.000000   10.000000   clock source latency
     2    0.167707    0.150000    0.000000   10.000000 ^ clk (in)
                                                         clk (net)
                      0.326396    0.088198   10.088198 ^ clkbuf_0_clk/A (sky130_fd_sc_hd__clkbuf_16)
     2    0.113679    0.198462    0.434064   10.522263 ^ clkbuf_0_clk/X (sky130_fd_sc_hd__clkbuf_16)
                                                         clknet_0_clk (net)
                      0.199741    0.012808   10.535070 ^ clkbuf_1_0_0_clk/A (sky130_fd_sc_hd__clkbuf_16)
     4    0.103371    0.183078    0.369584   10.904655 ^ clkbuf_1_0_0_clk/X (sky130_fd_sc_hd__clkbuf_16)
                                                         clknet_1_0_0_clk (net)
                      0.186234    0.019035   10.923691 ^ clkbuf_3_0_0_clk/A (sky130_fd_sc_hd__clkbuf_16)
     2    0.030736    0.081834    0.288813   11.212504 ^ clkbuf_3_0_0_clk/X (sky130_fd_sc_hd__clkbuf_16)
                                                         clknet_3_0_0_clk (net)
                      0.082043    0.003496   11.216000 ^ clkbuf_4_0__f_clk/A (sky130_fd_sc_hd__clkbuf_16)
     8    0.111519    0.193487    0.328566   11.544565 ^ clkbuf_4_0__f_clk/X (sky130_fd_sc_hd__clkbuf_16)
                                                         clknet_4_0__leaf_clk (net)
                      0.193715    0.005469   11.550035 ^ _008_/CLK (sky130_fd_sc_hd__dfxtp_1)
                                 -0.250000   11.300035   clock uncertainty
                                  0.000000   11.300035   clock reconvergence pessimism
                                 -0.360090   10.939945   library setup time
                                             10.939945   data required time
---------------------------------------------------------------------------------------------
                                             10.939945   data required time
                                            -11.303276   data arrival time
---------------------------------------------------------------------------------------------
                                             -0.363331   slack (VIOLATED)




===========================================================================
report_checks --slack_max -0.01
============================================================================
======================= max_ss_100C_1v60 Corner ===================================

Startpoint: u_memory.g_read[0].g_bank[2].g_slice[0].u_sram
            (rising edge-triggered flip-flop clocked by sys_clk)
Endpoint: _008_ (rising edge-triggered flip-flop clocked by sys_clk)
Path Group: sys_clk
Path Type: max

Fanout         Cap        Slew       Delay        Time   Description
---------------------------------------------------------------------------------------------
                                  0.000000    0.000000   clock sys_clk (rise edge)
                                  0.000000    0.000000   clock source latency
     2    0.167707    0.150000    0.000000    0.000000 ^ clk (in)
                                                         clk (net)
                      0.326396    0.088198    0.088198 ^ clkbuf_0_clk/A (sky130_fd_sc_hd__clkbuf_16)
     2    0.113679    0.198462    0.434064    0.522262 ^ clkbuf_0_clk/X (sky130_fd_sc_hd__clkbuf_16)
                                                         clknet_0_clk (net)
                      0.203224    0.024288    0.546550 ^ clkbuf_1_1_0_clk/A (sky130_fd_sc_hd__clkbuf_16)
     4    0.140430    0.236523    0.407825    0.954375 ^ clkbuf_1_1_0_clk/X (sky130_fd_sc_hd__clkbuf_16)
                                                         clknet_1_1_0_clk (net)
                      0.238745    0.018505    0.972880 ^ clkbuf_3_4_0_clk/A (sky130_fd_sc_hd__clkbuf_16)
     2    0.059825    0.121002    0.341669    1.314549 ^ clkbuf_3_4_0_clk/X (sky130_fd_sc_hd__clkbuf_16)
                                                         clknet_3_4_0_clk (net)
                      0.124908    0.016599    1.331149 ^ clkbuf_4_8__f_clk/A (sky130_fd_sc_hd__clkbuf_16)
     9    0.602440    0.902828    0.822885    2.154034 ^ clkbuf_4_8__f_clk/X (sky130_fd_sc_hd__clkbuf_16)
                                                         clknet_4_8__leaf_clk (net)
                      1.206818    0.037948    2.191982 ^ u_memory.g_read[0].g_bank[2].g_slice[0].u_sram/clk (sram22_512x32m4w8)
     1    0.010267    0.179066    6.905389    9.097371 v u_memory.g_read[0].g_bank[2].g_slice[0].u_sram/dout[7] (sram22_512x32m4w8)
                                                         m6_out_2_7_local (net)
                      0.134315    0.000625    9.097997 v m6_out_2_7/A (sky130_fd_sc_hd__buf_12)
     1    0.003334    0.034315    0.235516    9.333512 v m6_out_2_7/X (sky130_fd_sc_hd__buf_12)
                                                         u_memory.g_read[0].bank_data[2][7] (net)
                      0.034316    0.000215    9.333727 v wire316/A (sky130_fd_sc_hd__clkbuf_4)
     5    0.087668    0.308315    0.432541    9.766268 v wire316/X (sky130_fd_sc_hd__clkbuf_4)
                                                         net316 (net)
                      0.309266    0.014105    9.780374 v u_memory._229_/A2 (sky130_fd_sc_hd__a221o_1)
     1    0.016822    0.213925    0.871933   10.652306 v u_memory._229_/X (sky130_fd_sc_hd__a221o_1)
                                                         u_memory._045_ (net)
                      0.213941    0.002053   10.654360 v u_memory._230_/B2 (sky130_fd_sc_hd__o22a_1)
     2    0.035220    0.369810    0.642320   11.296679 v u_memory._230_/X (sky130_fd_sc_hd__o22a_1)
                                                         result[7] (net)
                      0.369947    0.006597   11.303276 v _008_/D (sky130_fd_sc_hd__dfxtp_1)
                                             11.303276   data arrival time

                                 10.000000   10.000000   clock sys_clk (rise edge)
                                  0.000000   10.000000   clock source latency
     2    0.167707    0.150000    0.000000   10.000000 ^ clk (in)
                                                         clk (net)
                      0.326396    0.088198   10.088198 ^ clkbuf_0_clk/A (sky130_fd_sc_hd__clkbuf_16)
     2    0.113679    0.198462    0.434064   10.522263 ^ clkbuf_0_clk/X (sky130_fd_sc_hd__clkbuf_16)
                                                         clknet_0_clk (net)
                      0.199741    0.012808   10.535070 ^ clkbuf_1_0_0_clk/A (sky130_fd_sc_hd__clkbuf_16)
     4    0.103371    0.183078    0.369584   10.904655 ^ clkbuf_1_0_0_clk/X (sky130_fd_sc_hd__clkbuf_16)
                                                         clknet_1_0_0_clk (net)
                      0.186234    0.019035   10.923691 ^ clkbuf_3_0_0_clk/A (sky130_fd_sc_hd__clkbuf_16)
     2    0.030736    0.081834    0.288813   11.212504 ^ clkbuf_3_0_0_clk/X (sky130_fd_sc_hd__clkbuf_16)
                                                         clknet_3_0_0_clk (net)
                      0.082043    0.003496   11.216000 ^ clkbuf_4_0__f_clk/A (sky130_fd_sc_hd__clkbuf_16)
     8    0.111519    0.193487    0.328566   11.544565 ^ clkbuf_4_0__f_clk/X (sky130_fd_sc_hd__clkbuf_16)
                                                         clknet_4_0__leaf_clk (net)
                      0.193715    0.005469   11.550035 ^ _008_/CLK (sky130_fd_sc_hd__dfxtp_1)
                                 -0.250000   11.300035   clock uncertainty
                                  0.000000   11.300035   clock reconvergence pessimism
                                 -0.360090   10.939945   library setup time
                                             10.939945   data required time
---------------------------------------------------------------------------------------------
                                             10.939945   data required time
                                            -11.303276   data arrival time
---------------------------------------------------------------------------------------------
                                             -0.363331   slack (VIOLATED)




===========================================================================
 report_check_types -max_slew -max_cap -max_fanout -violators
============================================================================
======================= max_ss_100C_1v60 Corner ===================================

max slew

Pin                                        Limit        Slew       Slack
------------------------------------------------------------------------
wire179/A                               0.350000    1.235783   -0.885783 (VIOLATED)
u_memory._322_/Y                        0.350000    1.235691   -0.885691 (VIOLATED)
u_memory.g_read[0].g_bank[3].g_slice[0].u_sram/clk    0.350000    1.215023   -0.865023 (VIOLATED)
u_memory.g_read[0].g_bank[2].g_slice[0].u_sram/clk    0.350000    1.206818   -0.856818 (VIOLATED)
u_memory.g_read[0].g_bank[0].g_slice[0].u_sram/we    0.350000    1.180440   -0.830440 (VIOLATED)
u_memory.g_read[0].g_bank[3].g_slice[0].u_sram/we    0.350000    1.177079   -0.827079 (VIOLATED)
u_memory.g_read[0].g_bank[1].g_slice[0].u_sram/we    0.350000    1.176451   -0.826451 (VIOLATED)
u_memory.g_read[1].g_bank[0].g_slice[0].u_sram/we    0.350000    1.162504   -0.812504 (VIOLATED)
u_memory.g_read[1].g_bank[1].g_slice[0].u_sram/we    0.350000    1.159148   -0.809148 (VIOLATED)
u_memory.g_read[1].g_bank[3].g_slice[0].u_sram/we    0.350000    1.154044   -0.804044 (VIOLATED)
u_memory.g_read[1].g_bank[2].g_slice[0].u_sram/we    0.350000    1.145074   -0.795074 (VIOLATED)
u_memory.g_read[1].g_bank[3].g_slice[0].u_sram/clk    0.350000    1.128682   -0.778682 (VIOLATED)
u_memory.g_read[1].g_bank[2].g_slice[0].u_sram/clk    0.350000    1.116360   -0.766360 (VIOLATED)
hold158/A                               0.350000    1.110386   -0.760386 (VIOLATED)
hold201/X                               0.350000    1.109605   -0.759605 (VIOLATED)
hold156/A                               0.350000    1.084307   -0.734307 (VIOLATED)
hold199/X                               0.350000    1.083537   -0.733537 (VIOLATED)
hold169/A                               0.350000    1.017534   -0.667534 (VIOLATED)
hold205/X                               0.350000    1.017078   -0.667078 (VIOLATED)
u_memory._236_/B1                       0.350000    0.991464   -0.641464 (VIOLATED)
max_cap187/A                            0.350000    0.991136   -0.641136 (VIOLATED)
u_memory._206_/Y                        0.350000    0.991133   -0.641133 (VIOLATED)
_102_/CLK                               0.350000    0.905627   -0.555627 (VIOLATED)
_097_/CLK                               0.350000    0.904917   -0.554917 (VIOLATED)
_070_/CLK                               0.350000    0.904843   -0.554843 (VIOLATED)
_067_/CLK                               0.350000    0.904842   -0.554842 (VIOLATED)
_090_/CLK                               0.350000    0.904830   -0.554830 (VIOLATED)
_071_/CLK                               0.350000    0.904818   -0.554818 (VIOLATED)
_091_/CLK                               0.350000    0.904775   -0.554775 (VIOLATED)
clkbuf_4_8__f_clk/X                     0.350000    0.902828   -0.552828 (VIOLATED)
ANTENNA_609/DIODE                       0.350000    0.882603   -0.532603 (VIOLATED)
ANTENNA_2774/DIODE                      0.350000    0.881253   -0.531253 (VIOLATED)
ANTENNA_608/DIODE                       0.350000    0.881212   -0.531212 (VIOLATED)
ANTENNA_610/DIODE                       0.350000    0.870173   -0.520173 (VIOLATED)
ANTENNA_2775/DIODE                      0.350000    0.870171   -0.520171 (VIOLATED)
ANTENNA_2797/DIODE                      0.350000    0.870170   -0.520170 (VIOLATED)
ANTENNA_611/DIODE                       0.350000    0.866151   -0.516151 (VIOLATED)
max_cap196/A                            0.350000    0.857685   -0.507685 (VIOLATED)
max_cap202/A                            0.350000    0.857683   -0.507683 (VIOLATED)
u_memory._175_/Y                        0.350000    0.857683   -0.507683 (VIOLATED)
wire195/A                               0.350000    0.857683   -0.507683 (VIOLATED)
u_memory.g_read[1].g_bank[0].g_slice[0].u_sram/clk    0.350000    0.846137   -0.496137 (VIOLATED)
fanout169/A                             0.350000    0.842468   -0.492468 (VIOLATED)
u_memory.g_read[0].g_bank[2].g_slice[0].u_sram/din[24]    0.350000    0.842193   -0.492193 (VIOLATED)
fanout170/X                             0.350000    0.842044   -0.492044 (VIOLATED)
u_memory._429_/CLK                      0.350000    0.835722   -0.485722 (VIOLATED)
u_memory._430_/CLK                      0.350000    0.835708   -0.485708 (VIOLATED)
_019_/CLK                               0.350000    0.835641   -0.485641 (VIOLATED)
clkbuf_4_11__f_clk/X                    0.350000    0.834867   -0.484867 (VIOLATED)
u_memory.g_read[1].g_bank[2].g_slice[0].u_sram/din[2]    0.350000    0.772305   -0.422305 (VIOLATED)
u_memory.g_read[0].g_bank[2].g_slice[0].u_sram/addr[3]    0.350000    0.737728   -0.387728 (VIOLATED)
u_memory.g_read[0].g_bank[3].g_slice[0].u_sram/addr[3]    0.350000    0.737707   -0.387707 (VIOLATED)
u_memory.g_read[1].g_bank[1].g_slice[0].u_sram/wmask[0]    0.350000    0.720648   -0.370647 (VIOLATED)
u_memory.g_read[1].g_bank[0].g_slice[0].u_sram/wmask[0]    0.350000    0.720642   -0.370642 (VIOLATED)
u_memory.g_read[1].g_bank[1].g_slice[0].u_sram/clk    0.350000    0.718558   -0.368558 (VIOLATED)
u_memory.g_read[0].g_bank[3].g_slice[0].u_sram/din[11]    0.350000    0.712292   -0.362292 (VIOLATED)
u_memory.g_read[0].g_bank[3].g_slice[0].u_sram/din[26]    0.350000    0.709457   -0.359457 (VIOLATED)
u_memory.g_read[1].g_bank[3].g_slice[0].u_sram/din[22]    0.350000    0.707493   -0.357493 (VIOLATED)
u_memory.g_read[0].g_bank[2].g_slice[0].u_sram/din[29]    0.350000    0.703954   -0.353954 (VIOLATED)
u_memory.g_read[0].g_bank[2].g_slice[0].u_sram/din[18]    0.350000    0.697688   -0.347688 (VIOLATED)
u_memory.g_read[1].g_bank[1].g_slice[0].u_sram/wmask[1]    0.350000    0.696009   -0.346009 (VIOLATED)
u_memory.g_read[1].g_bank[0].g_slice[0].u_sram/wmask[1]    0.350000    0.696006   -0.346006 (VIOLATED)
u_memory.g_read[1].g_bank[3].g_slice[0].u_sram/addr[8]    0.350000    0.684797   -0.334797 (VIOLATED)
u_memory.g_read[1].g_bank[2].g_slice[0].u_sram/addr[8]    0.350000    0.684760   -0.334760 (VIOLATED)
u_memory.g_read[0].g_bank[3].g_slice[0].u_sram/addr[0]    0.350000    0.677527   -0.327527 (VIOLATED)
u_memory.g_read[0].g_bank[2].g_slice[0].u_sram/addr[0]    0.350000    0.677510   -0.327510 (VIOLATED)
u_memory.g_read[0].g_bank[3].g_slice[0].u_sram/din[24]    0.350000    0.675925   -0.325925 (VIOLATED)
u_memory.g_read[0].g_bank[2].g_slice[0].u_sram/din[31]    0.350000    0.672045   -0.322045 (VIOLATED)
u_memory.g_read[0].g_bank[1].g_slice[0].u_sram/din[24]    0.350000    0.668890   -0.318890 (VIOLATED)
u_memory.g_read[0].g_bank[0].g_slice[0].u_sram/clk    0.350000    0.665039   -0.315039 (VIOLATED)
u_memory.g_read[0].g_bank[1].g_slice[0].u_sram/din[16]    0.350000    0.652689   -0.302689 (VIOLATED)
u_memory.g_read[0].g_bank[2].g_slice[0].u_sram/din[28]    0.350000    0.648070   -0.298070 (VIOLATED)
u_memory.g_read[0].g_bank[2].g_slice[0].u_sram/din[10]    0.350000    0.645203   -0.295203 (VIOLATED)
u_memory.g_read[1].g_bank[0].g_slice[0].u_sram/din[0]    0.350000    0.644799   -0.294799 (VIOLATED)
u_memory.g_read[1].g_bank[1].g_slice[0].u_sram/din[6]    0.350000    0.639500   -0.289500 (VIOLATED)
u_memory.g_read[0].g_bank[3].g_slice[0].u_sram/din[15]    0.350000    0.632942   -0.282942 (VIOLATED)
ANTENNA_2782/DIODE                      0.350000    0.631571   -0.281571 (VIOLATED)
max_cap455/A                            0.350000    0.631570   -0.281569 (VIOLATED)
wire456/X                               0.350000    0.630533   -0.280533 (VIOLATED)
u_memory.g_read[0].g_bank[1].g_slice[0].u_sram/din[4]    0.350000    0.623559   -0.273559 (VIOLATED)
wire392/A                               0.350000    0.623485   -0.273485 (VIOLATED)
u_memory.g_read[1].g_bank[3].g_slice[0].u_sram/addr[7]    0.350000    0.623013   -0.273013 (VIOLATED)
u_memory.g_read[1].g_bank[2].g_slice[0].u_sram/addr[7]    0.350000    0.622945   -0.272945 (VIOLATED)
max_cap393/A                            0.350000    0.622776   -0.272776 (VIOLATED)
max_cap194/A                            0.350000    0.622452   -0.272452 (VIOLATED)
wire193/A                               0.350000    0.622435   -0.272435 (VIOLATED)
wire394/X                               0.350000    0.622020   -0.272020 (VIOLATED)
wire195/X                               0.350000    0.620117   -0.270117 (VIOLATED)
u_memory.g_read[0].g_bank[2].g_slice[0].u_sram/we    0.350000    0.617801   -0.267801 (VIOLATED)
u_memory.g_read[1].g_bank[0].g_slice[0].u_sram/din[17]    0.350000    0.616723   -0.266723 (VIOLATED)
wire167/A                               0.350000    0.614201   -0.264201 (VIOLATED)
wire168/X                               0.350000    0.612615   -0.262615 (VIOLATED)
u_memory.g_read[0].g_bank[3].g_slice[0].u_sram/din[28]    0.350000    0.607683   -0.257683 (VIOLATED)
u_memory.g_read[1].g_bank[0].g_slice[0].u_sram/din[3]    0.350000    0.606262   -0.256262 (VIOLATED)
u_memory.g_read[0].g_bank[3].g_slice[0].u_sram/addr[4]    0.350000    0.599553   -0.249553 (VIOLATED)
u_memory.g_read[0].g_bank[2].g_slice[0].u_sram/addr[4]    0.350000    0.599530   -0.249530 (VIOLATED)
u_memory.g_read[1].g_bank[3].g_slice[0].u_sram/addr[0]    0.350000    0.598952   -0.248952 (VIOLATED)
u_memory.g_read[1].g_bank[2].g_slice[0].u_sram/addr[0]    0.350000    0.598937   -0.248937 (VIOLATED)
u_memory.g_read[1].g_bank[0].g_slice[0].u_sram/din[27]    0.350000    0.597552   -0.247552 (VIOLATED)
u_memory.g_read[1].g_bank[3].g_slice[0].u_sram/din[23]    0.350000    0.596651   -0.246651 (VIOLATED)
u_memory.g_read[1].g_bank[3].g_slice[0].u_sram/din[10]    0.350000    0.596161   -0.246161 (VIOLATED)
u_memory.g_read[1].g_bank[0].g_slice[0].u_sram/din[16]    0.350000    0.595928   -0.245928 (VIOLATED)
u_memory.g_read[1].g_bank[3].g_slice[0].u_sram/din[21]    0.350000    0.595862   -0.245862 (VIOLATED)
u_memory.g_read[1].g_bank[3].g_slice[0].u_sram/addr[1]    0.350000    0.595211   -0.245211 (VIOLATED)
u_memory.g_read[1].g_bank[2].g_slice[0].u_sram/addr[1]    0.350000    0.595189   -0.245189 (VIOLATED)
u_memory.g_read[1].g_bank[3].g_slice[0].u_sram/din[17]    0.350000    0.594658   -0.244658 (VIOLATED)
u_memory.g_read[0].g_bank[3].g_slice[0].u_sram/din[9]    0.350000    0.593346   -0.243346 (VIOLATED)
u_memory.g_read[0].g_bank[1].g_slice[0].u_sram/clk    0.350000    0.592541   -0.242541 (VIOLATED)
u_memory.g_read[1].g_bank[3].g_slice[0].u_sram/addr[3]    0.350000    0.591409   -0.241409 (VIOLATED)
u_memory.g_read[1].g_bank[2].g_slice[0].u_sram/addr[3]    0.350000    0.591395   -0.241395 (VIOLATED)
u_memory.g_read[1].g_bank[3].g_slice[0].u_sram/wmask[3]    0.350000    0.591276   -0.241276 (VIOLATED)
u_memory.g_read[0].g_bank[3].g_slice[0].u_sram/din[20]    0.350000    0.591079   -0.241079 (VIOLATED)
u_memory.g_read[1].g_bank[0].g_slice[0].u_sram/din[1]    0.350000    0.589529   -0.239529 (VIOLATED)
u_memory.g_read[0].g_bank[3].g_slice[0].u_sram/din[23]    0.350000    0.589184   -0.239184 (VIOLATED)
u_memory.g_read[1].g_bank[3].g_slice[0].u_sram/din[7]    0.350000    0.588848   -0.238848 (VIOLATED)
u_memory.g_read[0].g_bank[3].g_slice[0].u_sram/din[14]    0.350000    0.588730   -0.238730 (VIOLATED)
u_memory.g_read[0].g_bank[3].g_slice[0].u_sram/din[27]    0.350000    0.587756   -0.237756 (VIOLATED)
u_memory.g_read[1].g_bank[0].g_slice[0].u_sram/wmask[3]    0.350000    0.586266   -0.236266 (VIOLATED)
u_memory.g_read[1].g_bank[0].g_slice[0].u_sram/din[14]    0.350000    0.585638   -0.235638 (VIOLATED)
u_memory.g_read[1].g_bank[3].g_slice[0].u_sram/din[18]    0.350000    0.583959   -0.233959 (VIOLATED)
u_memory.g_read[0].g_bank[0].g_slice[0].u_sram/wmask[2]    0.350000    0.583351   -0.233351 (VIOLATED)
u_memory.g_read[1].g_bank[3].g_slice[0].u_sram/din[20]    0.350000    0.583232   -0.233232 (VIOLATED)
u_memory.g_read[0].g_bank[0].g_slice[0].u_sram/din[8]    0.350000    0.582835   -0.232835 (VIOLATED)
u_memory.g_read[1].g_bank[3].g_slice[0].u_sram/addr[5]    0.350000    0.580852   -0.230852 (VIOLATED)
u_memory.g_read[1].g_bank[2].g_slice[0].u_sram/addr[5]    0.350000    0.580852   -0.230852 (VIOLATED)
u_memory.g_read[0].g_bank[0].g_slice[0].u_sram/din[24]    0.350000    0.580810   -0.230810 (VIOLATED)
u_memory.g_read[0].g_bank[1].g_slice[0].u_sram/wmask[2]    0.350000    0.580309   -0.230309 (VIOLATED)
u_memory.g_read[0].g_bank[0].g_slice[0].u_sram/din[22]    0.350000    0.579516   -0.229516 (VIOLATED)
max_cap609/A                            0.350000    0.579224   -0.229224 (VIOLATED)
max_cap610/A                            0.350000    0.579224   -0.229224 (VIOLATED)
u_memory.g_read[0].g_bank[0].g_slice[0].u_sram/din[16]    0.350000    0.579090   -0.229090 (VIOLATED)
wire611/X                               0.350000    0.578879   -0.228879 (VIOLATED)
u_memory.g_read[1].g_bank[0].g_slice[0].u_sram/din[18]    0.350000    0.578308   -0.228308 (VIOLATED)
u_memory.g_read[0].g_bank[0].g_slice[0].u_sram/din[10]    0.350000    0.577866   -0.227866 (VIOLATED)
u_memory.g_read[0].g_bank[0].g_slice[0].u_sram/din[12]    0.350000    0.577568   -0.227567 (VIOLATED)
u_memory.g_read[1].g_bank[0].g_slice[0].u_sram/din[21]    0.350000    0.576065   -0.226065 (VIOLATED)
u_memory.g_read[0].g_bank[0].g_slice[0].u_sram/din[23]    0.350000    0.575592   -0.225591 (VIOLATED)
u_memory._408_/A1                       0.350000    0.574716   -0.224716 (VIOLATED)
u_memory.g_read[1].g_bank[0].g_slice[0].u_sram/din[26]    0.350000    0.573788   -0.223788 (VIOLATED)
wire265/X                               0.350000    0.573636   -0.223636 (VIOLATED)
u_memory.g_read[0].g_bank[0].g_slice[0].u_sram/din[3]    0.350000    0.573387   -0.223387 (VIOLATED)
u_memory.g_read[0].g_bank[0].g_slice[0].u_sram/din[11]    0.350000    0.573316   -0.223316 (VIOLATED)
u_memory.g_read[0].g_bank[0].g_slice[0].u_sram/din[2]    0.350000    0.572272   -0.222272 (VIOLATED)
u_memory.g_read[1].g_bank[0].g_slice[0].u_sram/din[24]    0.350000    0.572042   -0.222042 (VIOLATED)
u_memory.g_read[0].g_bank[0].g_slice[0].u_sram/din[26]    0.350000    0.571688   -0.221688 (VIOLATED)
u_memory.g_read[0].g_bank[0].g_slice[0].u_sram/din[21]    0.350000    0.571540   -0.221540 (VIOLATED)
u_memory.g_read[0].g_bank[0].g_slice[0].u_sram/din[30]    0.350000    0.571136   -0.221136 (VIOLATED)
u_memory.g_read[0].g_bank[0].g_slice[0].u_sram/din[17]    0.350000    0.570336   -0.220336 (VIOLATED)
u_memory.g_read[1].g_bank[3].g_slice[0].u_sram/addr[2]    0.350000    0.570109   -0.220109 (VIOLATED)
u_memory.g_read[1].g_bank[2].g_slice[0].u_sram/addr[2]    0.350000    0.570091   -0.220091 (VIOLATED)
u_memory._194_/A                        0.350000    0.569950   -0.219950 (VIOLATED)
u_memory._196_/A_N                      0.350000    0.569923   -0.219923 (VIOLATED)
u_memory._198_/B                        0.350000    0.569898   -0.219898 (VIOLATED)
u_memory.g_read[1].g_bank[0].g_slice[0].u_sram/din[7]    0.350000    0.569017   -0.219017 (VIOLATED)
wire628/X                               0.350000    0.568733   -0.218733 (VIOLATED)
u_memory.g_read[0].g_bank[0].g_slice[0].u_sram/din[19]    0.350000    0.567927   -0.217927 (VIOLATED)
u_memory.g_read[0].g_bank[1].g_slice[0].u_sram/din[29]    0.350000    0.567854   -0.217854 (VIOLATED)
u_memory.g_read[0].g_bank[0].g_slice[0].u_sram/din[29]    0.350000    0.566887   -0.216887 (VIOLATED)
u_memory.g_read[0].g_bank[0].g_slice[0].u_sram/din[18]    0.350000    0.566379   -0.216379 (VIOLATED)
u_memory.g_read[0].g_bank[0].g_slice[0].u_sram/din[31]    0.350000    0.566339   -0.216339 (VIOLATED)
u_memory.g_read[1].g_bank[1].g_slice[0].u_sram/din[28]    0.350000    0.566194   -0.216194 (VIOLATED)
u_memory.g_read[1].g_bank[1].g_slice[0].u_sram/ce    0.350000    0.565793   -0.215793 (VIOLATED)
u_memory.g_read[1].g_bank[2].g_slice[0].u_sram/din[5]    0.350000    0.563174   -0.213174 (VIOLATED)
u_memory._419_/A1                       0.350000    0.562780   -0.212780 (VIOLATED)
fanout204/A                             0.350000    0.562507   -0.212507 (VIOLATED)
u_memory._174_/Y                        0.350000    0.561103   -0.211103 (VIOLATED)
u_memory.g_read[0].g_bank[1].g_slice[0].u_sram/din[1]    0.350000    0.553764   -0.203764 (VIOLATED)
ANTENNA_2746/DIODE                      0.350000    0.553296   -0.203296 (VIOLATED)
ANTENNA_2745/DIODE                      0.350000    0.553295   -0.203295 (VIOLATED)
ANTENNA_2748/DIODE                      0.350000    0.553262   -0.203261 (VIOLATED)
ANTENNA_2747/DIODE                      0.350000    0.553259   -0.203259 (VIOLATED)
hold192/X                               0.350000    0.552779   -0.202779 (VIOLATED)
wire146/A                               0.350000    0.552760   -0.202760 (VIOLATED)
ANTENNA_425/DIODE                       0.350000    0.552760   -0.202760 (VIOLATED)
ANTENNA_427/DIODE                       0.350000    0.552760   -0.202760 (VIOLATED)
ANTENNA_429/DIODE                       0.350000    0.552758   -0.202758 (VIOLATED)
ANTENNA_424/DIODE                       0.350000    0.552757   -0.202757 (VIOLATED)
ANTENNA_430/DIODE                       0.350000    0.552758   -0.202758 (VIOLATED)
u_memory.g_read[1].g_bank[3].g_slice[0].u_sram/din[13]    0.350000    0.552757   -0.202757 (VIOLATED)
ANTENNA_428/DIODE                       0.350000    0.552757   -0.202757 (VIOLATED)
ANTENNA_426/DIODE                       0.350000    0.552757   -0.202757 (VIOLATED)
wire147/X                               0.350000    0.552560   -0.202560 (VIOLATED)
u_memory.g_read[0].g_bank[1].g_slice[0].u_sram/din[26]    0.350000    0.552308   -0.202308 (VIOLATED)
u_memory.g_read[1].g_bank[0].g_slice[0].u_sram/din[8]    0.350000    0.552275   -0.202275 (VIOLATED)
u_memory._236_/A1                       0.350000    0.551789   -0.201789 (VIOLATED)
u_memory.g_read[0].g_bank[1].g_slice[0].u_sram/din[28]    0.350000    0.551348   -0.201348 (VIOLATED)
u_memory.g_read[0].g_bank[3].g_slice[0].u_sram/din[0]    0.350000    0.551119   -0.201119 (VIOLATED)
max_cap207/X                            0.350000    0.550352   -0.200352 (VIOLATED)
u_memory.g_read[0].g_bank[1].g_slice[0].u_sram/din[0]    0.350000    0.550279   -0.200279 (VIOLATED)
u_memory._177_/A                        0.350000    0.549780   -0.199780 (VIOLATED)
u_memory._181_/A_N                      0.350000    0.549775   -0.199775 (VIOLATED)
u_memory._185_/B                        0.350000    0.549768   -0.199768 (VIOLATED)
u_memory._190_/A                        0.350000    0.549765   -0.199765 (VIOLATED)
u_memory._387_/B2                       0.350000    0.549677   -0.199677 (VIOLATED)
u_memory._386_/X                        0.350000    0.549605   -0.199605 (VIOLATED)
u_memory.g_read[0].g_bank[1].g_slice[0].u_sram/din[9]    0.350000    0.549328   -0.199328 (VIOLATED)
ANTENNA_235/DIODE                       0.350000    0.549237   -0.199237 (VIOLATED)
_113_/D                                 0.350000    0.549236   -0.199236 (VIOLATED)
input41/X                               0.350000    0.549175   -0.199175 (VIOLATED)
u_memory.g_read[0].g_bank[3].g_slice[0].u_sram/din[8]    0.350000    0.549145   -0.199145 (VIOLATED)
u_memory._202_/B                        0.350000    0.548854   -0.198854 (VIOLATED)
wire627/X                               0.350000    0.548460   -0.198460 (VIOLATED)
u_memory._201_/X                        0.350000    0.547534   -0.197534 (VIOLATED)
u_memory.g_read[1].g_bank[3].g_slice[0].u_sram/addr[6]    0.350000    0.545196   -0.195196 (VIOLATED)
u_memory.g_read[1].g_bank[2].g_slice[0].u_sram/addr[6]    0.350000    0.545170   -0.195170 (VIOLATED)
u_memory.g_read[0].g_bank[2].g_slice[0].u_sram/ce    0.350000    0.545093   -0.195093 (VIOLATED)
u_memory.g_read[1].g_bank[3].g_slice[0].u_sram/din[31]    0.350000    0.543160   -0.193160 (VIOLATED)
_008_/D                                 0.350000    0.542876   -0.192876 (VIOLATED)
ANTENNA_33/DIODE                        0.350000    0.542875   -0.192875 (VIOLATED)
u_memory._230_/X                        0.350000    0.542795   -0.192795 (VIOLATED)
u_memory._288_/B2                       0.350000    0.540896   -0.190896 (VIOLATED)
u_memory._287_/X                        0.350000    0.540614   -0.190614 (VIOLATED)
ANTENNA_2754/DIODE                      0.350000    0.540485   -0.190485 (VIOLATED)
ANTENNA_2753/DIODE                      0.350000    0.540485   -0.190485 (VIOLATED)
ANTENNA_2755/DIODE                      0.350000    0.540474   -0.190474 (VIOLATED)
ANTENNA_2756/DIODE                      0.350000    0.540473   -0.190473 (VIOLATED)
u_memory.g_read[1].g_bank[0].g_slice[0].u_sram/din[19]    0.350000    0.540257   -0.190257 (VIOLATED)
hold196/X                               0.350000    0.539936   -0.189936 (VIOLATED)
u_memory.g_read[0].g_bank[1].g_slice[0].u_sram/ce    0.350000    0.539927   -0.189927 (VIOLATED)
u_memory._399_/A1                       0.350000    0.539287   -0.189287 (VIOLATED)
hold209/A                               0.350000    0.539235   -0.189235 (VIOLATED)
ANTENNA_2759/DIODE                      0.350000    0.539234   -0.189234 (VIOLATED)
hold210/X                               0.350000    0.539143   -0.189143 (VIOLATED)
u_memory.g_read[0].g_bank[3].g_slice[0].u_sram/ce    0.350000    0.538811   -0.188811 (VIOLATED)
wire268/X                               0.350000    0.538128   -0.188128 (VIOLATED)
u_memory._372_/B2                       0.350000    0.536407   -0.186407 (VIOLATED)
u_memory._371_/X                        0.350000    0.536336   -0.186336 (VIOLATED)
wire166/A                               0.350000    0.535783   -0.185783 (VIOLATED)
u_memory.g_read[0].g_bank[1].g_slice[0].u_sram/din[21]    0.350000    0.535770   -0.185770 (VIOLATED)
u_memory.g_read[1].g_bank[2].g_slice[0].u_sram/addr[4]    0.350000    0.535316   -0.185316 (VIOLATED)
u_memory.g_read[1].g_bank[3].g_slice[0].u_sram/addr[4]    0.350000    0.535307   -0.185307 (VIOLATED)
u_memory.g_read[0].g_bank[1].g_slice[0].u_sram/din[8]    0.350000    0.534855   -0.184855 (VIOLATED)
u_memory.g_read[1].g_bank[3].g_slice[0].u_sram/din[14]    0.350000    0.534738   -0.184738 (VIOLATED)
wire165/A                               0.350000    0.534552   -0.184552 (VIOLATED)
wire167/X                               0.350000    0.534371   -0.184371 (VIOLATED)
u_memory.g_read[0].g_bank[3].g_slice[0].u_sram/din[25]    0.350000    0.534354   -0.184354 (VIOLATED)
ANTENNA_2173/DIODE                      0.350000    0.534186   -0.184186 (VIOLATED)
ANTENNA_2179/DIODE                      0.350000    0.534185   -0.184185 (VIOLATED)
ANTENNA_2177/DIODE                      0.350000    0.534184   -0.184184 (VIOLATED)
ANTENNA_2175/DIODE                      0.350000    0.534184   -0.184184 (VIOLATED)
ANTENNA_2172/DIODE                      0.350000    0.534184   -0.184184 (VIOLATED)
ANTENNA_2174/DIODE                      0.350000    0.534184   -0.184184 (VIOLATED)
ANTENNA_2171/DIODE                      0.350000    0.534183   -0.184183 (VIOLATED)
ANTENNA_2170/DIODE                      0.350000    0.534179   -0.184179 (VIOLATED)
ANTENNA_2180/DIODE                      0.350000    0.534164   -0.184164 (VIOLATED)
ANTENNA_2176/DIODE                      0.350000    0.534164   -0.184164 (VIOLATED)
ANTENNA_2178/DIODE                      0.350000    0.534164   -0.184164 (VIOLATED)
u_memory.g_read[0].g_bank[3].g_slice[0].u_sram/din[2]    0.350000    0.533511   -0.183511 (VIOLATED)
max_cap546/X                            0.350000    0.533292   -0.183292 (VIOLATED)
ANTENNA_1519/DIODE                      0.350000    0.532059   -0.182059 (VIOLATED)
ANTENNA_1517/DIODE                      0.350000    0.532059   -0.182059 (VIOLATED)
ANTENNA_1515/DIODE                      0.350000    0.532059   -0.182059 (VIOLATED)
ANTENNA_1513/DIODE                      0.350000    0.532058   -0.182058 (VIOLATED)
ANTENNA_1512/DIODE                      0.350000    0.532058   -0.182058 (VIOLATED)
ANTENNA_1510/DIODE                      0.350000    0.532057   -0.182057 (VIOLATED)
ANTENNA_1511/DIODE                      0.350000    0.532056   -0.182056 (VIOLATED)
ANTENNA_1509/DIODE                      0.350000    0.532049   -0.182049 (VIOLATED)
ANTENNA_1514/DIODE                      0.350000    0.531999   -0.181999 (VIOLATED)
ANTENNA_1516/DIODE                      0.350000    0.531996   -0.181996 (VIOLATED)
ANTENNA_1518/DIODE                      0.350000    0.531993   -0.181993 (VIOLATED)
max_cap441/X                            0.350000    0.531103   -0.181103 (VIOLATED)
ANTENNA_1703/DIODE                      0.350000    0.530581   -0.180581 (VIOLATED)
ANTENNA_1698/DIODE                      0.350000    0.530580   -0.180580 (VIOLATED)
ANTENNA_1707/DIODE                      0.350000    0.530581   -0.180581 (VIOLATED)
ANTENNA_1699/DIODE                      0.350000    0.530580   -0.180580 (VIOLATED)
ANTENNA_1702/DIODE                      0.350000    0.530580   -0.180580 (VIOLATED)
ANTENNA_1701/DIODE                      0.350000    0.530580   -0.180580 (VIOLATED)
ANTENNA_1700/DIODE                      0.350000    0.530580   -0.180580 (VIOLATED)
ANTENNA_1697/DIODE                      0.350000    0.530579   -0.180579 (VIOLATED)
ANTENNA_1704/DIODE                      0.350000    0.530566   -0.180566 (VIOLATED)
ANTENNA_1705/DIODE                      0.350000    0.530566   -0.180566 (VIOLATED)
ANTENNA_1706/DIODE                      0.350000    0.530566   -0.180566 (VIOLATED)
_023_/CLK                               0.350000    0.530522   -0.180522 (VIOLATED)
u_memory.g_read[0].g_bank[1].g_slice[0].u_sram/din[7]    0.350000    0.530261   -0.180261 (VIOLATED)
max_cap471/X                            0.350000    0.529707   -0.179707 (VIOLATED)
ANTENNA_807/DIODE                       0.350000    0.529152   -0.179152 (VIOLATED)
ANTENNA_805/DIODE                       0.350000    0.529151   -0.179151 (VIOLATED)
ANTENNA_803/DIODE                       0.350000    0.529150   -0.179150 (VIOLATED)
u_memory._417_/A1                       0.350000    0.529150   -0.179150 (VIOLATED)
ANTENNA_801/DIODE                       0.350000    0.529149   -0.179149 (VIOLATED)
ANTENNA_799/DIODE                       0.350000    0.529146   -0.179146 (VIOLATED)
ANTENNA_800/DIODE                       0.350000    0.529132   -0.179132 (VIOLATED)
ANTENNA_802/DIODE                       0.350000    0.529126   -0.179126 (VIOLATED)
ANTENNA_804/DIODE                       0.350000    0.529121   -0.179121 (VIOLATED)
ANTENNA_806/DIODE                       0.350000    0.529115   -0.179115 (VIOLATED)
ANTENNA_808/DIODE                       0.350000    0.529109   -0.179109 (VIOLATED)
u_memory.g_read[1].g_bank[3].g_slice[0].u_sram/din[9]    0.350000    0.528738   -0.178738 (VIOLATED)
u_memory.g_read[0].g_bank[1].g_slice[0].u_sram/din[2]    0.350000    0.528041   -0.178041 (VIOLATED)
max_cap420/A                            0.350000    0.527844   -0.177844 (VIOLATED)
u_memory._424_/A                        0.350000    0.527769   -0.177769 (VIOLATED)
u_memory._196_/C                        0.350000    0.527765   -0.177765 (VIOLATED)
u_memory._194_/C_N                      0.350000    0.527755   -0.177755 (VIOLATED)
u_memory._198_/A                        0.350000    0.527728   -0.177728 (VIOLATED)
wire261/X                               0.350000    0.527670   -0.177670 (VIOLATED)
u_memory._288_/B1                       0.350000    0.526941   -0.176941 (VIOLATED)
ANTENNA_115/DIODE                       0.350000    0.526938   -0.176938 (VIOLATED)
ANTENNA_113/DIODE                       0.350000    0.526936   -0.176936 (VIOLATED)
ANTENNA_114/DIODE                       0.350000    0.526933   -0.176933 (VIOLATED)
ANTENNA_116/DIODE                       0.350000    0.526931   -0.176931 (VIOLATED)
wire632/X                               0.350000    0.526906   -0.176906 (VIOLATED)
u_memory.g_read[1].g_bank[3].g_slice[0].u_sram/din[26]    0.350000    0.526550   -0.176550 (VIOLATED)
u_memory._195_/A1                       0.350000    0.526526   -0.176526 (VIOLATED)
_036_/CLK                               0.350000    0.526031   -0.176031 (VIOLATED)
_033_/CLK                               0.350000    0.526027   -0.176027 (VIOLATED)
_035_/CLK                               0.350000    0.526022   -0.176022 (VIOLATED)
u_memory._286_/X                        0.350000    0.525985   -0.175985 (VIOLATED)
_045_/CLK                               0.350000    0.525926   -0.175926 (VIOLATED)
clkbuf_4_4__f_clk/X                     0.350000    0.525371   -0.175371 (VIOLATED)
wire193/X                               0.350000    0.525108   -0.175108 (VIOLATED)
u_memory.g_read[0].g_bank[1].g_slice[0].u_sram/din[14]    0.350000    0.524688   -0.174688 (VIOLATED)
u_memory._255_/B1                       0.350000    0.524546   -0.174546 (VIOLATED)
ANTENNA_85/DIODE                        0.350000    0.524533   -0.174533 (VIOLATED)
ANTENNA_83/DIODE                        0.350000    0.524530   -0.174530 (VIOLATED)
ANTENNA_82/DIODE                        0.350000    0.524529   -0.174529 (VIOLATED)
ANTENNA_84/DIODE                        0.350000    0.524497   -0.174497 (VIOLATED)
u_memory._381_/A1                       0.350000    0.524249   -0.174249 (VIOLATED)
ANTENNA_845/DIODE                       0.350000    0.524230   -0.174230 (VIOLATED)
ANTENNA_843/DIODE                       0.350000    0.524224   -0.174224 (VIOLATED)
ANTENNA_841/DIODE                       0.350000    0.524217   -0.174217 (VIOLATED)
ANTENNA_840/DIODE                       0.350000    0.524192   -0.174192 (VIOLATED)
ANTENNA_842/DIODE                       0.350000    0.524157   -0.174157 (VIOLATED)
ANTENNA_844/DIODE                       0.350000    0.524132   -0.174132 (VIOLATED)
u_memory._253_/X                        0.350000    0.523462   -0.173462 (VIOLATED)
max_cap496/A                            0.350000    0.523211   -0.173211 (VIOLATED)
max_cap495/A                            0.350000    0.523150   -0.173150 (VIOLATED)
wire497/X                               0.350000    0.522548   -0.172548 (VIOLATED)
ANTENNA_2750/DIODE                      0.350000    0.522010   -0.172010 (VIOLATED)
ANTENNA_2749/DIODE                      0.350000    0.522010   -0.172010 (VIOLATED)
ANTENNA_2751/DIODE                      0.350000    0.521995   -0.171995 (VIOLATED)
ANTENNA_2752/DIODE                      0.350000    0.521983   -0.171983 (VIOLATED)
hold194/X                               0.350000    0.521525   -0.171525 (VIOLATED)
u_memory.g_read[0].g_bank[1].g_slice[0].u_sram/din[20]    0.350000    0.520767   -0.170767 (VIOLATED)
wire421/X                               0.350000    0.520276   -0.170276 (VIOLATED)
u_memory._321_/A1                       0.350000    0.518718   -0.168718 (VIOLATED)
u_memory._351_/B1                       0.350000    0.518713   -0.168713 (VIOLATED)
ANTENNA_158/DIODE                       0.350000    0.518710   -0.168710 (VIOLATED)
ANTENNA_156/DIODE                       0.350000    0.518709   -0.168709 (VIOLATED)
ANTENNA_157/DIODE                       0.350000    0.518704   -0.168704 (VIOLATED)
ANTENNA_159/DIODE                       0.350000    0.518689   -0.168689 (VIOLATED)
hold177/X                               0.350000    0.518659   -0.168659 (VIOLATED)
u_memory.g_read[0].g_bank[1].g_slice[0].u_sram/din[18]    0.350000    0.518113   -0.168113 (VIOLATED)
u_memory._349_/X                        0.350000    0.517687   -0.167687 (VIOLATED)
u_memory.g_read[0].g_bank[1].g_slice[0].u_sram/din[13]    0.350000    0.517672   -0.167672 (VIOLATED)
u_memory.g_read[0].g_bank[1].g_slice[0].u_sram/din[19]    0.350000    0.517586   -0.167586 (VIOLATED)
u_memory.g_read[1].g_bank[3].g_slice[0].u_sram/din[6]    0.350000    0.516932   -0.166932 (VIOLATED)
u_memory.g_read[1].g_bank[3].g_slice[0].u_sram/din[15]    0.350000    0.516375   -0.166375 (VIOLATED)
u_memory.g_read[0].g_bank[0].g_slice[0].u_sram/din[25]    0.350000    0.516097   -0.166097 (VIOLATED)
u_memory.g_read[0].g_bank[1].g_slice[0].u_sram/din[23]    0.350000    0.515099   -0.165099 (VIOLATED)
u_memory.g_read[0].g_bank[0].g_slice[0].u_sram/din[7]    0.350000    0.514370   -0.164370 (VIOLATED)
u_memory.g_read[0].g_bank[3].g_slice[0].u_sram/din[7]    0.350000    0.514001   -0.164001 (VIOLATED)
u_memory.g_read[0].g_bank[1].g_slice[0].u_sram/din[17]    0.350000    0.513996   -0.163996 (VIOLATED)
u_memory.g_read[1].g_bank[1].g_slice[0].u_sram/din[5]    0.350000    0.513917   -0.163917 (VIOLATED)
u_memory.g_read[1].g_bank[1].g_slice[0].u_sram/din[10]    0.350000    0.513739   -0.163739 (VIOLATED)
ANTENNA_2724/DIODE                      0.350000    0.513589   -0.163589 (VIOLATED)
ANTENNA_2723/DIODE                      0.350000    0.513588   -0.163588 (VIOLATED)
ANTENNA_2722/DIODE                      0.350000    0.513571   -0.163571 (VIOLATED)
ANTENNA_2721/DIODE                      0.350000    0.513571   -0.163571 (VIOLATED)
u_memory._201_/A2                       0.350000    0.513408   -0.163408 (VIOLATED)
u_memory._199_/B                        0.350000    0.513383   -0.163383 (VIOLATED)
u_memory._426_/A2                       0.350000    0.513323   -0.163323 (VIOLATED)
wire191/X                               0.350000    0.513284   -0.163284 (VIOLATED)
u_memory.g_read[1].g_bank[1].g_slice[0].u_sram/din[2]    0.350000    0.513276   -0.163276 (VIOLATED)
hold178/X                               0.350000    0.513064   -0.163064 (VIOLATED)
u_memory.g_read[1].g_bank[1].g_slice[0].u_sram/din[18]    0.350000    0.513050   -0.163050 (VIOLATED)
u_memory._378_/B1                       0.350000    0.512743   -0.162743 (VIOLATED)
ANTENNA_188/DIODE                       0.350000    0.512739   -0.162739 (VIOLATED)
ANTENNA_186/DIODE                       0.350000    0.512737   -0.162737 (VIOLATED)
ANTENNA_187/DIODE                       0.350000    0.512735   -0.162735 (VIOLATED)
ANTENNA_189/DIODE                       0.350000    0.512733   -0.162733 (VIOLATED)
u_memory.g_read[0].g_bank[3].g_slice[0].u_sram/din[22]    0.350000    0.512729   -0.162729 (VIOLATED)
_108_/D                                 0.350000    0.512553   -0.162553 (VIOLATED)
input67/X                               0.350000    0.512513   -0.162513 (VIOLATED)
u_memory._376_/X                        0.350000    0.511812   -0.161812 (VIOLATED)
u_memory.g_read[1].g_bank[1].g_slice[0].u_sram/din[29]    0.350000    0.511805   -0.161805 (VIOLATED)
u_memory._402_/A1                       0.350000    0.511798   -0.161798 (VIOLATED)
u_memory.g_read[1].g_bank[3].g_slice[0].u_sram/din[8]    0.350000    0.511641   -0.161641 (VIOLATED)
u_memory.g_read[0].g_bank[1].g_slice[0].u_sram/din[15]    0.350000    0.511639   -0.161639 (VIOLATED)
wire267/X                               0.350000    0.510704   -0.160703 (VIOLATED)
u_memory.g_read[0].g_bank[3].g_slice[0].u_sram/din[21]    0.350000    0.510351   -0.160351 (VIOLATED)
u_memory.g_read[1].g_bank[0].g_slice[0].u_sram/din[10]    0.350000    0.509972   -0.159972 (VIOLATED)
u_memory.g_read[0].g_bank[0].g_slice[0].u_sram/din[6]    0.350000    0.509731   -0.159731 (VIOLATED)
u_memory.g_read[0].g_bank[3].g_slice[0].u_sram/din[16]    0.350000    0.509476   -0.159476 (VIOLATED)
u_memory.g_read[0].g_bank[1].g_slice[0].u_sram/din[10]    0.350000    0.509392   -0.159392 (VIOLATED)
u_memory.g_read[0].g_bank[3].g_slice[0].u_sram/din[4]    0.350000    0.508427   -0.158427 (VIOLATED)
u_memory.g_read[1].g_bank[3].g_slice[0].u_sram/din[5]    0.350000    0.508268   -0.158268 (VIOLATED)
u_memory.g_read[0].g_bank[3].g_slice[0].u_sram/din[6]    0.350000    0.508218   -0.158218 (VIOLATED)
ANTENNA_2701/DIODE                      0.350000    0.508138   -0.158138 (VIOLATED)
ANTENNA_2703/DIODE                      0.350000    0.508136   -0.158136 (VIOLATED)
ANTENNA_2702/DIODE                      0.350000    0.508135   -0.158135 (VIOLATED)
ANTENNA_2700/DIODE                      0.350000    0.508135   -0.158135 (VIOLATED)
u_memory.g_read[0].g_bank[0].g_slice[0].u_sram/din[9]    0.350000    0.508065   -0.158065 (VIOLATED)
hold165/X                               0.350000    0.507542   -0.157542 (VIOLATED)
u_memory.g_read[0].g_bank[3].g_slice[0].u_sram/din[5]    0.350000    0.507525   -0.157525 (VIOLATED)
ANTENNA_1607/DIODE                      0.350000    0.506905   -0.156905 (VIOLATED)
ANTENNA_1605/DIODE                      0.350000    0.506863   -0.156863 (VIOLATED)
ANTENNA_1603/DIODE                      0.350000    0.506861   -0.156861 (VIOLATED)
ANTENNA_1601/DIODE                      0.350000    0.506859   -0.156859 (VIOLATED)
ANTENNA_1600/DIODE                      0.350000    0.506857   -0.156857 (VIOLATED)
ANTENNA_1599/DIODE                      0.350000    0.506854   -0.156854 (VIOLATED)
ANTENNA_1598/DIODE                      0.350000    0.506853   -0.156853 (VIOLATED)
ANTENNA_1608/DIODE                      0.350000    0.506820   -0.156820 (VIOLATED)
ANTENNA_1606/DIODE                      0.350000    0.506819   -0.156819 (VIOLATED)
ANTENNA_1604/DIODE                      0.350000    0.506819   -0.156819 (VIOLATED)
ANTENNA_1602/DIODE                      0.350000    0.506819   -0.156819 (VIOLATED)
u_memory.g_read[0].g_bank[3].g_slice[0].u_sram/addr[5]    0.350000    0.506232   -0.156232 (VIOLATED)
u_memory.g_read[0].g_bank[2].g_slice[0].u_sram/addr[5]    0.350000    0.506220   -0.156220 (VIOLATED)
u_memory.g_read[1].g_bank[3].g_slice[0].u_sram/din[0]    0.350000    0.506145   -0.156145 (VIOLATED)
u_memory.g_read[0].g_bank[0].g_slice[0].u_sram/din[1]    0.350000    0.506046   -0.156046 (VIOLATED)
max_cap455/X                            0.350000    0.505951   -0.155951 (VIOLATED)
u_memory.g_read[0].g_bank[3].g_slice[0].u_sram/din[3]    0.350000    0.505272   -0.155272 (VIOLATED)
u_memory._366_/B1                       0.350000    0.504920   -0.154921 (VIOLATED)
ANTENNA_175/DIODE                       0.350000    0.504919   -0.154919 (VIOLATED)
ANTENNA_173/DIODE                       0.350000    0.504917   -0.154917 (VIOLATED)
ANTENNA_174/DIODE                       0.350000    0.504901   -0.154901 (VIOLATED)
ANTENNA_176/DIODE                       0.350000    0.504888   -0.154888 (VIOLATED)
u_memory.g_read[1].g_bank[3].g_slice[0].u_sram/din[12]    0.350000    0.504786   -0.154786 (VIOLATED)
u_memory._291_/B1                       0.350000    0.504479   -0.154479 (VIOLATED)
ANTENNA_119/DIODE                       0.350000    0.504475   -0.154475 (VIOLATED)
ANTENNA_117/DIODE                       0.350000    0.504473   -0.154473 (VIOLATED)
ANTENNA_118/DIODE                       0.350000    0.504470   -0.154470 (VIOLATED)
u_memory._364_/X                        0.350000    0.504015   -0.154015 (VIOLATED)
u_memory.g_read[0].g_bank[3].g_slice[0].u_sram/addr[6]    0.350000    0.504000   -0.154000 (VIOLATED)
u_memory.g_read[0].g_bank[2].g_slice[0].u_sram/addr[6]    0.350000    0.503986   -0.153986 (VIOLATED)
fanout189/A                             0.350000    0.503952   -0.153952 (VIOLATED)
max_cap406/A                            0.350000    0.503912   -0.153912 (VIOLATED)
max_cap405/A                            0.350000    0.503907   -0.153907 (VIOLATED)
u_memory._289_/X                        0.350000    0.503481   -0.153481 (VIOLATED)
fanout190/A                             0.350000    0.503119   -0.153119 (VIOLATED)
u_memory._428_/RESET_B                  0.350000    0.503112   -0.153112 (VIOLATED)
u_memory._427_/RESET_B                  0.350000    0.503010   -0.153010 (VIOLATED)
u_memory._203_/X                        0.350000    0.502693   -0.152693 (VIOLATED)
u_memory._191_/B1                       0.350000    0.502581   -0.152581 (VIOLATED)
u_memory.g_read[1].g_bank[0].g_slice[0].u_sram/din[2]    0.350000    0.502202   -0.152202 (VIOLATED)
u_memory.g_read[1].g_bank[2].g_slice[0].u_sram/din[26]    0.350000    0.502046   -0.152046 (VIOLATED)
u_memory._186_/B1                       0.350000    0.502033   -0.152033 (VIOLATED)
u_memory._182_/B1                       0.350000    0.502018   -0.152018 (VIOLATED)
u_memory.g_read[1].g_bank[3].g_slice[0].u_sram/din[24]    0.350000    0.501777   -0.151777 (VIOLATED)
u_memory._342_/B1                       0.350000    0.501486   -0.151486 (VIOLATED)
ANTENNA_149/DIODE                       0.350000    0.501484   -0.151484 (VIOLATED)
ANTENNA_147/DIODE                       0.350000    0.501480   -0.151480 (VIOLATED)
ANTENNA_148/DIODE                       0.350000    0.501473   -0.151473 (VIOLATED)
max_cap452/A                            0.350000    0.501457   -0.151457 (VIOLATED)
u_memory._178_/B1                       0.350000    0.500794   -0.150794 (VIOLATED)
u_memory._340_/X                        0.350000    0.500459   -0.150459 (VIOLATED)
u_memory._369_/A1                       0.350000    0.500325   -0.150325 (VIOLATED)
ANTENNA_859/DIODE                       0.350000    0.500325   -0.150325 (VIOLATED)
ANTENNA_857/DIODE                       0.350000    0.500325   -0.150325 (VIOLATED)
ANTENNA_858/DIODE                       0.350000    0.500314   -0.150314 (VIOLATED)
ANTENNA_860/DIODE                       0.350000    0.500312   -0.150312 (VIOLATED)
u_memory._430_/RESET_B                  0.350000    0.499866   -0.149866 (VIOLATED)
wire279/X                               0.350000    0.499628   -0.149628 (VIOLATED)
u_memory._429_/RESET_B                  0.350000    0.499281   -0.149281 (VIOLATED)
u_memory.g_read[0].g_bank[2].g_slice[0].u_sram/din[26]    0.350000    0.499254   -0.149254 (VIOLATED)
u_memory.g_read[0].g_bank[3].g_slice[0].u_sram/addr[7]    0.350000    0.498686   -0.148686 (VIOLATED)
u_memory.g_read[0].g_bank[2].g_slice[0].u_sram/addr[7]    0.350000    0.498679   -0.148679 (VIOLATED)
_034_/CLK                               0.350000    0.497652   -0.147652 (VIOLATED)
u_memory.g_read[0].g_bank[3].g_slice[0].u_sram/din[19]    0.350000    0.497426   -0.147426 (VIOLATED)
ANTENNA_675/DIODE                       0.350000    0.497362   -0.147362 (VIOLATED)
ANTENNA_674/DIODE                       0.350000    0.497360   -0.147360 (VIOLATED)
u_memory._373_/C                        0.350000    0.497359   -0.147359 (VIOLATED)
ANTENNA_673/DIODE                       0.350000    0.497359   -0.147358 (VIOLATED)
ANTENNA_672/DIODE                       0.350000    0.497356   -0.147356 (VIOLATED)
u_memory._356_/A2                       0.350000    0.497114   -0.147114 (VIOLATED)
ANTENNA_757/DIODE                       0.350000    0.497099   -0.147099 (VIOLATED)
ANTENNA_759/DIODE                       0.350000    0.497095   -0.147095 (VIOLATED)
ANTENNA_758/DIODE                       0.350000    0.497090   -0.147090 (VIOLATED)
u_memory.g_read[1].g_bank[3].g_slice[0].u_sram/din[11]    0.350000    0.496877   -0.146877 (VIOLATED)
wire407/X                               0.350000    0.496495   -0.146495 (VIOLATED)
wire226/X                               0.350000    0.496442   -0.146442 (VIOLATED)
ANTENNA_2683/DIODE                      0.350000    0.496370   -0.146370 (VIOLATED)
wire251/X                               0.350000    0.496186   -0.146186 (VIOLATED)
wire453/X                               0.350000    0.495349   -0.145349 (VIOLATED)
u_memory.g_read[1].g_bank[0].g_slice[0].u_sram/din[22]    0.350000    0.494661   -0.144661 (VIOLATED)
_038_/CLK                               0.350000    0.494498   -0.144498 (VIOLATED)
ANTENNA_2684/DIODE                      0.350000    0.494446   -0.144446 (VIOLATED)
u_memory._177_/B                        0.350000    0.493918   -0.143918 (VIOLATED)
u_memory._185_/A_N                      0.350000    0.493917   -0.143917 (VIOLATED)
hold225/A                               0.350000    0.493761   -0.143761 (VIOLATED)
ANTENNA_219/DIODE                       0.350000    0.493760   -0.143760 (VIOLATED)
hold23/A                                0.350000    0.493760   -0.143760 (VIOLATED)
_098_/Q                                 0.350000    0.493695   -0.143695 (VIOLATED)
u_memory.g_read[0].g_bank[0].g_slice[0].u_sram/din[0]    0.350000    0.492815   -0.142815 (VIOLATED)
u_memory.g_read[0].g_bank[3].g_slice[0].u_sram/din[29]    0.350000    0.492374   -0.142374 (VIOLATED)
u_memory.g_read[0].g_bank[0].g_slice[0].u_sram/din[20]    0.350000    0.492075   -0.142075 (VIOLATED)
u_memory._315_/A1                       0.350000    0.491531   -0.141531 (VIOLATED)
hold186/X                               0.350000    0.491490   -0.141490 (VIOLATED)
_057_/CLK                               0.350000    0.491385   -0.141385 (VIOLATED)
_055_/CLK                               0.350000    0.491376   -0.141376 (VIOLATED)
_058_/CLK                               0.350000    0.491376   -0.141376 (VIOLATED)
u_memory._347_/A2                       0.350000    0.491340   -0.141340 (VIOLATED)
ANTENNA_708/DIODE                       0.350000    0.491327   -0.141327 (VIOLATED)
ANTENNA_710/DIODE                       0.350000    0.491324   -0.141324 (VIOLATED)
ANTENNA_709/DIODE                       0.350000    0.491319   -0.141319 (VIOLATED)
ANTENNA_711/DIODE                       0.350000    0.491315   -0.141315 (VIOLATED)
clkbuf_4_6__f_clk/X                     0.350000    0.491232   -0.141232 (VIOLATED)
ANTENNA_2786/DIODE                      0.350000    0.490880   -0.140880 (VIOLATED)
u_memory._304_/A1                       0.350000    0.490875   -0.140875 (VIOLATED)
_022_/CLK                               0.350000    0.490760   -0.140760 (VIOLATED)
_021_/CLK                               0.350000    0.490758   -0.140758 (VIOLATED)
ANTENNA_703/DIODE                       0.350000    0.490755   -0.140755 (VIOLATED)
ANTENNA_701/DIODE                       0.350000    0.490753   -0.140753 (VIOLATED)
u_memory._353_/A2                       0.350000    0.490753   -0.140753 (VIOLATED)
ANTENNA_702/DIODE                       0.350000    0.490743   -0.140743 (VIOLATED)
_032_/CLK                               0.350000    0.490722   -0.140722 (VIOLATED)
_028_/CLK                               0.350000    0.490705   -0.140705 (VIOLATED)
_030_/CLK                               0.350000    0.490683   -0.140683 (VIOLATED)
wire236/X                               0.350000    0.490648   -0.140648 (VIOLATED)
clkload0/A                              0.350000    0.490620   -0.140620 (VIOLATED)
u_memory.g_read[1].g_bank[0].g_slice[0].u_sram/din[11]    0.350000    0.490514   -0.140514 (VIOLATED)
u_memory.g_read[1].g_bank[0].g_slice[0].u_sram/din[28]    0.350000    0.490469   -0.140469 (VIOLATED)
output80/A                              0.350000    0.490459   -0.140459 (VIOLATED)
ANTENNA_2791/DIODE                      0.350000    0.490458   -0.140458 (VIOLATED)
_017_/Q                                 0.350000    0.490383   -0.140383 (VIOLATED)
clkbuf_4_1__f_clk/X                     0.350000    0.490210   -0.140210 (VIOLATED)
u_memory.g_read[0].g_bank[1].g_slice[0].u_sram/din[11]    0.350000    0.490134   -0.140134 (VIOLATED)
u_memory._313_/A0                       0.350000    0.490128   -0.140128 (VIOLATED)
hold164/X                               0.350000    0.490049   -0.140049 (VIOLATED)
wire234/X                               0.350000    0.489943   -0.139943 (VIOLATED)
u_memory._266_/A1                       0.350000    0.489511   -0.139511 (VIOLATED)
max_cap508/A                            0.350000    0.489511   -0.139511 (VIOLATED)
ANTENNA_1054/DIODE                      0.350000    0.489507   -0.139507 (VIOLATED)
ANTENNA_1053/DIODE                      0.350000    0.489506   -0.139506 (VIOLATED)
ANTENNA_1055/DIODE                      0.350000    0.489502   -0.139502 (VIOLATED)
u_memory.g_read[0].g_bank[2].g_slice[0].u_sram/din[17]    0.350000    0.489211   -0.139211 (VIOLATED)
wire327/X                               0.350000    0.488826   -0.138826 (VIOLATED)
max_cap509/X                            0.350000    0.488756   -0.138756 (VIOLATED)
u_memory.g_read[0].g_bank[2].g_slice[0].u_sram/din[4]    0.350000    0.487888   -0.137888 (VIOLATED)
u_memory._370_/C                        0.350000    0.487653   -0.137653 (VIOLATED)
ANTENNA_678/DIODE                       0.350000    0.487648   -0.137648 (VIOLATED)
ANTENNA_676/DIODE                       0.350000    0.487646   -0.137646 (VIOLATED)
ANTENNA_677/DIODE                       0.350000    0.487643   -0.137643 (VIOLATED)
wire227/X                               0.350000    0.486739   -0.136739 (VIOLATED)
wire385/A                               0.350000    0.486396   -0.136396 (VIOLATED)
max_cap427/A                            0.350000    0.486010   -0.136010 (VIOLATED)
u_memory._326_/A1                       0.350000    0.485496   -0.135496 (VIOLATED)
u_memory._329_/A1                       0.350000    0.485480   -0.135480 (VIOLATED)
u_memory._332_/A1                       0.350000    0.485457   -0.135457 (VIOLATED)
u_memory._335_/A1                       0.350000    0.485402   -0.135402 (VIOLATED)
wire428/X                               0.350000    0.485386   -0.135386 (VIOLATED)
u_memory._341_/A1                       0.350000    0.485188   -0.135188 (VIOLATED)
hold164/A                               0.350000    0.485176   -0.135176 (VIOLATED)
hold203/X                               0.350000    0.485142   -0.135142 (VIOLATED)
u_memory._347_/A1                       0.350000    0.485137   -0.135137 (VIOLATED)
u_memory._338_/A1                       0.350000    0.485116   -0.135116 (VIOLATED)
u_memory._344_/A1                       0.350000    0.484835   -0.134835 (VIOLATED)
u_memory._350_/A1                       0.350000    0.484801   -0.134801 (VIOLATED)
u_memory.g_read[1].g_bank[3].g_slice[0].u_sram/din[3]    0.350000    0.484759   -0.134759 (VIOLATED)
u_memory._356_/A1                       0.350000    0.484631   -0.134631 (VIOLATED)
u_memory._353_/A1                       0.350000    0.484464   -0.134464 (VIOLATED)
u_memory._362_/A1                       0.350000    0.484394   -0.134394 (VIOLATED)
u_memory._374_/A2                       0.350000    0.484379   -0.134379 (VIOLATED)
ANTENNA_739/DIODE                       0.350000    0.484375   -0.134375 (VIOLATED)
ANTENNA_740/DIODE                       0.350000    0.484374   -0.134374 (VIOLATED)
ANTENNA_738/DIODE                       0.350000    0.484373   -0.134373 (VIOLATED)
u_memory._359_/A1                       0.350000    0.484346   -0.134346 (VIOLATED)
_104_/D                                 0.350000    0.484014   -0.134014 (VIOLATED)
wire643/X                               0.350000    0.483938   -0.133938 (VIOLATED)
u_memory._368_/A1                       0.350000    0.483896   -0.133896 (VIOLATED)
max_cap552/A                            0.350000    0.483757   -0.133757 (VIOLATED)
wire245/X                               0.350000    0.483716   -0.133716 (VIOLATED)
_075_/D                                 0.350000    0.483655   -0.133655 (VIOLATED)
ANTENNA_227/DIODE                       0.350000    0.483654   -0.133654 (VIOLATED)
input21/X                               0.350000    0.483618   -0.133618 (VIOLATED)
ANTENNA_2636/DIODE                      0.350000    0.483612   -0.133612 (VIOLATED)
ANTENNA_2639/DIODE                      0.350000    0.483612   -0.133612 (VIOLATED)
ANTENNA_2638/DIODE                      0.350000    0.483611   -0.133611 (VIOLATED)
ANTENNA_2642/DIODE                      0.350000    0.483611   -0.133611 (VIOLATED)
ANTENNA_2641/DIODE                      0.350000    0.483611   -0.133611 (VIOLATED)
ANTENNA_2640/DIODE                      0.350000    0.483611   -0.133611 (VIOLATED)
ANTENNA_2645/DIODE                      0.350000    0.483604   -0.133604 (VIOLATED)
ANTENNA_2643/DIODE                      0.350000    0.483603   -0.133603 (VIOLATED)
ANTENNA_2637/DIODE                      0.350000    0.483603   -0.133603 (VIOLATED)
ANTENNA_2646/DIODE                      0.350000    0.483603   -0.133603 (VIOLATED)
ANTENNA_2644/DIODE                      0.350000    0.483603   -0.133603 (VIOLATED)
max_cap553/A                            0.350000    0.483594   -0.133594 (VIOLATED)
u_memory._365_/A1                       0.350000    0.483489   -0.133489 (VIOLATED)
u_memory.g_read[0].g_bank[3].g_slice[0].u_sram/din[13]    0.350000    0.483456   -0.133456 (VIOLATED)
u_memory.g_read[1].g_bank[2].g_slice[0].u_sram/din[8]    0.350000    0.483399   -0.133399 (VIOLATED)
max_cap386/A                            0.350000    0.483314   -0.133314 (VIOLATED)
max_cap620/X                            0.350000    0.482604   -0.132604 (VIOLATED)
wire647/X                               0.350000    0.482379   -0.132379 (VIOLATED)
u_memory._414_/A1                       0.350000    0.481929   -0.131929 (VIOLATED)
wire387/X                               0.350000    0.481530   -0.131530 (VIOLATED)
u_memory._371_/A2                       0.350000    0.481507   -0.131507 (VIOLATED)
u_memory.g_read[1].g_bank[3].g_slice[0].u_sram/din[2]    0.350000    0.481471   -0.131471 (VIOLATED)
fanout203/X                             0.350000    0.481444   -0.131444 (VIOLATED)
u_memory.g_read[0].g_bank[3].g_slice[0].u_sram/wmask[1]    0.350000    0.481137   -0.131137 (VIOLATED)
_081_/D                                 0.350000    0.480859   -0.130859 (VIOLATED)
wire644/X                               0.350000    0.480777   -0.130777 (VIOLATED)
u_memory.g_read[0].g_bank[3].g_slice[0].u_sram/din[17]    0.350000    0.480672   -0.130672 (VIOLATED)
u_memory._341_/A2                       0.350000    0.480634   -0.130634 (VIOLATED)
ANTENNA_717/DIODE                       0.350000    0.480629   -0.130629 (VIOLATED)
ANTENNA_715/DIODE                       0.350000    0.480628   -0.130628 (VIOLATED)
ANTENNA_716/DIODE                       0.350000    0.480625   -0.130625 (VIOLATED)
ANTENNA_718/DIODE                       0.350000    0.480623   -0.130623 (VIOLATED)
u_memory._315_/A0                       0.350000    0.480526   -0.130526 (VIOLATED)
ANTENNA_217/DIODE                       0.350000    0.480481   -0.130481 (VIOLATED)
u_memory.g_read[0].g_bank[2].g_slice[0].u_sram/wmask[1]    0.350000    0.480283   -0.130283 (VIOLATED)
wire238/X                               0.350000    0.479977   -0.129977 (VIOLATED)
u_memory._245_/A2                       0.350000    0.479807   -0.129807 (VIOLATED)
ANTENNA_1076/DIODE                      0.350000    0.479805   -0.129805 (VIOLATED)
ANTENNA_1074/DIODE                      0.350000    0.479805   -0.129805 (VIOLATED)
ANTENNA_1075/DIODE                      0.350000    0.479799   -0.129799 (VIOLATED)
u_memory._314_/A0                       0.350000    0.479713   -0.129713 (VIOLATED)
max_cap580/A                            0.350000    0.479630   -0.129630 (VIOLATED)
wire554/X                               0.350000    0.479265   -0.129265 (VIOLATED)
wire333/X                               0.350000    0.478932   -0.128932 (VIOLATED)
max_cap581/X                            0.350000    0.478888   -0.128888 (VIOLATED)
u_memory.g_read[1].g_bank[0].g_slice[0].u_sram/din[13]    0.350000    0.478076   -0.128076 (VIOLATED)
u_memory.g_read[0].g_bank[3].g_slice[0].u_sram/din[1]    0.350000    0.477876   -0.127876 (VIOLATED)
u_memory._178_/A2                       0.350000    0.477824   -0.127824 (VIOLATED)
u_memory._177_/Y                        0.350000    0.477817   -0.127817 (VIOLATED)
u_memory.g_read[1].g_bank[3].g_slice[0].u_sram/wmask[2]    0.350000    0.476927   -0.126927 (VIOLATED)
u_memory._371_/A1                       0.350000    0.476571   -0.126571 (VIOLATED)
ANTENNA_741/DIODE                       0.350000    0.476542   -0.126542 (VIOLATED)
ANTENNA_1996/DIODE                      0.350000    0.474664   -0.124664 (VIOLATED)
u_memory._393_/A1                       0.350000    0.474640   -0.124640 (VIOLATED)
ANTENNA_822/DIODE                       0.350000    0.474632   -0.124632 (VIOLATED)
ANTENNA_2004/DIODE                      0.350000    0.474624   -0.124624 (VIOLATED)
ANTENNA_820/DIODE                       0.350000    0.474623   -0.124623 (VIOLATED)
ANTENNA_2002/DIODE                      0.350000    0.474622   -0.124622 (VIOLATED)
ANTENNA_2000/DIODE                      0.350000    0.474620   -0.124620 (VIOLATED)
ANTENNA_1998/DIODE                      0.350000    0.474618   -0.124618 (VIOLATED)
ANTENNA_1997/DIODE                      0.350000    0.474615   -0.124615 (VIOLATED)
ANTENNA_1995/DIODE                      0.350000    0.474613   -0.124613 (VIOLATED)
ANTENNA_1994/DIODE                      0.350000    0.474613   -0.124613 (VIOLATED)
ANTENNA_821/DIODE                       0.350000    0.474605   -0.124605 (VIOLATED)
ANTENNA_823/DIODE                       0.350000    0.474596   -0.124596 (VIOLATED)
ANTENNA_824/DIODE                       0.350000    0.474585   -0.124585 (VIOLATED)
ANTENNA_825/DIODE                       0.350000    0.474572   -0.124572 (VIOLATED)
ANTENNA_2003/DIODE                      0.350000    0.474568   -0.124568 (VIOLATED)
ANTENNA_2001/DIODE                      0.350000    0.474568   -0.124568 (VIOLATED)
ANTENNA_1999/DIODE                      0.350000    0.474567   -0.124567 (VIOLATED)
u_memory._393_/B1                       0.350000    0.474558   -0.124558 (VIOLATED)
ANTENNA_202/DIODE                       0.350000    0.474552   -0.124552 (VIOLATED)
u_memory.g_read[0].g_bank[3].g_slice[0].u_sram/din[30]    0.350000    0.474391   -0.124391 (VIOLATED)
u_memory.g_read[1].g_bank[0].g_slice[0].u_sram/wmask[2]    0.350000    0.474300   -0.124300 (VIOLATED)
ANTENNA_234/DIODE                       0.350000    0.474148   -0.124148 (VIOLATED)
_112_/D                                 0.350000    0.474147   -0.124147 (VIOLATED)
input40/X                               0.350000    0.474103   -0.124103 (VIOLATED)
u_memory._391_/X                        0.350000    0.473837   -0.123837 (VIOLATED)
max_cap518/X                            0.350000    0.473802   -0.123802 (VIOLATED)
hold220/A                               0.350000    0.473699   -0.123699 (VIOLATED)
hold221/A                               0.350000    0.473561   -0.123561 (VIOLATED)
u_memory.g_read[1].g_bank[2].g_slice[0].u_sram/din[3]    0.350000    0.473451   -0.123451 (VIOLATED)
output117/A                             0.350000    0.473435   -0.123435 (VIOLATED)
_090_/Q                                 0.350000    0.473416   -0.123416 (VIOLATED)
_005_/Q                                 0.350000    0.473365   -0.123365 (VIOLATED)
wire246/X                               0.350000    0.473147   -0.123147 (VIOLATED)
_091_/Q                                 0.350000    0.472788   -0.122788 (VIOLATED)
u_memory.g_read[1].g_bank[3].g_slice[0].u_sram/din[19]    0.350000    0.472513   -0.122513 (VIOLATED)
u_memory.g_read[1].g_bank[0].g_slice[0].u_sram/din[25]    0.350000    0.472295   -0.122295 (VIOLATED)
u_memory.g_read[1].g_bank[1].g_slice[0].u_sram/wmask[2]    0.350000    0.472252   -0.122252 (VIOLATED)
u_memory._318_/A1                       0.350000    0.472175   -0.122175 (VIOLATED)
hold179/X                               0.350000    0.472125   -0.122125 (VIOLATED)
u_memory.g_read[1].g_bank[0].g_slice[0].u_sram/din[12]    0.350000    0.471570   -0.121570 (VIOLATED)
u_memory.g_read[1].g_bank[0].g_slice[0].u_sram/din[6]    0.350000    0.471068   -0.121068 (VIOLATED)
u_memory._252_/B1                       0.350000    0.470677   -0.120677 (VIOLATED)
ANTENNA_80/DIODE                        0.350000    0.470676   -0.120676 (VIOLATED)
ANTENNA_79/DIODE                        0.350000    0.470675   -0.120675 (VIOLATED)
ANTENNA_81/DIODE                        0.350000    0.470646   -0.120646 (VIOLATED)
u_memory._308_/A1                       0.350000    0.470616   -0.120616 (VIOLATED)
u_memory.g_read[1].g_bank[0].g_slice[0].u_sram/din[5]    0.350000    0.470588   -0.120588 (VIOLATED)
u_memory.g_read[1].g_bank[0].g_slice[0].u_sram/din[15]    0.350000    0.470465   -0.120465 (VIOLATED)
u_memory.g_read[1].g_bank[3].g_slice[0].u_sram/din[30]    0.350000    0.470291   -0.120291 (VIOLATED)
output93/A                              0.350000    0.469780   -0.119780 (VIOLATED)
ANTENNA_2794/DIODE                      0.350000    0.469769   -0.119769 (VIOLATED)
u_memory.g_read[1].g_bank[3].g_slice[0].u_sram/din[29]    0.350000    0.469769   -0.119769 (VIOLATED)
u_memory._250_/X                        0.350000    0.469703   -0.119703 (VIOLATED)
u_memory._317_/A0                       0.350000    0.469653   -0.119653 (VIOLATED)
hold189/X                               0.350000    0.469532   -0.119532 (VIOLATED)
u_memory.g_read[0].g_bank[3].g_slice[0].u_sram/din[18]    0.350000    0.469162   -0.119162 (VIOLATED)
_029_/Q                                 0.350000    0.469074   -0.119074 (VIOLATED)
u_memory.g_read[0].g_bank[0].g_slice[0].u_sram/din[27]    0.350000    0.468620   -0.118620 (VIOLATED)
wire263/X                               0.350000    0.468596   -0.118596 (VIOLATED)
u_memory.g_read[0].g_bank[0].g_slice[0].u_sram/din[4]    0.350000    0.468015   -0.118015 (VIOLATED)
u_memory.g_read[1].g_bank[3].g_slice[0].u_sram/din[28]    0.350000    0.467977   -0.117977 (VIOLATED)
u_memory._319_/A1                       0.350000    0.467938   -0.117938 (VIOLATED)
hold184/X                               0.350000    0.467890   -0.117890 (VIOLATED)
u_memory._326_/B2                       0.350000    0.467879   -0.117879 (VIOLATED)
u_memory._329_/B2                       0.350000    0.467877   -0.117877 (VIOLATED)
u_memory._332_/B2                       0.350000    0.467874   -0.117874 (VIOLATED)
u_memory._335_/B2                       0.350000    0.467857   -0.117857 (VIOLATED)
u_memory._341_/B2                       0.350000    0.467808   -0.117808 (VIOLATED)
u_memory._347_/B2                       0.350000    0.467761   -0.117761 (VIOLATED)
u_memory._338_/B2                       0.350000    0.467742   -0.117742 (VIOLATED)
u_memory._344_/B2                       0.350000    0.467740   -0.117740 (VIOLATED)
u_memory._350_/B2                       0.350000    0.467709   -0.117709 (VIOLATED)
u_memory._356_/B2                       0.350000    0.467674   -0.117674 (VIOLATED)
u_memory._353_/B2                       0.350000    0.467672   -0.117672 (VIOLATED)
u_memory._362_/B2                       0.350000    0.467666   -0.117666 (VIOLATED)
max_cap593/A                            0.350000    0.467664   -0.117664 (VIOLATED)
u_memory._359_/B2                       0.350000    0.467662   -0.117662 (VIOLATED)
u_memory._368_/B2                       0.350000    0.467614   -0.117614 (VIOLATED)
u_memory._365_/B2                       0.350000    0.467350   -0.117350 (VIOLATED)
u_memory.g_read[0].g_bank[3].g_slice[0].u_sram/din[10]    0.350000    0.467287   -0.117287 (VIOLATED)
ANTENNA_2719/DIODE                      0.350000    0.467251   -0.117251 (VIOLATED)
ANTENNA_2720/DIODE                      0.350000    0.467251   -0.117251 (VIOLATED)
ANTENNA_2718/DIODE                      0.350000    0.467209   -0.117209 (VIOLATED)
ANTENNA_2717/DIODE                      0.350000    0.467209   -0.117209 (VIOLATED)
u_memory.g_read[1].g_bank[0].g_slice[0].u_sram/din[29]    0.350000    0.466996   -0.116996 (VIOLATED)
u_memory._371_/B2                       0.350000    0.466965   -0.116965 (VIOLATED)
fanout173/X                             0.350000    0.466941   -0.116941 (VIOLATED)
max_cap594/X                            0.350000    0.466763   -0.116763 (VIOLATED)
hold176/X                               0.350000    0.466758   -0.116758 (VIOLATED)
u_memory._297_/A1                       0.350000    0.466180   -0.116180 (VIOLATED)
ANTENNA_1126/DIODE                      0.350000    0.466179   -0.116179 (VIOLATED)
ANTENNA_1129/DIODE                      0.350000    0.466178   -0.116178 (VIOLATED)
ANTENNA_1127/DIODE                      0.350000    0.466176   -0.116176 (VIOLATED)
ANTENNA_1128/DIODE                      0.350000    0.466150   -0.116150 (VIOLATED)
u_memory.g_read[1].g_bank[0].g_slice[0].u_sram/din[20]    0.350000    0.466082   -0.116082 (VIOLATED)
wire270/X                               0.350000    0.465869   -0.115869 (VIOLATED)
u_memory.g_read[0].g_bank[2].g_slice[0].u_sram/din[23]    0.350000    0.465810   -0.115810 (VIOLATED)
_099_/D                                 0.350000    0.465521   -0.115521 (VIOLATED)
ANTENNA_229/DIODE                       0.350000    0.465521   -0.115521 (VIOLATED)
wire347/X                               0.350000    0.465490   -0.115489 (VIOLATED)
input27/X                               0.350000    0.465488   -0.115488 (VIOLATED)
u_memory._312_/S                        0.350000    0.465183   -0.115183 (VIOLATED)
u_memory._422_/A0                       0.350000    0.465090   -0.115090 (VIOLATED)
hold211/X                               0.350000    0.465074   -0.115074 (VIOLATED)
u_memory._311_/S                        0.350000    0.465055   -0.115055 (VIOLATED)
u_memory._310_/S                        0.350000    0.464979   -0.114979 (VIOLATED)
u_memory._282_/B2                       0.350000    0.464857   -0.114857 (VIOLATED)
ANTENNA_109/DIODE                       0.350000    0.464853   -0.114853 (VIOLATED)
u_memory._326_/C1                       0.350000    0.464820   -0.114820 (VIOLATED)
u_memory._329_/C1                       0.350000    0.464817   -0.114817 (VIOLATED)
u_memory._332_/C1                       0.350000    0.464777   -0.114777 (VIOLATED)
u_memory._335_/C1                       0.350000    0.464649   -0.114649 (VIOLATED)
u_memory.g_read[1].g_bank[0].g_slice[0].u_sram/din[9]    0.350000    0.464611   -0.114611 (VIOLATED)
u_memory._341_/C1                       0.350000    0.464563   -0.114563 (VIOLATED)
u_memory._347_/C1                       0.350000    0.464485   -0.114485 (VIOLATED)
u_memory.g_read[1].g_bank[0].g_slice[0].u_sram/din[30]    0.350000    0.464456   -0.114456 (VIOLATED)
u_memory._338_/C1                       0.350000    0.464372   -0.114372 (VIOLATED)
u_memory._344_/C1                       0.350000    0.464340   -0.114340 (VIOLATED)
u_memory._309_/S                        0.350000    0.464226   -0.114226 (VIOLATED)
u_memory._281_/X                        0.350000    0.464169   -0.114169 (VIOLATED)
u_memory._350_/C1                       0.350000    0.464133   -0.114133 (VIOLATED)
u_memory._356_/C1                       0.350000    0.463955   -0.113955 (VIOLATED)
u_memory._353_/C1                       0.350000    0.463781   -0.113781 (VIOLATED)
u_memory._362_/C1                       0.350000    0.463771   -0.113771 (VIOLATED)
u_memory._359_/C1                       0.350000    0.463760   -0.113760 (VIOLATED)
u_memory._368_/C1                       0.350000    0.463657   -0.113657 (VIOLATED)
ANTENNA_1180/DIODE                      0.350000    0.463393   -0.113393 (VIOLATED)
ANTENNA_1177/DIODE                      0.350000    0.463373   -0.113373 (VIOLATED)
u_memory._255_/A1                       0.350000    0.463369   -0.113369 (VIOLATED)
ANTENNA_1178/DIODE                      0.350000    0.463313   -0.113313 (VIOLATED)
ANTENNA_1179/DIODE                      0.350000    0.463313   -0.113313 (VIOLATED)
u_memory._305_/S                        0.350000    0.463271   -0.113271 (VIOLATED)
u_memory._306_/S                        0.350000    0.463220   -0.113220 (VIOLATED)
u_memory._365_/C1                       0.350000    0.463206   -0.113206 (VIOLATED)
u_memory.g_read[1].g_bank[1].g_slice[0].u_sram/din[31]    0.350000    0.463185   -0.113185 (VIOLATED)
u_memory._318_/A0                       0.350000    0.463042   -0.113042 (VIOLATED)
wire362/X                               0.350000    0.462612   -0.112612 (VIOLATED)
ANTENNA_1890/DIODE                      0.350000    0.462611   -0.112611 (VIOLATED)
ANTENNA_1891/DIODE                      0.350000    0.462610   -0.112610 (VIOLATED)
ANTENNA_1892/DIODE                      0.350000    0.462610   -0.112610 (VIOLATED)
ANTENNA_1894/DIODE                      0.350000    0.462610   -0.112610 (VIOLATED)
ANTENNA_1884/DIODE                      0.350000    0.462609   -0.112609 (VIOLATED)
ANTENNA_1893/DIODE                      0.350000    0.462603   -0.112603 (VIOLATED)
ANTENNA_1888/DIODE                      0.350000    0.462603   -0.112603 (VIOLATED)
ANTENNA_1886/DIODE                      0.350000    0.462602   -0.112602 (VIOLATED)
ANTENNA_1889/DIODE                      0.350000    0.462577   -0.112577 (VIOLATED)
ANTENNA_1887/DIODE                      0.350000    0.462576   -0.112576 (VIOLATED)
ANTENNA_1885/DIODE                      0.350000    0.462576   -0.112576 (VIOLATED)
u_memory.g_read[0].g_bank[3].g_slice[0].u_sram/din[12]    0.350000    0.461695   -0.111695 (VIOLATED)
max_cap501/X                            0.350000    0.461647   -0.111647 (VIOLATED)
ANTENNA_2769/DIODE                      0.350000    0.460995   -0.110995 (VIOLATED)
_085_/D                                 0.350000    0.460993   -0.110993 (VIOLATED)
u_memory._371_/C1                       0.350000    0.460670   -0.110670 (VIOLATED)
fanout177/X                             0.350000    0.460648   -0.110648 (VIOLATED)
u_memory.g_read[0].g_bank[0].g_slice[0].u_sram/din[13]    0.350000    0.460437   -0.110437 (VIOLATED)
input10/X                               0.350000    0.460223   -0.110223 (VIOLATED)
u_memory._286_/C                        0.350000    0.460207   -0.110207 (VIOLATED)
ANTENNA_938/DIODE                       0.350000    0.460203   -0.110203 (VIOLATED)
ANTENNA_936/DIODE                       0.350000    0.460201   -0.110201 (VIOLATED)
ANTENNA_935/DIODE                       0.350000    0.460198   -0.110198 (VIOLATED)
ANTENNA_937/DIODE                       0.350000    0.460196   -0.110196 (VIOLATED)
wire391/A                               0.350000    0.460047   -0.110047 (VIOLATED)
max_cap396/A                            0.350000    0.460002   -0.110002 (VIOLATED)
u_memory._179_/C_N                      0.350000    0.459981   -0.109981 (VIOLATED)
ANTENNA_5/DIODE                         0.350000    0.459978   -0.109978 (VIOLATED)
ANTENNA_6/DIODE                         0.350000    0.459956   -0.109956 (VIOLATED)
u_memory._183_/C                        0.350000    0.459953   -0.109953 (VIOLATED)
u_memory._421_/A                        0.350000    0.459878   -0.109878 (VIOLATED)
ANTENNA_8/DIODE                         0.350000    0.459876   -0.109876 (VIOLATED)
u_memory._187_/A                        0.350000    0.459814   -0.109813 (VIOLATED)
ANTENNA_7/DIODE                         0.350000    0.459807   -0.109807 (VIOLATED)
u_memory.g_read[1].g_bank[3].g_slice[0].u_sram/din[4]    0.350000    0.459615   -0.109615 (VIOLATED)
hold193/X                               0.350000    0.459575   -0.109575 (VIOLATED)
wire297/X                               0.350000    0.459551   -0.109551 (VIOLATED)
u_memory._291_/A1                       0.350000    0.459447   -0.109447 (VIOLATED)
ANTENNA_1136/DIODE                      0.350000    0.459446   -0.109446 (VIOLATED)
ANTENNA_1135/DIODE                      0.350000    0.459444   -0.109444 (VIOLATED)
ANTENNA_1134/DIODE                      0.350000    0.459444   -0.109444 (VIOLATED)
ANTENNA_1137/DIODE                      0.350000    0.459428   -0.109428 (VIOLATED)
wire275/X                               0.350000    0.459342   -0.109342 (VIOLATED)
_065_/Q                                 0.350000    0.459333   -0.109333 (VIOLATED)
u_memory.g_read[1].g_bank[3].g_slice[0].u_sram/din[1]    0.350000    0.459243   -0.109243 (VIOLATED)
u_memory.g_read[0].g_bank[2].g_slice[0].u_sram/din[6]    0.350000    0.459226   -0.109226 (VIOLATED)
u_memory.g_read[0].g_bank[0].g_slice[0].u_sram/din[14]    0.350000    0.459107   -0.109107 (VIOLATED)
output73/A                              0.350000    0.459059   -0.109059 (VIOLATED)
ANTENNA_247/DIODE                       0.350000    0.459058   -0.109058 (VIOLATED)
u_memory.g_read[0].g_bank[2].g_slice[0].u_sram/din[19]    0.350000    0.459004   -0.109004 (VIOLATED)
_001_/Q                                 0.350000    0.458982   -0.108982 (VIOLATED)
wire349/X                               0.350000    0.458814   -0.108814 (VIOLATED)
_083_/D                                 0.350000    0.458603   -0.108603 (VIOLATED)
ANTENNA_2767/DIODE                      0.350000    0.458599   -0.108599 (VIOLATED)
u_memory._309_/A1                       0.350000    0.458174   -0.108174 (VIOLATED)
input8/X                                0.350000    0.458077   -0.108077 (VIOLATED)
hold204/X                               0.350000    0.457803   -0.107803 (VIOLATED)
u_memory.g_read[1].g_bank[0].g_slice[0].u_sram/din[4]    0.350000    0.457637   -0.107637 (VIOLATED)
u_memory.g_read[1].g_bank[3].g_slice[0].u_sram/wmask[1]    0.350000    0.457362   -0.107362 (VIOLATED)
u_memory.g_read[0].g_bank[3].g_slice[0].u_sram/wmask[0]    0.350000    0.457168   -0.107168 (VIOLATED)
u_memory._320_/A1                       0.350000    0.456814   -0.106814 (VIOLATED)
u_memory._249_/B1                       0.350000    0.456789   -0.106789 (VIOLATED)
ANTENNA_78/DIODE                        0.350000    0.456779   -0.106779 (VIOLATED)
hold175/X                               0.350000    0.456778   -0.106778 (VIOLATED)
ANTENNA_76/DIODE                        0.350000    0.456774   -0.106774 (VIOLATED)
ANTENNA_77/DIODE                        0.350000    0.456766   -0.106766 (VIOLATED)
u_memory.g_read[0].g_bank[2].g_slice[0].u_sram/wmask[0]    0.350000    0.456687   -0.106687 (VIOLATED)
output94/A                              0.350000    0.456607   -0.106607 (VIOLATED)
u_memory.g_read[1].g_bank[2].g_slice[0].u_sram/wmask[1]    0.350000    0.456562   -0.106562 (VIOLATED)
u_memory.g_read[1].g_bank[0].g_slice[0].u_sram/din[23]    0.350000    0.456493   -0.106493 (VIOLATED)
u_memory.g_read[0].g_bank[0].g_slice[0].u_sram/din[5]    0.350000    0.456186   -0.106186 (VIOLATED)
_072_/D                                 0.350000    0.456161   -0.106161 (VIOLATED)
ANTENNA_225/DIODE                       0.350000    0.456160   -0.106160 (VIOLATED)
input18/X                               0.350000    0.456124   -0.106124 (VIOLATED)
_030_/Q                                 0.350000    0.455996   -0.105996 (VIOLATED)
u_memory._247_/X                        0.350000    0.455835   -0.105835 (VIOLATED)
ANTENNA_1429/DIODE                      0.350000    0.455730   -0.105730 (VIOLATED)
ANTENNA_1419/DIODE                      0.350000    0.455718   -0.105718 (VIOLATED)
ANTENNA_1428/DIODE                      0.350000    0.455684   -0.105684 (VIOLATED)
ANTENNA_1426/DIODE                      0.350000    0.455684   -0.105684 (VIOLATED)
ANTENNA_1424/DIODE                      0.350000    0.455683   -0.105683 (VIOLATED)
ANTENNA_1423/DIODE                      0.350000    0.455683   -0.105683 (VIOLATED)
ANTENNA_1420/DIODE                      0.350000    0.455682   -0.105682 (VIOLATED)
ANTENNA_1421/DIODE                      0.350000    0.455682   -0.105682 (VIOLATED)
ANTENNA_1422/DIODE                      0.350000    0.455680   -0.105680 (VIOLATED)
u_memory.g_read[1].g_bank[2].g_slice[0].u_sram/din[0]    0.350000    0.455669   -0.105669 (VIOLATED)
ANTENNA_1425/DIODE                      0.350000    0.455629   -0.105629 (VIOLATED)
ANTENNA_1427/DIODE                      0.350000    0.455628   -0.105628 (VIOLATED)
u_memory._314_/A1                       0.350000    0.455227   -0.105227 (VIOLATED)
hold181/X                               0.350000    0.455187   -0.105187 (VIOLATED)
u_memory.g_read[0].g_bank[2].g_slice[0].u_sram/din[30]    0.350000    0.455056   -0.105055 (VIOLATED)
ANTENNA_797/DIODE                       0.350000    0.454790   -0.104790 (VIOLATED)
u_memory._420_/A1                       0.350000    0.454787   -0.104787 (VIOLATED)
ANTENNA_796/DIODE                       0.350000    0.454787   -0.104787 (VIOLATED)
ANTENNA_794/DIODE                       0.350000    0.454786   -0.104786 (VIOLATED)
ANTENNA_792/DIODE                       0.350000    0.454785   -0.104785 (VIOLATED)
ANTENNA_790/DIODE                       0.350000    0.454783   -0.104783 (VIOLATED)
ANTENNA_789/DIODE                       0.350000    0.454776   -0.104776 (VIOLATED)
ANTENNA_791/DIODE                       0.350000    0.454772   -0.104772 (VIOLATED)
ANTENNA_793/DIODE                       0.350000    0.454767   -0.104767 (VIOLATED)
ANTENNA_795/DIODE                       0.350000    0.454762   -0.104762 (VIOLATED)
max_cap427/X                            0.350000    0.454755   -0.104755 (VIOLATED)
ANTENNA_798/DIODE                       0.350000    0.454751   -0.104751 (VIOLATED)
ANTENNA_2523/DIODE                      0.350000    0.454710   -0.104710 (VIOLATED)
ANTENNA_2522/DIODE                      0.350000    0.454710   -0.104709 (VIOLATED)
ANTENNA_2521/DIODE                      0.350000    0.454709   -0.104709 (VIOLATED)
ANTENNA_2520/DIODE                      0.350000    0.454709   -0.104709 (VIOLATED)
ANTENNA_2524/DIODE                      0.350000    0.454708   -0.104708 (VIOLATED)
ANTENNA_2519/DIODE                      0.350000    0.454708   -0.104708 (VIOLATED)
ANTENNA_2515/DIODE                      0.350000    0.454702   -0.104702 (VIOLATED)
ANTENNA_2525/DIODE                      0.350000    0.454702   -0.104702 (VIOLATED)
ANTENNA_2518/DIODE                      0.350000    0.454702   -0.104702 (VIOLATED)
ANTENNA_2517/DIODE                      0.350000    0.454702   -0.104702 (VIOLATED)
ANTENNA_2516/DIODE                      0.350000    0.454701   -0.104701 (VIOLATED)
u_memory.g_read[0].g_bank[2].g_slice[0].u_sram/din[20]    0.350000    0.454604   -0.104604 (VIOLATED)
u_memory.g_read[1].g_bank[2].g_slice[0].u_sram/din[12]    0.350000    0.454576   -0.104576 (VIOLATED)
u_memory.g_read[1].g_bank[2].g_slice[0].u_sram/din[6]    0.350000    0.454564   -0.104564 (VIOLATED)
u_memory.g_read[0].g_bank[3].g_slice[0].u_sram/din[31]    0.350000    0.454315   -0.104315 (VIOLATED)
u_memory._282_/B1                       0.350000    0.454189   -0.104189 (VIOLATED)
ANTENNA_107/DIODE                       0.350000    0.454186   -0.104186 (VIOLATED)
ANTENNA_105/DIODE                       0.350000    0.454185   -0.104185 (VIOLATED)
ANTENNA_106/DIODE                       0.350000    0.454168   -0.104168 (VIOLATED)
ANTENNA_108/DIODE                       0.350000    0.454157   -0.104157 (VIOLATED)
max_cap601/X                            0.350000    0.453988   -0.103988 (VIOLATED)
wire260/X                               0.350000    0.453769   -0.103769 (VIOLATED)
u_memory.g_read[1].g_bank[1].g_slice[0].u_sram/din[24]    0.350000    0.453685   -0.103685 (VIOLATED)
u_memory._280_/X                        0.350000    0.453374   -0.103374 (VIOLATED)
ANTENNA_2765/DIODE                      0.350000    0.453105   -0.103105 (VIOLATED)
ANTENNA_2763/DIODE                      0.350000    0.453105   -0.103105 (VIOLATED)
ANTENNA_2762/DIODE                      0.350000    0.453105   -0.103105 (VIOLATED)
_032_/D                                 0.350000    0.453103   -0.103103 (VIOLATED)
ANTENNA_2764/DIODE                      0.350000    0.453100   -0.103100 (VIOLATED)
u_memory.g_read[1].g_bank[2].g_slice[0].u_sram/din[1]    0.350000    0.453087   -0.103087 (VIOLATED)
u_memory._240_/B1                       0.350000    0.452969   -0.102969 (VIOLATED)
ANTENNA_66/DIODE                        0.350000    0.452958   -0.102958 (VIOLATED)
ANTENNA_68/DIODE                        0.350000    0.452950   -0.102950 (VIOLATED)
ANTENNA_67/DIODE                        0.350000    0.452943   -0.102943 (VIOLATED)
u_memory.g_read[0].g_bank[0].g_slice[0].u_sram/din[28]    0.350000    0.452909   -0.102909 (VIOLATED)
u_memory.g_read[1].g_bank[2].g_slice[0].u_sram/din[31]    0.350000    0.452781   -0.102781 (VIOLATED)
u_memory._267_/A1                       0.350000    0.452739   -0.102739 (VIOLATED)
ANTENNA_1165/DIODE                      0.350000    0.452729   -0.102729 (VIOLATED)
ANTENNA_1166/DIODE                      0.350000    0.452710   -0.102710 (VIOLATED)
ANTENNA_1167/DIODE                      0.350000    0.452710   -0.102710 (VIOLATED)
ANTENNA_1168/DIODE                      0.350000    0.452709   -0.102709 (VIOLATED)
u_memory._308_/S                        0.350000    0.452646   -0.102646 (VIOLATED)
wire382/A                               0.350000    0.452341   -0.102341 (VIOLATED)
ANTENNA_2712/DIODE                      0.350000    0.452327   -0.102327 (VIOLATED)
u_memory._303_/X                        0.350000    0.452298   -0.102298 (VIOLATED)
ANTENNA_125/DIODE                       0.350000    0.452228   -0.102228 (VIOLATED)
u_memory._294_/B2                       0.350000    0.452225   -0.102225 (VIOLATED)
wire358/X                               0.350000    0.452109   -0.102109 (VIOLATED)
u_memory._238_/X                        0.350000    0.451996   -0.101996 (VIOLATED)
u_memory.g_read[0].g_bank[2].g_slice[0].u_sram/din[21]    0.350000    0.451693   -0.101693 (VIOLATED)
u_memory._293_/X                        0.350000    0.451523   -0.101523 (VIOLATED)
ANTENNA_618/DIODE                       0.350000    0.451130   -0.101130 (VIOLATED)
ANTENNA_616/DIODE                       0.350000    0.451128   -0.101128 (VIOLATED)
ANTENNA_615/DIODE                       0.350000    0.451127   -0.101127 (VIOLATED)
u_memory._349_/C                        0.350000    0.451118   -0.101118 (VIOLATED)
ANTENNA_617/DIODE                       0.350000    0.451094   -0.101094 (VIOLATED)
u_memory.g_read[0].g_bank[2].g_slice[0].u_sram/din[15]    0.350000    0.450557   -0.100557 (VIOLATED)
u_memory._249_/A1                       0.350000    0.450397   -0.100397 (VIOLATED)
ANTENNA_1187/DIODE                      0.350000    0.450368   -0.100368 (VIOLATED)
ANTENNA_1185/DIODE                      0.350000    0.450367   -0.100367 (VIOLATED)
ANTENNA_1184/DIODE                      0.350000    0.450365   -0.100365 (VIOLATED)
ANTENNA_1186/DIODE                      0.350000    0.450356   -0.100356 (VIOLATED)
wire209/X                               0.350000    0.450308   -0.100308 (VIOLATED)
u_memory._307_/S                        0.350000    0.450267   -0.100267 (VIOLATED)
u_memory.g_read[1].g_bank[0].g_slice[0].u_sram/din[31]    0.350000    0.450196   -0.100196 (VIOLATED)
u_memory._414_/B1                       0.350000    0.450138   -0.100138 (VIOLATED)
u_memory._279_/A1                       0.350000    0.449819   -0.099819 (VIOLATED)
ANTENNA_1149/DIODE                      0.350000    0.449812   -0.099812 (VIOLATED)
ANTENNA_1152/DIODE                      0.350000    0.449807   -0.099807 (VIOLATED)
wire364/X                               0.350000    0.449804   -0.099804 (VIOLATED)
ANTENNA_1151/DIODE                      0.350000    0.449771   -0.099771 (VIOLATED)
ANTENNA_1150/DIODE                      0.350000    0.449770   -0.099770 (VIOLATED)
ANTENNA_2744/DIODE                      0.350000    0.449655   -0.099655 (VIOLATED)
ANTENNA_2743/DIODE                      0.350000    0.449655   -0.099655 (VIOLATED)
ANTENNA_2741/DIODE                      0.350000    0.449647   -0.099647 (VIOLATED)
ANTENNA_2742/DIODE                      0.350000    0.449647   -0.099647 (VIOLATED)
u_memory._304_/S                        0.350000    0.449483   -0.099483 (VIOLATED)
wire353/X                               0.350000    0.449210   -0.099210 (VIOLATED)
ANTENNA_2714/DIODE                      0.350000    0.449204   -0.099204 (VIOLATED)
ANTENNA_2713/DIODE                      0.350000    0.449204   -0.099204 (VIOLATED)
ANTENNA_2716/DIODE                      0.350000    0.449203   -0.099203 (VIOLATED)
ANTENNA_2715/DIODE                      0.350000    0.449203   -0.099203 (VIOLATED)
wire171/X                               0.350000    0.449138   -0.099138 (VIOLATED)
hold190/X                               0.350000    0.449132   -0.099132 (VIOLATED)
u_memory._405_/A1                       0.350000    0.449035   -0.099035 (VIOLATED)
hold174/X                               0.350000    0.448616   -0.098616 (VIOLATED)
ANTENNA_1475/DIODE                      0.350000    0.448180   -0.098180 (VIOLATED)
ANTENNA_1469/DIODE                      0.350000    0.448179   -0.098179 (VIOLATED)
ANTENNA_1468/DIODE                      0.350000    0.448179   -0.098179 (VIOLATED)
ANTENNA_1467/DIODE                      0.350000    0.448178   -0.098178 (VIOLATED)
ANTENNA_1466/DIODE                      0.350000    0.448178   -0.098178 (VIOLATED)
ANTENNA_1465/DIODE                      0.350000    0.448177   -0.098177 (VIOLATED)
ANTENNA_1474/DIODE                      0.350000    0.448177   -0.098177 (VIOLATED)
ANTENNA_1473/DIODE                      0.350000    0.448177   -0.098177 (VIOLATED)
ANTENNA_1472/DIODE                      0.350000    0.448176   -0.098176 (VIOLATED)
ANTENNA_1471/DIODE                      0.350000    0.448171   -0.098171 (VIOLATED)
ANTENNA_1470/DIODE                      0.350000    0.448171   -0.098171 (VIOLATED)
u_memory._243_/A1                       0.350000    0.447510   -0.097510 (VIOLATED)
fanout176/A                             0.350000    0.447503   -0.097503 (VIOLATED)
ANTENNA_1193/DIODE                      0.350000    0.447494   -0.097494 (VIOLATED)
ANTENNA_1191/DIODE                      0.350000    0.447480   -0.097480 (VIOLATED)
ANTENNA_1192/DIODE                      0.350000    0.447470   -0.097470 (VIOLATED)
ANTENNA_1194/DIODE                      0.350000    0.447467   -0.097467 (VIOLATED)
u_memory._417_/A2                       0.350000    0.447466   -0.097466 (VIOLATED)
ANTENNA_1658/DIODE                      0.350000    0.447455   -0.097455 (VIOLATED)
ANTENNA_1662/DIODE                      0.350000    0.447451   -0.097451 (VIOLATED)
ANTENNA_1657/DIODE                      0.350000    0.447451   -0.097451 (VIOLATED)
ANTENNA_1656/DIODE                      0.350000    0.447450   -0.097450 (VIOLATED)
ANTENNA_1653/DIODE                      0.350000    0.447450   -0.097450 (VIOLATED)
ANTENNA_1655/DIODE                      0.350000    0.447450   -0.097449 (VIOLATED)
ANTENNA_1654/DIODE                      0.350000    0.447449   -0.097449 (VIOLATED)
u_memory._420_/A2                       0.350000    0.447437   -0.097437 (VIOLATED)
ANTENNA_1659/DIODE                      0.350000    0.447437   -0.097437 (VIOLATED)
ANTENNA_1661/DIODE                      0.350000    0.447437   -0.097437 (VIOLATED)
ANTENNA_1660/DIODE                      0.350000    0.447436   -0.097436 (VIOLATED)
ANTENNA_1663/DIODE                      0.350000    0.447379   -0.097379 (VIOLATED)
u_memory._405_/A2                       0.350000    0.447346   -0.097346 (VIOLATED)
max_cap435/X                            0.350000    0.447282   -0.097282 (VIOLATED)
u_memory.g_read[1].g_bank[1].g_slice[0].u_sram/din[3]    0.350000    0.447232   -0.097232 (VIOLATED)
u_memory._192_/A2                       0.350000    0.447181   -0.097181 (VIOLATED)
u_memory._411_/A2                       0.350000    0.447170   -0.097170 (VIOLATED)
ANTENNA_2231/DIODE                      0.350000    0.447088   -0.097088 (VIOLATED)
ANTENNA_2225/DIODE                      0.350000    0.447080   -0.097080 (VIOLATED)
ANTENNA_2235/DIODE                      0.350000    0.447048   -0.097048 (VIOLATED)
ANTENNA_2230/DIODE                      0.350000    0.447048   -0.097048 (VIOLATED)
ANTENNA_2229/DIODE                      0.350000    0.447047   -0.097047 (VIOLATED)
ANTENNA_2228/DIODE                      0.350000    0.447047   -0.097047 (VIOLATED)
ANTENNA_2227/DIODE                      0.350000    0.447046   -0.097046 (VIOLATED)
ANTENNA_2226/DIODE                      0.350000    0.447043   -0.097043 (VIOLATED)
max_cap383/A                            0.350000    0.447014   -0.097014 (VIOLATED)
ANTENNA_2234/DIODE                      0.350000    0.446998   -0.096998 (VIOLATED)
ANTENNA_2233/DIODE                      0.350000    0.446998   -0.096998 (VIOLATED)
ANTENNA_2232/DIODE                      0.350000    0.446998   -0.096998 (VIOLATED)
u_memory._188_/B                        0.350000    0.446963   -0.096963 (VIOLATED)
hold171/X                               0.350000    0.446930   -0.096930 (VIOLATED)
ANTENNA_1959/DIODE                      0.350000    0.446929   -0.096929 (VIOLATED)
ANTENNA_1954/DIODE                      0.350000    0.446929   -0.096929 (VIOLATED)
ANTENNA_1953/DIODE                      0.350000    0.446928   -0.096928 (VIOLATED)
ANTENNA_1952/DIODE                      0.350000    0.446928   -0.096928 (VIOLATED)
ANTENNA_1951/DIODE                      0.350000    0.446928   -0.096928 (VIOLATED)
ANTENNA_1956/DIODE                      0.350000    0.446927   -0.096927 (VIOLATED)
ANTENNA_1950/DIODE                      0.350000    0.446927   -0.096927 (VIOLATED)
ANTENNA_1960/DIODE                      0.350000    0.446922   -0.096922 (VIOLATED)
ANTENNA_1958/DIODE                      0.350000    0.446922   -0.096922 (VIOLATED)
ANTENNA_1957/DIODE                      0.350000    0.446921   -0.096921 (VIOLATED)
wire366/X                               0.350000    0.446885   -0.096885 (VIOLATED)
ANTENNA_1750/DIODE                      0.350000    0.446849   -0.096849 (VIOLATED)
ANTENNA_1751/DIODE                      0.350000    0.446848   -0.096848 (VIOLATED)
u_memory._423_/A2                       0.350000    0.446834   -0.096834 (VIOLATED)
ANTENNA_1742/DIODE                      0.350000    0.446814   -0.096814 (VIOLATED)
ANTENNA_1744/DIODE                      0.350000    0.446812   -0.096812 (VIOLATED)
ANTENNA_1746/DIODE                      0.350000    0.446810   -0.096810 (VIOLATED)
ANTENNA_1741/DIODE                      0.350000    0.446785   -0.096785 (VIOLATED)
ANTENNA_2768/DIODE                      0.350000    0.446785   -0.096785 (VIOLATED)
ANTENNA_1743/DIODE                      0.350000    0.446785   -0.096785 (VIOLATED)
ANTENNA_1749/DIODE                      0.350000    0.446785   -0.096785 (VIOLATED)
ANTENNA_1745/DIODE                      0.350000    0.446784   -0.096784 (VIOLATED)
ANTENNA_1748/DIODE                      0.350000    0.446784   -0.096784 (VIOLATED)
ANTENNA_1747/DIODE                      0.350000    0.446784   -0.096784 (VIOLATED)
ANTENNA_1955/DIODE                      0.350000    0.446784   -0.096784 (VIOLATED)
_084_/D                                 0.350000    0.446782   -0.096782 (VIOLATED)
max_cap464/X                            0.350000    0.446697   -0.096697 (VIOLATED)
u_memory._396_/A2                       0.350000    0.446667   -0.096667 (VIOLATED)
u_memory._187_/X                        0.350000    0.446516   -0.096516 (VIOLATED)
ANTENNA_2732/DIODE                      0.350000    0.446398   -0.096398 (VIOLATED)
ANTENNA_2731/DIODE                      0.350000    0.446398   -0.096398 (VIOLATED)
u_memory.g_read[0].g_bank[0].g_slice[0].u_sram/din[15]    0.350000    0.446396   -0.096396 (VIOLATED)
ANTENNA_2730/DIODE                      0.350000    0.446393   -0.096393 (VIOLATED)
ANTENNA_2729/DIODE                      0.350000    0.446393   -0.096393 (VIOLATED)
_077_/D                                 0.350000    0.446387   -0.096387 (VIOLATED)
max_cap555/X                            0.350000    0.446385   -0.096385 (VIOLATED)
ANTENNA_221/DIODE                       0.350000    0.446384   -0.096384 (VIOLATED)
input9/X                                0.350000    0.446219   -0.096219 (VIOLATED)
max_cap512/X                            0.350000    0.446141   -0.096141 (VIOLATED)
u_memory._381_/A2                       0.350000    0.446093   -0.096092 (VIOLATED)
max_cap478/X                            0.350000    0.446071   -0.096071 (VIOLATED)
ANTENNA_1920/DIODE                      0.350000    0.445953   -0.095952 (VIOLATED)
ANTENNA_1921/DIODE                      0.350000    0.445952   -0.095952 (VIOLATED)
ANTENNA_1922/DIODE                      0.350000    0.445952   -0.095952 (VIOLATED)
ANTENNA_1924/DIODE                      0.350000    0.445952   -0.095952 (VIOLATED)
ANTENNA_1926/DIODE                      0.350000    0.445951   -0.095951 (VIOLATED)
ANTENNA_1918/DIODE                      0.350000    0.445908   -0.095908 (VIOLATED)
ANTENNA_1919/DIODE                      0.350000    0.445908   -0.095908 (VIOLATED)
ANTENNA_1923/DIODE                      0.350000    0.445906   -0.095906 (VIOLATED)
ANTENNA_1925/DIODE                      0.350000    0.445903   -0.095903 (VIOLATED)
ANTENNA_1917/DIODE                      0.350000    0.445857   -0.095857 (VIOLATED)
ANTENNA_1927/DIODE                      0.350000    0.445855   -0.095855 (VIOLATED)
hold182/X                               0.350000    0.445819   -0.095819 (VIOLATED)
input2/X                                0.350000    0.445521   -0.095521 (VIOLATED)
max_cap506/X                            0.350000    0.445220   -0.095220 (VIOLATED)
output89/A                              0.350000    0.445183   -0.095183 (VIOLATED)
ANTENNA_2268/DIODE                      0.350000    0.444979   -0.094979 (VIOLATED)
ANTENNA_2261/DIODE                      0.350000    0.444978   -0.094978 (VIOLATED)
ANTENNA_2267/DIODE                      0.350000    0.444970   -0.094970 (VIOLATED)
ANTENNA_2265/DIODE                      0.350000    0.444970   -0.094970 (VIOLATED)
ANTENNA_2263/DIODE                      0.350000    0.444970   -0.094970 (VIOLATED)
ANTENNA_2262/DIODE                      0.350000    0.444969   -0.094969 (VIOLATED)
ANTENNA_2260/DIODE                      0.350000    0.444969   -0.094969 (VIOLATED)
ANTENNA_2259/DIODE                      0.350000    0.444969   -0.094969 (VIOLATED)
ANTENNA_2258/DIODE                      0.350000    0.444966   -0.094966 (VIOLATED)
ANTENNA_2266/DIODE                      0.350000    0.444949   -0.094949 (VIOLATED)
ANTENNA_2264/DIODE                      0.350000    0.444949   -0.094949 (VIOLATED)
u_memory._192_/A1                       0.350000    0.444851   -0.094851 (VIOLATED)
u_memory._188_/A_N                      0.350000    0.444677   -0.094677 (VIOLATED)
u_memory.g_read[1].g_bank[2].g_slice[0].u_sram/din[11]    0.350000    0.444576   -0.094576 (VIOLATED)
_025_/Q                                 0.350000    0.444574   -0.094574 (VIOLATED)
hold17/X                                0.350000    0.444299   -0.094299 (VIOLATED)
max_cap560/X                            0.350000    0.444231   -0.094231 (VIOLATED)
u_memory._323_/X                        0.350000    0.443862   -0.093862 (VIOLATED)
ANTENNA_2697/DIODE                      0.350000    0.443550   -0.093550 (VIOLATED)
ANTENNA_2696/DIODE                      0.350000    0.443550   -0.093550 (VIOLATED)
ANTENNA_2699/DIODE                      0.350000    0.443547   -0.093547 (VIOLATED)
ANTENNA_2698/DIODE                      0.350000    0.443546   -0.093546 (VIOLATED)
ANTENNA_1784/DIODE                      0.350000    0.443248   -0.093248 (VIOLATED)
ANTENNA_1774/DIODE                      0.350000    0.443248   -0.093248 (VIOLATED)
ANTENNA_1782/DIODE                      0.350000    0.443226   -0.093226 (VIOLATED)
ANTENNA_1780/DIODE                      0.350000    0.443226   -0.093226 (VIOLATED)
ANTENNA_1777/DIODE                      0.350000    0.443219   -0.093219 (VIOLATED)
ANTENNA_1783/DIODE                      0.350000    0.443218   -0.093218 (VIOLATED)
ANTENNA_1778/DIODE                      0.350000    0.443218   -0.093218 (VIOLATED)
ANTENNA_1781/DIODE                      0.350000    0.443218   -0.093218 (VIOLATED)
ANTENNA_1779/DIODE                      0.350000    0.443218   -0.093218 (VIOLATED)
ANTENNA_1776/DIODE                      0.350000    0.443216   -0.093216 (VIOLATED)
ANTENNA_1775/DIODE                      0.350000    0.443216   -0.093216 (VIOLATED)
ANTENNA_1120/DIODE                      0.350000    0.443187   -0.093187 (VIOLATED)
u_memory._303_/A1                       0.350000    0.443186   -0.093186 (VIOLATED)
ANTENNA_1122/DIODE                      0.350000    0.443185   -0.093185 (VIOLATED)
ANTENNA_1119/DIODE                      0.350000    0.443181   -0.093181 (VIOLATED)
ANTENNA_1121/DIODE                      0.350000    0.443162   -0.093162 (VIOLATED)
hold163/X                               0.350000    0.442986   -0.092986 (VIOLATED)
u_memory.g_read[1].g_bank[3].g_slice[0].u_sram/ce    0.350000    0.442895   -0.092895 (VIOLATED)
hold172/X                               0.350000    0.442746   -0.092746 (VIOLATED)
max_cap483/X                            0.350000    0.442554   -0.092554 (VIOLATED)
wire344/X                               0.350000    0.442539   -0.092539 (VIOLATED)
u_memory._197_/A1                       0.350000    0.442422   -0.092422 (VIOLATED)
ANTENNA_2592/DIODE                      0.350000    0.442175   -0.092175 (VIOLATED)
ANTENNA_2601/DIODE                      0.350000    0.442175   -0.092175 (VIOLATED)
ANTENNA_2598/DIODE                      0.350000    0.442169   -0.092169 (VIOLATED)
ANTENNA_2597/DIODE                      0.350000    0.442169   -0.092169 (VIOLATED)
ANTENNA_2596/DIODE                      0.350000    0.442169   -0.092168 (VIOLATED)
ANTENNA_2595/DIODE                      0.350000    0.442168   -0.092168 (VIOLATED)
ANTENNA_2594/DIODE                      0.350000    0.442167   -0.092167 (VIOLATED)
ANTENNA_2602/DIODE                      0.350000    0.442167   -0.092167 (VIOLATED)
ANTENNA_2600/DIODE                      0.350000    0.442167   -0.092167 (VIOLATED)
ANTENNA_2599/DIODE                      0.350000    0.442167   -0.092167 (VIOLATED)
ANTENNA_2593/DIODE                      0.350000    0.442146   -0.092146 (VIOLATED)
u_memory._367_/C                        0.350000    0.442094   -0.092094 (VIOLATED)
ANTENNA_681/DIODE                       0.350000    0.442089   -0.092089 (VIOLATED)
ANTENNA_679/DIODE                       0.350000    0.442088   -0.092088 (VIOLATED)
ANTENNA_680/DIODE                       0.350000    0.442086   -0.092086 (VIOLATED)
ANTENNA_682/DIODE                       0.350000    0.442083   -0.092083 (VIOLATED)
u_memory._201_/B1                       0.350000    0.441995   -0.091995 (VIOLATED)
u_memory._200_/A1                       0.350000    0.441953   -0.091953 (VIOLATED)
u_memory._181_/B                        0.350000    0.441936   -0.091936 (VIOLATED)
hold225/X                               0.350000    0.441886   -0.091886 (VIOLATED)
ANTENNA_1642/DIODE                      0.350000    0.441844   -0.091844 (VIOLATED)
ANTENNA_1646/DIODE                      0.350000    0.441804   -0.091804 (VIOLATED)
ANTENNA_1645/DIODE                      0.350000    0.441802   -0.091802 (VIOLATED)
ANTENNA_1643/DIODE                      0.350000    0.441800   -0.091800 (VIOLATED)
ANTENNA_1644/DIODE                      0.350000    0.441798   -0.091798 (VIOLATED)
u_memory._214_/B1                       0.350000    0.441762   -0.091762 (VIOLATED)
ANTENNA_1652/DIODE                      0.350000    0.441729   -0.091729 (VIOLATED)
ANTENNA_1647/DIODE                      0.350000    0.441729   -0.091728 (VIOLATED)
ANTENNA_1648/DIODE                      0.350000    0.441728   -0.091728 (VIOLATED)
ANTENNA_1649/DIODE                      0.350000    0.441726   -0.091726 (VIOLATED)
ANTENNA_1650/DIODE                      0.350000    0.441723   -0.091723 (VIOLATED)
ANTENNA_1651/DIODE                      0.350000    0.441720   -0.091720 (VIOLATED)
u_memory._226_/B1                       0.350000    0.441698   -0.091698 (VIOLATED)
u_memory._360_/B1                       0.350000    0.441620   -0.091620 (VIOLATED)
ANTENNA_167/DIODE                       0.350000    0.441608   -0.091608 (VIOLATED)
ANTENNA_169/DIODE                       0.350000    0.441605   -0.091605 (VIOLATED)
ANTENNA_168/DIODE                       0.350000    0.441600   -0.091600 (VIOLATED)
u_memory._239_/B1                       0.350000    0.441579   -0.091579 (VIOLATED)
u_memory._330_/B1                       0.350000    0.441553   -0.091553 (VIOLATED)
ANTENNA_2361/DIODE                      0.350000    0.441553   -0.091553 (VIOLATED)
ANTENNA_137/DIODE                       0.350000    0.441550   -0.091550 (VIOLATED)
ANTENNA_135/DIODE                       0.350000    0.441550   -0.091550 (VIOLATED)
ANTENNA_136/DIODE                       0.350000    0.441535   -0.091535 (VIOLATED)
_079_/D                                 0.350000    0.441532   -0.091532 (VIOLATED)
ANTENNA_2365/DIODE                      0.350000    0.441519   -0.091519 (VIOLATED)
ANTENNA_2364/DIODE                      0.350000    0.441519   -0.091519 (VIOLATED)
ANTENNA_2362/DIODE                      0.350000    0.441518   -0.091518 (VIOLATED)
ANTENNA_2363/DIODE                      0.350000    0.441516   -0.091516 (VIOLATED)
ANTENNA_2371/DIODE                      0.350000    0.441508   -0.091508 (VIOLATED)
ANTENNA_2038/DIODE                      0.350000    0.441506   -0.091506 (VIOLATED)
ANTENNA_2366/DIODE                      0.350000    0.441476   -0.091476 (VIOLATED)
ANTENNA_2367/DIODE                      0.350000    0.441476   -0.091476 (VIOLATED)
ANTENNA_2368/DIODE                      0.350000    0.441475   -0.091475 (VIOLATED)
ANTENNA_2369/DIODE                      0.350000    0.441475   -0.091475 (VIOLATED)
ANTENNA_2370/DIODE                      0.350000    0.441474   -0.091474 (VIOLATED)
max_cap613/X                            0.350000    0.441469   -0.091469 (VIOLATED)
ANTENNA_2039/DIODE                      0.350000    0.441469   -0.091469 (VIOLATED)
wire228/X                               0.350000    0.441460   -0.091460 (VIOLATED)
ANTENNA_2046/DIODE                      0.350000    0.441408   -0.091408 (VIOLATED)
ANTENNA_2044/DIODE                      0.350000    0.441407   -0.091407 (VIOLATED)
ANTENNA_2042/DIODE                      0.350000    0.441407   -0.091407 (VIOLATED)
ANTENNA_2041/DIODE                      0.350000    0.441405   -0.091405 (VIOLATED)
ANTENNA_2040/DIODE                      0.350000    0.441403   -0.091403 (VIOLATED)
ANTENNA_2043/DIODE                      0.350000    0.441359   -0.091359 (VIOLATED)
ANTENNA_2045/DIODE                      0.350000    0.441313   -0.091313 (VIOLATED)
ANTENNA_2047/DIODE                      0.350000    0.441311   -0.091311 (VIOLATED)
ANTENNA_2048/DIODE                      0.350000    0.441308   -0.091308 (VIOLATED)
u_memory._251_/B1                       0.350000    0.441243   -0.091243 (VIOLATED)
u_memory.g_read[0].g_bank[3].g_slice[0].u_sram/wmask[2]    0.350000    0.441140   -0.091140 (VIOLATED)
max_cap462/X                            0.350000    0.441051   -0.091051 (VIOLATED)
u_memory.g_read[0].g_bank[1].g_slice[0].u_sram/din[22]    0.350000    0.441002   -0.091002 (VIOLATED)
input4/X                                0.350000    0.441001   -0.091001 (VIOLATED)
u_memory.g_read[0].g_bank[2].g_slice[0].u_sram/din[5]    0.350000    0.440984   -0.090984 (VIOLATED)
u_memory._358_/X                        0.350000    0.440835   -0.090835 (VIOLATED)
max_cap576/X                            0.350000    0.440802   -0.090802 (VIOLATED)
ANTENNA_1453/DIODE                      0.350000    0.440781   -0.090781 (VIOLATED)
ANTENNA_1462/DIODE                      0.350000    0.440742   -0.090742 (VIOLATED)
ANTENNA_1460/DIODE                      0.350000    0.440742   -0.090742 (VIOLATED)
ANTENNA_1456/DIODE                      0.350000    0.440735   -0.090735 (VIOLATED)
ANTENNA_1455/DIODE                      0.350000    0.440735   -0.090735 (VIOLATED)
ANTENNA_1454/DIODE                      0.350000    0.440734   -0.090734 (VIOLATED)
ANTENNA_1458/DIODE                      0.350000    0.440733   -0.090733 (VIOLATED)
u_memory._328_/X                        0.350000    0.440729   -0.090729 (VIOLATED)
ANTENNA_1457/DIODE                      0.350000    0.440726   -0.090726 (VIOLATED)
ANTENNA_1459/DIODE                      0.350000    0.440723   -0.090723 (VIOLATED)
ANTENNA_1463/DIODE                      0.350000    0.440723   -0.090723 (VIOLATED)
ANTENNA_1461/DIODE                      0.350000    0.440722   -0.090722 (VIOLATED)
_008_/CLK                               0.350000    0.440680   -0.090680 (VIOLATED)
_018_/CLK                               0.350000    0.440672   -0.090672 (VIOLATED)
_027_/CLK                               0.350000    0.440667   -0.090667 (VIOLATED)
_029_/CLK                               0.350000    0.440661   -0.090661 (VIOLATED)
_024_/CLK                               0.350000    0.440649   -0.090649 (VIOLATED)
max_cap525/X                            0.350000    0.440640   -0.090640 (VIOLATED)
_025_/CLK                               0.350000    0.440622   -0.090622 (VIOLATED)
_026_/CLK                               0.350000    0.440604   -0.090604 (VIOLATED)
clkbuf_4_0__f_clk/X                     0.350000    0.440402   -0.090402 (VIOLATED)
u_memory.g_read[0].g_bank[2].g_slice[0].u_sram/wmask[2]    0.350000    0.440400   -0.090400 (VIOLATED)
u_memory._285_/B1                       0.350000    0.440388   -0.090388 (VIOLATED)
ANTENNA_112/DIODE                       0.350000    0.440376   -0.090376 (VIOLATED)
ANTENNA_110/DIODE                       0.350000    0.440375   -0.090375 (VIOLATED)
ANTENNA_111/DIODE                       0.350000    0.440372   -0.090372 (VIOLATED)
wire266/X                               0.350000    0.440117   -0.090117 (VIOLATED)
max_cap433/X                            0.350000    0.440090   -0.090090 (VIOLATED)
u_memory._372_/B1                       0.350000    0.440022   -0.090022 (VIOLATED)
u_memory._189_/A1                       0.350000    0.440021   -0.090021 (VIOLATED)
ANTENNA_181/DIODE                       0.350000    0.440018   -0.090018 (VIOLATED)
ANTENNA_180/DIODE                       0.350000    0.440017   -0.090016 (VIOLATED)
ANTENNA_182/DIODE                       0.350000    0.440012   -0.090012 (VIOLATED)
u_memory.g_read[1].g_bank[2].g_slice[0].u_sram/din[16]    0.350000    0.439883   -0.089883 (VIOLATED)
output136/A                             0.350000    0.439856   -0.089856 (VIOLATED)
ANTENNA_1190/DIODE                      0.350000    0.439806   -0.089806 (VIOLATED)
ANTENNA_1188/DIODE                      0.350000    0.439805   -0.089805 (VIOLATED)
_010_/Q                                 0.350000    0.439803   -0.089803 (VIOLATED)
u_memory._246_/A1                       0.350000    0.439798   -0.089798 (VIOLATED)
ANTENNA_1189/DIODE                      0.350000    0.439744   -0.089744 (VIOLATED)
u_memory._192_/B1                       0.350000    0.439668   -0.089668 (VIOLATED)
ANTENNA_1154/DIODE                      0.350000    0.439629   -0.089629 (VIOLATED)
ANTENNA_1156/DIODE                      0.350000    0.439627   -0.089627 (VIOLATED)
u_memory._273_/A1                       0.350000    0.439626   -0.089626 (VIOLATED)
ANTENNA_1153/DIODE                      0.350000    0.439621   -0.089621 (VIOLATED)
u_memory._283_/X                        0.350000    0.439600   -0.089600 (VIOLATED)
ANTENNA_1155/DIODE                      0.350000    0.439594   -0.089594 (VIOLATED)
u_memory._370_/X                        0.350000    0.439334   -0.089334 (VIOLATED)
ANTENNA_2020/DIODE                      0.350000    0.439246   -0.089246 (VIOLATED)
ANTENNA_2019/DIODE                      0.350000    0.439245   -0.089245 (VIOLATED)
ANTENNA_2018/DIODE                      0.350000    0.439245   -0.089245 (VIOLATED)
ANTENNA_2017/DIODE                      0.350000    0.439244   -0.089244 (VIOLATED)
ANTENNA_2024/DIODE                      0.350000    0.439244   -0.089244 (VIOLATED)
ANTENNA_2023/DIODE                      0.350000    0.439244   -0.089244 (VIOLATED)
ANTENNA_2016/DIODE                      0.350000    0.439240   -0.089240 (VIOLATED)
ANTENNA_2026/DIODE                      0.350000    0.439240   -0.089240 (VIOLATED)
ANTENNA_2025/DIODE                      0.350000    0.439240   -0.089240 (VIOLATED)
ANTENNA_2022/DIODE                      0.350000    0.439238   -0.089238 (VIOLATED)
ANTENNA_2021/DIODE                      0.350000    0.439238   -0.089238 (VIOLATED)
wire365/X                               0.350000    0.439172   -0.089172 (VIOLATED)
u_memory._342_/A1                       0.350000    0.438982   -0.088982 (VIOLATED)
ANTENNA_780/DIODE                       0.350000    0.438981   -0.088981 (VIOLATED)
ANTENNA_778/DIODE                       0.350000    0.438980   -0.088980 (VIOLATED)
wire355/X                               0.350000    0.438977   -0.088977 (VIOLATED)
ANTENNA_781/DIODE                       0.350000    0.438967   -0.088967 (VIOLATED)
ANTENNA_779/DIODE                       0.350000    0.438967   -0.088967 (VIOLATED)
u_memory.g_read[1].g_bank[2].g_slice[0].u_sram/din[14]    0.350000    0.438667   -0.088667 (VIOLATED)
max_cap522/X                            0.350000    0.438426   -0.088426 (VIOLATED)
wire257/X                               0.350000    0.438364   -0.088364 (VIOLATED)
max_cap380/A                            0.350000    0.438363   -0.088363 (VIOLATED)
u_memory.g_read[1].g_bank[2].g_slice[0].u_sram/din[21]    0.350000    0.438237   -0.088237 (VIOLATED)
ANTENNA_1883/DIODE                      0.350000    0.437933   -0.087933 (VIOLATED)
ANTENNA_1882/DIODE                      0.350000    0.437933   -0.087933 (VIOLATED)
ANTENNA_1878/DIODE                      0.350000    0.437933   -0.087933 (VIOLATED)
ANTENNA_1875/DIODE                      0.350000    0.437932   -0.087932 (VIOLATED)
ANTENNA_1877/DIODE                      0.350000    0.437932   -0.087932 (VIOLATED)
ANTENNA_1876/DIODE                      0.350000    0.437932   -0.087932 (VIOLATED)
ANTENNA_1874/DIODE                      0.350000    0.437931   -0.087931 (VIOLATED)
ANTENNA_1873/DIODE                      0.350000    0.437930   -0.087930 (VIOLATED)
ANTENNA_1879/DIODE                      0.350000    0.437921   -0.087921 (VIOLATED)
ANTENNA_1880/DIODE                      0.350000    0.437921   -0.087921 (VIOLATED)
ANTENNA_1881/DIODE                      0.350000    0.437921   -0.087921 (VIOLATED)
wire381/X                               0.350000    0.437587   -0.087587 (VIOLATED)
ANTENNA_1214/DIODE                      0.350000    0.437587   -0.087587 (VIOLATED)
ANTENNA_1213/DIODE                      0.350000    0.437586   -0.087585 (VIOLATED)
ANTENNA_1212/DIODE                      0.350000    0.437581   -0.087581 (VIOLATED)
ANTENNA_1216/DIODE                      0.350000    0.437576   -0.087576 (VIOLATED)
ANTENNA_1215/DIODE                      0.350000    0.437575   -0.087575 (VIOLATED)
_109_/D                                 0.350000    0.437566   -0.087566 (VIOLATED)
wire642/X                               0.350000    0.437526   -0.087526 (VIOLATED)
u_memory._299_/B1                       0.350000    0.437406   -0.087406 (VIOLATED)
u_memory._287_/B1                       0.350000    0.437399   -0.087399 (VIOLATED)
ANTENNA_1785/DIODE                      0.350000    0.437381   -0.087381 (VIOLATED)
ANTENNA_1787/DIODE                      0.350000    0.437378   -0.087378 (VIOLATED)
ANTENNA_1788/DIODE                      0.350000    0.437378   -0.087378 (VIOLATED)
ANTENNA_1789/DIODE                      0.350000    0.437378   -0.087378 (VIOLATED)
ANTENNA_1791/DIODE                      0.350000    0.437377   -0.087377 (VIOLATED)
ANTENNA_1793/DIODE                      0.350000    0.437377   -0.087377 (VIOLATED)
ANTENNA_1786/DIODE                      0.350000    0.437332   -0.087332 (VIOLATED)
ANTENNA_1790/DIODE                      0.350000    0.437329   -0.087329 (VIOLATED)
ANTENNA_1792/DIODE                      0.350000    0.437326   -0.087326 (VIOLATED)
ANTENNA_1794/DIODE                      0.350000    0.437323   -0.087323 (VIOLATED)
ANTENNA_1795/DIODE                      0.350000    0.437320   -0.087320 (VIOLATED)
max_cap500/X                            0.350000    0.437294   -0.087294 (VIOLATED)
ANTENNA_2300/DIODE                      0.350000    0.437156   -0.087156 (VIOLATED)
ANTENNA_2297/DIODE                      0.350000    0.437155   -0.087155 (VIOLATED)
ANTENNA_2302/DIODE                      0.350000    0.437147   -0.087147 (VIOLATED)
ANTENNA_2299/DIODE                      0.350000    0.437147   -0.087147 (VIOLATED)
ANTENNA_2296/DIODE                      0.350000    0.437146   -0.087146 (VIOLATED)
ANTENNA_2295/DIODE                      0.350000    0.437145   -0.087145 (VIOLATED)
ANTENNA_2294/DIODE                      0.350000    0.437145   -0.087145 (VIOLATED)
ANTENNA_2293/DIODE                      0.350000    0.437145   -0.087145 (VIOLATED)
ANTENNA_2303/DIODE                      0.350000    0.437137   -0.087137 (VIOLATED)
ANTENNA_2301/DIODE                      0.350000    0.437137   -0.087137 (VIOLATED)
ANTENNA_2298/DIODE                      0.350000    0.437136   -0.087136 (VIOLATED)
u_memory._275_/B1                       0.350000    0.437127   -0.087127 (VIOLATED)
u_memory._292_/C                        0.350000    0.436864   -0.086864 (VIOLATED)
ANTENNA_929/DIODE                       0.350000    0.436859   -0.086859 (VIOLATED)
ANTENNA_927/DIODE                       0.350000    0.436857   -0.086857 (VIOLATED)
ANTENNA_928/DIODE                       0.350000    0.436855   -0.086855 (VIOLATED)
ANTENNA_930/DIODE                       0.350000    0.436854   -0.086854 (VIOLATED)
wire188/X                               0.350000    0.436840   -0.086840 (VIOLATED)
u_memory._243_/B1                       0.350000    0.436784   -0.086784 (VIOLATED)
ANTENNA_70/DIODE                        0.350000    0.436768   -0.086768 (VIOLATED)
ANTENNA_69/DIODE                        0.350000    0.436767   -0.086767 (VIOLATED)
ANTENNA_71/DIODE                        0.350000    0.436760   -0.086760 (VIOLATED)
max_cap485/X                            0.350000    0.436610   -0.086610 (VIOLATED)
u_memory._270_/B1                       0.350000    0.436571   -0.086571 (VIOLATED)
ANTENNA_97/DIODE                        0.350000    0.436556   -0.086556 (VIOLATED)
ANTENNA_95/DIODE                        0.350000    0.436555   -0.086555 (VIOLATED)
ANTENNA_96/DIODE                        0.350000    0.436544   -0.086544 (VIOLATED)
u_memory._348_/B1                       0.350000    0.436486   -0.086486 (VIOLATED)
ANTENNA_155/DIODE                       0.350000    0.436480   -0.086480 (VIOLATED)
ANTENNA_153/DIODE                       0.350000    0.436479   -0.086479 (VIOLATED)
ANTENNA_154/DIODE                       0.350000    0.436466   -0.086466 (VIOLATED)
ANTENNA_1146/DIODE                      0.350000    0.436343   -0.086343 (VIOLATED)
ANTENNA_1148/DIODE                      0.350000    0.436342   -0.086342 (VIOLATED)
u_memory._282_/A1                       0.350000    0.436340   -0.086340 (VIOLATED)
ANTENNA_1145/DIODE                      0.350000    0.436316   -0.086316 (VIOLATED)
ANTENNA_1147/DIODE                      0.350000    0.436300   -0.086300 (VIOLATED)
wire295/X                               0.350000    0.436286   -0.086286 (VIOLATED)
max_cap565/X                            0.350000    0.436189   -0.086189 (VIOLATED)
u_memory._233_/A1                       0.350000    0.435965   -0.085965 (VIOLATED)
ANTENNA_1097/DIODE                      0.350000    0.435948   -0.085948 (VIOLATED)
ANTENNA_1095/DIODE                      0.350000    0.435947   -0.085947 (VIOLATED)
ANTENNA_1096/DIODE                      0.350000    0.435940   -0.085940 (VIOLATED)
ANTENNA_1098/DIODE                      0.350000    0.435937   -0.085937 (VIOLATED)
u_memory._241_/X                        0.350000    0.435901   -0.085901 (VIOLATED)
u_memory._268_/X                        0.350000    0.435809   -0.085809 (VIOLATED)
wire352/X                               0.350000    0.435744   -0.085744 (VIOLATED)
ANTENNA_1586/DIODE                      0.350000    0.435697   -0.085697 (VIOLATED)
ANTENNA_1584/DIODE                      0.350000    0.435697   -0.085697 (VIOLATED)
ANTENNA_1582/DIODE                      0.350000    0.435697   -0.085697 (VIOLATED)
ANTENNA_1580/DIODE                      0.350000    0.435696   -0.085696 (VIOLATED)
u_memory._346_/X                        0.350000    0.435694   -0.085694 (VIOLATED)
ANTENNA_1576/DIODE                      0.350000    0.435679   -0.085679 (VIOLATED)
ANTENNA_1578/DIODE                      0.350000    0.435678   -0.085678 (VIOLATED)
ANTENNA_1579/DIODE                      0.350000    0.435677   -0.085677 (VIOLATED)
ANTENNA_1581/DIODE                      0.350000    0.435676   -0.085676 (VIOLATED)
ANTENNA_1585/DIODE                      0.350000    0.435676   -0.085676 (VIOLATED)
ANTENNA_1583/DIODE                      0.350000    0.435676   -0.085676 (VIOLATED)
ANTENNA_2726/DIODE                      0.350000    0.435640   -0.085640 (VIOLATED)
ANTENNA_2725/DIODE                      0.350000    0.435640   -0.085640 (VIOLATED)
ANTENNA_1577/DIODE                      0.350000    0.435634   -0.085634 (VIOLATED)
ANTENNA_2727/DIODE                      0.350000    0.435631   -0.085631 (VIOLATED)
ANTENNA_2728/DIODE                      0.350000    0.435631   -0.085631 (VIOLATED)
wire338/X                               0.350000    0.435410   -0.085410 (VIOLATED)
ANTENNA_1222/DIODE                      0.350000    0.435210   -0.085210 (VIOLATED)
ANTENNA_1220/DIODE                      0.350000    0.435209   -0.085209 (VIOLATED)
hold180/X                               0.350000    0.435208   -0.085208 (VIOLATED)
ANTENNA_1219/DIODE                      0.350000    0.435206   -0.085206 (VIOLATED)
u_memory._334_/C                        0.350000    0.434819   -0.084819 (VIOLATED)
ANTENNA_638/DIODE                       0.350000    0.434816   -0.084816 (VIOLATED)
ANTENNA_636/DIODE                       0.350000    0.434814   -0.084814 (VIOLATED)
ANTENNA_635/DIODE                       0.350000    0.434810   -0.084810 (VIOLATED)
ANTENNA_637/DIODE                       0.350000    0.434807   -0.084807 (VIOLATED)
ANTENNA_1218/DIODE                      0.350000    0.434753   -0.084753 (VIOLATED)
max_cap452/X                            0.350000    0.434723   -0.084723 (VIOLATED)
ANTENNA_1221/DIODE                      0.350000    0.434709   -0.084709 (VIOLATED)
ANTENNA_1685/DIODE                      0.350000    0.434650   -0.084650 (VIOLATED)
ANTENNA_1683/DIODE                      0.350000    0.434650   -0.084650 (VIOLATED)
ANTENNA_1681/DIODE                      0.350000    0.434650   -0.084650 (VIOLATED)
ANTENNA_1680/DIODE                      0.350000    0.434649   -0.084649 (VIOLATED)
ANTENNA_1679/DIODE                      0.350000    0.434649   -0.084649 (VIOLATED)
ANTENNA_1677/DIODE                      0.350000    0.434648   -0.084648 (VIOLATED)
ANTENNA_1675/DIODE                      0.350000    0.434645   -0.084645 (VIOLATED)
ANTENNA_1684/DIODE                      0.350000    0.434645   -0.084645 (VIOLATED)
ANTENNA_1682/DIODE                      0.350000    0.434645   -0.084645 (VIOLATED)
ANTENNA_1678/DIODE                      0.350000    0.434640   -0.084640 (VIOLATED)
ANTENNA_1676/DIODE                      0.350000    0.434638   -0.084638 (VIOLATED)
u_memory.g_read[0].g_bank[2].g_slice[0].u_sram/din[16]    0.350000    0.434399   -0.084399 (VIOLATED)
ANTENNA_1937/DIODE                      0.350000    0.434353   -0.084353 (VIOLATED)
ANTENNA_1935/DIODE                      0.350000    0.434352   -0.084352 (VIOLATED)
ANTENNA_1933/DIODE                      0.350000    0.434352   -0.084352 (VIOLATED)
ANTENNA_1938/DIODE                      0.350000    0.434340   -0.084340 (VIOLATED)
ANTENNA_1931/DIODE                      0.350000    0.434340   -0.084340 (VIOLATED)
ANTENNA_1936/DIODE                      0.350000    0.434340   -0.084340 (VIOLATED)
ANTENNA_1929/DIODE                      0.350000    0.434340   -0.084340 (VIOLATED)
ANTENNA_1934/DIODE                      0.350000    0.434340   -0.084340 (VIOLATED)
ANTENNA_1932/DIODE                      0.350000    0.434339   -0.084339 (VIOLATED)
ANTENNA_1930/DIODE                      0.350000    0.434324   -0.084324 (VIOLATED)
ANTENNA_1928/DIODE                      0.350000    0.434323   -0.084323 (VIOLATED)
wire214/X                               0.350000    0.434067   -0.084067 (VIOLATED)
u_memory._175_/D                        0.350000    0.434014   -0.084014 (VIOLATED)
max_cap467/X                            0.350000    0.434012   -0.084012 (VIOLATED)
ANTENNA_1862/DIODE                      0.350000    0.433786   -0.083786 (VIOLATED)
ANTENNA_1868/DIODE                      0.350000    0.433785   -0.083785 (VIOLATED)
ANTENNA_1872/DIODE                      0.350000    0.433785   -0.083785 (VIOLATED)
ANTENNA_1869/DIODE                      0.350000    0.433785   -0.083785 (VIOLATED)
ANTENNA_1870/DIODE                      0.350000    0.433785   -0.083785 (VIOLATED)
ANTENNA_1073/DIODE                      0.350000    0.433772   -0.083772 (VIOLATED)
ANTENNA_1071/DIODE                      0.350000    0.433770   -0.083770 (VIOLATED)
ANTENNA_1871/DIODE                      0.350000    0.433766   -0.083766 (VIOLATED)
ANTENNA_1867/DIODE                      0.350000    0.433765   -0.083765 (VIOLATED)
ANTENNA_1866/DIODE                      0.350000    0.433765   -0.083765 (VIOLATED)
ANTENNA_1865/DIODE                      0.350000    0.433764   -0.083764 (VIOLATED)
ANTENNA_1864/DIODE                      0.350000    0.433763   -0.083763 (VIOLATED)
ANTENNA_1070/DIODE                      0.350000    0.433763   -0.083763 (VIOLATED)
ANTENNA_1863/DIODE                      0.350000    0.433762   -0.083762 (VIOLATED)
u_memory._248_/A1                       0.350000    0.433758   -0.083758 (VIOLATED)
ANTENNA_1072/DIODE                      0.350000    0.433752   -0.083752 (VIOLATED)
hold118/A                               0.350000    0.433606   -0.083606 (VIOLATED)
ANTENNA_1217/DIODE                      0.350000    0.433524   -0.083524 (VIOLATED)
max_cap508/X                            0.350000    0.433503   -0.083503 (VIOLATED)
ANTENNA_2203/DIODE                      0.350000    0.433474   -0.083474 (VIOLATED)
ANTENNA_2213/DIODE                      0.350000    0.433473   -0.083473 (VIOLATED)
ANTENNA_2211/DIODE                      0.350000    0.433473   -0.083473 (VIOLATED)
ANTENNA_2209/DIODE                      0.350000    0.433473   -0.083473 (VIOLATED)
ANTENNA_2207/DIODE                      0.350000    0.433458   -0.083458 (VIOLATED)
ANTENNA_2205/DIODE                      0.350000    0.433457   -0.083457 (VIOLATED)
ANTENNA_2212/DIODE                      0.350000    0.433456   -0.083456 (VIOLATED)
ANTENNA_2210/DIODE                      0.350000    0.433428   -0.083428 (VIOLATED)
ANTENNA_2208/DIODE                      0.350000    0.433428   -0.083428 (VIOLATED)
ANTENNA_2206/DIODE                      0.350000    0.433427   -0.083427 (VIOLATED)
ANTENNA_2204/DIODE                      0.350000    0.433426   -0.083426 (VIOLATED)
hold149/X                               0.350000    0.433380   -0.083380 (VIOLATED)
ANTENNA_2125/DIODE                      0.350000    0.433190   -0.083190 (VIOLATED)
ANTENNA_2119/DIODE                      0.350000    0.433190   -0.083190 (VIOLATED)
ANTENNA_2123/DIODE                      0.350000    0.433190   -0.083190 (VIOLATED)
ANTENNA_2117/DIODE                      0.350000    0.433190   -0.083190 (VIOLATED)
ANTENNA_2121/DIODE                      0.350000    0.433190   -0.083190 (VIOLATED)
ANTENNA_2120/DIODE                      0.350000    0.433190   -0.083190 (VIOLATED)
ANTENNA_2115/DIODE                      0.350000    0.433187   -0.083187 (VIOLATED)
ANTENNA_2124/DIODE                      0.350000    0.433186   -0.083186 (VIOLATED)
ANTENNA_2122/DIODE                      0.350000    0.433186   -0.083186 (VIOLATED)
ANTENNA_2118/DIODE                      0.350000    0.433180   -0.083180 (VIOLATED)
ANTENNA_2116/DIODE                      0.350000    0.433180   -0.083180 (VIOLATED)
u_memory._321_/A0                       0.350000    0.433107   -0.083107 (VIOLATED)
wire332/X                               0.350000    0.433020   -0.083020 (VIOLATED)
max_cap498/X                            0.350000    0.432795   -0.082795 (VIOLATED)
max_cap551/X                            0.350000    0.432624   -0.082624 (VIOLATED)
max_cap537/X                            0.350000    0.432528   -0.082528 (VIOLATED)
ANTENNA_1715/DIODE                      0.350000    0.432060   -0.082060 (VIOLATED)
ANTENNA_1714/DIODE                      0.350000    0.432060   -0.082060 (VIOLATED)
ANTENNA_1713/DIODE                      0.350000    0.432060   -0.082060 (VIOLATED)
ANTENNA_1712/DIODE                      0.350000    0.432060   -0.082060 (VIOLATED)
ANTENNA_1716/DIODE                      0.350000    0.432059   -0.082059 (VIOLATED)
ANTENNA_1711/DIODE                      0.350000    0.432059   -0.082059 (VIOLATED)
ANTENNA_1708/DIODE                      0.350000    0.432056   -0.082056 (VIOLATED)
ANTENNA_1718/DIODE                      0.350000    0.432056   -0.082056 (VIOLATED)
ANTENNA_1717/DIODE                      0.350000    0.432055   -0.082055 (VIOLATED)
ANTENNA_1710/DIODE                      0.350000    0.432050   -0.082050 (VIOLATED)
ANTENNA_1709/DIODE                      0.350000    0.432049   -0.082049 (VIOLATED)
u_memory.g_read[0].g_bank[0].g_slice[0].u_sram/wmask[3]    0.350000    0.431979   -0.081979 (VIOLATED)
ANTENNA_1631/DIODE                      0.350000    0.431786   -0.081786 (VIOLATED)
ANTENNA_1640/DIODE                      0.350000    0.431786   -0.081786 (VIOLATED)
ANTENNA_1638/DIODE                      0.350000    0.431786   -0.081786 (VIOLATED)
ANTENNA_1637/DIODE                      0.350000    0.431785   -0.081785 (VIOLATED)
ANTENNA_1634/DIODE                      0.350000    0.431769   -0.081769 (VIOLATED)
ANTENNA_1633/DIODE                      0.350000    0.431769   -0.081769 (VIOLATED)
ANTENNA_1635/DIODE                      0.350000    0.431768   -0.081768 (VIOLATED)
ANTENNA_1636/DIODE                      0.350000    0.431767   -0.081767 (VIOLATED)
ANTENNA_1641/DIODE                      0.350000    0.431750   -0.081750 (VIOLATED)
ANTENNA_1639/DIODE                      0.350000    0.431750   -0.081750 (VIOLATED)
ANTENNA_1632/DIODE                      0.350000    0.431722   -0.081722 (VIOLATED)
u_memory._339_/A1                       0.350000    0.431592   -0.081592 (VIOLATED)
ANTENNA_784/DIODE                       0.350000    0.431591   -0.081591 (VIOLATED)
ANTENNA_782/DIODE                       0.350000    0.431589   -0.081589 (VIOLATED)
ANTENNA_783/DIODE                       0.350000    0.431579   -0.081579 (VIOLATED)
ANTENNA_785/DIODE                       0.350000    0.431577   -0.081577 (VIOLATED)
u_memory._184_/A1                       0.350000    0.431552   -0.081552 (VIOLATED)
max_cap473/X                            0.350000    0.431410   -0.081410 (VIOLATED)
fanout169/X                             0.350000    0.431397   -0.081397 (VIOLATED)
ANTENNA_2793/DIODE                      0.350000    0.431063   -0.081063 (VIOLATED)
output91/A                              0.350000    0.431062   -0.081062 (VIOLATED)
wire258/X                               0.350000    0.431035   -0.081034 (VIOLATED)
u_memory._285_/A1                       0.350000    0.431029   -0.081029 (VIOLATED)
ANTENNA_1144/DIODE                      0.350000    0.431018   -0.081018 (VIOLATED)
ANTENNA_1142/DIODE                      0.350000    0.431017   -0.081017 (VIOLATED)
ANTENNA_1143/DIODE                      0.350000    0.431006   -0.081006 (VIOLATED)
u_memory.g_read[0].g_bank[2].g_slice[0].u_sram/din[3]    0.350000    0.430987   -0.080987 (VIOLATED)
max_cap460/X                            0.350000    0.430827   -0.080827 (VIOLATED)
u_memory.g_read[1].g_bank[3].g_slice[0].u_sram/wmask[0]    0.350000    0.430771   -0.080771 (VIOLATED)
u_memory._359_/A2                       0.350000    0.430559   -0.080559 (VIOLATED)
ANTENNA_755/DIODE                       0.350000    0.430557   -0.080557 (VIOLATED)
ANTENNA_753/DIODE                       0.350000    0.430555   -0.080555 (VIOLATED)
ANTENNA_754/DIODE                       0.350000    0.430537   -0.080537 (VIOLATED)
ANTENNA_756/DIODE                       0.350000    0.430524   -0.080524 (VIOLATED)
wire351/X                               0.350000    0.430485   -0.080485 (VIOLATED)
_027_/Q                                 0.350000    0.430435   -0.080435 (VIOLATED)
ANTENNA_1508/DIODE                      0.350000    0.430400   -0.080400 (VIOLATED)
ANTENNA_1506/DIODE                      0.350000    0.430400   -0.080400 (VIOLATED)
ANTENNA_1505/DIODE                      0.350000    0.430400   -0.080399 (VIOLATED)
ANTENNA_1504/DIODE                      0.350000    0.430399   -0.080399 (VIOLATED)
ANTENNA_1498/DIODE                      0.350000    0.430399   -0.080399 (VIOLATED)
ANTENNA_1503/DIODE                      0.350000    0.430399   -0.080399 (VIOLATED)
ANTENNA_1507/DIODE                      0.350000    0.430398   -0.080398 (VIOLATED)
ANTENNA_1500/DIODE                      0.350000    0.430397   -0.080397 (VIOLATED)
ANTENNA_1499/DIODE                      0.350000    0.430397   -0.080397 (VIOLATED)
ANTENNA_1502/DIODE                      0.350000    0.430396   -0.080396 (VIOLATED)
ANTENNA_1501/DIODE                      0.350000    0.430396   -0.080396 (VIOLATED)
_093_/D                                 0.350000    0.430214   -0.080214 (VIOLATED)
u_memory.g_read[1].g_bank[2].g_slice[0].u_sram/wmask[0]    0.350000    0.430133   -0.080133 (VIOLATED)
ANTENNA_2514/DIODE                      0.350000    0.430054   -0.080054 (VIOLATED)
ANTENNA_1016/DIODE                      0.350000    0.430053   -0.080053 (VIOLATED)
ANTENNA_2513/DIODE                      0.350000    0.430053   -0.080053 (VIOLATED)
ANTENNA_2511/DIODE                      0.350000    0.430053   -0.080053 (VIOLATED)
ANTENNA_2504/DIODE                      0.350000    0.430053   -0.080053 (VIOLATED)
ANTENNA_2509/DIODE                      0.350000    0.430053   -0.080053 (VIOLATED)
ANTENNA_2512/DIODE                      0.350000    0.430052   -0.080052 (VIOLATED)
ANTENNA_2510/DIODE                      0.350000    0.430052   -0.080052 (VIOLATED)
ANTENNA_2508/DIODE                      0.350000    0.430052   -0.080052 (VIOLATED)
ANTENNA_2507/DIODE                      0.350000    0.430052   -0.080051 (VIOLATED)
ANTENNA_2506/DIODE                      0.350000    0.430051   -0.080051 (VIOLATED)
u_memory._226_/B2                       0.350000    0.430050   -0.080050 (VIOLATED)
ANTENNA_2505/DIODE                      0.350000    0.430044   -0.080044 (VIOLATED)
ANTENNA_1014/DIODE                      0.350000    0.430024   -0.080024 (VIOLATED)
ANTENNA_2159/DIODE                      0.350000    0.430018   -0.080018 (VIOLATED)
ANTENNA_2168/DIODE                      0.350000    0.430018   -0.080018 (VIOLATED)
ANTENNA_2166/DIODE                      0.350000    0.430018   -0.080017 (VIOLATED)
ANTENNA_1015/DIODE                      0.350000    0.430011   -0.080011 (VIOLATED)
ANTENNA_1017/DIODE                      0.350000    0.430008   -0.080008 (VIOLATED)
ANTENNA_2169/DIODE                      0.350000    0.430007   -0.080007 (VIOLATED)
ANTENNA_2167/DIODE                      0.350000    0.430006   -0.080006 (VIOLATED)
ANTENNA_2165/DIODE                      0.350000    0.430006   -0.080006 (VIOLATED)
ANTENNA_2164/DIODE                      0.350000    0.430005   -0.080005 (VIOLATED)
ANTENNA_2161/DIODE                      0.350000    0.430005   -0.080005 (VIOLATED)
ANTENNA_2160/DIODE                      0.350000    0.430005   -0.080005 (VIOLATED)
ANTENNA_2163/DIODE                      0.350000    0.429990   -0.079990 (VIOLATED)
ANTENNA_2162/DIODE                      0.350000    0.429989   -0.079989 (VIOLATED)
wire250/X                               0.350000    0.429826   -0.079826 (VIOLATED)
input31/X                               0.350000    0.429762   -0.079762 (VIOLATED)
ANTENNA_25/DIODE                        0.350000    0.429714   -0.079714 (VIOLATED)
_039_/D                                 0.350000    0.429713   -0.079713 (VIOLATED)
max_cap440/X                            0.350000    0.429686   -0.079686 (VIOLATED)
u_memory._345_/X                        0.350000    0.429663   -0.079663 (VIOLATED)
max_cap599/X                            0.350000    0.429438   -0.079438 (VIOLATED)
wire317/X                               0.350000    0.429425   -0.079425 (VIOLATED)
ANTENNA_2548/DIODE                      0.350000    0.429217   -0.079217 (VIOLATED)
ANTENNA_2556/DIODE                      0.350000    0.429217   -0.079217 (VIOLATED)
ANTENNA_2554/DIODE                      0.350000    0.429217   -0.079217 (VIOLATED)
ANTENNA_2558/DIODE                      0.350000    0.429217   -0.079217 (VIOLATED)
ANTENNA_2552/DIODE                      0.350000    0.429216   -0.079216 (VIOLATED)
ANTENNA_2553/DIODE                      0.350000    0.429217   -0.079216 (VIOLATED)
ANTENNA_2557/DIODE                      0.350000    0.429216   -0.079216 (VIOLATED)
ANTENNA_2550/DIODE                      0.350000    0.429216   -0.079216 (VIOLATED)
ANTENNA_2555/DIODE                      0.350000    0.429216   -0.079216 (VIOLATED)
max_cap544/X                            0.350000    0.429214   -0.079214 (VIOLATED)
ANTENNA_2551/DIODE                      0.350000    0.429208   -0.079208 (VIOLATED)
ANTENNA_2549/DIODE                      0.350000    0.429208   -0.079208 (VIOLATED)
ANTENNA_1594/DIODE                      0.350000    0.429044   -0.079044 (VIOLATED)
ANTENNA_1593/DIODE                      0.350000    0.429044   -0.079044 (VIOLATED)
ANTENNA_1592/DIODE                      0.350000    0.429044   -0.079044 (VIOLATED)
ANTENNA_1595/DIODE                      0.350000    0.429044   -0.079043 (VIOLATED)
ANTENNA_1591/DIODE                      0.350000    0.429043   -0.079043 (VIOLATED)
ANTENNA_1590/DIODE                      0.350000    0.429043   -0.079043 (VIOLATED)
ANTENNA_1587/DIODE                      0.350000    0.429040   -0.079040 (VIOLATED)
ANTENNA_1597/DIODE                      0.350000    0.429040   -0.079039 (VIOLATED)
ANTENNA_1596/DIODE                      0.350000    0.429039   -0.079039 (VIOLATED)
ANTENNA_1589/DIODE                      0.350000    0.429036   -0.079036 (VIOLATED)
ANTENNA_1588/DIODE                      0.350000    0.429036   -0.079036 (VIOLATED)
ANTENNA_1497/DIODE                      0.350000    0.428785   -0.078785 (VIOLATED)
ANTENNA_1495/DIODE                      0.350000    0.428785   -0.078785 (VIOLATED)
ANTENNA_1490/DIODE                      0.350000    0.428784   -0.078784 (VIOLATED)
ANTENNA_1493/DIODE                      0.350000    0.428784   -0.078784 (VIOLATED)
ANTENNA_1489/DIODE                      0.350000    0.428784   -0.078784 (VIOLATED)
ANTENNA_1492/DIODE                      0.350000    0.428784   -0.078784 (VIOLATED)
ANTENNA_1488/DIODE                      0.350000    0.428784   -0.078784 (VIOLATED)
ANTENNA_1487/DIODE                      0.350000    0.428779   -0.078779 (VIOLATED)
ANTENNA_1496/DIODE                      0.350000    0.428779   -0.078779 (VIOLATED)
ANTENNA_1494/DIODE                      0.350000    0.428778   -0.078778 (VIOLATED)
ANTENNA_1491/DIODE                      0.350000    0.428774   -0.078774 (VIOLATED)
ANTENNA_1719/DIODE                      0.350000    0.428670   -0.078670 (VIOLATED)
ANTENNA_1728/DIODE                      0.350000    0.428670   -0.078670 (VIOLATED)
ANTENNA_1726/DIODE                      0.350000    0.428670   -0.078670 (VIOLATED)
ANTENNA_1729/DIODE                      0.350000    0.428670   -0.078670 (VIOLATED)
ANTENNA_1724/DIODE                      0.350000    0.428670   -0.078670 (VIOLATED)
ANTENNA_1727/DIODE                      0.350000    0.428670   -0.078670 (VIOLATED)
ANTENNA_1722/DIODE                      0.350000    0.428669   -0.078669 (VIOLATED)
ANTENNA_1725/DIODE                      0.350000    0.428669   -0.078669 (VIOLATED)
ANTENNA_1721/DIODE                      0.350000    0.428669   -0.078669 (VIOLATED)
ANTENNA_1723/DIODE                      0.350000    0.428669   -0.078669 (VIOLATED)
ANTENNA_1720/DIODE                      0.350000    0.428668   -0.078668 (VIOLATED)
output133/A                             0.350000    0.428620   -0.078620 (VIOLATED)
ANTENNA_2795/DIODE                      0.350000    0.428619   -0.078619 (VIOLATED)
_007_/Q                                 0.350000    0.428570   -0.078570 (VIOLATED)
max_cap606/X                            0.350000    0.428434   -0.078434 (VIOLATED)
ANTENNA_1325/DIODE                      0.350000    0.428368   -0.078368 (VIOLATED)
ANTENNA_1323/DIODE                      0.350000    0.428368   -0.078368 (VIOLATED)
ANTENNA_1321/DIODE                      0.350000    0.428368   -0.078368 (VIOLATED)
ANTENNA_1320/DIODE                      0.350000    0.428368   -0.078368 (VIOLATED)
ANTENNA_1327/DIODE                      0.350000    0.428367   -0.078367 (VIOLATED)
ANTENNA_1326/DIODE                      0.350000    0.428367   -0.078367 (VIOLATED)
ANTENNA_1319/DIODE                      0.350000    0.428367   -0.078367 (VIOLATED)
ANTENNA_1318/DIODE                      0.350000    0.428360   -0.078360 (VIOLATED)
ANTENNA_1328/DIODE                      0.350000    0.428360   -0.078360 (VIOLATED)
ANTENNA_1324/DIODE                      0.350000    0.428358   -0.078358 (VIOLATED)
ANTENNA_1322/DIODE                      0.350000    0.428357   -0.078357 (VIOLATED)
max_cap454/X                            0.350000    0.428275   -0.078275 (VIOLATED)
ANTENNA_665/DIODE                       0.350000    0.428273   -0.078273 (VIOLATED)
u_memory._328_/C                        0.350000    0.428261   -0.078261 (VIOLATED)
ANTENNA_662/DIODE                       0.350000    0.428231   -0.078231 (VIOLATED)
ANTENNA_663/DIODE                       0.350000    0.428218   -0.078218 (VIOLATED)
ANTENNA_664/DIODE                       0.350000    0.428214   -0.078213 (VIOLATED)
hold222/A                               0.350000    0.428191   -0.078191 (VIOLATED)
u_memory.g_read[0].g_bank[2].g_slice[0].u_sram/din[8]    0.350000    0.428152   -0.078152 (VIOLATED)
u_memory.g_read[0].g_bank[1].g_slice[0].u_sram/wmask[3]    0.350000    0.428065   -0.078065 (VIOLATED)
_097_/Q                                 0.350000    0.428054   -0.078054 (VIOLATED)
max_cap438/X                            0.350000    0.427971   -0.077971 (VIOLATED)
ANTENNA_921/DIODE                       0.350000    0.427850   -0.077850 (VIOLATED)
u_memory._213_/C                        0.350000    0.427848   -0.077848 (VIOLATED)
ANTENNA_919/DIODE                       0.350000    0.427846   -0.077846 (VIOLATED)
ANTENNA_920/DIODE                       0.350000    0.427842   -0.077842 (VIOLATED)
ANTENNA_922/DIODE                       0.350000    0.427839   -0.077839 (VIOLATED)
ANTENNA_1905/DIODE                      0.350000    0.427765   -0.077765 (VIOLATED)
ANTENNA_1903/DIODE                      0.350000    0.427764   -0.077764 (VIOLATED)
ANTENNA_1897/DIODE                      0.350000    0.427764   -0.077764 (VIOLATED)
ANTENNA_1901/DIODE                      0.350000    0.427764   -0.077764 (VIOLATED)
ANTENNA_1896/DIODE                      0.350000    0.427764   -0.077764 (VIOLATED)
ANTENNA_1900/DIODE                      0.350000    0.427764   -0.077764 (VIOLATED)
ANTENNA_1895/DIODE                      0.350000    0.427761   -0.077761 (VIOLATED)
ANTENNA_1904/DIODE                      0.350000    0.427761   -0.077761 (VIOLATED)
ANTENNA_1902/DIODE                      0.350000    0.427760   -0.077760 (VIOLATED)
ANTENNA_1899/DIODE                      0.350000    0.427754   -0.077754 (VIOLATED)
ANTENNA_1898/DIODE                      0.350000    0.427753   -0.077753 (VIOLATED)
max_cap474/X                            0.350000    0.427753   -0.077753 (VIOLATED)
max_cap411/X                            0.350000    0.427704   -0.077704 (VIOLATED)
_100_/D                                 0.350000    0.427702   -0.077702 (VIOLATED)
wire645/X                               0.350000    0.427680   -0.077680 (VIOLATED)
wire223/X                               0.350000    0.427647   -0.077647 (VIOLATED)
ANTENNA_2738/DIODE                      0.350000    0.427572   -0.077572 (VIOLATED)
ANTENNA_2740/DIODE                      0.350000    0.427572   -0.077572 (VIOLATED)
ANTENNA_2737/DIODE                      0.350000    0.427572   -0.077572 (VIOLATED)
ANTENNA_2739/DIODE                      0.350000    0.427571   -0.077571 (VIOLATED)
wire293/X                               0.350000    0.427255   -0.077255 (VIOLATED)
u_memory._261_/B1                       0.350000    0.427080   -0.077080 (VIOLATED)
ANTENNA_90/DIODE                        0.350000    0.427077   -0.077077 (VIOLATED)
ANTENNA_89/DIODE                        0.350000    0.427072   -0.077072 (VIOLATED)
ANTENNA_91/DIODE                        0.350000    0.427070   -0.077070 (VIOLATED)
hold187/X                               0.350000    0.427008   -0.077008 (VIOLATED)
max_cap502/X                            0.350000    0.426972   -0.076972 (VIOLATED)
ANTENNA_2326/DIODE                      0.350000    0.426781   -0.076781 (VIOLATED)
ANTENNA_2335/DIODE                      0.350000    0.426778   -0.076778 (VIOLATED)
ANTENNA_2334/DIODE                      0.350000    0.426778   -0.076778 (VIOLATED)
ANTENNA_2332/DIODE                      0.350000    0.426778   -0.076778 (VIOLATED)
ANTENNA_2331/DIODE                      0.350000    0.426777   -0.076777 (VIOLATED)
ANTENNA_2336/DIODE                      0.350000    0.426777   -0.076777 (VIOLATED)
ANTENNA_2330/DIODE                      0.350000    0.426777   -0.076777 (VIOLATED)
ANTENNA_2333/DIODE                      0.350000    0.426771   -0.076771 (VIOLATED)
ANTENNA_2329/DIODE                      0.350000    0.426770   -0.076770 (VIOLATED)
ANTENNA_2328/DIODE                      0.350000    0.426770   -0.076770 (VIOLATED)
ANTENNA_2327/DIODE                      0.350000    0.426770   -0.076770 (VIOLATED)
wire385/X                               0.350000    0.426645   -0.076645 (VIOLATED)
u_memory._259_/X                        0.350000    0.426279   -0.076279 (VIOLATED)
max_cap571/X                            0.350000    0.426147   -0.076147 (VIOLATED)
wire425/A                               0.350000    0.426057   -0.076057 (VIOLATED)
ANTENNA_1817/DIODE                      0.350000    0.425961   -0.075961 (VIOLATED)
ANTENNA_1815/DIODE                      0.350000    0.425961   -0.075961 (VIOLATED)
ANTENNA_1813/DIODE                      0.350000    0.425961   -0.075961 (VIOLATED)
ANTENNA_1811/DIODE                      0.350000    0.425961   -0.075961 (VIOLATED)
ANTENNA_1809/DIODE                      0.350000    0.425960   -0.075960 (VIOLATED)
ANTENNA_1810/DIODE                      0.350000    0.425960   -0.075960 (VIOLATED)
ANTENNA_1808/DIODE                      0.350000    0.425960   -0.075960 (VIOLATED)
ANTENNA_1807/DIODE                      0.350000    0.425957   -0.075957 (VIOLATED)
ANTENNA_1816/DIODE                      0.350000    0.425957   -0.075957 (VIOLATED)
ANTENNA_1814/DIODE                      0.350000    0.425957   -0.075957 (VIOLATED)
ANTENNA_1812/DIODE                      0.350000    0.425956   -0.075956 (VIOLATED)
max_cap417/A                            0.350000    0.425862   -0.075862 (VIOLATED)
u_memory._390_/A1                       0.350000    0.425470   -0.075470 (VIOLATED)
ANTENNA_827/DIODE                       0.350000    0.425470   -0.075470 (VIOLATED)
ANTENNA_829/DIODE                       0.350000    0.425469   -0.075469 (VIOLATED)
ANTENNA_826/DIODE                       0.350000    0.425459   -0.075459 (VIOLATED)
ANTENNA_828/DIODE                       0.350000    0.425444   -0.075444 (VIOLATED)
wire418/X                               0.350000    0.425317   -0.075317 (VIOLATED)
ANTENNA_1361/DIODE                      0.350000    0.425192   -0.075192 (VIOLATED)
ANTENNA_1353/DIODE                      0.350000    0.425191   -0.075191 (VIOLATED)
ANTENNA_1357/DIODE                      0.350000    0.425184   -0.075184 (VIOLATED)
ANTENNA_1362/DIODE                      0.350000    0.425184   -0.075184 (VIOLATED)
ANTENNA_1356/DIODE                      0.350000    0.425184   -0.075184 (VIOLATED)
ANTENNA_1359/DIODE                      0.350000    0.425184   -0.075184 (VIOLATED)
ANTENNA_1355/DIODE                      0.350000    0.425184   -0.075184 (VIOLATED)
ANTENNA_1358/DIODE                      0.350000    0.425184   -0.075184 (VIOLATED)
ANTENNA_1354/DIODE                      0.350000    0.425183   -0.075183 (VIOLATED)
max_cap488/X                            0.350000    0.425176   -0.075176 (VIOLATED)
ANTENNA_1363/DIODE                      0.350000    0.425171   -0.075171 (VIOLATED)
ANTENNA_1360/DIODE                      0.350000    0.425171   -0.075171 (VIOLATED)
max_cap426/A                            0.350000    0.425153   -0.075153 (VIOLATED)
u_memory.g_read[0].g_bank[2].g_slice[0].u_sram/din[0]    0.350000    0.425087   -0.075087 (VIOLATED)
output84/A                              0.350000    0.425010   -0.075010 (VIOLATED)
ANTENNA_2792/DIODE                      0.350000    0.425009   -0.075009 (VIOLATED)
u_memory._218_/A1                       0.350000    0.424965   -0.074965 (VIOLATED)
_002_/Q                                 0.350000    0.424953   -0.074953 (VIOLATED)
ANTENNA_1117/DIODE                      0.350000    0.424949   -0.074949 (VIOLATED)
ANTENNA_1115/DIODE                      0.350000    0.424948   -0.074948 (VIOLATED)
ANTENNA_1116/DIODE                      0.350000    0.424939   -0.074939 (VIOLATED)
ANTENNA_1118/DIODE                      0.350000    0.424936   -0.074936 (VIOLATED)
wire271/X                               0.350000    0.424877   -0.074877 (VIOLATED)
_087_/D                                 0.350000    0.424867   -0.074867 (VIOLATED)
ANTENNA_2770/DIODE                      0.350000    0.424866   -0.074866 (VIOLATED)
ANTENNA_1840/DIODE                      0.350000    0.424863   -0.074863 (VIOLATED)
ANTENNA_1850/DIODE                      0.350000    0.424863   -0.074863 (VIOLATED)
ANTENNA_1848/DIODE                      0.350000    0.424862   -0.074862 (VIOLATED)
ANTENNA_1846/DIODE                      0.350000    0.424862   -0.074862 (VIOLATED)
ANTENNA_1842/DIODE                      0.350000    0.424846   -0.074846 (VIOLATED)
ANTENNA_1844/DIODE                      0.350000    0.424846   -0.074846 (VIOLATED)
ANTENNA_1845/DIODE                      0.350000    0.424845   -0.074845 (VIOLATED)
ANTENNA_1849/DIODE                      0.350000    0.424845   -0.074845 (VIOLATED)
ANTENNA_1847/DIODE                      0.350000    0.424844   -0.074844 (VIOLATED)
ANTENNA_1843/DIODE                      0.350000    0.424810   -0.074810 (VIOLATED)
ANTENNA_1841/DIODE                      0.350000    0.424809   -0.074809 (VIOLATED)
input13/X                               0.350000    0.424778   -0.074778 (VIOLATED)
ANTENNA_1281/DIODE                      0.350000    0.424768   -0.074768 (VIOLATED)
ANTENNA_1280/DIODE                      0.350000    0.424768   -0.074768 (VIOLATED)
ANTENNA_1279/DIODE                      0.350000    0.424768   -0.074768 (VIOLATED)
ANTENNA_1277/DIODE                      0.350000    0.424767   -0.074767 (VIOLATED)
ANTENNA_1278/DIODE                      0.350000    0.424766   -0.074766 (VIOLATED)
ANTENNA_1276/DIODE                      0.350000    0.424766   -0.074766 (VIOLATED)
ANTENNA_1284/DIODE                      0.350000    0.424765   -0.074765 (VIOLATED)
ANTENNA_1282/DIODE                      0.350000    0.424765   -0.074765 (VIOLATED)
ANTENNA_1283/DIODE                      0.350000    0.424765   -0.074765 (VIOLATED)
ANTENNA_1275/DIODE                      0.350000    0.424764   -0.074764 (VIOLATED)
ANTENNA_1274/DIODE                      0.350000    0.424759   -0.074759 (VIOLATED)
u_memory._357_/B1                       0.350000    0.424750   -0.074750 (VIOLATED)
ANTENNA_164/DIODE                       0.350000    0.424748   -0.074748 (VIOLATED)
ANTENNA_165/DIODE                       0.350000    0.424735   -0.074735 (VIOLATED)
ANTENNA_166/DIODE                       0.350000    0.424726   -0.074726 (VIOLATED)
ANTENNA_1441/DIODE                      0.350000    0.424614   -0.074614 (VIOLATED)
max_cap417/X                            0.350000    0.424394   -0.074394 (VIOLATED)
wire343/X                               0.350000    0.424386   -0.074386 (VIOLATED)
ANTENNA_206/DIODE                       0.350000    0.424365   -0.074365 (VIOLATED)
ANTENNA_212/DIODE                       0.350000    0.424365   -0.074365 (VIOLATED)
ANTENNA_211/DIODE                       0.350000    0.424365   -0.074365 (VIOLATED)
ANTENNA_210/DIODE                       0.350000    0.424365   -0.074364 (VIOLATED)
ANTENNA_209/DIODE                       0.350000    0.424364   -0.074364 (VIOLATED)
ANTENNA_208/DIODE                       0.350000    0.424364   -0.074364 (VIOLATED)
ANTENNA_213/DIODE                       0.350000    0.424363   -0.074363 (VIOLATED)
ANTENNA_207/DIODE                       0.350000    0.424362   -0.074362 (VIOLATED)
ANTENNA_216/DIODE                       0.350000    0.424362   -0.074362 (VIOLATED)
ANTENNA_215/DIODE                       0.350000    0.424361   -0.074361 (VIOLATED)
ANTENNA_214/DIODE                       0.350000    0.424361   -0.074361 (VIOLATED)
u_memory._355_/X                        0.350000    0.424223   -0.074223 (VIOLATED)
max_cap404/X                            0.350000    0.424137   -0.074137 (VIOLATED)
max_cap494/X                            0.350000    0.424000   -0.074000 (VIOLATED)
u_memory._197_/X                        0.350000    0.423867   -0.073867 (VIOLATED)
u_memory._230_/B1                       0.350000    0.423730   -0.073730 (VIOLATED)
ANTENNA_56/DIODE                        0.350000    0.423728   -0.073728 (VIOLATED)
ANTENNA_58/DIODE                        0.350000    0.423724   -0.073724 (VIOLATED)
ANTENNA_57/DIODE                        0.350000    0.423720   -0.073720 (VIOLATED)
u_memory._228_/X                        0.350000    0.423244   -0.073244 (VIOLATED)
u_memory._224_/B1                       0.350000    0.423074   -0.073074 (VIOLATED)
ANTENNA_52/DIODE                        0.350000    0.423069   -0.073069 (VIOLATED)
ANTENNA_50/DIODE                        0.350000    0.423064   -0.073064 (VIOLATED)
ANTENNA_51/DIODE                        0.350000    0.423058   -0.073058 (VIOLATED)
u_memory.g_read[1].g_bank[1].g_slice[0].u_sram/din[26]    0.350000    0.422962   -0.072962 (VIOLATED)
u_memory._408_/B1                       0.350000    0.422840   -0.072840 (VIOLATED)
ANTENNA_1026/DIODE                      0.350000    0.422815   -0.072815 (VIOLATED)
u_memory._220_/A2                       0.350000    0.422814   -0.072814 (VIOLATED)
u_memory._279_/B1                       0.350000    0.422805   -0.072805 (VIOLATED)
ANTENNA_1023/DIODE                      0.350000    0.422805   -0.072805 (VIOLATED)
ANTENNA_1024/DIODE                      0.350000    0.422803   -0.072802 (VIOLATED)
ANTENNA_1025/DIODE                      0.350000    0.422800   -0.072800 (VIOLATED)
ANTENNA_104/DIODE                       0.350000    0.422795   -0.072795 (VIOLATED)
ANTENNA_102/DIODE                       0.350000    0.422793   -0.072793 (VIOLATED)
ANTENNA_103/DIODE                       0.350000    0.422791   -0.072791 (VIOLATED)
ANTENNA_236/DIODE                       0.350000    0.422700   -0.072700 (VIOLATED)
_115_/D                                 0.350000    0.422700   -0.072700 (VIOLATED)
input43/X                               0.350000    0.422670   -0.072670 (VIOLATED)
max_cap589/A                            0.350000    0.422349   -0.072349 (VIOLATED)
max_cap588/A                            0.350000    0.422349   -0.072349 (VIOLATED)
u_memory._222_/X                        0.350000    0.422294   -0.072294 (VIOLATED)
wire319/X                               0.350000    0.422226   -0.072226 (VIOLATED)
u_memory._277_/X                        0.350000    0.422105   -0.072105 (VIOLATED)
u_memory._333_/B1                       0.350000    0.421954   -0.071954 (VIOLATED)
ANTENNA_140/DIODE                       0.350000    0.421950   -0.071950 (VIOLATED)
ANTENNA_138/DIODE                       0.350000    0.421948   -0.071948 (VIOLATED)
ANTENNA_139/DIODE                       0.350000    0.421946   -0.071946 (VIOLATED)
wire590/X                               0.350000    0.421744   -0.071744 (VIOLATED)
u_memory._271_/C                        0.350000    0.421712   -0.071712 (VIOLATED)
ANTENNA_956/DIODE                       0.350000    0.421707   -0.071707 (VIOLATED)
ANTENNA_954/DIODE                       0.350000    0.421705   -0.071705 (VIOLATED)
ANTENNA_955/DIODE                       0.350000    0.421703   -0.071703 (VIOLATED)
ANTENNA_957/DIODE                       0.350000    0.421701   -0.071701 (VIOLATED)
u_memory._331_/X                        0.350000    0.421480   -0.071480 (VIOLATED)
wire302/X                               0.350000    0.421163   -0.071163 (VIOLATED)
ANTENNA_237/DIODE                       0.350000    0.421129   -0.071129 (VIOLATED)
_117_/D                                 0.350000    0.421129   -0.071129 (VIOLATED)
input45/X                               0.350000    0.421101   -0.071101 (VIOLATED)
ANTENNA_99/DIODE                        0.350000    0.420780   -0.070780 (VIOLATED)
ANTENNA_101/DIODE                       0.350000    0.420780   -0.070780 (VIOLATED)
u_memory._273_/B1                       0.350000    0.420780   -0.070780 (VIOLATED)
ANTENNA_98/DIODE                        0.350000    0.420778   -0.070778 (VIOLATED)
ANTENNA_100/DIODE                       0.350000    0.420766   -0.070766 (VIOLATED)
u_memory._224_/A1                       0.350000    0.420532   -0.070532 (VIOLATED)
ANTENNA_1109/DIODE                      0.350000    0.420517   -0.070517 (VIOLATED)
ANTENNA_1107/DIODE                      0.350000    0.420516   -0.070516 (VIOLATED)
ANTENNA_1108/DIODE                      0.350000    0.420505   -0.070505 (VIOLATED)
ANTENNA_1110/DIODE                      0.350000    0.420502   -0.070502 (VIOLATED)
u_memory._271_/X                        0.350000    0.420357   -0.070357 (VIOLATED)
wire341/X                               0.350000    0.419999   -0.069999 (VIOLATED)
u_memory.g_read[1].g_bank[2].g_slice[0].u_sram/din[15]    0.350000    0.419882   -0.069882 (VIOLATED)
output97/A                              0.350000    0.419515   -0.069515 (VIOLATED)
u_memory._300_/B1                       0.350000    0.419422   -0.069422 (VIOLATED)
u_memory._324_/C                        0.350000    0.419299   -0.069299 (VIOLATED)
ANTENNA_700/DIODE                       0.350000    0.419295   -0.069295 (VIOLATED)
ANTENNA_698/DIODE                       0.350000    0.419295   -0.069295 (VIOLATED)
ANTENNA_697/DIODE                       0.350000    0.419294   -0.069294 (VIOLATED)
ANTENNA_699/DIODE                       0.350000    0.419288   -0.069288 (VIOLATED)
u_memory.g_read[1].g_bank[2].g_slice[0].u_sram/din[23]    0.350000    0.419053   -0.069053 (VIOLATED)
u_memory.g_read[1].g_bank[2].g_slice[0].u_sram/din[9]    0.350000    0.418945   -0.068945 (VIOLATED)
_032_/Q                                 0.350000    0.418912   -0.068912 (VIOLATED)
u_memory._299_/X                        0.350000    0.418767   -0.068767 (VIOLATED)
wire233/X                               0.350000    0.418758   -0.068758 (VIOLATED)
_111_/D                                 0.350000    0.418627   -0.068627 (VIOLATED)
ANTENNA_233/DIODE                       0.350000    0.418626   -0.068626 (VIOLATED)
input39/X                               0.350000    0.418599   -0.068599 (VIOLATED)
u_memory._406_/X                        0.350000    0.418477   -0.068477 (VIOLATED)
u_memory.g_read[0].g_bank[2].g_slice[0].u_sram/din[13]    0.350000    0.418012   -0.068012 (VIOLATED)
u_memory._300_/A1                       0.350000    0.416863   -0.066863 (VIOLATED)
u_memory._184_/B1                       0.350000    0.416378   -0.066378 (VIOLATED)
wire345/X                               0.350000    0.416302   -0.066302 (VIOLATED)
u_memory._229_/A2                       0.350000    0.415946   -0.065946 (VIOLATED)
ANTENNA_1012/DIODE                      0.350000    0.415943   -0.065943 (VIOLATED)
ANTENNA_1010/DIODE                      0.350000    0.415941   -0.065941 (VIOLATED)
ANTENNA_1011/DIODE                      0.350000    0.415937   -0.065937 (VIOLATED)
ANTENNA_1013/DIODE                      0.350000    0.415935   -0.065935 (VIOLATED)
ANTENNA_1094/DIODE                      0.350000    0.415858   -0.065858 (VIOLATED)
ANTENNA_1092/DIODE                      0.350000    0.415857   -0.065857 (VIOLATED)
u_memory._237_/A1                       0.350000    0.415855   -0.065855 (VIOLATED)
ANTENNA_1091/DIODE                      0.350000    0.415848   -0.065848 (VIOLATED)
ANTENNA_1093/DIODE                      0.350000    0.415801   -0.065801 (VIOLATED)
max_cap164/X                            0.350000    0.415677   -0.065676 (VIOLATED)
u_memory._204_/A_N                      0.350000    0.415631   -0.065631 (VIOLATED)
u_memory._172_/A                        0.350000    0.415530   -0.065530 (VIOLATED)
u_memory._283_/C                        0.350000    0.415440   -0.065440 (VIOLATED)
ANTENNA_941/DIODE                       0.350000    0.415435   -0.065435 (VIOLATED)
ANTENNA_939/DIODE                       0.350000    0.415435   -0.065435 (VIOLATED)
ANTENNA_940/DIODE                       0.350000    0.415431   -0.065431 (VIOLATED)
ANTENNA_942/DIODE                       0.350000    0.415429   -0.065429 (VIOLATED)
u_memory._203_/B                        0.350000    0.415330   -0.065330 (VIOLATED)
max_cap614/A                            0.350000    0.415319   -0.065319 (VIOLATED)
wire316/X                               0.350000    0.415230   -0.065230 (VIOLATED)
wire337/X                               0.350000    0.415204   -0.065204 (VIOLATED)
u_memory._207_/A                        0.350000    0.414995   -0.064995 (VIOLATED)
u_memory._206_/A                        0.350000    0.414782   -0.064782 (VIOLATED)
wire298/X                               0.350000    0.414761   -0.064761 (VIOLATED)
ANTENNA_2093/DIODE                      0.350000    0.414517   -0.064517 (VIOLATED)
max_cap615/X                            0.350000    0.414477   -0.064477 (VIOLATED)
ANTENNA_2103/DIODE                      0.350000    0.414473   -0.064473 (VIOLATED)
ANTENNA_2098/DIODE                      0.350000    0.414471   -0.064471 (VIOLATED)
ANTENNA_2097/DIODE                      0.350000    0.414469   -0.064469 (VIOLATED)
ANTENNA_2096/DIODE                      0.350000    0.414466   -0.064466 (VIOLATED)
ANTENNA_2095/DIODE                      0.350000    0.414465   -0.064465 (VIOLATED)
ANTENNA_2099/DIODE                      0.350000    0.414462   -0.064462 (VIOLATED)
ANTENNA_2094/DIODE                      0.350000    0.414462   -0.064462 (VIOLATED)
ANTENNA_2100/DIODE                      0.350000    0.414368   -0.064368 (VIOLATED)
ANTENNA_2101/DIODE                      0.350000    0.414365   -0.064365 (VIOLATED)
ANTENNA_2102/DIODE                      0.350000    0.414362   -0.064362 (VIOLATED)
ANTENNA_2286/DIODE                      0.350000    0.414220   -0.064220 (VIOLATED)
ANTENNA_2285/DIODE                      0.350000    0.414220   -0.064220 (VIOLATED)
ANTENNA_2289/DIODE                      0.350000    0.414220   -0.064220 (VIOLATED)
ANTENNA_2284/DIODE                      0.350000    0.414220   -0.064220 (VIOLATED)
ANTENNA_2283/DIODE                      0.350000    0.414219   -0.064219 (VIOLATED)
ANTENNA_2282/DIODE                      0.350000    0.414219   -0.064219 (VIOLATED)
ANTENNA_2292/DIODE                      0.350000    0.414219   -0.064219 (VIOLATED)
ANTENNA_2290/DIODE                      0.350000    0.414219   -0.064219 (VIOLATED)
ANTENNA_2291/DIODE                      0.350000    0.414219   -0.064219 (VIOLATED)
ANTENNA_2288/DIODE                      0.350000    0.414213   -0.064213 (VIOLATED)
ANTENNA_2287/DIODE                      0.350000    0.414213   -0.064213 (VIOLATED)
max_cap438/A                            0.350000    0.414113   -0.064113 (VIOLATED)
ANTENNA_877/DIODE                       0.350000    0.414072   -0.064072 (VIOLATED)
u_memory._327_/A1                       0.350000    0.414072   -0.064072 (VIOLATED)
u_memory._235_/A                        0.350000    0.414069   -0.064069 (VIOLATED)
hold193/A                               0.350000    0.414065   -0.064065 (VIOLATED)
ANTENNA_876/DIODE                       0.350000    0.414062   -0.064062 (VIOLATED)
ANTENNA_878/DIODE                       0.350000    0.414060   -0.064060 (VIOLATED)
hold197/X                               0.350000    0.414032   -0.064032 (VIOLATED)
u_memory.g_read[0].g_bank[2].g_slice[0].u_sram/din[7]    0.350000    0.413906   -0.063906 (VIOLATED)
u_memory._262_/A                        0.350000    0.413761   -0.063761 (VIOLATED)
max_cap534/X                            0.350000    0.413645   -0.063645 (VIOLATED)
u_memory._340_/C                        0.350000    0.413622   -0.063622 (VIOLATED)
ANTENNA_629/DIODE                       0.350000    0.413617   -0.063617 (VIOLATED)
ANTENNA_627/DIODE                       0.350000    0.413616   -0.063616 (VIOLATED)
ANTENNA_628/DIODE                       0.350000    0.413613   -0.063613 (VIOLATED)
ANTENNA_630/DIODE                       0.350000    0.413600   -0.063600 (VIOLATED)
wire284/X                               0.350000    0.413535   -0.063535 (VIOLATED)
max_cap564/X                            0.350000    0.413486   -0.063486 (VIOLATED)
max_cap424/A                            0.350000    0.413377   -0.063377 (VIOLATED)
u_memory._350_/A2                       0.350000    0.413374   -0.063374 (VIOLATED)
ANTENNA_704/DIODE                       0.350000    0.413357   -0.063357 (VIOLATED)
ANTENNA_706/DIODE                       0.350000    0.413350   -0.063350 (VIOLATED)
ANTENNA_705/DIODE                       0.350000    0.413350   -0.063350 (VIOLATED)
ANTENNA_707/DIODE                       0.350000    0.413349   -0.063349 (VIOLATED)
ANTENNA_2668/DIODE                      0.350000    0.413337   -0.063337 (VIOLATED)
ANTENNA_2667/DIODE                      0.350000    0.413337   -0.063337 (VIOLATED)
ANTENNA_2664/DIODE                      0.350000    0.413336   -0.063336 (VIOLATED)
ANTENNA_2661/DIODE                      0.350000    0.413336   -0.063336 (VIOLATED)
ANTENNA_2658/DIODE                      0.350000    0.413335   -0.063335 (VIOLATED)
ANTENNA_2666/DIODE                      0.350000    0.413318   -0.063318 (VIOLATED)
ANTENNA_2663/DIODE                      0.350000    0.413318   -0.063318 (VIOLATED)
ANTENNA_2660/DIODE                      0.350000    0.413317   -0.063317 (VIOLATED)
ANTENNA_2659/DIODE                      0.350000    0.413316   -0.063316 (VIOLATED)
ANTENNA_2665/DIODE                      0.350000    0.413297   -0.063297 (VIOLATED)
ANTENNA_2662/DIODE                      0.350000    0.413297   -0.063297 (VIOLATED)
u_memory._390_/B1                       0.350000    0.413287   -0.063287 (VIOLATED)
ANTENNA_200/DIODE                       0.350000    0.413284   -0.063284 (VIOLATED)
ANTENNA_198/DIODE                       0.350000    0.413283   -0.063283 (VIOLATED)
ANTENNA_199/DIODE                       0.350000    0.413281   -0.063281 (VIOLATED)
ANTENNA_201/DIODE                       0.350000    0.413280   -0.063280 (VIOLATED)
wire212/X                               0.350000    0.413034   -0.063034 (VIOLATED)
output74/A                              0.350000    0.412930   -0.062930 (VIOLATED)
u_memory._388_/X                        0.350000    0.412910   -0.062909 (VIOLATED)
ANTENNA_21/DIODE                        0.350000    0.412881   -0.062881 (VIOLATED)
_011_/Q                                 0.350000    0.412880   -0.062880 (VIOLATED)
_029_/D                                 0.350000    0.412878   -0.062878 (VIOLATED)
u_memory.g_read[1].g_bank[2].g_slice[0].u_sram/din[13]    0.350000    0.412770   -0.062770 (VIOLATED)
max_cap621/A                            0.350000    0.412712   -0.062712 (VIOLATED)
wire235/X                               0.350000    0.412684   -0.062684 (VIOLATED)
fanout377/A                             0.350000    0.412659   -0.062659 (VIOLATED)
ANTENNA_1203/DIODE                      0.350000    0.412650   -0.062650 (VIOLATED)
max_cap623/X                            0.350000    0.412635   -0.062635 (VIOLATED)
ANTENNA_179/DIODE                       0.350000    0.412423   -0.062423 (VIOLATED)
u_memory._369_/B1                       0.350000    0.412420   -0.062420 (VIOLATED)
ANTENNA_177/DIODE                       0.350000    0.412419   -0.062419 (VIOLATED)
u_memory._261_/A2                       0.350000    0.412419   -0.062419 (VIOLATED)
u_memory._258_/A2                       0.350000    0.412418   -0.062418 (VIOLATED)
u_memory._267_/A2                       0.350000    0.412413   -0.062413 (VIOLATED)
u_memory._270_/A2                       0.350000    0.412410   -0.062410 (VIOLATED)
u_memory._273_/A2                       0.350000    0.412406   -0.062406 (VIOLATED)
ANTENNA_178/DIODE                       0.350000    0.412405   -0.062405 (VIOLATED)
u_memory._279_/A2                       0.350000    0.412385   -0.062385 (VIOLATED)
u_memory._268_/C                        0.350000    0.412295   -0.062295 (VIOLATED)
ANTENNA_960/DIODE                       0.350000    0.412290   -0.062290 (VIOLATED)
ANTENNA_958/DIODE                       0.350000    0.412289   -0.062289 (VIOLATED)
ANTENNA_959/DIODE                       0.350000    0.412286   -0.062286 (VIOLATED)
ANTENNA_961/DIODE                       0.350000    0.412284   -0.062284 (VIOLATED)
u_memory._288_/A2                       0.350000    0.412201   -0.062201 (VIOLATED)
u_memory._282_/A2                       0.350000    0.412200   -0.062200 (VIOLATED)
u_memory._294_/X                        0.350000    0.412189   -0.062189 (VIOLATED)
u_memory._294_/A2                       0.350000    0.412171   -0.062171 (VIOLATED)
u_memory._285_/A2                       0.350000    0.412156   -0.062156 (VIOLATED)
u_memory._291_/A2                       0.350000    0.412139   -0.062139 (VIOLATED)
fanout183/X                             0.350000    0.412134   -0.062134 (VIOLATED)
u_memory._367_/X                        0.350000    0.412027   -0.062027 (VIOLATED)
max_cap622/X                            0.350000    0.412023   -0.062023 (VIOLATED)
max_cap558/A                            0.350000    0.411995   -0.061994 (VIOLATED)
u_memory._345_/B1                       0.350000    0.411929   -0.061929 (VIOLATED)
ANTENNA_151/DIODE                       0.350000    0.411925   -0.061925 (VIOLATED)
ANTENNA_152/DIODE                       0.350000    0.411925   -0.061925 (VIOLATED)
ANTENNA_150/DIODE                       0.350000    0.411908   -0.061908 (VIOLATED)
ANTENNA_2309/DIODE                      0.350000    0.411813   -0.061813 (VIOLATED)
ANTENNA_2312/DIODE                      0.350000    0.411781   -0.061781 (VIOLATED)
ANTENNA_2310/DIODE                      0.350000    0.411781   -0.061781 (VIOLATED)
ANTENNA_2307/DIODE                      0.350000    0.411780   -0.061780 (VIOLATED)
ANTENNA_2306/DIODE                      0.350000    0.411780   -0.061780 (VIOLATED)
ANTENNA_2304/DIODE                      0.350000    0.411776   -0.061776 (VIOLATED)
ANTENNA_2305/DIODE                      0.350000    0.411773   -0.061773 (VIOLATED)
wire303/X                               0.350000    0.411771   -0.061771 (VIOLATED)
ANTENNA_2314/DIODE                      0.350000    0.411733   -0.061733 (VIOLATED)
ANTENNA_2308/DIODE                      0.350000    0.411733   -0.061733 (VIOLATED)
ANTENNA_2313/DIODE                      0.350000    0.411733   -0.061733 (VIOLATED)
ANTENNA_2311/DIODE                      0.350000    0.411733   -0.061733 (VIOLATED)
u_memory._343_/X                        0.350000    0.411522   -0.061522 (VIOLATED)
u_memory.g_read[0].g_bank[1].g_slice[0].u_sram/din[3]    0.350000    0.411400   -0.061400 (VIOLATED)
output77/A                              0.350000    0.411391   -0.061391 (VIOLATED)
ANTENNA_248/DIODE                       0.350000    0.411391   -0.061391 (VIOLATED)
_014_/Q                                 0.350000    0.411348   -0.061348 (VIOLATED)
_086_/D                                 0.350000    0.411343   -0.061343 (VIOLATED)
u_memory._196_/B                        0.350000    0.411219   -0.061219 (VIOLATED)
max_cap559/X                            0.350000    0.411214   -0.061214 (VIOLATED)
hold20/A                                0.350000    0.411198   -0.061198 (VIOLATED)
hold91/X                                0.350000    0.411198   -0.061198 (VIOLATED)
max_cap567/X                            0.350000    0.410947   -0.060947 (VIOLATED)
max_cap430/X                            0.350000    0.410938   -0.060938 (VIOLATED)
input11/X                               0.350000    0.410873   -0.060873 (VIOLATED)
ANTENNA_863/DIODE                       0.350000    0.410836   -0.060836 (VIOLATED)
u_memory._366_/A1                       0.350000    0.410833   -0.060833 (VIOLATED)
ANTENNA_861/DIODE                       0.350000    0.410823   -0.060823 (VIOLATED)
ANTENNA_862/DIODE                       0.350000    0.410821   -0.060821 (VIOLATED)
ANTENNA_864/DIODE                       0.350000    0.410818   -0.060818 (VIOLATED)
u_memory.g_read[1].g_bank[2].g_slice[0].u_sram/din[7]    0.350000    0.410363   -0.060363 (VIOLATED)
wire280/X                               0.350000    0.410343   -0.060343 (VIOLATED)
u_memory._253_/C                        0.350000    0.410004   -0.060004 (VIOLATED)
ANTENNA_981/DIODE                       0.350000    0.410000   -0.060000 (VIOLATED)
ANTENNA_979/DIODE                       0.350000    0.409998   -0.059998 (VIOLATED)
ANTENNA_978/DIODE                       0.350000    0.409998   -0.059998 (VIOLATED)
ANTENNA_980/DIODE                       0.350000    0.409992   -0.059992 (VIOLATED)
u_memory._346_/C                        0.350000    0.409947   -0.059947 (VIOLATED)
ANTENNA_621/DIODE                       0.350000    0.409943   -0.059943 (VIOLATED)
ANTENNA_619/DIODE                       0.350000    0.409942   -0.059942 (VIOLATED)
ANTENNA_620/DIODE                       0.350000    0.409939   -0.059939 (VIOLATED)
ANTENNA_622/DIODE                       0.350000    0.409937   -0.059937 (VIOLATED)
wire439/X                               0.350000    0.409606   -0.059606 (VIOLATED)
wire210/X                               0.350000    0.409436   -0.059436 (VIOLATED)
u_memory.g_read[1].g_bank[2].g_slice[0].u_sram/din[4]    0.350000    0.409378   -0.059378 (VIOLATED)
wire308/X                               0.350000    0.409369   -0.059369 (VIOLATED)
u_memory.g_read[1].g_bank[1].g_slice[0].u_sram/din[9]    0.350000    0.409254   -0.059254 (VIOLATED)
ANTENNA_2735/DIODE                      0.350000    0.408889   -0.058889 (VIOLATED)
ANTENNA_2736/DIODE                      0.350000    0.408888   -0.058888 (VIOLATED)
ANTENNA_2734/DIODE                      0.350000    0.408879   -0.058879 (VIOLATED)
ANTENNA_2733/DIODE                      0.350000    0.408879   -0.058879 (VIOLATED)
u_memory._377_/A2                       0.350000    0.408877   -0.058877 (VIOLATED)
ANTENNA_737/DIODE                       0.350000    0.408875   -0.058875 (VIOLATED)
ANTENNA_736/DIODE                       0.350000    0.408874   -0.058874 (VIOLATED)
ANTENNA_735/DIODE                       0.350000    0.408873   -0.058873 (VIOLATED)
u_memory.g_read[1].g_bank[1].g_slice[0].u_sram/din[4]    0.350000    0.408831   -0.058831 (VIOLATED)
u_memory._375_/B1                       0.350000    0.408786   -0.058786 (VIOLATED)
ANTENNA_185/DIODE                       0.350000    0.408782   -0.058782 (VIOLATED)
ANTENNA_183/DIODE                       0.350000    0.408780   -0.058780 (VIOLATED)
ANTENNA_184/DIODE                       0.350000    0.408778   -0.058778 (VIOLATED)
u_memory._422_/A1                       0.350000    0.408711   -0.058711 (VIOLATED)
fanout378/X                             0.350000    0.408680   -0.058680 (VIOLATED)
wire425/X                               0.350000    0.408604   -0.058604 (VIOLATED)
u_memory._411_/A1                       0.350000    0.408556   -0.058556 (VIOLATED)
hold185/X                               0.350000    0.408482   -0.058482 (VIOLATED)
wire244/X                               0.350000    0.408374   -0.058374 (VIOLATED)
u_memory._373_/X                        0.350000    0.408329   -0.058328 (VIOLATED)
wire148/X                               0.350000    0.408030   -0.058030 (VIOLATED)
ANTENNA_1299/DIODE                      0.350000    0.407295   -0.057295 (VIOLATED)
u_memory._274_/C                        0.350000    0.407282   -0.057282 (VIOLATED)
ANTENNA_1305/DIODE                      0.350000    0.407281   -0.057281 (VIOLATED)
ANTENNA_1303/DIODE                      0.350000    0.407280   -0.057280 (VIOLATED)
ANTENNA_950/DIODE                       0.350000    0.407279   -0.057279 (VIOLATED)
ANTENNA_1298/DIODE                      0.350000    0.407279   -0.057279 (VIOLATED)
ANTENNA_1296/DIODE                      0.350000    0.407278   -0.057278 (VIOLATED)
ANTENNA_953/DIODE                       0.350000    0.407277   -0.057277 (VIOLATED)
ANTENNA_1297/DIODE                      0.350000    0.407277   -0.057277 (VIOLATED)
ANTENNA_951/DIODE                       0.350000    0.407277   -0.057277 (VIOLATED)
ANTENNA_952/DIODE                       0.350000    0.407262   -0.057262 (VIOLATED)
ANTENNA_1300/DIODE                      0.350000    0.407121   -0.057121 (VIOLATED)
ANTENNA_1301/DIODE                      0.350000    0.407121   -0.057121 (VIOLATED)
ANTENNA_1302/DIODE                      0.350000    0.407120   -0.057120 (VIOLATED)
ANTENNA_1304/DIODE                      0.350000    0.407119   -0.057119 (VIOLATED)
ANTENNA_1306/DIODE                      0.350000    0.407110   -0.057110 (VIOLATED)
wire301/X                               0.350000    0.406506   -0.056506 (VIOLATED)
u_memory._394_/A                        0.350000    0.406274   -0.056274 (VIOLATED)
u_memory._379_/A                        0.350000    0.406243   -0.056243 (VIOLATED)
u_memory._409_/A                        0.350000    0.406223   -0.056223 (VIOLATED)
u_memory._418_/A                        0.350000    0.406172   -0.056172 (VIOLATED)
u_memory._403_/A                        0.350000    0.406122   -0.056122 (VIOLATED)
u_memory._393_/B2                       0.350000    0.406013   -0.056013 (VIOLATED)
u_memory._415_/A                        0.350000    0.406008   -0.056008 (VIOLATED)
u_memory._392_/X                        0.350000    0.405987   -0.055987 (VIOLATED)
u_memory.g_read[1].g_bank[2].g_slice[0].u_sram/wmask[2]    0.350000    0.405577   -0.055577 (VIOLATED)
u_memory._241_/C                        0.350000    0.405501   -0.055501 (VIOLATED)
ANTENNA_997/DIODE                       0.350000    0.405497   -0.055497 (VIOLATED)
ANTENNA_995/DIODE                       0.350000    0.405496   -0.055495 (VIOLATED)
ANTENNA_996/DIODE                       0.350000    0.405493   -0.055493 (VIOLATED)
ANTENNA_998/DIODE                       0.350000    0.405491   -0.055491 (VIOLATED)
u_memory._396_/B1                       0.350000    0.405320   -0.055320 (VIOLATED)
u_memory.g_read[0].g_bank[2].g_slice[0].u_sram/din[1]    0.350000    0.405238   -0.055238 (VIOLATED)
ANTENNA_1796/DIODE                      0.350000    0.405236   -0.055236 (VIOLATED)
ANTENNA_1802/DIODE                      0.350000    0.405236   -0.055236 (VIOLATED)
ANTENNA_1806/DIODE                      0.350000    0.405236   -0.055236 (VIOLATED)
ANTENNA_1803/DIODE                      0.350000    0.405236   -0.055236 (VIOLATED)
ANTENNA_1804/DIODE                      0.350000    0.405236   -0.055236 (VIOLATED)
ANTENNA_1805/DIODE                      0.350000    0.405217   -0.055217 (VIOLATED)
ANTENNA_1801/DIODE                      0.350000    0.405217   -0.055217 (VIOLATED)
ANTENNA_1800/DIODE                      0.350000    0.405217   -0.055217 (VIOLATED)
ANTENNA_1799/DIODE                      0.350000    0.405217   -0.055217 (VIOLATED)
ANTENNA_1798/DIODE                      0.350000    0.405215   -0.055215 (VIOLATED)
ANTENNA_1797/DIODE                      0.350000    0.405215   -0.055215 (VIOLATED)
u_memory._330_/A1                       0.350000    0.404998   -0.054998 (VIOLATED)
ANTENNA_835/DIODE                       0.350000    0.404990   -0.054990 (VIOLATED)
ANTENNA_834/DIODE                       0.350000    0.404989   -0.054989 (VIOLATED)
ANTENNA_833/DIODE                       0.350000    0.404989   -0.054989 (VIOLATED)
wire312/X                               0.350000    0.404982   -0.054982 (VIOLATED)
ANTENNA_2773/DIODE                      0.350000    0.404919   -0.054919 (VIOLATED)
ANTENNA_431/DIODE                       0.350000    0.404918   -0.054918 (VIOLATED)
ANTENNA_2796/DIODE                      0.350000    0.404917   -0.054917 (VIOLATED)
u_memory.g_read[0].g_bank[2].g_slice[0].u_sram/din[14]    0.350000    0.404610   -0.054610 (VIOLATED)
max_cap487/X                            0.350000    0.404566   -0.054566 (VIOLATED)
fanout372/A                             0.350000    0.404542   -0.054542 (VIOLATED)
u_memory._429_/Q                        0.350000    0.404521   -0.054521 (VIOLATED)
wire273/X                               0.350000    0.404512   -0.054512 (VIOLATED)
wire172/X                               0.350000    0.404496   -0.054496 (VIOLATED)
u_memory._256_/C                        0.350000    0.404438   -0.054438 (VIOLATED)
ANTENNA_976/DIODE                       0.350000    0.404432   -0.054432 (VIOLATED)
ANTENNA_974/DIODE                       0.350000    0.404431   -0.054431 (VIOLATED)
ANTENNA_975/DIODE                       0.350000    0.404427   -0.054427 (VIOLATED)
ANTENNA_977/DIODE                       0.350000    0.404425   -0.054425 (VIOLATED)
u_memory.g_read[1].g_bank[2].g_slice[0].u_sram/din[29]    0.350000    0.404292   -0.054292 (VIOLATED)
u_memory._368_/A2                       0.350000    0.404282   -0.054282 (VIOLATED)
ANTENNA_744/DIODE                       0.350000    0.404277   -0.054276 (VIOLATED)
ANTENNA_742/DIODE                       0.350000    0.404274   -0.054274 (VIOLATED)
ANTENNA_743/DIODE                       0.350000    0.404270   -0.054270 (VIOLATED)
ANTENNA_745/DIODE                       0.350000    0.404265   -0.054265 (VIOLATED)
ANTENNA_224/DIODE                       0.350000    0.403976   -0.053976 (VIOLATED)
ANTENNA_222/DIODE                       0.350000    0.403976   -0.053976 (VIOLATED)
_080_/D                                 0.350000    0.403976   -0.053976 (VIOLATED)
ANTENNA_223/DIODE                       0.350000    0.403975   -0.053975 (VIOLATED)
u_memory._209_/A2                       0.350000    0.403930   -0.053930 (VIOLATED)
input5/X                                0.350000    0.403920   -0.053920 (VIOLATED)
u_memory._212_/A2                       0.350000    0.403893   -0.053893 (VIOLATED)
ANTENNA_1132/DIODE                      0.350000    0.403862   -0.053862 (VIOLATED)
ANTENNA_1130/DIODE                      0.350000    0.403855   -0.053855 (VIOLATED)
u_memory._294_/A1                       0.350000    0.403850   -0.053850 (VIOLATED)
u_memory._218_/A2                       0.350000    0.403834   -0.053834 (VIOLATED)
u_memory._215_/A2                       0.350000    0.403815   -0.053815 (VIOLATED)
u_memory._221_/A2                       0.350000    0.403814   -0.053814 (VIOLATED)
ANTENNA_1131/DIODE                      0.350000    0.403810   -0.053810 (VIOLATED)
ANTENNA_1133/DIODE                      0.350000    0.403809   -0.053809 (VIOLATED)
wire307/X                               0.350000    0.403798   -0.053798 (VIOLATED)
u_memory._230_/A2                       0.350000    0.403791   -0.053791 (VIOLATED)
u_memory._224_/A2                       0.350000    0.403791   -0.053791 (VIOLATED)
u_memory._227_/A2                       0.350000    0.403749   -0.053749 (VIOLATED)
u_memory._233_/A2                       0.350000    0.403726   -0.053726 (VIOLATED)
wire247/X                               0.350000    0.403627   -0.053627 (VIOLATED)
u_memory._237_/A2                       0.350000    0.403495   -0.053495 (VIOLATED)
output92/A                              0.350000    0.403402   -0.053402 (VIOLATED)
u_memory._303_/B1                       0.350000    0.403380   -0.053380 (VIOLATED)
ANTENNA_131/DIODE                       0.350000    0.403376   -0.053376 (VIOLATED)
ANTENNA_129/DIODE                       0.350000    0.403376   -0.053376 (VIOLATED)
ANTENNA_130/DIODE                       0.350000    0.403374   -0.053374 (VIOLATED)
u_memory._243_/A2                       0.350000    0.403303   -0.053303 (VIOLATED)
wire348/X                               0.350000    0.403231   -0.053231 (VIOLATED)
u_memory._240_/A2                       0.350000    0.403167   -0.053167 (VIOLATED)
hold19/X                                0.350000    0.403147   -0.053147 (VIOLATED)
u_memory._246_/A2                       0.350000    0.403082   -0.053082 (VIOLATED)
u_memory._301_/X                        0.350000    0.402988   -0.052988 (VIOLATED)
u_memory._249_/A2                       0.350000    0.402984   -0.052984 (VIOLATED)
_028_/Q                                 0.350000    0.402982   -0.052982 (VIOLATED)
u_memory._255_/A2                       0.350000    0.402892   -0.052892 (VIOLATED)
u_memory._252_/A2                       0.350000    0.402860   -0.052860 (VIOLATED)
fanout182/X                             0.350000    0.402768   -0.052767 (VIOLATED)
ANTENNA_1044/DIODE                      0.350000    0.402713   -0.052713 (VIOLATED)
u_memory._272_/A2                       0.350000    0.402705   -0.052705 (VIOLATED)
ANTENNA_1043/DIODE                      0.350000    0.402705   -0.052705 (VIOLATED)
ANTENNA_1045/DIODE                      0.350000    0.402704   -0.052704 (VIOLATED)
wire324/X                               0.350000    0.402209   -0.052209 (VIOLATED)
max_cap474/A                            0.350000    0.401824   -0.051824 (VIOLATED)
ANTENNA_2705/DIODE                      0.350000    0.401488   -0.051488 (VIOLATED)
ANTENNA_2704/DIODE                      0.350000    0.401487   -0.051487 (VIOLATED)
ANTENNA_2706/DIODE                      0.350000    0.401472   -0.051472 (VIOLATED)
ANTENNA_2707/DIODE                      0.350000    0.401472   -0.051472 (VIOLATED)
wire264/X                               0.350000    0.401268   -0.051268 (VIOLATED)
wire387/A                               0.350000    0.401181   -0.051181 (VIOLATED)
ANTENNA_2687/DIODE                      0.350000    0.401168   -0.051168 (VIOLATED)
max_cap565/A                            0.350000    0.401133   -0.051133 (VIOLATED)
max_cap408/X                            0.350000    0.401097   -0.051097 (VIOLATED)
hold167/X                               0.350000    0.401080   -0.051080 (VIOLATED)
max_cap475/X                            0.350000    0.401070   -0.051070 (VIOLATED)
ANTENNA_2049/DIODE                      0.350000    0.401011   -0.051011 (VIOLATED)
ANTENNA_2058/DIODE                      0.350000    0.400985   -0.050985 (VIOLATED)
ANTENNA_2057/DIODE                      0.350000    0.400984   -0.050984 (VIOLATED)
ANTENNA_2056/DIODE                      0.350000    0.400979   -0.050979 (VIOLATED)
ANTENNA_2050/DIODE                      0.350000    0.400977   -0.050977 (VIOLATED)
ANTENNA_2051/DIODE                      0.350000    0.400975   -0.050975 (VIOLATED)
ANTENNA_2052/DIODE                      0.350000    0.400972   -0.050972 (VIOLATED)
ANTENNA_2053/DIODE                      0.350000    0.400970   -0.050970 (VIOLATED)
ANTENNA_2054/DIODE                      0.350000    0.400967   -0.050967 (VIOLATED)
ANTENNA_2059/DIODE                      0.350000    0.400964   -0.050964 (VIOLATED)
u_memory._257_/A1                       0.350000    0.400949   -0.050949 (VIOLATED)
ANTENNA_1061/DIODE                      0.350000    0.400947   -0.050947 (VIOLATED)
ANTENNA_1059/DIODE                      0.350000    0.400943   -0.050943 (VIOLATED)
ANTENNA_1060/DIODE                      0.350000    0.400938   -0.050938 (VIOLATED)
ANTENNA_2055/DIODE                      0.350000    0.400931   -0.050931 (VIOLATED)
ANTENNA_1543/DIODE                      0.350000    0.400729   -0.050729 (VIOLATED)
ANTENNA_1542/DIODE                      0.350000    0.400729   -0.050729 (VIOLATED)
ANTENNA_1549/DIODE                      0.350000    0.400724   -0.050724 (VIOLATED)
ANTENNA_1551/DIODE                      0.350000    0.400691   -0.050691 (VIOLATED)
ANTENNA_1548/DIODE                      0.350000    0.400689   -0.050689 (VIOLATED)
ANTENNA_1546/DIODE                      0.350000    0.400687   -0.050687 (VIOLATED)
ANTENNA_1545/DIODE                      0.350000    0.400685   -0.050685 (VIOLATED)
ANTENNA_1544/DIODE                      0.350000    0.400683   -0.050683 (VIOLATED)
ANTENNA_1552/DIODE                      0.350000    0.400648   -0.050648 (VIOLATED)
ANTENNA_1550/DIODE                      0.350000    0.400648   -0.050648 (VIOLATED)
ANTENNA_1547/DIODE                      0.350000    0.400647   -0.050647 (VIOLATED)
max_cap389/A                            0.350000    0.400549   -0.050549 (VIOLATED)
max_cap566/X                            0.350000    0.400404   -0.050404 (VIOLATED)
u_memory._405_/B1                       0.350000    0.400403   -0.050403 (VIOLATED)
u_memory._261_/A1                       0.350000    0.400367   -0.050367 (VIOLATED)
ANTENNA_1172/DIODE                      0.350000    0.400364   -0.050364 (VIOLATED)
ANTENNA_1170/DIODE                      0.350000    0.400363   -0.050363 (VIOLATED)
ANTENNA_1169/DIODE                      0.350000    0.400352   -0.050352 (VIOLATED)
ANTENNA_1171/DIODE                      0.350000    0.400350   -0.050350 (VIOLATED)
hold150/A                               0.350000    0.400319   -0.050319 (VIOLATED)
wire329/X                               0.350000    0.400278   -0.050278 (VIOLATED)
ANTENNA_902/DIODE                       0.350000    0.400189   -0.050189 (VIOLATED)
ANTENNA_900/DIODE                       0.350000    0.400185   -0.050185 (VIOLATED)
u_memory._216_/C                        0.350000    0.400185   -0.050185 (VIOLATED)
ANTENNA_899/DIODE                       0.350000    0.400167   -0.050167 (VIOLATED)
max_cap527/X                            0.350000    0.400167   -0.050167 (VIOLATED)
ANTENNA_901/DIODE                       0.350000    0.400155   -0.050155 (VIOLATED)
u_memory._403_/X                        0.350000    0.400119   -0.050119 (VIOLATED)
_035_/D                                 0.350000    0.400104   -0.050104 (VIOLATED)
ANTENNA_2581/DIODE                      0.350000    0.400097   -0.050097 (VIOLATED)
u_memory._217_/A1                       0.350000    0.400085   -0.050085 (VIOLATED)
u_memory._333_/X                        0.350000    0.400081   -0.050081 (VIOLATED)
ANTENNA_1031/DIODE                      0.350000    0.400080   -0.050080 (VIOLATED)
ANTENNA_1029/DIODE                      0.350000    0.400080   -0.050079 (VIOLATED)
ANTENNA_1027/DIODE                      0.350000    0.400078   -0.050078 (VIOLATED)
ANTENNA_1028/DIODE                      0.350000    0.400076   -0.050076 (VIOLATED)
ANTENNA_1030/DIODE                      0.350000    0.400073   -0.050073 (VIOLATED)
ANTENNA_2590/DIODE                      0.350000    0.400066   -0.050066 (VIOLATED)
ANTENNA_2588/DIODE                      0.350000    0.400066   -0.050066 (VIOLATED)
ANTENNA_2586/DIODE                      0.350000    0.400066   -0.050066 (VIOLATED)
ANTENNA_2584/DIODE                      0.350000    0.400066   -0.050066 (VIOLATED)
max_cap447/X                            0.350000    0.400065   -0.050065 (VIOLATED)
ANTENNA_2583/DIODE                      0.350000    0.400063   -0.050063 (VIOLATED)
ANTENNA_2582/DIODE                      0.350000    0.400061   -0.050061 (VIOLATED)
ANTENNA_2591/DIODE                      0.350000    0.400026   -0.050026 (VIOLATED)
ANTENNA_2589/DIODE                      0.350000    0.400026   -0.050026 (VIOLATED)
ANTENNA_2587/DIODE                      0.350000    0.400025   -0.050025 (VIOLATED)
ANTENNA_2585/DIODE                      0.350000    0.400025   -0.050025 (VIOLATED)
hold118/X                               0.350000    0.400013   -0.050013 (VIOLATED)
u_memory._390_/B2                       0.350000    0.399949   -0.049949 (VIOLATED)
u_memory._389_/X                        0.350000    0.399920   -0.049920 (VIOLATED)
wire360/X                               0.350000    0.399835   -0.049835 (VIOLATED)
u_memory.g_read[0].g_bank[2].g_slice[0].u_sram/din[9]    0.350000    0.399801   -0.049801 (VIOLATED)
wire290/X                               0.350000    0.399682   -0.049682 (VIOLATED)
wire320/X                               0.350000    0.399572   -0.049572 (VIOLATED)
max_cap612/X                            0.350000    0.399264   -0.049264 (VIOLATED)
u_memory._228_/C                        0.350000    0.399157   -0.049157 (VIOLATED)
ANTENNA_885/DIODE                       0.350000    0.399152   -0.049152 (VIOLATED)
ANTENNA_883/DIODE                       0.350000    0.399151   -0.049151 (VIOLATED)
ANTENNA_884/DIODE                       0.350000    0.399148   -0.049148 (VIOLATED)
ANTENNA_886/DIODE                       0.350000    0.399146   -0.049146 (VIOLATED)
wire149/X                               0.350000    0.399136   -0.049136 (VIOLATED)
wire286/X                               0.350000    0.398531   -0.048531 (VIOLATED)
max_cap572/A                            0.350000    0.397720   -0.047720 (VIOLATED)
u_memory._339_/B1                       0.350000    0.397568   -0.047568 (VIOLATED)
ANTENNA_145/DIODE                       0.350000    0.397565   -0.047565 (VIOLATED)
ANTENNA_144/DIODE                       0.350000    0.397564   -0.047564 (VIOLATED)
ANTENNA_146/DIODE                       0.350000    0.397560   -0.047560 (VIOLATED)
ANTENNA_787/DIODE                       0.350000    0.397520   -0.047520 (VIOLATED)
u_memory._336_/A1                       0.350000    0.397520   -0.047520 (VIOLATED)
ANTENNA_786/DIODE                       0.350000    0.397511   -0.047511 (VIOLATED)
ANTENNA_788/DIODE                       0.350000    0.397509   -0.047509 (VIOLATED)
_038_/D                                 0.350000    0.397416   -0.047416 (VIOLATED)
u_memory._342_/X                        0.350000    0.397386   -0.047386 (VIOLATED)
u_memory._337_/X                        0.350000    0.397229   -0.047229 (VIOLATED)
u_memory.g_read[0].g_bank[1].g_slice[0].u_sram/din[6]    0.350000    0.397149   -0.047149 (VIOLATED)
wire259/X                               0.350000    0.397061   -0.047061 (VIOLATED)
max_cap573/X                            0.350000    0.396964   -0.046964 (VIOLATED)
u_memory.g_read[1].g_bank[1].g_slice[0].u_sram/din[14]    0.350000    0.396933   -0.046933 (VIOLATED)
ANTENNA_2271/DIODE                      0.350000    0.396494   -0.046494 (VIOLATED)
ANTENNA_2276/DIODE                      0.350000    0.396468   -0.046468 (VIOLATED)
ANTENNA_2277/DIODE                      0.350000    0.396467   -0.046467 (VIOLATED)
ANTENNA_2280/DIODE                      0.350000    0.396467   -0.046467 (VIOLATED)
ANTENNA_2278/DIODE                      0.350000    0.396467   -0.046467 (VIOLATED)
ANTENNA_2272/DIODE                      0.350000    0.396430   -0.046430 (VIOLATED)
ANTENNA_2273/DIODE                      0.350000    0.396430   -0.046430 (VIOLATED)
ANTENNA_2274/DIODE                      0.350000    0.396428   -0.046428 (VIOLATED)
ANTENNA_2275/DIODE                      0.350000    0.396425   -0.046425 (VIOLATED)
ANTENNA_2279/DIODE                      0.350000    0.396423   -0.046423 (VIOLATED)
ANTENNA_2281/DIODE                      0.350000    0.396418   -0.046418 (VIOLATED)
u_memory._270_/A1                       0.350000    0.396334   -0.046334 (VIOLATED)
ANTENNA_1159/DIODE                      0.350000    0.396325   -0.046325 (VIOLATED)
ANTENNA_1158/DIODE                      0.350000    0.396324   -0.046324 (VIOLATED)
ANTENNA_1157/DIODE                      0.350000    0.396308   -0.046308 (VIOLATED)
ANTENNA_1160/DIODE                      0.350000    0.396283   -0.046283 (VIOLATED)
max_cap606/A                            0.350000    0.396031   -0.046031 (VIOLATED)
u_memory.g_read[1].g_bank[2].g_slice[0].u_sram/din[19]    0.350000    0.395858   -0.045858 (VIOLATED)
u_memory._225_/C                        0.350000    0.395803   -0.045803 (VIOLATED)
wire356/X                               0.350000    0.395801   -0.045801 (VIOLATED)
ANTENNA_889/DIODE                       0.350000    0.395798   -0.045798 (VIOLATED)
ANTENNA_887/DIODE                       0.350000    0.395796   -0.045796 (VIOLATED)
ANTENNA_888/DIODE                       0.350000    0.395794   -0.045794 (VIOLATED)
ANTENNA_890/DIODE                       0.350000    0.395791   -0.045791 (VIOLATED)
max_cap562/X                            0.350000    0.395777   -0.045777 (VIOLATED)
u_memory._320_/A0                       0.350000    0.395646   -0.045646 (VIOLATED)
ANTENNA_2757/DIODE                      0.350000    0.395609   -0.045609 (VIOLATED)
max_cap607/X                            0.350000    0.395221   -0.045221 (VIOLATED)
u_memory.g_read[1].g_bank[0].g_slice[0].u_sram/addr[8]    0.350000    0.395195   -0.045195 (VIOLATED)
u_memory.g_read[0].g_bank[2].g_slice[0].u_sram/din[2]    0.350000    0.395163   -0.045163 (VIOLATED)
wire287/X                               0.350000    0.395139   -0.045139 (VIOLATED)
ANTENNA_1520/DIODE                      0.350000    0.394868   -0.044868 (VIOLATED)
ANTENNA_1526/DIODE                      0.350000    0.394867   -0.044867 (VIOLATED)
ANTENNA_1522/DIODE                      0.350000    0.394867   -0.044867 (VIOLATED)
ANTENNA_1521/DIODE                      0.350000    0.394867   -0.044867 (VIOLATED)
ANTENNA_1528/DIODE                      0.350000    0.394823   -0.044823 (VIOLATED)
ANTENNA_1527/DIODE                      0.350000    0.394823   -0.044823 (VIOLATED)
ANTENNA_1525/DIODE                      0.350000    0.394820   -0.044820 (VIOLATED)
ANTENNA_1524/DIODE                      0.350000    0.394818   -0.044818 (VIOLATED)
ANTENNA_1529/DIODE                      0.350000    0.394816   -0.044816 (VIOLATED)
ANTENNA_1523/DIODE                      0.350000    0.394816   -0.044816 (VIOLATED)
ANTENNA_1530/DIODE                      0.350000    0.394767   -0.044767 (VIOLATED)
u_memory._307_/A1                       0.350000    0.394719   -0.044719 (VIOLATED)
ANTENNA_748/DIODE                       0.350000    0.394634   -0.044634 (VIOLATED)
u_memory._365_/A2                       0.350000    0.394631   -0.044631 (VIOLATED)
ANTENNA_746/DIODE                       0.350000    0.394630   -0.044630 (VIOLATED)
ANTENNA_747/DIODE                       0.350000    0.394625   -0.044625 (VIOLATED)
ANTENNA_749/DIODE                       0.350000    0.394624   -0.044624 (VIOLATED)
u_memory._316_/A0                       0.350000    0.394490   -0.044490 (VIOLATED)
_089_/D                                 0.350000    0.394355   -0.044355 (VIOLATED)
hold191/X                               0.350000    0.394279   -0.044279 (VIOLATED)
wire248/X                               0.350000    0.394032   -0.044032 (VIOLATED)
u_memory._385_/C                        0.350000    0.393942   -0.043942 (VIOLATED)
ANTENNA_660/DIODE                       0.350000    0.393940   -0.043940 (VIOLATED)
ANTENNA_659/DIODE                       0.350000    0.393938   -0.043938 (VIOLATED)
input26/X                               0.350000    0.393931   -0.043931 (VIOLATED)
ANTENNA_661/DIODE                       0.350000    0.393921   -0.043921 (VIOLATED)
max_cap443/X                            0.350000    0.393888   -0.043888 (VIOLATED)
max_cap523/A                            0.350000    0.393511   -0.043511 (VIOLATED)
wire222/X                               0.350000    0.393453   -0.043453 (VIOLATED)
max_cap524/X                            0.350000    0.392795   -0.042795 (VIOLATED)
hold195/A                               0.350000    0.392613   -0.042613 (VIOLATED)
hold202/X                               0.350000    0.392582   -0.042582 (VIOLATED)
u_memory.g_read[1].g_bank[2].g_slice[0].u_sram/din[27]    0.350000    0.392482   -0.042482 (VIOLATED)
u_memory.g_read[1].g_bank[1].g_slice[0].u_sram/din[25]    0.350000    0.392477   -0.042477 (VIOLATED)
u_memory.g_read[1].g_bank[1].g_slice[0].u_sram/addr[8]    0.350000    0.392390   -0.042390 (VIOLATED)
u_memory._351_/A1                       0.350000    0.392312   -0.042312 (VIOLATED)
ANTENNA_768/DIODE                       0.350000    0.392307   -0.042307 (VIOLATED)
ANTENNA_769/DIODE                       0.350000    0.392307   -0.042307 (VIOLATED)
ANTENNA_770/DIODE                       0.350000    0.392306   -0.042306 (VIOLATED)
u_memory.g_read[0].g_bank[1].g_slice[0].u_sram/din[12]    0.350000    0.392212   -0.042212 (VIOLATED)
u_memory.g_read[1].g_bank[2].g_slice[0].u_sram/din[10]    0.350000    0.392040   -0.042040 (VIOLATED)
u_memory._375_/A1                       0.350000    0.391944   -0.041944 (VIOLATED)
ANTENNA_851/DIODE                       0.350000    0.391943   -0.041943 (VIOLATED)
ANTENNA_849/DIODE                       0.350000    0.391943   -0.041943 (VIOLATED)
ANTENNA_850/DIODE                       0.350000    0.391935   -0.041935 (VIOLATED)
ANTENNA_852/DIODE                       0.350000    0.391933   -0.041933 (VIOLATED)
wire254/X                               0.350000    0.391862   -0.041862 (VIOLATED)
output98/A                              0.350000    0.391581   -0.041581 (VIOLATED)
_033_/Q                                 0.350000    0.391553   -0.041553 (VIOLATED)
wire277/X                               0.350000    0.391490   -0.041490 (VIOLATED)
u_memory._311_/A1                       0.350000    0.391080   -0.041080 (VIOLATED)
_068_/D                                 0.350000    0.391060   -0.041060 (VIOLATED)
wire648/X                               0.350000    0.391028   -0.041028 (VIOLATED)
u_memory.g_read[0].g_bank[2].g_slice[0].u_sram/din[11]    0.350000    0.391012   -0.041012 (VIOLATED)
hold198/X                               0.350000    0.390961   -0.040961 (VIOLATED)
_107_/D                                 0.350000    0.390932   -0.040932 (VIOLATED)
input66/X                               0.350000    0.390876   -0.040876 (VIOLATED)
ANTENNA_1084/DIODE                      0.350000    0.390600   -0.040600 (VIOLATED)
u_memory._239_/B2                       0.350000    0.390598   -0.040598 (VIOLATED)
ANTENNA_1081/DIODE                      0.350000    0.390576   -0.040576 (VIOLATED)
max_cap481/A                            0.350000    0.390573   -0.040573 (VIOLATED)
ANTENNA_1083/DIODE                      0.350000    0.390566   -0.040566 (VIOLATED)
ANTENNA_1085/DIODE                      0.350000    0.390565   -0.040565 (VIOLATED)
ANTENNA_1082/DIODE                      0.350000    0.390565   -0.040565 (VIOLATED)
u_memory.g_read[0].g_bank[1].g_slice[0].u_sram/din[25]    0.350000    0.390397   -0.040397 (VIOLATED)
u_memory.g_read[0].g_bank[1].g_slice[0].u_sram/din[31]    0.350000    0.390352   -0.040352 (VIOLATED)
wire335/X                               0.350000    0.390122   -0.040122 (VIOLATED)
max_cap482/X                            0.350000    0.389911   -0.039911 (VIOLATED)
u_memory.g_read[1].g_bank[2].g_slice[0].u_sram/din[20]    0.350000    0.389784   -0.039784 (VIOLATED)
u_memory.g_read[1].g_bank[2].g_slice[0].u_sram/din[22]    0.350000    0.389591   -0.039591 (VIOLATED)
u_memory._201_/A1                       0.350000    0.389436   -0.039436 (VIOLATED)
ANTENNA_2685/DIODE                      0.350000    0.389369   -0.039369 (VIOLATED)
u_memory._199_/A_N                      0.350000    0.389353   -0.039353 (VIOLATED)
ANTENNA_2686/DIODE                      0.350000    0.389137   -0.039137 (VIOLATED)
u_memory._425_/A0                       0.350000    0.389132   -0.039132 (VIOLATED)
hold20/X                                0.350000    0.388880   -0.038880 (VIOLATED)
max_cap494/A                            0.350000    0.388583   -0.038583 (VIOLATED)
max_cap530/A                            0.350000    0.388254   -0.038254 (VIOLATED)
max_cap488/A                            0.350000    0.388192   -0.038192 (VIOLATED)
_034_/D                                 0.350000    0.388168   -0.038168 (VIOLATED)
u_memory._330_/X                        0.350000    0.388130   -0.038130 (VIOLATED)
u_memory.g_read[0].g_bank[1].g_slice[0].u_sram/din[30]    0.350000    0.388057   -0.038057 (VIOLATED)
u_memory._214_/B2                       0.350000    0.388001   -0.038001 (VIOLATED)
ANTENNA_1033/DIODE                      0.350000    0.387988   -0.037988 (VIOLATED)
ANTENNA_1032/DIODE                      0.350000    0.387988   -0.037988 (VIOLATED)
ANTENNA_1034/DIODE                      0.350000    0.387980   -0.037980 (VIOLATED)
max_cap495/X                            0.350000    0.387889   -0.037889 (VIOLATED)
ANTENNA_2411/DIODE                      0.350000    0.387661   -0.037660 (VIOLATED)
ANTENNA_2410/DIODE                      0.350000    0.387620   -0.037620 (VIOLATED)
ANTENNA_2409/DIODE                      0.350000    0.387620   -0.037620 (VIOLATED)
ANTENNA_2405/DIODE                      0.350000    0.387619   -0.037619 (VIOLATED)
ANTENNA_2408/DIODE                      0.350000    0.387618   -0.037618 (VIOLATED)
ANTENNA_2407/DIODE                      0.350000    0.387616   -0.037616 (VIOLATED)
ANTENNA_2413/DIODE                      0.350000    0.387615   -0.037615 (VIOLATED)
ANTENNA_2412/DIODE                      0.350000    0.387615   -0.037615 (VIOLATED)
ANTENNA_2406/DIODE                      0.350000    0.387615   -0.037615 (VIOLATED)
ANTENNA_2415/DIODE                      0.350000    0.387573   -0.037573 (VIOLATED)
ANTENNA_2414/DIODE                      0.350000    0.387572   -0.037572 (VIOLATED)
max_cap531/X                            0.350000    0.387562   -0.037562 (VIOLATED)
max_cap489/X                            0.350000    0.387535   -0.037535 (VIOLATED)
wire321/X                               0.350000    0.387408   -0.037408 (VIOLATED)
ANTENNA_2005/DIODE                      0.350000    0.387245   -0.037245 (VIOLATED)
ANTENNA_2006/DIODE                      0.350000    0.387206   -0.037206 (VIOLATED)
ANTENNA_2007/DIODE                      0.350000    0.387204   -0.037204 (VIOLATED)
ANTENNA_2008/DIODE                      0.350000    0.387202   -0.037202 (VIOLATED)
ANTENNA_2009/DIODE                      0.350000    0.387200   -0.037200 (VIOLATED)
ANTENNA_2010/DIODE                      0.350000    0.387199   -0.037199 (VIOLATED)
ANTENNA_2013/DIODE                      0.350000    0.387173   -0.037173 (VIOLATED)
ANTENNA_2012/DIODE                      0.350000    0.387173   -0.037173 (VIOLATED)
ANTENNA_2011/DIODE                      0.350000    0.387173   -0.037173 (VIOLATED)
ANTENNA_2014/DIODE                      0.350000    0.387157   -0.037157 (VIOLATED)
ANTENNA_2015/DIODE                      0.350000    0.387157   -0.037157 (VIOLATED)
ANTENNA_1531/DIODE                      0.350000    0.387147   -0.037147 (VIOLATED)
ANTENNA_1541/DIODE                      0.350000    0.387147   -0.037147 (VIOLATED)
ANTENNA_1540/DIODE                      0.350000    0.387147   -0.037147 (VIOLATED)
ANTENNA_1539/DIODE                      0.350000    0.387147   -0.037147 (VIOLATED)
ANTENNA_1538/DIODE                      0.350000    0.387146   -0.037146 (VIOLATED)
ANTENNA_1535/DIODE                      0.350000    0.387129   -0.037129 (VIOLATED)
ANTENNA_1533/DIODE                      0.350000    0.387129   -0.037129 (VIOLATED)
ANTENNA_1536/DIODE                      0.350000    0.387128   -0.037128 (VIOLATED)
ANTENNA_1537/DIODE                      0.350000    0.387127   -0.037127 (VIOLATED)
ANTENNA_1534/DIODE                      0.350000    0.387094   -0.037094 (VIOLATED)
ANTENNA_1532/DIODE                      0.350000    0.387093   -0.037093 (VIOLATED)
max_cap582/X                            0.350000    0.386884   -0.036884 (VIOLATED)
u_memory.g_read[0].g_bank[1].g_slice[0].u_sram/din[27]    0.350000    0.386849   -0.036849 (VIOLATED)
u_memory._348_/A1                       0.350000    0.386750   -0.036750 (VIOLATED)
ANTENNA_771/DIODE                       0.350000    0.386748   -0.036748 (VIOLATED)
ANTENNA_773/DIODE                       0.350000    0.386742   -0.036742 (VIOLATED)
ANTENNA_772/DIODE                       0.350000    0.386741   -0.036741 (VIOLATED)
u_memory._278_/A2                       0.350000    0.386534   -0.036534 (VIOLATED)
ANTENNA_1041/DIODE                      0.350000    0.386530   -0.036530 (VIOLATED)
ANTENNA_1039/DIODE                      0.350000    0.386529   -0.036529 (VIOLATED)
ANTENNA_1040/DIODE                      0.350000    0.386527   -0.036527 (VIOLATED)
ANTENNA_1042/DIODE                      0.350000    0.386525   -0.036525 (VIOLATED)
max_cap445/X                            0.350000    0.386508   -0.036508 (VIOLATED)
max_cap520/X                            0.350000    0.386440   -0.036440 (VIOLATED)
u_memory.g_read[1].g_bank[2].g_slice[0].u_sram/din[17]    0.350000    0.386337   -0.036337 (VIOLATED)
max_cap460/A                            0.350000    0.386325   -0.036325 (VIOLATED)
wire255/X                               0.350000    0.386316   -0.036316 (VIOLATED)
wire323/X                               0.350000    0.386062   -0.036062 (VIOLATED)
wire397/A                               0.350000    0.386014   -0.036014 (VIOLATED)
max_cap402/A                            0.350000    0.386007   -0.036007 (VIOLATED)
ANTENNA_2346/DIODE                      0.350000    0.385794   -0.035794 (VIOLATED)
ANTENNA_2344/DIODE                      0.350000    0.385793   -0.035793 (VIOLATED)
ANTENNA_2342/DIODE                      0.350000    0.385793   -0.035793 (VIOLATED)
ANTENNA_2339/DIODE                      0.350000    0.385793   -0.035793 (VIOLATED)
ANTENNA_2341/DIODE                      0.350000    0.385793   -0.035793 (VIOLATED)
ANTENNA_2338/DIODE                      0.350000    0.385793   -0.035793 (VIOLATED)
ANTENNA_2337/DIODE                      0.350000    0.385792   -0.035792 (VIOLATED)
ANTENNA_2347/DIODE                      0.350000    0.385791   -0.035791 (VIOLATED)
ANTENNA_2345/DIODE                      0.350000    0.385791   -0.035791 (VIOLATED)
ANTENNA_2343/DIODE                      0.350000    0.385791   -0.035791 (VIOLATED)
ANTENNA_2340/DIODE                      0.350000    0.385784   -0.035784 (VIOLATED)
hold195/X                               0.350000    0.385603   -0.035603 (VIOLATED)
max_cap461/X                            0.350000    0.385538   -0.035538 (VIOLATED)
max_cap502/A                            0.350000    0.385499   -0.035499 (VIOLATED)
ANTENNA_2357/DIODE                      0.350000    0.385471   -0.035471 (VIOLATED)
ANTENNA_2356/DIODE                      0.350000    0.385463   -0.035463 (VIOLATED)
ANTENNA_2355/DIODE                      0.350000    0.385463   -0.035463 (VIOLATED)
ANTENNA_2353/DIODE                      0.350000    0.385463   -0.035463 (VIOLATED)
ANTENNA_2351/DIODE                      0.350000    0.385462   -0.035462 (VIOLATED)
ANTENNA_2350/DIODE                      0.350000    0.385462   -0.035462 (VIOLATED)
ANTENNA_2349/DIODE                      0.350000    0.385461   -0.035461 (VIOLATED)
ANTENNA_2348/DIODE                      0.350000    0.385458   -0.035458 (VIOLATED)
max_cap587/A                            0.350000    0.385428   -0.035428 (VIOLATED)
ANTENNA_2352/DIODE                      0.350000    0.385398   -0.035398 (VIOLATED)
ANTENNA_2354/DIODE                      0.350000    0.385395   -0.035395 (VIOLATED)
ANTENNA_2358/DIODE                      0.350000    0.385391   -0.035391 (VIOLATED)
u_memory.g_read[0].g_bank[2].g_slice[0].u_sram/din[22]    0.350000    0.385341   -0.035341 (VIOLATED)
max_cap550/A                            0.350000    0.385294   -0.035294 (VIOLATED)
max_cap572/X                            0.350000    0.384974   -0.034974 (VIOLATED)
max_cap608/A                            0.350000    0.384940   -0.034940 (VIOLATED)
max_cap503/X                            0.350000    0.384846   -0.034846 (VIOLATED)
max_cap498/A                            0.350000    0.384773   -0.034773 (VIOLATED)
max_cap588/X                            0.350000    0.384771   -0.034771 (VIOLATED)
u_memory.g_read[1].g_bank[1].g_slice[0].u_sram/din[23]    0.350000    0.384737   -0.034737 (VIOLATED)
max_cap574/X                            0.350000    0.384667   -0.034667 (VIOLATED)
max_cap556/X                            0.350000    0.384581   -0.034581 (VIOLATED)
ANTENNA_1696/DIODE                      0.350000    0.384510   -0.034510 (VIOLATED)
ANTENNA_1686/DIODE                      0.350000    0.384499   -0.034499 (VIOLATED)
wire418/A                               0.350000    0.384491   -0.034491 (VIOLATED)
_073_/D                                 0.350000    0.384481   -0.034481 (VIOLATED)
ANTENNA_226/DIODE                       0.350000    0.384480   -0.034480 (VIOLATED)
ANTENNA_1693/DIODE                      0.350000    0.384465   -0.034465 (VIOLATED)
ANTENNA_1691/DIODE                      0.350000    0.384465   -0.034465 (VIOLATED)
ANTENNA_1689/DIODE                      0.350000    0.384463   -0.034463 (VIOLATED)
ANTENNA_1688/DIODE                      0.350000    0.384460   -0.034460 (VIOLATED)
ANTENNA_1687/DIODE                      0.350000    0.384459   -0.034459 (VIOLATED)
input19/X                               0.350000    0.384451   -0.034451 (VIOLATED)
ANTENNA_1695/DIODE                      0.350000    0.384425   -0.034425 (VIOLATED)
ANTENNA_1694/DIODE                      0.350000    0.384424   -0.034424 (VIOLATED)
ANTENNA_1692/DIODE                      0.350000    0.384424   -0.034424 (VIOLATED)
ANTENNA_1690/DIODE                      0.350000    0.384424   -0.034424 (VIOLATED)
max_cap609/X                            0.350000    0.384294   -0.034294 (VIOLATED)
_037_/D                                 0.350000    0.384284   -0.034284 (VIOLATED)
u_memory._339_/X                        0.350000    0.384262   -0.034262 (VIOLATED)
max_cap499/X                            0.350000    0.384119   -0.034119 (VIOLATED)
u_memory._190_/B                        0.350000    0.383934   -0.033934 (VIOLATED)
hold23/X                                0.350000    0.383915   -0.033915 (VIOLATED)
max_cap419/A                            0.350000    0.383872   -0.033872 (VIOLATED)
max_cap469/X                            0.350000    0.383861   -0.033861 (VIOLATED)
u_memory.g_read[1].g_bank[1].g_slice[0].u_sram/din[27]    0.350000    0.383767   -0.033767 (VIOLATED)
max_cap516/A                            0.350000    0.383730   -0.033730 (VIOLATED)
ANTENNA_2317/DIODE                      0.350000    0.383693   -0.033693 (VIOLATED)
ANTENNA_2318/DIODE                      0.350000    0.383692   -0.033692 (VIOLATED)
ANTENNA_2319/DIODE                      0.350000    0.383692   -0.033692 (VIOLATED)
ANTENNA_2320/DIODE                      0.350000    0.383692   -0.033692 (VIOLATED)
ANTENNA_2324/DIODE                      0.350000    0.383691   -0.033691 (VIOLATED)
ANTENNA_2322/DIODE                      0.350000    0.383691   -0.033691 (VIOLATED)
ANTENNA_2315/DIODE                      0.350000    0.383646   -0.033646 (VIOLATED)
ANTENNA_2316/DIODE                      0.350000    0.383643   -0.033643 (VIOLATED)
ANTENNA_2321/DIODE                      0.350000    0.383641   -0.033641 (VIOLATED)
ANTENNA_2323/DIODE                      0.350000    0.383638   -0.033638 (VIOLATED)
ANTENNA_2325/DIODE                      0.350000    0.383636   -0.033636 (VIOLATED)
ANTENNA_20/DIODE                        0.350000    0.383463   -0.033463 (VIOLATED)
_027_/D                                 0.350000    0.383461   -0.033461 (VIOLATED)
u_memory._232_/A1                       0.350000    0.383279   -0.033279 (VIOLATED)
ANTENNA_1009/DIODE                      0.350000    0.383275   -0.033275 (VIOLATED)
ANTENNA_1007/DIODE                      0.350000    0.383274   -0.033274 (VIOLATED)
ANTENNA_1008/DIODE                      0.350000    0.383271   -0.033271 (VIOLATED)
u_memory.g_read[1].g_bank[1].g_slice[0].u_sram/din[17]    0.350000    0.383197   -0.033197 (VIOLATED)
u_memory._288_/X                        0.350000    0.383131   -0.033131 (VIOLATED)
max_cap517/X                            0.350000    0.383072   -0.033072 (VIOLATED)
max_cap569/X                            0.350000    0.382922   -0.032922 (VIOLATED)
ANTENNA_1739/DIODE                      0.350000    0.382727   -0.032727 (VIOLATED)
ANTENNA_1730/DIODE                      0.350000    0.382723   -0.032723 (VIOLATED)
ANTENNA_1736/DIODE                      0.350000    0.382721   -0.032721 (VIOLATED)
ANTENNA_1734/DIODE                      0.350000    0.382721   -0.032720 (VIOLATED)
ANTENNA_1733/DIODE                      0.350000    0.382720   -0.032720 (VIOLATED)
ANTENNA_1732/DIODE                      0.350000    0.382720   -0.032720 (VIOLATED)
ANTENNA_1731/DIODE                      0.350000    0.382720   -0.032720 (VIOLATED)
u_memory.g_read[0].g_bank[2].g_slice[0].u_sram/din[25]    0.350000    0.382715   -0.032715 (VIOLATED)
wire315/X                               0.350000    0.382715   -0.032715 (VIOLATED)
ANTENNA_1735/DIODE                      0.350000    0.382668   -0.032668 (VIOLATED)
ANTENNA_1737/DIODE                      0.350000    0.382665   -0.032665 (VIOLATED)
ANTENNA_1738/DIODE                      0.350000    0.382662   -0.032662 (VIOLATED)
ANTENNA_1740/DIODE                      0.350000    0.382660   -0.032660 (VIOLATED)
ANTENNA_2194/DIODE                      0.350000    0.382487   -0.032487 (VIOLATED)
ANTENNA_2198/DIODE                      0.350000    0.382487   -0.032487 (VIOLATED)
ANTENNA_2195/DIODE                      0.350000    0.382487   -0.032487 (VIOLATED)
ANTENNA_2197/DIODE                      0.350000    0.382487   -0.032487 (VIOLATED)
ANTENNA_2196/DIODE                      0.350000    0.382487   -0.032487 (VIOLATED)
ANTENNA_2201/DIODE                      0.350000    0.382486   -0.032486 (VIOLATED)
ANTENNA_2202/DIODE                      0.350000    0.382485   -0.032485 (VIOLATED)
ANTENNA_2192/DIODE                      0.350000    0.382485   -0.032485 (VIOLATED)
ANTENNA_2200/DIODE                      0.350000    0.382482   -0.032482 (VIOLATED)
ANTENNA_2199/DIODE                      0.350000    0.382482   -0.032482 (VIOLATED)
ANTENNA_2193/DIODE                      0.350000    0.382479   -0.032479 (VIOLATED)
u_memory._332_/A2                       0.350000    0.382468   -0.032468 (VIOLATED)
ANTENNA_727/DIODE                       0.350000    0.382454   -0.032454 (VIOLATED)
ANTENNA_729/DIODE                       0.350000    0.382450   -0.032450 (VIOLATED)
ANTENNA_728/DIODE                       0.350000    0.382446   -0.032446 (VIOLATED)
ANTENNA_730/DIODE                       0.350000    0.382443   -0.032443 (VIOLATED)
ANTENNA_2372/DIODE                      0.350000    0.382388   -0.032388 (VIOLATED)
ANTENNA_2381/DIODE                      0.350000    0.382387   -0.032387 (VIOLATED)
ANTENNA_2378/DIODE                      0.350000    0.382387   -0.032387 (VIOLATED)
ANTENNA_2375/DIODE                      0.350000    0.382376   -0.032376 (VIOLATED)
ANTENNA_2374/DIODE                      0.350000    0.382375   -0.032375 (VIOLATED)
ANTENNA_2376/DIODE                      0.350000    0.382375   -0.032375 (VIOLATED)
ANTENNA_2377/DIODE                      0.350000    0.382374   -0.032374 (VIOLATED)
ANTENNA_2379/DIODE                      0.350000    0.382373   -0.032373 (VIOLATED)
ANTENNA_2382/DIODE                      0.350000    0.382372   -0.032372 (VIOLATED)
ANTENNA_2380/DIODE                      0.350000    0.382351   -0.032351 (VIOLATED)
ANTENNA_2373/DIODE                      0.350000    0.382324   -0.032324 (VIOLATED)
max_cap551/A                            0.350000    0.382043   -0.032043 (VIOLATED)
ANTENNA_1948/DIODE                      0.350000    0.382037   -0.032037 (VIOLATED)
ANTENNA_1946/DIODE                      0.350000    0.382037   -0.032037 (VIOLATED)
ANTENNA_1944/DIODE                      0.350000    0.382037   -0.032037 (VIOLATED)
ANTENNA_1942/DIODE                      0.350000    0.382036   -0.032036 (VIOLATED)
ANTENNA_1941/DIODE                      0.350000    0.382036   -0.032036 (VIOLATED)
ANTENNA_1940/DIODE                      0.350000    0.382034   -0.032034 (VIOLATED)
ANTENNA_1939/DIODE                      0.350000    0.382034   -0.032034 (VIOLATED)
ANTENNA_1949/DIODE                      0.350000    0.381997   -0.031997 (VIOLATED)
ANTENNA_1947/DIODE                      0.350000    0.381997   -0.031997 (VIOLATED)
ANTENNA_1945/DIODE                      0.350000    0.381996   -0.031996 (VIOLATED)
ANTENNA_1943/DIODE                      0.350000    0.381996   -0.031996 (VIOLATED)
max_cap476/X                            0.350000    0.381961   -0.031961 (VIOLATED)
wire241/X                               0.350000    0.381925   -0.031925 (VIOLATED)
max_cap550/X                            0.350000    0.381908   -0.031908 (VIOLATED)
u_memory._288_/A1                       0.350000    0.381875   -0.031875 (VIOLATED)
ANTENNA_1140/DIODE                      0.350000    0.381862   -0.031862 (VIOLATED)
ANTENNA_1138/DIODE                      0.350000    0.381860   -0.031860 (VIOLATED)
_133_/D                                 0.350000    0.381850   -0.031850 (VIOLATED)
ANTENNA_1139/DIODE                      0.350000    0.381849   -0.031849 (VIOLATED)
ANTENNA_1141/DIODE                      0.350000    0.381831   -0.031831 (VIOLATED)
input70/X                               0.350000    0.381785   -0.031785 (VIOLATED)
max_cap578/X                            0.350000    0.381594   -0.031594 (VIOLATED)
u_memory._376_/C                        0.350000    0.381565   -0.031565 (VIOLATED)
ANTENNA_671/DIODE                       0.350000    0.381560   -0.031560 (VIOLATED)
ANTENNA_670/DIODE                       0.350000    0.381560   -0.031560 (VIOLATED)
ANTENNA_669/DIODE                       0.350000    0.381558   -0.031558 (VIOLATED)
u_memory._250_/C                        0.350000    0.381473   -0.031473 (VIOLATED)
ANTENNA_986/DIODE                       0.350000    0.381471   -0.031471 (VIOLATED)
ANTENNA_984/DIODE                       0.350000    0.381469   -0.031469 (VIOLATED)
ANTENNA_982/DIODE                       0.350000    0.381468   -0.031468 (VIOLATED)
ANTENNA_983/DIODE                       0.350000    0.381464   -0.031464 (VIOLATED)
ANTENNA_985/DIODE                       0.350000    0.381461   -0.031461 (VIOLATED)
u_memory._304_/A0                       0.350000    0.381372   -0.031372 (VIOLATED)
max_cap510/X                            0.350000    0.381329   -0.031329 (VIOLATED)
ANTENNA_2482/DIODE                      0.350000    0.381284   -0.031284 (VIOLATED)
ANTENNA_2492/DIODE                      0.350000    0.381281   -0.031281 (VIOLATED)
ANTENNA_2490/DIODE                      0.350000    0.381281   -0.031281 (VIOLATED)
wire350/X                               0.350000    0.381275   -0.031275 (VIOLATED)
ANTENNA_2486/DIODE                      0.350000    0.381243   -0.031243 (VIOLATED)
ANTENNA_2485/DIODE                      0.350000    0.381243   -0.031243 (VIOLATED)
ANTENNA_2483/DIODE                      0.350000    0.381243   -0.031243 (VIOLATED)
ANTENNA_2484/DIODE                      0.350000    0.381241   -0.031241 (VIOLATED)
output128/A                             0.350000    0.381233   -0.031233 (VIOLATED)
max_cap552/X                            0.350000    0.381210   -0.031210 (VIOLATED)
ANTENNA_2487/DIODE                      0.350000    0.381200   -0.031200 (VIOLATED)
ANTENNA_2491/DIODE                      0.350000    0.381200   -0.031200 (VIOLATED)
ANTENNA_2488/DIODE                      0.350000    0.381199   -0.031199 (VIOLATED)
ANTENNA_2489/DIODE                      0.350000    0.381199   -0.031199 (VIOLATED)
_006_/Q                                 0.350000    0.381179   -0.031179 (VIOLATED)
ANTENNA_2449/DIODE                      0.350000    0.381161   -0.031161 (VIOLATED)
ANTENNA_2456/DIODE                      0.350000    0.381160   -0.031160 (VIOLATED)
ANTENNA_2451/DIODE                      0.350000    0.381160   -0.031160 (VIOLATED)
ANTENNA_2455/DIODE                      0.350000    0.381159   -0.031159 (VIOLATED)
ANTENNA_2452/DIODE                      0.350000    0.381159   -0.031159 (VIOLATED)
ANTENNA_2454/DIODE                      0.350000    0.381159   -0.031159 (VIOLATED)
ANTENNA_2453/DIODE                      0.350000    0.381159   -0.031159 (VIOLATED)
ANTENNA_2450/DIODE                      0.350000    0.381156   -0.031156 (VIOLATED)
ANTENNA_2457/DIODE                      0.350000    0.381147   -0.031147 (VIOLATED)
ANTENNA_2458/DIODE                      0.350000    0.381147   -0.031147 (VIOLATED)
ANTENNA_2459/DIODE                      0.350000    0.381147   -0.031147 (VIOLATED)
ANTENNA_2383/DIODE                      0.350000    0.381120   -0.031120 (VIOLATED)
ANTENNA_2386/DIODE                      0.350000    0.381082   -0.031082 (VIOLATED)
ANTENNA_2384/DIODE                      0.350000    0.381081   -0.031081 (VIOLATED)
ANTENNA_2385/DIODE                      0.350000    0.381081   -0.031081 (VIOLATED)
_067_/Q                                 0.350000    0.381080   -0.031080 (VIOLATED)
ANTENNA_2256/DIODE                      0.350000    0.381065   -0.031065 (VIOLATED)
ANTENNA_2254/DIODE                      0.350000    0.381064   -0.031064 (VIOLATED)
ANTENNA_2252/DIODE                      0.350000    0.381064   -0.031064 (VIOLATED)
ANTENNA_2249/DIODE                      0.350000    0.381064   -0.031064 (VIOLATED)
ANTENNA_2251/DIODE                      0.350000    0.381064   -0.031064 (VIOLATED)
ANTENNA_2248/DIODE                      0.350000    0.381063   -0.031063 (VIOLATED)
ANTENNA_2247/DIODE                      0.350000    0.381061   -0.031061 (VIOLATED)
ANTENNA_2255/DIODE                      0.350000    0.381060   -0.031060 (VIOLATED)
ANTENNA_2253/DIODE                      0.350000    0.381060   -0.031060 (VIOLATED)
ANTENNA_2257/DIODE                      0.350000    0.381054   -0.031053 (VIOLATED)
ANTENNA_2250/DIODE                      0.350000    0.381053   -0.031053 (VIOLATED)
ANTENNA_2387/DIODE                      0.350000    0.381049   -0.031049 (VIOLATED)
ANTENNA_2392/DIODE                      0.350000    0.381049   -0.031049 (VIOLATED)
ANTENNA_2393/DIODE                      0.350000    0.381049   -0.031049 (VIOLATED)
wire225/X                               0.350000    0.381025   -0.031025 (VIOLATED)
ANTENNA_2388/DIODE                      0.350000    0.380996   -0.030996 (VIOLATED)
ANTENNA_2389/DIODE                      0.350000    0.380994   -0.030994 (VIOLATED)
ANTENNA_2390/DIODE                      0.350000    0.380991   -0.030991 (VIOLATED)
ANTENNA_2391/DIODE                      0.350000    0.380988   -0.030988 (VIOLATED)
_110_/D                                 0.350000    0.380987   -0.030987 (VIOLATED)
input38/X                               0.350000    0.380967   -0.030967 (VIOLATED)
wire309/X                               0.350000    0.380960   -0.030960 (VIOLATED)
ANTENNA_2437/DIODE                      0.350000    0.380611   -0.030611 (VIOLATED)
ANTENNA_2435/DIODE                      0.350000    0.380611   -0.030611 (VIOLATED)
ANTENNA_2433/DIODE                      0.350000    0.380611   -0.030611 (VIOLATED)
ANTENNA_2431/DIODE                      0.350000    0.380610   -0.030610 (VIOLATED)
ANTENNA_2430/DIODE                      0.350000    0.380610   -0.030610 (VIOLATED)
ANTENNA_2427/DIODE                      0.350000    0.380609   -0.030609 (VIOLATED)
ANTENNA_2428/DIODE                      0.350000    0.380609   -0.030609 (VIOLATED)
ANTENNA_2429/DIODE                      0.350000    0.380605   -0.030604 (VIOLATED)
ANTENNA_2436/DIODE                      0.350000    0.380592   -0.030592 (VIOLATED)
ANTENNA_2432/DIODE                      0.350000    0.380592   -0.030592 (VIOLATED)
ANTENNA_2434/DIODE                      0.350000    0.380591   -0.030591 (VIOLATED)
max_cap595/X                            0.350000    0.380535   -0.030535 (VIOLATED)
u_memory._382_/C                        0.350000    0.380460   -0.030460 (VIOLATED)
ANTENNA_667/DIODE                       0.350000    0.380458   -0.030458 (VIOLATED)
ANTENNA_668/DIODE                       0.350000    0.380457   -0.030457 (VIOLATED)
ANTENNA_666/DIODE                       0.350000    0.380454   -0.030454 (VIOLATED)
max_cap589/X                            0.350000    0.380435   -0.030435 (VIOLATED)
max_cap558/X                            0.350000    0.380253   -0.030253 (VIOLATED)
max_cap579/X                            0.350000    0.380228   -0.030228 (VIOLATED)
u_memory.g_read[1].g_bank[2].g_slice[0].u_sram/din[28]    0.350000    0.380164   -0.030164 (VIOLATED)
ANTENNA_228/DIODE                       0.350000    0.379950   -0.029950 (VIOLATED)
_076_/D                                 0.350000    0.379946   -0.029946 (VIOLATED)
max_cap586/X                            0.350000    0.379915   -0.029915 (VIOLATED)
wire224/X                               0.350000    0.379866   -0.029866 (VIOLATED)
u_memory._258_/A1                       0.350000    0.379733   -0.029733 (VIOLATED)
ANTENNA_1173/DIODE                      0.350000    0.379725   -0.029725 (VIOLATED)
ANTENNA_1175/DIODE                      0.350000    0.379719   -0.029719 (VIOLATED)
ANTENNA_1174/DIODE                      0.350000    0.379704   -0.029704 (VIOLATED)
ANTENNA_1176/DIODE                      0.350000    0.379700   -0.029700 (VIOLATED)
ANTENNA_2710/DIODE                      0.350000    0.379666   -0.029666 (VIOLATED)
ANTENNA_2711/DIODE                      0.350000    0.379666   -0.029666 (VIOLATED)
ANTENNA_2709/DIODE                      0.350000    0.379666   -0.029666 (VIOLATED)
ANTENNA_2708/DIODE                      0.350000    0.379666   -0.029666 (VIOLATED)
ANTENNA_2613/DIODE                      0.350000    0.379602   -0.029602 (VIOLATED)
ANTENNA_2611/DIODE                      0.350000    0.379601   -0.029601 (VIOLATED)
ANTENNA_2608/DIODE                      0.350000    0.379593   -0.029593 (VIOLATED)
ANTENNA_2609/DIODE                      0.350000    0.379593   -0.029593 (VIOLATED)
ANTENNA_2610/DIODE                      0.350000    0.379593   -0.029592 (VIOLATED)
ANTENNA_2603/DIODE                      0.350000    0.379592   -0.029592 (VIOLATED)
ANTENNA_2612/DIODE                      0.350000    0.379592   -0.029592 (VIOLATED)
ANTENNA_2607/DIODE                      0.350000    0.379582   -0.029582 (VIOLATED)
ANTENNA_2678/DIODE                      0.350000    0.379572   -0.029572 (VIOLATED)
ANTENNA_2675/DIODE                      0.350000    0.379571   -0.029571 (VIOLATED)
ANTENNA_2669/DIODE                      0.350000    0.379571   -0.029571 (VIOLATED)
ANTENNA_2606/DIODE                      0.350000    0.379561   -0.029561 (VIOLATED)
ANTENNA_2605/DIODE                      0.350000    0.379560   -0.029560 (VIOLATED)
ANTENNA_2604/DIODE                      0.350000    0.379559   -0.029559 (VIOLATED)
ANTENNA_2677/DIODE                      0.350000    0.379536   -0.029536 (VIOLATED)
ANTENNA_2674/DIODE                      0.350000    0.379536   -0.029536 (VIOLATED)
ANTENNA_2673/DIODE                      0.350000    0.379530   -0.029530 (VIOLATED)
ANTENNA_2672/DIODE                      0.350000    0.379528   -0.029528 (VIOLATED)
ANTENNA_2671/DIODE                      0.350000    0.379525   -0.029525 (VIOLATED)
ANTENNA_2670/DIODE                      0.350000    0.379525   -0.029525 (VIOLATED)
u_memory._412_/C                        0.350000    0.379511   -0.029511 (VIOLATED)
ANTENNA_643/DIODE                       0.350000    0.379501   -0.029501 (VIOLATED)
ANTENNA_2676/DIODE                      0.350000    0.379483   -0.029483 (VIOLATED)
ANTENNA_2679/DIODE                      0.350000    0.379483   -0.029483 (VIOLATED)
hold169/X                               0.350000    0.379442   -0.029442 (VIOLATED)
input22/X                               0.350000    0.379300   -0.029300 (VIOLATED)
_114_/D                                 0.350000    0.379256   -0.029256 (VIOLATED)
input42/X                               0.350000    0.379231   -0.029231 (VIOLATED)
wire361/X                               0.350000    0.379208   -0.029208 (VIOLATED)
wire216/X                               0.350000    0.379025   -0.029025 (VIOLATED)
ANTENNA_2545/DIODE                      0.350000    0.378906   -0.028906 (VIOLATED)
ANTENNA_2543/DIODE                      0.350000    0.378905   -0.028905 (VIOLATED)
ANTENNA_2541/DIODE                      0.350000    0.378905   -0.028905 (VIOLATED)
ANTENNA_2540/DIODE                      0.350000    0.378904   -0.028904 (VIOLATED)
ANTENNA_2539/DIODE                      0.350000    0.378904   -0.028904 (VIOLATED)
ANTENNA_2538/DIODE                      0.350000    0.378903   -0.028903 (VIOLATED)
ANTENNA_2537/DIODE                      0.350000    0.378898   -0.028898 (VIOLATED)
ANTENNA_2547/DIODE                      0.350000    0.378880   -0.028880 (VIOLATED)
ANTENNA_2546/DIODE                      0.350000    0.378880   -0.028880 (VIOLATED)
ANTENNA_2544/DIODE                      0.350000    0.378879   -0.028879 (VIOLATED)
ANTENNA_2542/DIODE                      0.350000    0.378879   -0.028879 (VIOLATED)
max_cap614/X                            0.350000    0.378850   -0.028850 (VIOLATED)
max_cap625/X                            0.350000    0.378829   -0.028829 (VIOLATED)
u_memory.g_read[0].g_bank[1].g_slice[0].u_sram/din[5]    0.350000    0.378624   -0.028624 (VIOLATED)
u_memory.g_read[1].g_bank[1].g_slice[0].u_sram/din[19]    0.350000    0.378591   -0.028591 (VIOLATED)
ANTENNA_2144/DIODE                      0.350000    0.378555   -0.028555 (VIOLATED)
ANTENNA_2138/DIODE                      0.350000    0.378550   -0.028550 (VIOLATED)
ANTENNA_2137/DIODE                      0.350000    0.378549   -0.028549 (VIOLATED)
ANTENNA_2143/DIODE                      0.350000    0.378548   -0.028548 (VIOLATED)
ANTENNA_2139/DIODE                      0.350000    0.378548   -0.028548 (VIOLATED)
ANTENNA_2142/DIODE                      0.350000    0.378548   -0.028548 (VIOLATED)
ANTENNA_2141/DIODE                      0.350000    0.378548   -0.028548 (VIOLATED)
ANTENNA_2140/DIODE                      0.350000    0.378547   -0.028547 (VIOLATED)
ANTENNA_2145/DIODE                      0.350000    0.378531   -0.028530 (VIOLATED)
ANTENNA_2146/DIODE                      0.350000    0.378530   -0.028530 (VIOLATED)
ANTENNA_2147/DIODE                      0.350000    0.378530   -0.028530 (VIOLATED)
u_memory.g_read[1].g_bank[0].g_slice[0].u_sram/addr[1]    0.350000    0.378506   -0.028506 (VIOLATED)
ANTENNA_2695/DIODE                      0.350000    0.377992   -0.027992 (VIOLATED)
ANTENNA_2694/DIODE                      0.350000    0.377992   -0.027992 (VIOLATED)
ANTENNA_2693/DIODE                      0.350000    0.377991   -0.027991 (VIOLATED)
ANTENNA_2692/DIODE                      0.350000    0.377990   -0.027990 (VIOLATED)
max_cap541/X                            0.350000    0.377837   -0.027837 (VIOLATED)
hold158/X                               0.350000    0.377779   -0.027779 (VIOLATED)
max_cap605/X                            0.350000    0.377669   -0.027669 (VIOLATED)
ANTENNA_2567/DIODE                      0.350000    0.376678   -0.026678 (VIOLATED)
ANTENNA_2565/DIODE                      0.350000    0.376678   -0.026678 (VIOLATED)
ANTENNA_2561/DIODE                      0.350000    0.376677   -0.026677 (VIOLATED)
ANTENNA_2560/DIODE                      0.350000    0.376677   -0.026677 (VIOLATED)
ANTENNA_2569/DIODE                      0.350000    0.376665   -0.026665 (VIOLATED)
ANTENNA_2568/DIODE                      0.350000    0.376665   -0.026665 (VIOLATED)
ANTENNA_2566/DIODE                      0.350000    0.376664   -0.026664 (VIOLATED)
ANTENNA_2564/DIODE                      0.350000    0.376664   -0.026664 (VIOLATED)
ANTENNA_2563/DIODE                      0.350000    0.376664   -0.026664 (VIOLATED)
ANTENNA_2562/DIODE                      0.350000    0.376663   -0.026663 (VIOLATED)
ANTENNA_2559/DIODE                      0.350000    0.376663   -0.026663 (VIOLATED)
u_memory._364_/C                        0.350000    0.376585   -0.026585 (VIOLATED)
ANTENNA_683/DIODE                       0.350000    0.376581   -0.026581 (VIOLATED)
ANTENNA_684/DIODE                       0.350000    0.376570   -0.026570 (VIOLATED)
ANTENNA_685/DIODE                       0.350000    0.376561   -0.026561 (VIOLATED)
ANTENNA_686/DIODE                       0.350000    0.376559   -0.026559 (VIOLATED)
wire442/A                               0.350000    0.376546   -0.026546 (VIOLATED)
u_memory._260_/A2                       0.350000    0.376524   -0.026524 (VIOLATED)
ANTENNA_1058/DIODE                      0.350000    0.376521   -0.026521 (VIOLATED)
ANTENNA_1056/DIODE                      0.350000    0.376519   -0.026519 (VIOLATED)
ANTENNA_1057/DIODE                      0.350000    0.376517   -0.026517 (VIOLATED)
max_cap444/A                            0.350000    0.376454   -0.026454 (VIOLATED)
max_cap443/A                            0.350000    0.376422   -0.026422 (VIOLATED)
u_memory._402_/B1                       0.350000    0.376389   -0.026389 (VIOLATED)
ANTENNA_203/DIODE                       0.350000    0.376383   -0.026383 (VIOLATED)
ANTENNA_1609/DIODE                      0.350000    0.376289   -0.026289 (VIOLATED)
ANTENNA_1618/DIODE                      0.350000    0.376271   -0.026271 (VIOLATED)
ANTENNA_1617/DIODE                      0.350000    0.376270   -0.026270 (VIOLATED)
ANTENNA_1616/DIODE                      0.350000    0.376270   -0.026270 (VIOLATED)
ANTENNA_1615/DIODE                      0.350000    0.376270   -0.026270 (VIOLATED)
ANTENNA_1610/DIODE                      0.350000    0.376255   -0.026255 (VIOLATED)
ANTENNA_1611/DIODE                      0.350000    0.376255   -0.026255 (VIOLATED)
ANTENNA_1612/DIODE                      0.350000    0.376254   -0.026254 (VIOLATED)
ANTENNA_1613/DIODE                      0.350000    0.376253   -0.026253 (VIOLATED)
ANTENNA_1614/DIODE                      0.350000    0.376250   -0.026250 (VIOLATED)
ANTENNA_1619/DIODE                      0.350000    0.376245   -0.026245 (VIOLATED)
hold99/X                                0.350000    0.376214   -0.026214 (VIOLATED)
u_memory._400_/X                        0.350000    0.376103   -0.026103 (VIOLATED)
u_memory.g_read[1].g_bank[1].g_slice[0].u_sram/addr[1]    0.350000    0.376084   -0.026084 (VIOLATED)
wire229/X                               0.350000    0.376072   -0.026072 (VIOLATED)
max_cap608/X                            0.350000    0.375968   -0.025968 (VIOLATED)
wire328/X                               0.350000    0.375966   -0.025966 (VIOLATED)
wire398/A                               0.350000    0.375791   -0.025791 (VIOLATED)
max_cap457/X                            0.350000    0.375636   -0.025636 (VIOLATED)
u_memory._237_/B2                       0.350000    0.375614   -0.025614 (VIOLATED)
u_memory._258_/B1                       0.350000    0.375610   -0.025610 (VIOLATED)
ANTENNA_65/DIODE                        0.350000    0.375609   -0.025609 (VIOLATED)
ANTENNA_63/DIODE                        0.350000    0.375604   -0.025604 (VIOLATED)
ANTENNA_87/DIODE                        0.350000    0.375598   -0.025598 (VIOLATED)
ANTENNA_86/DIODE                        0.350000    0.375596   -0.025596 (VIOLATED)
ANTENNA_64/DIODE                        0.350000    0.375583   -0.025583 (VIOLATED)
ANTENNA_88/DIODE                        0.350000    0.375580   -0.025580 (VIOLATED)
ANTENNA_62/DIODE                        0.350000    0.375561   -0.025561 (VIOLATED)
u_memory._256_/X                        0.350000    0.375221   -0.025221 (VIOLATED)
u_memory._236_/X                        0.350000    0.374889   -0.024889 (VIOLATED)
u_memory._184_/A2                       0.350000    0.374803   -0.024803 (VIOLATED)
max_cap399/A                            0.350000    0.374681   -0.024681 (VIOLATED)
u_memory._183_/X                        0.350000    0.374462   -0.024462 (VIOLATED)
_069_/D                                 0.350000    0.374318   -0.024318 (VIOLATED)
max_cap441/A                            0.350000    0.374307   -0.024307 (VIOLATED)
input15/X                               0.350000    0.374263   -0.024263 (VIOLATED)
ANTENNA_2689/DIODE                      0.350000    0.374010   -0.024010 (VIOLATED)
ANTENNA_2688/DIODE                      0.350000    0.374009   -0.024009 (VIOLATED)
ANTENNA_2690/DIODE                      0.350000    0.374007   -0.024006 (VIOLATED)
ANTENNA_2691/DIODE                      0.350000    0.374006   -0.024006 (VIOLATED)
wire400/X                               0.350000    0.373959   -0.023959 (VIOLATED)
hold156/X                               0.350000    0.373802   -0.023802 (VIOLATED)
u_memory._336_/B1                       0.350000    0.373696   -0.023696 (VIOLATED)
ANTENNA_143/DIODE                       0.350000    0.373692   -0.023692 (VIOLATED)
ANTENNA_141/DIODE                       0.350000    0.373691   -0.023691 (VIOLATED)
ANTENNA_142/DIODE                       0.350000    0.373689   -0.023688 (VIOLATED)
u_memory._334_/X                        0.350000    0.373376   -0.023376 (VIOLATED)
u_memory._242_/A1                       0.350000    0.373326   -0.023326 (VIOLATED)
ANTENNA_1080/DIODE                      0.350000    0.373322   -0.023322 (VIOLATED)
ANTENNA_1078/DIODE                      0.350000    0.373320   -0.023320 (VIOLATED)
ANTENNA_1077/DIODE                      0.350000    0.373317   -0.023317 (VIOLATED)
ANTENNA_1079/DIODE                      0.350000    0.373315   -0.023315 (VIOLATED)
ANTENNA_1820/DIODE                      0.350000    0.373039   -0.023039 (VIOLATED)
ANTENNA_1819/DIODE                      0.350000    0.373038   -0.023038 (VIOLATED)
ANTENNA_1818/DIODE                      0.350000    0.373038   -0.023038 (VIOLATED)
ANTENNA_1827/DIODE                      0.350000    0.373027   -0.023027 (VIOLATED)
ANTENNA_1825/DIODE                      0.350000    0.373027   -0.023027 (VIOLATED)
ANTENNA_1822/DIODE                      0.350000    0.372992   -0.022992 (VIOLATED)
ANTENNA_1821/DIODE                      0.350000    0.372992   -0.022992 (VIOLATED)
ANTENNA_1823/DIODE                      0.350000    0.372992   -0.022992 (VIOLATED)
ANTENNA_1824/DIODE                      0.350000    0.372990   -0.022990 (VIOLATED)
ANTENNA_1826/DIODE                      0.350000    0.372988   -0.022988 (VIOLATED)
ANTENNA_1828/DIODE                      0.350000    0.372986   -0.022986 (VIOLATED)
u_memory._381_/B1                       0.350000    0.372761   -0.022761 (VIOLATED)
wire334/X                               0.350000    0.372710   -0.022710 (VIOLATED)
ANTENNA_2181/DIODE                      0.350000    0.372609   -0.022609 (VIOLATED)
ANTENNA_2190/DIODE                      0.350000    0.372573   -0.022573 (VIOLATED)
ANTENNA_2186/DIODE                      0.350000    0.372571   -0.022571 (VIOLATED)
ANTENNA_2185/DIODE                      0.350000    0.372569   -0.022569 (VIOLATED)
ANTENNA_2184/DIODE                      0.350000    0.372568   -0.022568 (VIOLATED)
ANTENNA_2183/DIODE                      0.350000    0.372566   -0.022566 (VIOLATED)
ANTENNA_2182/DIODE                      0.350000    0.372563   -0.022563 (VIOLATED)
ANTENNA_2191/DIODE                      0.350000    0.372525   -0.022525 (VIOLATED)
ANTENNA_2189/DIODE                      0.350000    0.372525   -0.022525 (VIOLATED)
ANTENNA_2188/DIODE                      0.350000    0.372524   -0.022524 (VIOLATED)
ANTENNA_2187/DIODE                      0.350000    0.372524   -0.022524 (VIOLATED)
u_memory._379_/X                        0.350000    0.372432   -0.022432 (VIOLATED)
max_cap490/X                            0.350000    0.372307   -0.022307 (VIOLATED)
max_cap423/X                            0.350000    0.372148   -0.022148 (VIOLATED)
u_memory._264_/A1                       0.350000    0.372039   -0.022039 (VIOLATED)
u_memory.g_read[0].g_bank[2].g_slice[0].u_sram/din[12]    0.350000    0.371898   -0.021898 (VIOLATED)
max_cap548/X                            0.350000    0.371820   -0.021820 (VIOLATED)
u_memory._394_/B                        0.350000    0.371767   -0.021767 (VIOLATED)
u_memory._374_/B2                       0.350000    0.371758   -0.021758 (VIOLATED)
u_memory._379_/B                        0.350000    0.371748   -0.021748 (VIOLATED)
u_memory._409_/B                        0.350000    0.371737   -0.021737 (VIOLATED)
u_memory._377_/B2                       0.350000    0.371728   -0.021728 (VIOLATED)
u_memory._403_/B                        0.350000    0.371627   -0.021627 (VIOLATED)
u_memory._415_/B                        0.350000    0.371524   -0.021524 (VIOLATED)
output87/A                              0.350000    0.371016   -0.021016 (VIOLATED)
ANTENNA_1674/DIODE                      0.350000    0.371014   -0.021014 (VIOLATED)
ANTENNA_1672/DIODE                      0.350000    0.371014   -0.021014 (VIOLATED)
ANTENNA_1670/DIODE                      0.350000    0.371014   -0.021014 (VIOLATED)
ANTENNA_1669/DIODE                      0.350000    0.371013   -0.021013 (VIOLATED)
ANTENNA_1668/DIODE                      0.350000    0.371013   -0.021013 (VIOLATED)
ANTENNA_1664/DIODE                      0.350000    0.371012   -0.021012 (VIOLATED)
ANTENNA_1673/DIODE                      0.350000    0.371011   -0.021011 (VIOLATED)
ANTENNA_1671/DIODE                      0.350000    0.371011   -0.021011 (VIOLATED)
ANTENNA_1665/DIODE                      0.350000    0.371011   -0.021011 (VIOLATED)
ANTENNA_1666/DIODE                      0.350000    0.371009   -0.021009 (VIOLATED)
ANTENNA_1667/DIODE                      0.350000    0.371009   -0.021009 (VIOLATED)
u_memory._240_/A1                       0.350000    0.370879   -0.020878 (VIOLATED)
ANTENNA_1197/DIODE                      0.350000    0.370865   -0.020865 (VIOLATED)
ANTENNA_1195/DIODE                      0.350000    0.370864   -0.020864 (VIOLATED)
ANTENNA_1196/DIODE                      0.350000    0.370854   -0.020854 (VIOLATED)
ANTENNA_1198/DIODE                      0.350000    0.370851   -0.020851 (VIOLATED)
u_memory.g_read[0].g_bank[0].g_slice[0].u_sram/wmask[1]    0.350000    0.370667   -0.020667 (VIOLATED)
max_cap466/X                            0.350000    0.370462   -0.020462 (VIOLATED)
wire367/X                               0.350000    0.370419   -0.020419 (VIOLATED)
fanout370/A                             0.350000    0.370197   -0.020197 (VIOLATED)
u_memory._430_/Q                        0.350000    0.370185   -0.020185 (VIOLATED)
u_memory.g_read[0].g_bank[0].g_slice[0].u_sram/addr[0]    0.350000    0.369876   -0.019876 (VIOLATED)
u_memory.g_read[0].g_bank[1].g_slice[0].u_sram/wmask[1]    0.350000    0.369769   -0.019769 (VIOLATED)
u_memory._389_/B2                       0.350000    0.369763   -0.019763 (VIOLATED)
_071_/D                                 0.350000    0.369733   -0.019733 (VIOLATED)
hold10/X                                0.350000    0.369713   -0.019713 (VIOLATED)
u_memory.g_read[1].g_bank[2].g_slice[0].u_sram/din[25]    0.350000    0.369701   -0.019701 (VIOLATED)
ANTENNA_2657/DIODE                      0.350000    0.369620   -0.019620 (VIOLATED)
ANTENNA_2654/DIODE                      0.350000    0.369620   -0.019620 (VIOLATED)
ANTENNA_2651/DIODE                      0.350000    0.369619   -0.019619 (VIOLATED)
ANTENNA_2650/DIODE                      0.350000    0.369619   -0.019619 (VIOLATED)
ANTENNA_2649/DIODE                      0.350000    0.369619   -0.019619 (VIOLATED)
ANTENNA_2655/DIODE                      0.350000    0.369617   -0.019617 (VIOLATED)
ANTENNA_2652/DIODE                      0.350000    0.369617   -0.019617 (VIOLATED)
ANTENNA_2648/DIODE                      0.350000    0.369617   -0.019617 (VIOLATED)
u_memory._291_/B2                       0.350000    0.369617   -0.019617 (VIOLATED)
ANTENNA_2647/DIODE                      0.350000    0.369616   -0.019616 (VIOLATED)
ANTENNA_120/DIODE                       0.350000    0.369615   -0.019615 (VIOLATED)
ANTENNA_2656/DIODE                      0.350000    0.369615   -0.019615 (VIOLATED)
ANTENNA_2653/DIODE                      0.350000    0.369614   -0.019614 (VIOLATED)
_033_/D                                 0.350000    0.369456   -0.019456 (VIOLATED)
u_memory._327_/X                        0.350000    0.369418   -0.019418 (VIOLATED)
wire442/X                               0.350000    0.369252   -0.019252 (VIOLATED)
ANTENNA_1375/DIODE                      0.350000    0.369243   -0.019243 (VIOLATED)
ANTENNA_1380/DIODE                      0.350000    0.369242   -0.019242 (VIOLATED)
ANTENNA_1376/DIODE                      0.350000    0.369241   -0.019241 (VIOLATED)
u_memory._396_/A1                       0.350000    0.369228   -0.019228 (VIOLATED)
ANTENNA_818/DIODE                       0.350000    0.369225   -0.019225 (VIOLATED)
ANTENNA_816/DIODE                       0.350000    0.369221   -0.019221 (VIOLATED)
ANTENNA_814/DIODE                       0.350000    0.369219   -0.019219 (VIOLATED)
ANTENNA_813/DIODE                       0.350000    0.369212   -0.019212 (VIOLATED)
ANTENNA_815/DIODE                       0.350000    0.369207   -0.019207 (VIOLATED)
ANTENNA_1384/DIODE                      0.350000    0.369204   -0.019204 (VIOLATED)
ANTENNA_1382/DIODE                      0.350000    0.369204   -0.019204 (VIOLATED)
ANTENNA_1381/DIODE                      0.350000    0.369203   -0.019203 (VIOLATED)
ANTENNA_1377/DIODE                      0.350000    0.369203   -0.019203 (VIOLATED)
ANTENNA_1378/DIODE                      0.350000    0.369202   -0.019202 (VIOLATED)
ANTENNA_817/DIODE                       0.350000    0.369201   -0.019201 (VIOLATED)
ANTENNA_1379/DIODE                      0.350000    0.369199   -0.019199 (VIOLATED)
ANTENNA_819/DIODE                       0.350000    0.369194   -0.019194 (VIOLATED)
ANTENNA_1383/DIODE                      0.350000    0.369150   -0.019150 (VIOLATED)
ANTENNA_1385/DIODE                      0.350000    0.369150   -0.019150 (VIOLATED)
u_memory._290_/X                        0.350000    0.369142   -0.019142 (VIOLATED)
ANTENNA_1763/DIODE                      0.350000    0.369073   -0.019073 (VIOLATED)
ANTENNA_1773/DIODE                      0.350000    0.369073   -0.019073 (VIOLATED)
ANTENNA_1772/DIODE                      0.350000    0.369073   -0.019073 (VIOLATED)
ANTENNA_1770/DIODE                      0.350000    0.369072   -0.019072 (VIOLATED)
ANTENNA_1768/DIODE                      0.350000    0.369072   -0.019072 (VIOLATED)
ANTENNA_1771/DIODE                      0.350000    0.369070   -0.019070 (VIOLATED)
ANTENNA_1769/DIODE                      0.350000    0.369070   -0.019070 (VIOLATED)
ANTENNA_1767/DIODE                      0.350000    0.369070   -0.019069 (VIOLATED)
ANTENNA_1765/DIODE                      0.350000    0.369069   -0.019069 (VIOLATED)
ANTENNA_1766/DIODE                      0.350000    0.369069   -0.019069 (VIOLATED)
ANTENNA_1764/DIODE                      0.350000    0.369059   -0.019059 (VIOLATED)
max_cap621/X                            0.350000    0.368977   -0.018977 (VIOLATED)
_074_/D                                 0.350000    0.368953   -0.018953 (VIOLATED)
fanout173/A                             0.350000    0.368950   -0.018950 (VIOLATED)
input20/X                               0.350000    0.368935   -0.018935 (VIOLATED)
u_memory._386_/B2                       0.350000    0.368686   -0.018686 (VIOLATED)
u_memory._212_/B1                       0.350000    0.368528   -0.018528 (VIOLATED)
ANTENNA_40/DIODE                        0.350000    0.368515   -0.018515 (VIOLATED)
ANTENNA_38/DIODE                        0.350000    0.368514   -0.018514 (VIOLATED)
ANTENNA_39/DIODE                        0.350000    0.368509   -0.018509 (VIOLATED)
u_memory._219_/C                        0.350000    0.368496   -0.018496 (VIOLATED)
ANTENNA_898/DIODE                       0.350000    0.368494   -0.018494 (VIOLATED)
ANTENNA_895/DIODE                       0.350000    0.368490   -0.018490 (VIOLATED)
ANTENNA_896/DIODE                       0.350000    0.368483   -0.018483 (VIOLATED)
ANTENNA_897/DIODE                       0.350000    0.368478   -0.018478 (VIOLATED)
max_cap420/X                            0.350000    0.368461   -0.018461 (VIOLATED)
u_memory._401_/B2                       0.350000    0.368359   -0.018359 (VIOLATED)
ANTENNA_767/DIODE                       0.350000    0.368349   -0.018349 (VIOLATED)
ANTENNA_764/DIODE                       0.350000    0.368345   -0.018345 (VIOLATED)
ANTENNA_765/DIODE                       0.350000    0.368343   -0.018343 (VIOLATED)
u_memory._354_/A1                       0.350000    0.368342   -0.018342 (VIOLATED)
max_cap481/X                            0.350000    0.368324   -0.018324 (VIOLATED)
ANTENNA_766/DIODE                       0.350000    0.368320   -0.018320 (VIOLATED)
u_memory._392_/B2                       0.350000    0.368241   -0.018241 (VIOLATED)
u_memory._419_/B2                       0.350000    0.368230   -0.018230 (VIOLATED)
wire154/A                               0.350000    0.368166   -0.018166 (VIOLATED)
u_memory._180_/Y                        0.350000    0.368163   -0.018163 (VIOLATED)
u_memory._210_/X                        0.350000    0.368140   -0.018140 (VIOLATED)
fanout174/A                             0.350000    0.367962   -0.017962 (VIOLATED)
ANTENNA_2150/DIODE                      0.350000    0.367905   -0.017905 (VIOLATED)
ANTENNA_2158/DIODE                      0.350000    0.367902   -0.017902 (VIOLATED)
ANTENNA_2156/DIODE                      0.350000    0.367901   -0.017901 (VIOLATED)
ANTENNA_2151/DIODE                      0.350000    0.367901   -0.017901 (VIOLATED)
ANTENNA_2149/DIODE                      0.350000    0.367901   -0.017901 (VIOLATED)
ANTENNA_2148/DIODE                      0.350000    0.367899   -0.017899 (VIOLATED)
ANTENNA_2152/DIODE                      0.350000    0.367899   -0.017899 (VIOLATED)
ANTENNA_2157/DIODE                      0.350000    0.367899   -0.017899 (VIOLATED)
ANTENNA_2155/DIODE                      0.350000    0.367899   -0.017899 (VIOLATED)
ANTENNA_2154/DIODE                      0.350000    0.367898   -0.017898 (VIOLATED)
ANTENNA_2153/DIODE                      0.350000    0.367898   -0.017898 (VIOLATED)
wire289/X                               0.350000    0.367866   -0.017866 (VIOLATED)
ANTENNA_1417/DIODE                      0.350000    0.367866   -0.017866 (VIOLATED)
ANTENNA_1413/DIODE                      0.350000    0.367865   -0.017865 (VIOLATED)
ANTENNA_1408/DIODE                      0.350000    0.367865   -0.017865 (VIOLATED)
ANTENNA_1412/DIODE                      0.350000    0.367865   -0.017865 (VIOLATED)
ANTENNA_1418/DIODE                      0.350000    0.367865   -0.017865 (VIOLATED)
ANTENNA_1411/DIODE                      0.350000    0.367865   -0.017865 (VIOLATED)
ANTENNA_1416/DIODE                      0.350000    0.367865   -0.017865 (VIOLATED)
ANTENNA_1415/DIODE                      0.350000    0.367864   -0.017864 (VIOLATED)
ANTENNA_1410/DIODE                      0.350000    0.367864   -0.017864 (VIOLATED)
ANTENNA_1414/DIODE                      0.350000    0.367864   -0.017864 (VIOLATED)
ANTENNA_1409/DIODE                      0.350000    0.367864   -0.017864 (VIOLATED)
wire253/X                               0.350000    0.367856   -0.017856 (VIOLATED)
u_memory._407_/B2                       0.350000    0.367802   -0.017802 (VIOLATED)
u_memory._383_/B2                       0.350000    0.367756   -0.017756 (VIOLATED)
u_memory._180_/A2                       0.350000    0.367733   -0.017733 (VIOLATED)
u_memory._191_/A2                       0.350000    0.367713   -0.017713 (VIOLATED)
u_memory._190_/X                        0.350000    0.367698   -0.017698 (VIOLATED)
max_cap544/A                            0.350000    0.367628   -0.017628 (VIOLATED)
u_memory._413_/B2                       0.350000    0.367584   -0.017584 (VIOLATED)
u_memory.g_read[1].g_bank[2].g_slice[0].u_sram/din[18]    0.350000    0.367565   -0.017565 (VIOLATED)
u_memory._212_/A1                       0.350000    0.367402   -0.017402 (VIOLATED)
ANTENNA_1163/DIODE                      0.350000    0.367387   -0.017387 (VIOLATED)
ANTENNA_1161/DIODE                      0.350000    0.367386   -0.017386 (VIOLATED)
u_memory._416_/B2                       0.350000    0.367385   -0.017385 (VIOLATED)
ANTENNA_1162/DIODE                      0.350000    0.367377   -0.017377 (VIOLATED)
ANTENNA_1164/DIODE                      0.350000    0.367374   -0.017374 (VIOLATED)
u_memory._398_/B2                       0.350000    0.367337   -0.017337 (VIOLATED)
max_cap543/X                            0.350000    0.367261   -0.017261 (VIOLATED)
max_cap426/X                            0.350000    0.367207   -0.017207 (VIOLATED)
wire269/X                               0.350000    0.367001   -0.017001 (VIOLATED)
u_memory.g_read[1].g_bank[1].g_slice[0].u_sram/din[13]    0.350000    0.366962   -0.016962 (VIOLATED)
wire357/X                               0.350000    0.366956   -0.016956 (VIOLATED)
u_memory._404_/B2                       0.350000    0.366921   -0.016920 (VIOLATED)
max_cap503/A                            0.350000    0.366898   -0.016898 (VIOLATED)
max_cap504/A                            0.350000    0.366883   -0.016883 (VIOLATED)
max_cap545/X                            0.350000    0.366850   -0.016850 (VIOLATED)
_023_/Q                                 0.350000    0.366798   -0.016798 (VIOLATED)
u_memory._410_/B2                       0.350000    0.366669   -0.016669 (VIOLATED)
u_memory.g_read[1].g_bank[2].g_slice[0].u_sram/din[30]    0.350000    0.366635   -0.016635 (VIOLATED)
u_memory._319_/A0                       0.350000    0.366603   -0.016602 (VIOLATED)
ANTENNA_2758/DIODE                      0.350000    0.366583   -0.016583 (VIOLATED)
u_memory._384_/B2                       0.350000    0.366539   -0.016539 (VIOLATED)
u_memory.g_read[0].g_bank[1].g_slice[0].u_sram/addr[0]    0.350000    0.366523   -0.016523 (VIOLATED)
u_memory._325_/X                        0.350000    0.366316   -0.016316 (VIOLATED)
fanout182/A                             0.350000    0.366313   -0.016313 (VIOLATED)
u_memory._246_/B1                       0.350000    0.366192   -0.016192 (VIOLATED)
ANTENNA_72/DIODE                        0.350000    0.366183   -0.016183 (VIOLATED)
ANTENNA_75/DIODE                        0.350000    0.366178   -0.016178 (VIOLATED)
ANTENNA_73/DIODE                        0.350000    0.366177   -0.016177 (VIOLATED)
ANTENNA_74/DIODE                        0.350000    0.366168   -0.016168 (VIOLATED)
fanout183/A                             0.350000    0.366151   -0.016151 (VIOLATED)
_036_/D                                 0.350000    0.366137   -0.016137 (VIOLATED)
u_memory._336_/X                        0.350000    0.366109   -0.016109 (VIOLATED)
u_memory._300_/A2                       0.350000    0.366069   -0.016069 (VIOLATED)
u_memory._297_/A2                       0.350000    0.366022   -0.016022 (VIOLATED)
u_memory._383_/X                        0.350000    0.366004   -0.016004 (VIOLATED)
u_memory._395_/B2                       0.350000    0.365981   -0.015981 (VIOLATED)
max_cap595/A                            0.350000    0.365875   -0.015875 (VIOLATED)
max_cap594/A                            0.350000    0.365868   -0.015868 (VIOLATED)
u_memory._380_/B2                       0.350000    0.365841   -0.015841 (VIOLATED)
u_memory._303_/A2                       0.350000    0.365835   -0.015835 (VIOLATED)
u_memory._244_/X                        0.350000    0.365779   -0.015779 (VIOLATED)
wire505/X                               0.350000    0.365764   -0.015765 (VIOLATED)
fanout174/X                             0.350000    0.365752   -0.015752 (VIOLATED)
u_memory._173_/A                        0.350000    0.365365   -0.015365 (VIOLATED)
u_memory._204_/B                        0.350000    0.365232   -0.015232 (VIOLATED)
u_memory.g_read[1].g_bank[3].g_slice[0].u_sram/din[25]    0.350000    0.365044   -0.015044 (VIOLATED)
u_memory._420_/B1                       0.350000    0.364827   -0.014827 (VIOLATED)
ANTENNA_2789/DIODE                      0.350000    0.364824   -0.014824 (VIOLATED)
u_memory._276_/A1                       0.350000    0.364779   -0.014779 (VIOLATED)
u_memory._179_/X                        0.350000    0.364713   -0.014713 (VIOLATED)
u_memory.g_read[1].g_bank[1].g_slice[0].u_sram/din[11]    0.350000    0.364678   -0.014678 (VIOLATED)
u_memory._418_/X                        0.350000    0.364588   -0.014588 (VIOLATED)
u_memory._203_/A_N                      0.350000    0.364550   -0.014550 (VIOLATED)
wire596/X                               0.350000    0.364417   -0.014417 (VIOLATED)
u_memory._207_/B                        0.350000    0.364004   -0.014004 (VIOLATED)
u_memory._206_/B                        0.350000    0.363908   -0.013908 (VIOLATED)
u_memory._294_/B1                       0.350000    0.363855   -0.013855 (VIOLATED)
ANTENNA_124/DIODE                       0.350000    0.363852   -0.013852 (VIOLATED)
ANTENNA_123/DIODE                       0.350000    0.363851   -0.013851 (VIOLATED)
ANTENNA_121/DIODE                       0.350000    0.363851   -0.013851 (VIOLATED)
ANTENNA_122/DIODE                       0.350000    0.363847   -0.013847 (VIOLATED)
u_memory._276_/A2                       0.350000    0.363747   -0.013747 (VIOLATED)
u_memory._292_/X                        0.350000    0.363540   -0.013540 (VIOLATED)
ANTENNA_2526/DIODE                      0.350000    0.363530   -0.013530 (VIOLATED)
ANTENNA_2529/DIODE                      0.350000    0.363528   -0.013528 (VIOLATED)
ANTENNA_2535/DIODE                      0.350000    0.363528   -0.013528 (VIOLATED)
ANTENNA_2533/DIODE                      0.350000    0.363528   -0.013528 (VIOLATED)
ANTENNA_2528/DIODE                      0.350000    0.363528   -0.013528 (VIOLATED)
ANTENNA_2527/DIODE                      0.350000    0.363528   -0.013528 (VIOLATED)
ANTENNA_2530/DIODE                      0.350000    0.363521   -0.013521 (VIOLATED)
ANTENNA_2536/DIODE                      0.350000    0.363521   -0.013521 (VIOLATED)
ANTENNA_2531/DIODE                      0.350000    0.363521   -0.013521 (VIOLATED)
ANTENNA_2534/DIODE                      0.350000    0.363521   -0.013521 (VIOLATED)
ANTENNA_2532/DIODE                      0.350000    0.363520   -0.013520 (VIOLATED)
u_memory.g_read[1].g_bank[1].g_slice[0].u_sram/din[16]    0.350000    0.363316   -0.013316 (VIOLATED)
u_memory._310_/A1                       0.350000    0.363225   -0.013225 (VIOLATED)
hold200/X                               0.350000    0.363116   -0.013116 (VIOLATED)
wire184/X                               0.350000    0.362983   -0.012983 (VIOLATED)
max_cap603/X                            0.350000    0.362900   -0.012900 (VIOLATED)
u_memory._417_/B1                       0.350000    0.362819   -0.012819 (VIOLATED)
u_memory._361_/C                        0.350000    0.362758   -0.012758 (VIOLATED)
ANTENNA_689/DIODE                       0.350000    0.362753   -0.012753 (VIOLATED)
ANTENNA_687/DIODE                       0.350000    0.362752   -0.012752 (VIOLATED)
ANTENNA_688/DIODE                       0.350000    0.362749   -0.012749 (VIOLATED)
wire568/A                               0.350000    0.362576   -0.012576 (VIOLATED)
u_memory._415_/X                        0.350000    0.362564   -0.012564 (VIOLATED)
ANTENNA_2085/DIODE                      0.350000    0.362559   -0.012559 (VIOLATED)
u_memory._221_/A1                       0.350000    0.362558   -0.012558 (VIOLATED)
ANTENNA_2091/DIODE                      0.350000    0.362555   -0.012555 (VIOLATED)
ANTENNA_2089/DIODE                      0.350000    0.362555   -0.012555 (VIOLATED)
ANTENNA_2084/DIODE                      0.350000    0.362555   -0.012555 (VIOLATED)
ANTENNA_2087/DIODE                      0.350000    0.362555   -0.012555 (VIOLATED)
ANTENNA_2083/DIODE                      0.350000    0.362555   -0.012555 (VIOLATED)
ANTENNA_2086/DIODE                      0.350000    0.362554   -0.012554 (VIOLATED)
ANTENNA_2082/DIODE                      0.350000    0.362550   -0.012550 (VIOLATED)
ANTENNA_1112/DIODE                      0.350000    0.362547   -0.012547 (VIOLATED)
ANTENNA_1114/DIODE                      0.350000    0.362546   -0.012546 (VIOLATED)
max_cap570/A                            0.350000    0.362546   -0.012546 (VIOLATED)
max_cap569/A                            0.350000    0.362542   -0.012542 (VIOLATED)
ANTENNA_1111/DIODE                      0.350000    0.362541   -0.012541 (VIOLATED)
ANTENNA_2092/DIODE                      0.350000    0.362536   -0.012536 (VIOLATED)
ANTENNA_2090/DIODE                      0.350000    0.362536   -0.012536 (VIOLATED)
ANTENNA_2088/DIODE                      0.350000    0.362536   -0.012536 (VIOLATED)
ANTENNA_1113/DIODE                      0.350000    0.362525   -0.012525 (VIOLATED)
hold114/X                               0.350000    0.362472   -0.012472 (VIOLATED)
u_memory._289_/C                        0.350000    0.362310   -0.012310 (VIOLATED)
ANTENNA_933/DIODE                       0.350000    0.362308   -0.012308 (VIOLATED)
ANTENNA_931/DIODE                       0.350000    0.362307   -0.012307 (VIOLATED)
ANTENNA_932/DIODE                       0.350000    0.362304   -0.012304 (VIOLATED)
ANTENNA_934/DIODE                       0.350000    0.362301   -0.012301 (VIOLATED)
wire230/X                               0.350000    0.362178   -0.012178 (VIOLATED)
wire342/X                               0.350000    0.362115   -0.012115 (VIOLATED)
_040_/D                                 0.350000    0.362016   -0.012016 (VIOLATED)
u_memory._348_/X                        0.350000    0.362003   -0.012003 (VIOLATED)
max_cap532/X                            0.350000    0.361857   -0.011857 (VIOLATED)
wire296/X                               0.350000    0.361854   -0.011854 (VIOLATED)
u_memory._235_/B                        0.350000    0.361353   -0.011353 (VIOLATED)
u_memory._354_/B1                       0.350000    0.361118   -0.011118 (VIOLATED)
ANTENNA_163/DIODE                       0.350000    0.361117   -0.011117 (VIOLATED)
ANTENNA_160/DIODE                       0.350000    0.361113   -0.011113 (VIOLATED)
ANTENNA_161/DIODE                       0.350000    0.361110   -0.011110 (VIOLATED)
output99/A                              0.350000    0.361109   -0.011109 (VIOLATED)
ANTENNA_162/DIODE                       0.350000    0.361109   -0.011109 (VIOLATED)
_034_/Q                                 0.350000    0.361097   -0.011097 (VIOLATED)
ANTENNA_2570/DIODE                      0.350000    0.361086   -0.011086 (VIOLATED)
ANTENNA_2575/DIODE                      0.350000    0.361077   -0.011077 (VIOLATED)
ANTENNA_2574/DIODE                      0.350000    0.361077   -0.011077 (VIOLATED)
ANTENNA_2573/DIODE                      0.350000    0.361077   -0.011077 (VIOLATED)
ANTENNA_2577/DIODE                      0.350000    0.361076   -0.011076 (VIOLATED)
ANTENNA_2572/DIODE                      0.350000    0.361076   -0.011076 (VIOLATED)
ANTENNA_2576/DIODE                      0.350000    0.361076   -0.011076 (VIOLATED)
ANTENNA_2571/DIODE                      0.350000    0.361076   -0.011076 (VIOLATED)
ANTENNA_2580/DIODE                      0.350000    0.361059   -0.011059 (VIOLATED)
ANTENNA_2579/DIODE                      0.350000    0.361059   -0.011059 (VIOLATED)
ANTENNA_2578/DIODE                      0.350000    0.361059   -0.011059 (VIOLATED)
u_memory._262_/B                        0.350000    0.360970   -0.010970 (VIOLATED)
ANTENNA_1248/DIODE                      0.350000    0.360842   -0.010842 (VIOLATED)
ANTENNA_1247/DIODE                      0.350000    0.360840   -0.010840 (VIOLATED)
u_memory._352_/X                        0.350000    0.360808   -0.010808 (VIOLATED)
fanout374/A                             0.350000    0.360610   -0.010610 (VIOLATED)
ANTENNA_1909/DIODE                      0.350000    0.360475   -0.010475 (VIOLATED)
ANTENNA_1908/DIODE                      0.350000    0.360475   -0.010475 (VIOLATED)
ANTENNA_1915/DIODE                      0.350000    0.360468   -0.010468 (VIOLATED)
ANTENNA_1913/DIODE                      0.350000    0.360468   -0.010468 (VIOLATED)
ANTENNA_1911/DIODE                      0.350000    0.360468   -0.010468 (VIOLATED)
ANTENNA_1907/DIODE                      0.350000    0.360468   -0.010468 (VIOLATED)
ANTENNA_1910/DIODE                      0.350000    0.360468   -0.010468 (VIOLATED)
ANTENNA_1906/DIODE                      0.350000    0.360465   -0.010465 (VIOLATED)
max_cap610/X                            0.350000    0.360456   -0.010456 (VIOLATED)
ANTENNA_1916/DIODE                      0.350000    0.360452   -0.010452 (VIOLATED)
ANTENNA_1914/DIODE                      0.350000    0.360452   -0.010452 (VIOLATED)
ANTENNA_1912/DIODE                      0.350000    0.360451   -0.010451 (VIOLATED)
wire354/X                               0.350000    0.360217   -0.010217 (VIOLATED)
ANTENNA_1245/DIODE                      0.350000    0.360187   -0.010187 (VIOLATED)
ANTENNA_1246/DIODE                      0.350000    0.360187   -0.010187 (VIOLATED)
max_cap393/X                            0.350000    0.360155   -0.010155 (VIOLATED)
max_cap504/X                            0.350000    0.359831   -0.009831 (VIOLATED)
ANTENNA_19/DIODE                        0.350000    0.359454   -0.009454 (VIOLATED)
_025_/D                                 0.350000    0.359453   -0.009453 (VIOLATED)
u_memory._282_/X                        0.350000    0.359424   -0.009424 (VIOLATED)
ANTENNA_14/DIODE                        0.350000    0.359181   -0.009181 (VIOLATED)
_018_/D                                 0.350000    0.359180   -0.009180 (VIOLATED)
ANTENNA_22/DIODE                        0.350000    0.359171   -0.009171 (VIOLATED)
_030_/D                                 0.350000    0.359170   -0.009170 (VIOLATED)
ANTENNA_23/DIODE                        0.350000    0.359167   -0.009167 (VIOLATED)
u_memory._297_/X                        0.350000    0.359134   -0.009134 (VIOLATED)
u_memory._261_/X                        0.350000    0.358881   -0.008881 (VIOLATED)
ANTENNA_2065/DIODE                      0.350000    0.358573   -0.008573 (VIOLATED)
ANTENNA_2064/DIODE                      0.350000    0.358573   -0.008573 (VIOLATED)
ANTENNA_2063/DIODE                      0.350000    0.358573   -0.008573 (VIOLATED)
ANTENNA_2060/DIODE                      0.350000    0.358573   -0.008573 (VIOLATED)
ANTENNA_2062/DIODE                      0.350000    0.358572   -0.008572 (VIOLATED)
ANTENNA_2070/DIODE                      0.350000    0.358572   -0.008572 (VIOLATED)
ANTENNA_2061/DIODE                      0.350000    0.358572   -0.008572 (VIOLATED)
ANTENNA_2069/DIODE                      0.350000    0.358572   -0.008572 (VIOLATED)
ANTENNA_2068/DIODE                      0.350000    0.358572   -0.008572 (VIOLATED)
ANTENNA_2067/DIODE                      0.350000    0.358567   -0.008567 (VIOLATED)
ANTENNA_2066/DIODE                      0.350000    0.358567   -0.008567 (VIOLATED)
ANTENNA_2617/DIODE                      0.350000    0.358379   -0.008379 (VIOLATED)
ANTENNA_2624/DIODE                      0.350000    0.358374   -0.008374 (VIOLATED)
ANTENNA_2616/DIODE                      0.350000    0.358373   -0.008373 (VIOLATED)
ANTENNA_2614/DIODE                      0.350000    0.358373   -0.008372 (VIOLATED)
ANTENNA_2622/DIODE                      0.350000    0.358338   -0.008338 (VIOLATED)
ANTENNA_2620/DIODE                      0.350000    0.358338   -0.008338 (VIOLATED)
ANTENNA_2615/DIODE                      0.350000    0.358331   -0.008331 (VIOLATED)
ANTENNA_2618/DIODE                      0.350000    0.358330   -0.008330 (VIOLATED)
ANTENNA_2619/DIODE                      0.350000    0.358330   -0.008330 (VIOLATED)
ANTENNA_2621/DIODE                      0.350000    0.358327   -0.008327 (VIOLATED)
ANTENNA_2623/DIODE                      0.350000    0.358324   -0.008324 (VIOLATED)
_132_/D                                 0.350000    0.358107   -0.008107 (VIOLATED)
ANTENNA_245/DIODE                       0.350000    0.358107   -0.008107 (VIOLATED)
input69/X                               0.350000    0.357841   -0.007841 (VIOLATED)
max_cap529/X                            0.350000    0.357792   -0.007792 (VIOLATED)
ANTENNA_1239/DIODE                      0.350000    0.357685   -0.007685 (VIOLATED)
max_cap616/X                            0.350000    0.357679   -0.007679 (VIOLATED)
u_memory._272_/B2                       0.350000    0.357670   -0.007670 (VIOLATED)
ANTENNA_1233/DIODE                      0.350000    0.357661   -0.007661 (VIOLATED)
ANTENNA_1232/DIODE                      0.350000    0.357657   -0.007657 (VIOLATED)
ANTENNA_1242/DIODE                      0.350000    0.357639   -0.007639 (VIOLATED)
ANTENNA_1241/DIODE                      0.350000    0.357639   -0.007639 (VIOLATED)
u_memory._278_/B2                       0.350000    0.357637   -0.007637 (VIOLATED)
ANTENNA_1240/DIODE                      0.350000    0.357614   -0.007613 (VIOLATED)
ANTENNA_1234/DIODE                      0.350000    0.357613   -0.007613 (VIOLATED)
ANTENNA_1235/DIODE                      0.350000    0.357611   -0.007611 (VIOLATED)
ANTENNA_1236/DIODE                      0.350000    0.357609   -0.007609 (VIOLATED)
ANTENNA_1237/DIODE                      0.350000    0.357606   -0.007606 (VIOLATED)
ANTENNA_1238/DIODE                      0.350000    0.357604   -0.007604 (VIOLATED)
u_memory._284_/B2                       0.350000    0.357526   -0.007526 (VIOLATED)
u_memory._280_/C                        0.350000    0.356966   -0.006966 (VIOLATED)
ANTENNA_945/DIODE                       0.350000    0.356963   -0.006963 (VIOLATED)
ANTENNA_943/DIODE                       0.350000    0.356961   -0.006961 (VIOLATED)
ANTENNA_944/DIODE                       0.350000    0.356957   -0.006957 (VIOLATED)
max_cap390/X                            0.350000    0.356864   -0.006864 (VIOLATED)
u_memory._290_/B2                       0.350000    0.356787   -0.006787 (VIOLATED)
u_memory._423_/B2                       0.350000    0.356765   -0.006765 (VIOLATED)
u_memory._296_/B2                       0.350000    0.356757   -0.006757 (VIOLATED)
u_memory._281_/B2                       0.350000    0.356737   -0.006737 (VIOLATED)
u_memory._302_/B2                       0.350000    0.356728   -0.006728 (VIOLATED)
fanout375/X                             0.350000    0.356704   -0.006704 (VIOLATED)
wire299/X                               0.350000    0.356468   -0.006468 (VIOLATED)
u_memory._293_/B2                       0.350000    0.356371   -0.006371 (VIOLATED)
fanout190/X                             0.350000    0.356349   -0.006349 (VIOLATED)
ANTENNA_1227/DIODE                      0.350000    0.355791   -0.005791 (VIOLATED)
ANTENNA_1228/DIODE                      0.350000    0.355772   -0.005772 (VIOLATED)
ANTENNA_1335/DIODE                      0.350000    0.355766   -0.005766 (VIOLATED)
ANTENNA_1339/DIODE                      0.350000    0.355758   -0.005758 (VIOLATED)
ANTENNA_1337/DIODE                      0.350000    0.355757   -0.005757 (VIOLATED)
ANTENNA_1336/DIODE                      0.350000    0.355757   -0.005757 (VIOLATED)
ANTENNA_1333/DIODE                      0.350000    0.355757   -0.005757 (VIOLATED)
ANTENNA_1330/DIODE                      0.350000    0.355757   -0.005757 (VIOLATED)
ANTENNA_1334/DIODE                      0.350000    0.355756   -0.005756 (VIOLATED)
ANTENNA_1331/DIODE                      0.350000    0.355755   -0.005755 (VIOLATED)
ANTENNA_1329/DIODE                      0.350000    0.355755   -0.005755 (VIOLATED)
ANTENNA_1338/DIODE                      0.350000    0.355737   -0.005737 (VIOLATED)
ANTENNA_1332/DIODE                      0.350000    0.355737   -0.005737 (VIOLATED)
u_memory._270_/B2                       0.350000    0.355630   -0.005630 (VIOLATED)
u_memory._269_/X                        0.350000    0.355616   -0.005616 (VIOLATED)
u_memory._208_/A1                       0.350000    0.355496   -0.005496 (VIOLATED)
ANTENNA_1090/DIODE                      0.350000    0.355496   -0.005496 (VIOLATED)
ANTENNA_1088/DIODE                      0.350000    0.355495   -0.005495 (VIOLATED)
ANTENNA_1086/DIODE                      0.350000    0.355494   -0.005494 (VIOLATED)
ANTENNA_1087/DIODE                      0.350000    0.355490   -0.005490 (VIOLATED)
ANTENNA_1089/DIODE                      0.350000    0.355488   -0.005488 (VIOLATED)
wire336/X                               0.350000    0.355184   -0.005184 (VIOLATED)
max_cap413/X                            0.350000    0.355157   -0.005157 (VIOLATED)
max_cap602/A                            0.350000    0.355130   -0.005130 (VIOLATED)
max_cap603/A                            0.350000    0.355121   -0.005121 (VIOLATED)
u_memory._295_/C                        0.350000    0.354915   -0.004915 (VIOLATED)
ANTENNA_925/DIODE                       0.350000    0.354911   -0.004911 (VIOLATED)
ANTENNA_923/DIODE                       0.350000    0.354909   -0.004909 (VIOLATED)
ANTENNA_924/DIODE                       0.350000    0.354906   -0.004906 (VIOLATED)
ANTENNA_926/DIODE                       0.350000    0.354904   -0.004904 (VIOLATED)
wire294/X                               0.350000    0.354409   -0.004409 (VIOLATED)
ANTENNA_1836/DIODE                      0.350000    0.354356   -0.004356 (VIOLATED)
ANTENNA_1838/DIODE                      0.350000    0.354356   -0.004356 (VIOLATED)
ANTENNA_1837/DIODE                      0.350000    0.354356   -0.004356 (VIOLATED)
ANTENNA_1830/DIODE                      0.350000    0.354346   -0.004346 (VIOLATED)
ANTENNA_1831/DIODE                      0.350000    0.354346   -0.004346 (VIOLATED)
ANTENNA_1832/DIODE                      0.350000    0.354345   -0.004345 (VIOLATED)
ANTENNA_1835/DIODE                      0.350000    0.354345   -0.004345 (VIOLATED)
ANTENNA_1833/DIODE                      0.350000    0.354344   -0.004344 (VIOLATED)
ANTENNA_1829/DIODE                      0.350000    0.354344   -0.004344 (VIOLATED)
ANTENNA_1834/DIODE                      0.350000    0.354344   -0.004344 (VIOLATED)
ANTENNA_1839/DIODE                      0.350000    0.354343   -0.004343 (VIOLATED)
u_memory._214_/A1                       0.350000    0.354335   -0.004335 (VIOLATED)
ANTENNA_1554/DIODE                      0.350000    0.354246   -0.004246 (VIOLATED)
ANTENNA_1564/DIODE                      0.350000    0.354246   -0.004246 (VIOLATED)
ANTENNA_1563/DIODE                      0.350000    0.354239   -0.004239 (VIOLATED)
ANTENNA_1562/DIODE                      0.350000    0.354239   -0.004239 (VIOLATED)
ANTENNA_1555/DIODE                      0.350000    0.354238   -0.004238 (VIOLATED)
ANTENNA_1556/DIODE                      0.350000    0.354238   -0.004238 (VIOLATED)
ANTENNA_1557/DIODE                      0.350000    0.354237   -0.004237 (VIOLATED)
ANTENNA_1558/DIODE                      0.350000    0.354237   -0.004237 (VIOLATED)
ANTENNA_1559/DIODE                      0.350000    0.354235   -0.004235 (VIOLATED)
ANTENNA_1561/DIODE                      0.350000    0.354221   -0.004221 (VIOLATED)
ANTENNA_1560/DIODE                      0.350000    0.354221   -0.004221 (VIOLATED)
u_memory._226_/A1                       0.350000    0.354184   -0.004184 (VIOLATED)
fanout185/A                             0.350000    0.354143   -0.004143 (VIOLATED)
u_memory._272_/C1                       0.350000    0.354134   -0.004134 (VIOLATED)
u_memory._266_/C1                       0.350000    0.354122   -0.004122 (VIOLATED)
u_memory._260_/C1                       0.350000    0.354111   -0.004111 (VIOLATED)
u_memory._239_/A1                       0.350000    0.354085   -0.004085 (VIOLATED)
u_memory._374_/C1                       0.350000    0.354031   -0.004031 (VIOLATED)
u_memory._278_/C1                       0.350000    0.353983   -0.003983 (VIOLATED)
u_memory._277_/C                        0.350000    0.353978   -0.003978 (VIOLATED)
u_memory._377_/C1                       0.350000    0.353976   -0.003976 (VIOLATED)
ANTENNA_948/DIODE                       0.350000    0.353974   -0.003974 (VIOLATED)
ANTENNA_946/DIODE                       0.350000    0.353973   -0.003973 (VIOLATED)
ANTENNA_947/DIODE                       0.350000    0.353971   -0.003971 (VIOLATED)
wire604/X                               0.350000    0.353969   -0.003969 (VIOLATED)
ANTENNA_949/DIODE                       0.350000    0.353969   -0.003969 (VIOLATED)
u_memory._269_/C1                       0.350000    0.353925   -0.003925 (VIOLATED)
_019_/D                                 0.350000    0.353900   -0.003900 (VIOLATED)
ANTENNA_1231/DIODE                      0.350000    0.353828   -0.003828 (VIOLATED)
u_memory._208_/A2                       0.350000    0.353825   -0.003825 (VIOLATED)
u_memory._211_/A1                       0.350000    0.353801   -0.003801 (VIOLATED)
ANTENNA_1230/DIODE                      0.350000    0.353794   -0.003794 (VIOLATED)
u_memory._251_/A1                       0.350000    0.353764   -0.003764 (VIOLATED)
u_memory._217_/A2                       0.350000    0.353749   -0.003749 (VIOLATED)
u_memory._220_/A1                       0.350000    0.353720   -0.003720 (VIOLATED)
ANTENNA_2112/DIODE                      0.350000    0.353705   -0.003705 (VIOLATED)
ANTENNA_2104/DIODE                      0.350000    0.353705   -0.003705 (VIOLATED)
ANTENNA_2113/DIODE                      0.350000    0.353705   -0.003705 (VIOLATED)
max_cap492/X                            0.350000    0.353701   -0.003701 (VIOLATED)
u_memory._284_/C1                       0.350000    0.353698   -0.003698 (VIOLATED)
ANTENNA_2106/DIODE                      0.350000    0.353694   -0.003694 (VIOLATED)
ANTENNA_2107/DIODE                      0.350000    0.353694   -0.003694 (VIOLATED)
ANTENNA_2108/DIODE                      0.350000    0.353693   -0.003693 (VIOLATED)
ANTENNA_2114/DIODE                      0.350000    0.353693   -0.003693 (VIOLATED)
ANTENNA_2109/DIODE                      0.350000    0.353693   -0.003692 (VIOLATED)
ANTENNA_2111/DIODE                      0.350000    0.353682   -0.003682 (VIOLATED)
ANTENNA_2110/DIODE                      0.350000    0.353681   -0.003681 (VIOLATED)
ANTENNA_2105/DIODE                      0.350000    0.353678   -0.003678 (VIOLATED)
u_memory._223_/A1                       0.350000    0.353642   -0.003642 (VIOLATED)
max_cap449/X                            0.350000    0.353602   -0.003602 (VIOLATED)
wire300/X                               0.350000    0.353534   -0.003534 (VIOLATED)
ANTENNA_2779/DIODE                      0.350000    0.353530   -0.003530 (VIOLATED)
u_memory._229_/A1                       0.350000    0.353523   -0.003523 (VIOLATED)
ANTENNA_1229/DIODE                      0.350000    0.353506   -0.003506 (VIOLATED)
u_memory._232_/A2                       0.350000    0.353483   -0.003483 (VIOLATED)
ANTENNA_2404/DIODE                      0.350000    0.353340   -0.003340 (VIOLATED)
ANTENNA_2401/DIODE                      0.350000    0.353340   -0.003340 (VIOLATED)
ANTENNA_2399/DIODE                      0.350000    0.353340   -0.003340 (VIOLATED)
ANTENNA_2395/DIODE                      0.350000    0.353339   -0.003339 (VIOLATED)
ANTENNA_2394/DIODE                      0.350000    0.353327   -0.003327 (VIOLATED)
ANTENNA_2402/DIODE                      0.350000    0.353326   -0.003326 (VIOLATED)
ANTENNA_2400/DIODE                      0.350000    0.353325   -0.003325 (VIOLATED)
ANTENNA_2398/DIODE                      0.350000    0.353325   -0.003325 (VIOLATED)
ANTENNA_2397/DIODE                      0.350000    0.353324   -0.003324 (VIOLATED)
ANTENNA_2396/DIODE                      0.350000    0.353323   -0.003323 (VIOLATED)
ANTENNA_2403/DIODE                      0.350000    0.353305   -0.003305 (VIOLATED)
u_memory._242_/A2                       0.350000    0.353255   -0.003255 (VIOLATED)
max_cap536/X                            0.350000    0.353082   -0.003082 (VIOLATED)
u_memory._245_/A1                       0.350000    0.353061   -0.003061 (VIOLATED)
ANTENNA_2448/DIODE                      0.350000    0.352988   -0.002988 (VIOLATED)
ANTENNA_2446/DIODE                      0.350000    0.352987   -0.002987 (VIOLATED)
ANTENNA_2445/DIODE                      0.350000    0.352987   -0.002987 (VIOLATED)
ANTENNA_2444/DIODE                      0.350000    0.352987   -0.002987 (VIOLATED)
ANTENNA_2443/DIODE                      0.350000    0.352986   -0.002986 (VIOLATED)
u_memory._254_/A2                       0.350000    0.352980   -0.002980 (VIOLATED)
ANTENNA_2447/DIODE                      0.350000    0.352968   -0.002968 (VIOLATED)
ANTENNA_2440/DIODE                      0.350000    0.352967   -0.002967 (VIOLATED)
ANTENNA_2439/DIODE                      0.350000    0.352967   -0.002967 (VIOLATED)
ANTENNA_2442/DIODE                      0.350000    0.352966   -0.002966 (VIOLATED)
ANTENNA_2441/DIODE                      0.350000    0.352966   -0.002966 (VIOLATED)
u_memory._248_/A2                       0.350000    0.352961   -0.002961 (VIOLATED)
u_memory.g_read[0].g_bank[0].g_slice[0].u_sram/addr[1]    0.350000    0.352954   -0.002954 (VIOLATED)
ANTENNA_2438/DIODE                      0.350000    0.352951   -0.002951 (VIOLATED)
ANTENNA_1972/DIODE                      0.350000    0.352870   -0.002870 (VIOLATED)
ANTENNA_1982/DIODE                      0.350000    0.352870   -0.002870 (VIOLATED)
ANTENNA_1981/DIODE                      0.350000    0.352864   -0.002864 (VIOLATED)
ANTENNA_1973/DIODE                      0.350000    0.352863   -0.002863 (VIOLATED)
ANTENNA_1974/DIODE                      0.350000    0.352863   -0.002863 (VIOLATED)
ANTENNA_1975/DIODE                      0.350000    0.352862   -0.002862 (VIOLATED)
ANTENNA_1976/DIODE                      0.350000    0.352862   -0.002862 (VIOLATED)
ANTENNA_1978/DIODE                      0.350000    0.352861   -0.002861 (VIOLATED)
ANTENNA_1980/DIODE                      0.350000    0.352853   -0.002853 (VIOLATED)
ANTENNA_1979/DIODE                      0.350000    0.352852   -0.002852 (VIOLATED)
ANTENNA_1977/DIODE                      0.350000    0.352852   -0.002852 (VIOLATED)
u_memory._290_/C1                       0.350000    0.352760   -0.002760 (VIOLATED)
max_cap580/X                            0.350000    0.352710   -0.002710 (VIOLATED)
u_memory._296_/C1                       0.350000    0.352707   -0.002707 (VIOLATED)
u_memory._281_/C1                       0.350000    0.352695   -0.002695 (VIOLATED)
ANTENNA_1352/DIODE                      0.350000    0.352695   -0.002695 (VIOLATED)
ANTENNA_1351/DIODE                      0.350000    0.352695   -0.002695 (VIOLATED)
u_memory._302_/C1                       0.350000    0.352691   -0.002691 (VIOLATED)
ANTENNA_1350/DIODE                      0.350000    0.352688   -0.002688 (VIOLATED)
ANTENNA_1343/DIODE                      0.350000    0.352688   -0.002687 (VIOLATED)
ANTENNA_1347/DIODE                      0.350000    0.352687   -0.002687 (VIOLATED)
ANTENNA_1344/DIODE                      0.350000    0.352687   -0.002687 (VIOLATED)
ANTENNA_1346/DIODE                      0.350000    0.352687   -0.002687 (VIOLATED)
ANTENNA_1345/DIODE                      0.350000    0.352687   -0.002687 (VIOLATED)
ANTENNA_1342/DIODE                      0.350000    0.352680   -0.002680 (VIOLATED)
fanout186/X                             0.350000    0.352650   -0.002650 (VIOLATED)
u_memory._257_/A2                       0.350000    0.352638   -0.002638 (VIOLATED)
ANTENNA_1348/DIODE                      0.350000    0.352622   -0.002622 (VIOLATED)
ANTENNA_1349/DIODE                      0.350000    0.352619   -0.002619 (VIOLATED)
u_memory._389_/C1                       0.350000    0.352615   -0.002615 (VIOLATED)
max_cap587/X                            0.350000    0.352343   -0.002343 (VIOLATED)
u_memory._260_/A1                       0.350000    0.352301   -0.002301 (VIOLATED)
ANTENNA_1389/DIODE                      0.350000    0.352298   -0.002298 (VIOLATED)
ANTENNA_1390/DIODE                      0.350000    0.352297   -0.002297 (VIOLATED)
ANTENNA_1391/DIODE                      0.350000    0.352297   -0.002297 (VIOLATED)
ANTENNA_1392/DIODE                      0.350000    0.352297   -0.002297 (VIOLATED)
ANTENNA_1393/DIODE                      0.350000    0.352296   -0.002296 (VIOLATED)
ANTENNA_1386/DIODE                      0.350000    0.352291   -0.002291 (VIOLATED)
ANTENNA_1387/DIODE                      0.350000    0.352291   -0.002291 (VIOLATED)
ANTENNA_1388/DIODE                      0.350000    0.352240   -0.002240 (VIOLATED)
ANTENNA_1394/DIODE                      0.350000    0.352238   -0.002238 (VIOLATED)
ANTENNA_1395/DIODE                      0.350000    0.352235   -0.002235 (VIOLATED)
ANTENNA_1396/DIODE                      0.350000    0.352232   -0.002232 (VIOLATED)
max_cap515/X                            0.350000    0.352232   -0.002232 (VIOLATED)
u_memory._266_/A2                       0.350000    0.352180   -0.002180 (VIOLATED)
fanout177/A                             0.350000    0.352145   -0.002145 (VIOLATED)
u_memory._272_/A1                       0.350000    0.352086   -0.002086 (VIOLATED)
output135/A                             0.350000    0.352012   -0.002012 (VIOLATED)
max_cap415/X                            0.350000    0.352010   -0.002010 (VIOLATED)
_009_/Q                                 0.350000    0.351971   -0.001971 (VIOLATED)
u_memory._386_/C1                       0.350000    0.351895   -0.001895 (VIOLATED)
ANTENNA_1851/DIODE                      0.350000    0.351836   -0.001836 (VIOLATED)
ANTENNA_1852/DIODE                      0.350000    0.351805   -0.001805 (VIOLATED)
ANTENNA_1860/DIODE                      0.350000    0.351764   -0.001764 (VIOLATED)
ANTENNA_1858/DIODE                      0.350000    0.351764   -0.001764 (VIOLATED)
ANTENNA_1856/DIODE                      0.350000    0.351764   -0.001764 (VIOLATED)
ANTENNA_1854/DIODE                      0.350000    0.351753   -0.001753 (VIOLATED)
ANTENNA_1853/DIODE                      0.350000    0.351753   -0.001753 (VIOLATED)
ANTENNA_1855/DIODE                      0.350000    0.351752   -0.001752 (VIOLATED)
ANTENNA_1857/DIODE                      0.350000    0.351749   -0.001749 (VIOLATED)
ANTENNA_1859/DIODE                      0.350000    0.351747   -0.001747 (VIOLATED)
ANTENNA_1861/DIODE                      0.350000    0.351744   -0.001744 (VIOLATED)
u_memory._269_/A1                       0.350000    0.351700   -0.001700 (VIOLATED)
fanout205/X                             0.350000    0.351657   -0.001657 (VIOLATED)
max_cap422/X                            0.350000    0.351632   -0.001632 (VIOLATED)
u_memory._374_/A1                       0.350000    0.351553   -0.001553 (VIOLATED)
ANTENNA_1445/DIODE                      0.350000    0.351480   -0.001480 (VIOLATED)
ANTENNA_1450/DIODE                      0.350000    0.351480   -0.001480 (VIOLATED)
ANTENNA_1444/DIODE                      0.350000    0.351480   -0.001480 (VIOLATED)
ANTENNA_1447/DIODE                      0.350000    0.351480   -0.001480 (VIOLATED)
ANTENNA_1443/DIODE                      0.350000    0.351480   -0.001480 (VIOLATED)
ANTENNA_1446/DIODE                      0.350000    0.351479   -0.001479 (VIOLATED)
ANTENNA_1442/DIODE                      0.350000    0.351476   -0.001476 (VIOLATED)
ANTENNA_1452/DIODE                      0.350000    0.351476   -0.001476 (VIOLATED)
ANTENNA_1449/DIODE                      0.350000    0.351476   -0.001476 (VIOLATED)
ANTENNA_1451/DIODE                      0.350000    0.351472   -0.001472 (VIOLATED)
ANTENNA_1448/DIODE                      0.350000    0.351472   -0.001472 (VIOLATED)
u_memory._401_/C1                       0.350000    0.351454   -0.001454 (VIOLATED)
u_memory._377_/A1                       0.350000    0.351453   -0.001453 (VIOLATED)
ANTENNA_93/DIODE                        0.350000    0.351387   -0.001387 (VIOLATED)
u_memory._267_/B1                       0.350000    0.351386   -0.001386 (VIOLATED)
ANTENNA_92/DIODE                        0.350000    0.351386   -0.001386 (VIOLATED)
ANTENNA_94/DIODE                        0.350000    0.351359   -0.001359 (VIOLATED)
u_memory._392_/C1                       0.350000    0.351352   -0.001352 (VIOLATED)
max_cap496/X                            0.350000    0.351115   -0.001115 (VIOLATED)
ANTENNA_776/DIODE                       0.350000    0.351100   -0.001100 (VIOLATED)
u_memory._345_/A1                       0.350000    0.351097   -0.001097 (VIOLATED)
ANTENNA_774/DIODE                       0.350000    0.351095   -0.001095 (VIOLATED)
ANTENNA_775/DIODE                       0.350000    0.351087   -0.001087 (VIOLATED)
u_memory._265_/X                        0.350000    0.351085   -0.001085 (VIOLATED)
ANTENNA_777/DIODE                       0.350000    0.351085   -0.001085 (VIOLATED)
u_memory._389_/A2                       0.350000    0.351085   -0.001085 (VIOLATED)
ANTENNA_2479/DIODE                      0.350000    0.351032   -0.001032 (VIOLATED)
ANTENNA_2478/DIODE                      0.350000    0.351032   -0.001032 (VIOLATED)
ANTENNA_2477/DIODE                      0.350000    0.351032   -0.001032 (VIOLATED)
ANTENNA_2476/DIODE                      0.350000    0.351031   -0.001031 (VIOLATED)
ANTENNA_2471/DIODE                      0.350000    0.351031   -0.001031 (VIOLATED)
ANTENNA_2481/DIODE                      0.350000    0.351031   -0.001031 (VIOLATED)
ANTENNA_2475/DIODE                      0.350000    0.351031   -0.001031 (VIOLATED)
ANTENNA_2474/DIODE                      0.350000    0.351022   -0.001022 (VIOLATED)
ANTENNA_2473/DIODE                      0.350000    0.351021   -0.001021 (VIOLATED)
ANTENNA_2472/DIODE                      0.350000    0.351021   -0.001021 (VIOLATED)
ANTENNA_2480/DIODE                      0.350000    0.351019   -0.001019 (VIOLATED)
u_memory._407_/C1                       0.350000    0.351010   -0.001010 (VIOLATED)
u_memory._383_/C1                       0.350000    0.350974   -0.000974 (VIOLATED)
ANTENNA_1430/DIODE                      0.350000    0.350939   -0.000939 (VIOLATED)
u_memory._264_/X                        0.350000    0.350935   -0.000935 (VIOLATED)
ANTENNA_1439/DIODE                      0.350000    0.350904   -0.000904 (VIOLATED)
ANTENNA_1435/DIODE                      0.350000    0.350904   -0.000904 (VIOLATED)
ANTENNA_1434/DIODE                      0.350000    0.350904   -0.000904 (VIOLATED)
ANTENNA_1433/DIODE                      0.350000    0.350902   -0.000902 (VIOLATED)
ANTENNA_1432/DIODE                      0.350000    0.350900   -0.000900 (VIOLATED)
ANTENNA_1431/DIODE                      0.350000    0.350899   -0.000899 (VIOLATED)
max_cap431/X                            0.350000    0.350844   -0.000844 (VIOLATED)
ANTENNA_1436/DIODE                      0.350000    0.350825   -0.000825 (VIOLATED)
ANTENNA_1437/DIODE                      0.350000    0.350822   -0.000822 (VIOLATED)
ANTENNA_1438/DIODE                      0.350000    0.350819   -0.000819 (VIOLATED)
ANTENNA_1440/DIODE                      0.350000    0.350817   -0.000817 (VIOLATED)
fanout175/A                             0.350000    0.350720   -0.000720 (VIOLATED)
u_memory._375_/A2                       0.350000    0.350689   -0.000689 (VIOLATED)
u_memory._378_/A2                       0.350000    0.350678   -0.000678 (VIOLATED)
u_memory._413_/C1                       0.350000    0.350672   -0.000672 (VIOLATED)
wire256/X                               0.350000    0.350642   -0.000642 (VIOLATED)
u_memory._384_/A2                       0.350000    0.350564   -0.000564 (VIOLATED)
fanout203/A                             0.350000    0.350563   -0.000563 (VIOLATED)
u_memory._209_/A1                       0.350000    0.350505   -0.000505 (VIOLATED)
ANTENNA_1201/DIODE                      0.350000    0.350485   -0.000485 (VIOLATED)
ANTENNA_1199/DIODE                      0.350000    0.350484   -0.000484 (VIOLATED)
u_memory._390_/A2                       0.350000    0.350474   -0.000474 (VIOLATED)
ANTENNA_1200/DIODE                      0.350000    0.350471   -0.000471 (VIOLATED)
ANTENNA_1202/DIODE                      0.350000    0.350467   -0.000467 (VIOLATED)
ANTENNA_2220/DIODE                      0.350000    0.350433   -0.000433 (VIOLATED)
ANTENNA_2219/DIODE                      0.350000    0.350433   -0.000433 (VIOLATED)
ANTENNA_2217/DIODE                      0.350000    0.350433   -0.000433 (VIOLATED)
ANTENNA_2215/DIODE                      0.350000    0.350432   -0.000432 (VIOLATED)
ANTENNA_2214/DIODE                      0.350000    0.350431   -0.000431 (VIOLATED)
u_memory._416_/C1                       0.350000    0.350393   -0.000393 (VIOLATED)
ANTENNA_2224/DIODE                      0.350000    0.350392   -0.000392 (VIOLATED)
ANTENNA_2222/DIODE                      0.350000    0.350392   -0.000392 (VIOLATED)
ANTENNA_2221/DIODE                      0.350000    0.350390   -0.000390 (VIOLATED)
ANTENNA_2218/DIODE                      0.350000    0.350388   -0.000388 (VIOLATED)
ANTENNA_2216/DIODE                      0.350000    0.350388   -0.000388 (VIOLATED)
u_memory._398_/C1                       0.350000    0.350362   -0.000362 (VIOLATED)
ANTENNA_2223/DIODE                      0.350000    0.350343   -0.000343 (VIOLATED)
u_memory._387_/A2                       0.350000    0.350335   -0.000335 (VIOLATED)
max_cap593/X                            0.350000    0.350327   -0.000327 (VIOLATED)
max_cap429/X                            0.350000    0.350325   -0.000325 (VIOLATED)
u_memory._386_/A1                       0.350000    0.350299   -0.000299 (VIOLATED)
ANTENNA_1364/DIODE                      0.350000    0.350293   -0.000293 (VIOLATED)
ANTENNA_1374/DIODE                      0.350000    0.350293   -0.000293 (VIOLATED)
ANTENNA_1373/DIODE                      0.350000    0.350287   -0.000287 (VIOLATED)
ANTENNA_1366/DIODE                      0.350000    0.350287   -0.000287 (VIOLATED)
ANTENNA_1367/DIODE                      0.350000    0.350286   -0.000286 (VIOLATED)
ANTENNA_1368/DIODE                      0.350000    0.350286   -0.000286 (VIOLATED)
ANTENNA_1369/DIODE                      0.350000    0.350285   -0.000285 (VIOLATED)
ANTENNA_1370/DIODE                      0.350000    0.350284   -0.000284 (VIOLATED)
ANTENNA_1365/DIODE                      0.350000    0.350257   -0.000257 (VIOLATED)
u_memory._404_/C1                       0.350000    0.350235   -0.000235 (VIOLATED)
u_memory._208_/B2                       0.350000    0.350235   -0.000235 (VIOLATED)
ANTENNA_1372/DIODE                      0.350000    0.350233   -0.000233 (VIOLATED)
ANTENNA_1371/DIODE                      0.350000    0.350233   -0.000233 (VIOLATED)
u_memory._211_/B2                       0.350000    0.350224   -0.000224 (VIOLATED)
u_memory._410_/C1                       0.350000    0.350223   -0.000223 (VIOLATED)
u_memory._217_/B2                       0.350000    0.350215   -0.000215 (VIOLATED)
u_memory._220_/B2                       0.350000    0.350212   -0.000212 (VIOLATED)
u_memory._223_/B2                       0.350000    0.350188   -0.000188 (VIOLATED)
u_memory._287_/A1                       0.350000    0.350136   -0.000136 (VIOLATED)
u_memory._229_/B2                       0.350000    0.350120   -0.000120 (VIOLATED)
u_memory._232_/B2                       0.350000    0.350097   -0.000097 (VIOLATED)
u_memory._299_/A1                       0.350000    0.350057   -0.000057 (VIOLATED)
u_memory._234_/B                        0.350000    0.350051   -0.000051 (VIOLATED)
u_memory._275_/A1                       0.350000    0.350007   -0.000007 (VIOLATED)

max fanout

Pin                                   Limit Fanout  Slack
---------------------------------------------------------
max_cap137/X                             16     22     -6 (VIOLATED)
max_cap138/X                             16     22     -6 (VIOLATED)
max_cap139/X                             16     22     -6 (VIOLATED)
max_cap140/X                             16     22     -6 (VIOLATED)
max_cap141/X                             16     22     -6 (VIOLATED)
max_cap145/X                             16     22     -6 (VIOLATED)
max_cap155/X                             16     22     -6 (VIOLATED)
max_cap156/X                             16     22     -6 (VIOLATED)
max_cap158/X                             16     22     -6 (VIOLATED)
max_cap159/X                             16     22     -6 (VIOLATED)
max_cap160/X                             16     22     -6 (VIOLATED)
max_cap162/X                             16     22     -6 (VIOLATED)
max_cap163/X                             16     22     -6 (VIOLATED)
max_cap142/X                             16     20     -4 (VIOLATED)
max_cap143/X                             16     20     -4 (VIOLATED)
max_cap144/X                             16     20     -4 (VIOLATED)
max_cap157/X                             16     20     -4 (VIOLATED)
max_cap161/X                             16     20     -4 (VIOLATED)
clkbuf_4_14__f_clk/X                     16     19     -3 (VIOLATED)

max capacitance

Pin                                        Limit         Cap       Slack
------------------------------------------------------------------------
u_memory.g_read[1].g_bank[1].g_slice[0].u_sram/dout[21]    0.013000    0.017787   -0.004787 (VIOLATED)
u_memory.g_read[0].g_bank[1].g_slice[0].u_sram/dout[11]    0.013000    0.017266   -0.004266 (VIOLATED)
u_memory.g_read[1].g_bank[1].g_slice[0].u_sram/dout[20]    0.013000    0.016395   -0.003395 (VIOLATED)
u_memory.g_read[0].g_bank[1].g_slice[0].u_sram/dout[3]    0.013000    0.016301   -0.003301 (VIOLATED)
u_memory.g_read[0].g_bank[1].g_slice[0].u_sram/dout[12]    0.013000    0.016181   -0.003181 (VIOLATED)
u_memory.g_read[1].g_bank[1].g_slice[0].u_sram/dout[23]    0.013000    0.015907   -0.002907 (VIOLATED)
u_memory.g_read[0].g_bank[1].g_slice[0].u_sram/dout[10]    0.013000    0.015830   -0.002830 (VIOLATED)
u_memory.g_read[0].g_bank[1].g_slice[0].u_sram/dout[9]    0.013000    0.015678   -0.002678 (VIOLATED)
u_memory.g_read[0].g_bank[1].g_slice[0].u_sram/dout[6]    0.013000    0.015635   -0.002635 (VIOLATED)
u_memory.g_read[0].g_bank[1].g_slice[0].u_sram/dout[5]    0.013000    0.015488   -0.002488 (VIOLATED)
u_memory.g_read[0].g_bank[1].g_slice[0].u_sram/dout[7]    0.013000    0.015416   -0.002416 (VIOLATED)
u_memory.g_read[0].g_bank[1].g_slice[0].u_sram/dout[8]    0.013000    0.015141   -0.002141 (VIOLATED)
u_memory.g_read[1].g_bank[1].g_slice[0].u_sram/dout[26]    0.013000    0.014876   -0.001876 (VIOLATED)
u_memory.g_read[1].g_bank[1].g_slice[0].u_sram/dout[25]    0.013000    0.014874   -0.001874 (VIOLATED)
u_memory.g_read[1].g_bank[1].g_slice[0].u_sram/dout[19]    0.013000    0.014771   -0.001771 (VIOLATED)
u_memory.g_read[0].g_bank[1].g_slice[0].u_sram/dout[4]    0.013000    0.014609   -0.001609 (VIOLATED)
u_memory.g_read[0].g_bank[1].g_slice[0].u_sram/dout[2]    0.013000    0.014523   -0.001523 (VIOLATED)
u_memory.g_read[1].g_bank[1].g_slice[0].u_sram/dout[22]    0.013000    0.014449   -0.001449 (VIOLATED)
u_memory.g_read[1].g_bank[2].g_slice[0].u_sram/dout[18]    0.013000    0.014447   -0.001447 (VIOLATED)
u_memory.g_read[1].g_bank[1].g_slice[0].u_sram/dout[24]    0.013000    0.014424   -0.001424 (VIOLATED)
u_memory.g_read[1].g_bank[2].g_slice[0].u_sram/dout[22]    0.013000    0.013997   -0.000997 (VIOLATED)
u_memory.g_read[1].g_bank[2].g_slice[0].u_sram/dout[27]    0.013000    0.013991   -0.000991 (VIOLATED)
u_memory.g_read[0].g_bank[1].g_slice[0].u_sram/dout[1]    0.013000    0.013791   -0.000791 (VIOLATED)
u_memory.g_read[1].g_bank[1].g_slice[0].u_sram/dout[27]    0.013000    0.013758   -0.000758 (VIOLATED)
u_memory.g_read[0].g_bank[1].g_slice[0].u_sram/dout[15]    0.013000    0.013663   -0.000663 (VIOLATED)
u_memory.g_read[1].g_bank[2].g_slice[0].u_sram/dout[29]    0.013000    0.013620   -0.000620 (VIOLATED)
u_memory.g_read[1].g_bank[1].g_slice[0].u_sram/dout[29]    0.013000    0.013608   -0.000608 (VIOLATED)
u_memory.g_read[1].g_bank[2].g_slice[0].u_sram/dout[30]    0.013000    0.013580   -0.000580 (VIOLATED)
u_memory.g_read[1].g_bank[1].g_slice[0].u_sram/dout[28]    0.013000    0.013556   -0.000556 (VIOLATED)
u_memory.g_read[1].g_bank[2].g_slice[0].u_sram/dout[7]    0.013000    0.013525   -0.000525 (VIOLATED)
u_memory.g_read[1].g_bank[1].g_slice[0].u_sram/dout[15]    0.013000    0.013490   -0.000490 (VIOLATED)
u_memory.g_read[0].g_bank[1].g_slice[0].u_sram/dout[0]    0.013000    0.013439   -0.000439 (VIOLATED)
u_memory.g_read[1].g_bank[1].g_slice[0].u_sram/dout[14]    0.013000    0.013425   -0.000425 (VIOLATED)
u_memory.g_read[1].g_bank[2].g_slice[0].u_sram/dout[21]    0.013000    0.013342   -0.000342 (VIOLATED)
u_memory.g_read[1].g_bank[2].g_slice[0].u_sram/dout[19]    0.013000    0.013260   -0.000260 (VIOLATED)
u_memory.g_read[1].g_bank[1].g_slice[0].u_sram/dout[13]    0.013000    0.013244   -0.000244 (VIOLATED)
u_memory.g_read[0].g_bank[1].g_slice[0].u_sram/dout[14]    0.013000    0.013223   -0.000223 (VIOLATED)
u_memory.g_read[1].g_bank[1].g_slice[0].u_sram/dout[16]    0.013000    0.013213   -0.000213 (VIOLATED)



===========================================================================
report_parasitic_annotation -report_unannotated
============================================================================
Found 16 unannotated drivers.
 clkload0/Y
 clkload1/Y
 clkload2/Y
 clkload3/Y
 clkload4/Y
 clkload5/Y
 clkload6/Y
 clkload7/Y
 u_memory.g_read\[0\].g_bank\[0\].g_slice\[0\].u_sram_649/LO
 u_memory.g_read\[0\].g_bank\[1\].g_slice\[0\].u_sram_650/LO
 u_memory.g_read\[0\].g_bank\[2\].g_slice\[0\].u_sram_651/LO
 u_memory.g_read\[0\].g_bank\[3\].g_slice\[0\].u_sram_652/LO
 u_memory.g_read\[1\].g_bank\[0\].g_slice\[0\].u_sram_653/LO
 u_memory.g_read\[1\].g_bank\[1\].g_slice\[0\].u_sram_654/LO
 u_memory.g_read\[1\].g_bank\[2\].g_slice\[0\].u_sram_655/LO
 u_memory.g_read\[1\].g_bank\[3\].g_slice\[0\].u_sram_656/LO
Found 0 partially unannotated drivers.

===========================================================================
max slew violation count 3461
max fanout violation count 19
max cap violation count 38
============================================================================

===========================================================================
check_setup -verbose -unconstrained_endpoints -multiple_clock -no_clock -no_input_delay -loops -generated_clocks
===========================================================================
Warning: There are 8 unconstrained endpoints.
  u_memory.g_read[0].g_bank[0].g_slice[0].u_sram/rstb
  u_memory.g_read[0].g_bank[1].g_slice[0].u_sram/rstb
  u_memory.g_read[0].g_bank[2].g_slice[0].u_sram/rstb
  u_memory.g_read[0].g_bank[3].g_slice[0].u_sram/rstb
  u_memory.g_read[1].g_bank[0].g_slice[0].u_sram/rstb
  u_memory.g_read[1].g_bank[1].g_slice[0].u_sram/rstb
  u_memory.g_read[1].g_bank[2].g_slice[0].u_sram/rstb
  u_memory.g_read[1].g_bank[3].g_slice[0].u_sram/rstb
