
===========================================================================
report_checks -unconstrained
===========================================================================
======================= max_ss_100C_1v60 Corner ===================================

Startpoint: rst_n (input port clocked by sys_clk)
Endpoint: u_memory._430_ (recovery check against rising-edge clock sys_clk)
Path Group: asynchronous
Path Type: max

Fanout         Cap        Slew       Delay        Time   Description
---------------------------------------------------------------------------------------------
                                  0.000000    0.000000   clock sys_clk (rise edge)
                                  0.000000    0.000000   clock network delay (propagated)
                                  2.000000    2.000000 ^ input external delay
     1    0.002228    0.150000    0.000000    2.000000 ^ rst_n (in)
                                                         rst_n (net)
                      0.150134    0.000067    2.000067 ^ hold1/A (sky130_fd_sc_hd__dlygate4sd3_1)
     1    0.002885    0.092639    1.074055    3.074122 ^ hold1/X (sky130_fd_sc_hd__dlygate4sd3_1)
                                                         net657 (net)
                      0.092639    0.000212    3.074334 ^ input25/A (sky130_fd_sc_hd__clkbuf_2)
     1    0.003456    0.051707    0.180997    3.255331 ^ input25/X (sky130_fd_sc_hd__clkbuf_2)
                                                         net25 (net)
                      0.051707    0.000252    3.255584 ^ hold2/A (sky130_fd_sc_hd__dlygate4sd3_1)
     1    0.006318    0.138885    1.080273    4.335857 ^ hold2/X (sky130_fd_sc_hd__dlygate4sd3_1)
                                                         net658 (net)
                      0.138885    0.000499    4.336355 ^ wire647/A (sky130_fd_sc_hd__buf_6)
     8    0.146768    0.461063    0.448354    4.784709 ^ wire647/X (sky130_fd_sc_hd__buf_6)
                                                         net647 (net)
                      0.479790    0.073046    4.857756 ^ u_memory._430_/RESET_B (sky130_fd_sc_hd__dfrtp_4)
                                              4.857756   data arrival time

                                 10.000000   10.000000   clock sys_clk (rise edge)
                                  0.000000   10.000000   clock source latency
     2    0.170544    0.150000    0.000000   10.000000 ^ clk (in)
                                                         clk (net)
                      0.330250    0.090125   10.090125 ^ clkbuf_0_clk/A (sky130_fd_sc_hd__clkbuf_16)
     2    0.114790    0.200170    0.436481   10.526607 ^ clkbuf_0_clk/X (sky130_fd_sc_hd__clkbuf_16)
                                                         clknet_0_clk (net)
                      0.205090    0.024791   10.551397 ^ clkbuf_1_1_0_clk/A (sky130_fd_sc_hd__clkbuf_16)
     4    0.139972    0.234090    0.411680   10.963078 ^ clkbuf_1_1_0_clk/X (sky130_fd_sc_hd__clkbuf_16)
                                                         clknet_1_1_0_clk (net)
                      0.235757    0.015983   10.979060 ^ clkbuf_3_4_0_clk/A (sky130_fd_sc_hd__clkbuf_16)
     2    0.072833    0.138744    0.358351   11.337411 ^ clkbuf_3_4_0_clk/X (sky130_fd_sc_hd__clkbuf_16)
                                                         clknet_3_4_0_clk (net)
                      0.139515    0.007550   11.344961 ^ clkbuf_4_9__f_clk/A (sky130_fd_sc_hd__clkbuf_16)
     6    0.086650    0.157944    0.330608   11.675569 ^ clkbuf_4_9__f_clk/X (sky130_fd_sc_hd__clkbuf_16)
                                                         clknet_4_9__leaf_clk (net)
                      0.158174    0.003674   11.679243 ^ u_memory._430_/CLK (sky130_fd_sc_hd__dfrtp_4)
                                 -0.250000   11.429243   clock uncertainty
                                  0.000000   11.429243   clock reconvergence pessimism
                                  0.282378   11.711620   library recovery time
                                             11.711620   data required time
---------------------------------------------------------------------------------------------
                                             11.711620   data required time
                                             -4.857756   data arrival time
---------------------------------------------------------------------------------------------
                                              6.853865   slack (MET)


Startpoint: u_memory.g_read[0].g_bank[3].g_slice[0].u_sram
            (rising edge-triggered flip-flop clocked by sys_clk)
Endpoint: _027_ (rising edge-triggered flip-flop clocked by sys_clk)
Path Group: sys_clk
Path Type: max

Fanout         Cap        Slew       Delay        Time   Description
---------------------------------------------------------------------------------------------
                                  0.000000    0.000000   clock sys_clk (rise edge)
                                  0.000000    0.000000   clock source latency
     2    0.170544    0.150000    0.000000    0.000000 ^ clk (in)
                                                         clk (net)
                      0.330250    0.090125    0.090125 ^ clkbuf_0_clk/A (sky130_fd_sc_hd__clkbuf_16)
     2    0.114790    0.200170    0.436482    0.526607 ^ clkbuf_0_clk/X (sky130_fd_sc_hd__clkbuf_16)
                                                         clknet_0_clk (net)
                      0.205090    0.024790    0.551397 ^ clkbuf_1_1_0_clk/A (sky130_fd_sc_hd__clkbuf_16)
     4    0.139972    0.234090    0.411680    0.963077 ^ clkbuf_1_1_0_clk/X (sky130_fd_sc_hd__clkbuf_16)
                                                         clknet_1_1_0_clk (net)
                      0.235929    0.016753    0.979831 ^ clkbuf_3_5_0_clk/A (sky130_fd_sc_hd__clkbuf_16)
     2    0.060550    0.122023    0.340895    1.320726 ^ clkbuf_3_5_0_clk/X (sky130_fd_sc_hd__clkbuf_16)
                                                         clknet_3_5_0_clk (net)
                      0.126187    0.017226    1.337953 ^ clkbuf_4_10__f_clk/A (sky130_fd_sc_hd__clkbuf_16)
     9    0.149821    0.248388    0.384930    1.722882 ^ clkbuf_4_10__f_clk/X (sky130_fd_sc_hd__clkbuf_16)
                                                         clknet_4_10__leaf_clk (net)
                      0.249977    0.016171    1.739053 ^ m6_leaf_3_pre/A (sky130_fd_sc_hd__clkinv_2)
     1    0.036989    0.273773    0.329533    2.068587 v m6_leaf_3_pre/Y (sky130_fd_sc_hd__clkinv_2)
                                                         m6_leaf_3_inverted (net)
                      0.273775    0.001222    2.069809 v m6_leaf_3_drive/A (sky130_fd_sc_hd__clkinv_16)
     1    0.242595    0.257907    0.319312    2.389121 ^ m6_leaf_3_drive/Y (sky130_fd_sc_hd__clkinv_16)
                                                         m6_leaf_3_local (net)
                      0.345935    0.016062    2.405183 ^ u_memory.g_read[0].g_bank[3].g_slice[0].u_sram/clk (sram22_512x32m4w8)
     1    0.011338    0.245247    6.708722    9.113905 ^ u_memory.g_read[0].g_bank[3].g_slice[0].u_sram/dout[26] (sram22_512x32m4w8)
                                                         m6_out_3_26_local (net)
                      0.183953    0.000690    9.114594 ^ m6_out_3_26/A (sky130_fd_sc_hd__buf_12)
     1    0.003260    0.036863    0.198888    9.313482 ^ m6_out_3_26/X (sky130_fd_sc_hd__buf_12)
                                                         u_memory.g_read[0].bank_data[3][26] (net)
                      0.036863    0.000218    9.313702 ^ wire297/A (sky130_fd_sc_hd__clkbuf_4)
     4    0.099870    0.467717    0.515518    9.829220 ^ wire297/X (sky130_fd_sc_hd__clkbuf_4)
                                                         net297 (net)
                      0.468402    0.014794    9.844013 ^ u_memory._286_/C (sky130_fd_sc_hd__and3_4)
     5    0.110368    0.524775    0.899479   10.743492 ^ u_memory._286_/X (sky130_fd_sc_hd__and3_4)
                                                         u_memory._083_ (net)
                      0.525761    0.016573   10.760064 ^ u_memory._288_/B1 (sky130_fd_sc_hd__o22a_2)
     2    0.047641    0.396996    0.721199   11.481263 ^ u_memory._288_/X (sky130_fd_sc_hd__o22a_2)
                                                         result[26] (net)
                      0.397441    0.011899   11.493162 ^ _027_/D (sky130_fd_sc_hd__dfxtp_2)
                                             11.493162   data arrival time

                                 10.000000   10.000000   clock sys_clk (rise edge)
                                  0.000000   10.000000   clock source latency
     2    0.170544    0.150000    0.000000   10.000000 ^ clk (in)
                                                         clk (net)
                      0.330250    0.090125   10.090125 ^ clkbuf_0_clk/A (sky130_fd_sc_hd__clkbuf_16)
     2    0.114790    0.200170    0.436481   10.526607 ^ clkbuf_0_clk/X (sky130_fd_sc_hd__clkbuf_16)
                                                         clknet_0_clk (net)
                      0.201471    0.012985   10.539592 ^ clkbuf_1_0_0_clk/A (sky130_fd_sc_hd__clkbuf_16)
     4    0.102210    0.181552    0.368530   10.908122 ^ clkbuf_1_0_0_clk/X (sky130_fd_sc_hd__clkbuf_16)
                                                         clknet_1_0_0_clk (net)
                      0.185049    0.019921   10.928042 ^ clkbuf_3_0_0_clk/A (sky130_fd_sc_hd__clkbuf_16)
     2    0.047591    0.103585    0.308762   11.236805 ^ clkbuf_3_0_0_clk/X (sky130_fd_sc_hd__clkbuf_16)
                                                         clknet_3_0_0_clk (net)
                      0.105053    0.009504   11.246308 ^ clkbuf_4_0__f_clk/A (sky130_fd_sc_hd__clkbuf_16)
    10    0.053946    0.112493    0.279351   11.525659 ^ clkbuf_4_0__f_clk/X (sky130_fd_sc_hd__clkbuf_16)
                                                         clknet_4_0__leaf_clk (net)
                      0.113215    0.006919   11.532578 ^ _027_/CLK (sky130_fd_sc_hd__dfxtp_2)
                                 -0.250000   11.282578   clock uncertainty
                                  0.000000   11.282578   clock reconvergence pessimism
                                 -0.219273   11.063305   library setup time
                                             11.063305   data required time
---------------------------------------------------------------------------------------------
                                             11.063305   data required time
                                            -11.493162   data arrival time
---------------------------------------------------------------------------------------------
                                             -0.429857   slack (VIOLATED)




===========================================================================
report_checks --slack_max -0.01
============================================================================
======================= max_ss_100C_1v60 Corner ===================================

Startpoint: u_memory.g_read[0].g_bank[3].g_slice[0].u_sram
            (rising edge-triggered flip-flop clocked by sys_clk)
Endpoint: _027_ (rising edge-triggered flip-flop clocked by sys_clk)
Path Group: sys_clk
Path Type: max

Fanout         Cap        Slew       Delay        Time   Description
---------------------------------------------------------------------------------------------
                                  0.000000    0.000000   clock sys_clk (rise edge)
                                  0.000000    0.000000   clock source latency
     2    0.170544    0.150000    0.000000    0.000000 ^ clk (in)
                                                         clk (net)
                      0.330250    0.090125    0.090125 ^ clkbuf_0_clk/A (sky130_fd_sc_hd__clkbuf_16)
     2    0.114790    0.200170    0.436482    0.526607 ^ clkbuf_0_clk/X (sky130_fd_sc_hd__clkbuf_16)
                                                         clknet_0_clk (net)
                      0.205090    0.024790    0.551397 ^ clkbuf_1_1_0_clk/A (sky130_fd_sc_hd__clkbuf_16)
     4    0.139972    0.234090    0.411680    0.963077 ^ clkbuf_1_1_0_clk/X (sky130_fd_sc_hd__clkbuf_16)
                                                         clknet_1_1_0_clk (net)
                      0.235929    0.016753    0.979831 ^ clkbuf_3_5_0_clk/A (sky130_fd_sc_hd__clkbuf_16)
     2    0.060550    0.122023    0.340895    1.320726 ^ clkbuf_3_5_0_clk/X (sky130_fd_sc_hd__clkbuf_16)
                                                         clknet_3_5_0_clk (net)
                      0.126187    0.017226    1.337953 ^ clkbuf_4_10__f_clk/A (sky130_fd_sc_hd__clkbuf_16)
     9    0.149821    0.248388    0.384930    1.722882 ^ clkbuf_4_10__f_clk/X (sky130_fd_sc_hd__clkbuf_16)
                                                         clknet_4_10__leaf_clk (net)
                      0.249977    0.016171    1.739053 ^ m6_leaf_3_pre/A (sky130_fd_sc_hd__clkinv_2)
     1    0.036989    0.273773    0.329533    2.068587 v m6_leaf_3_pre/Y (sky130_fd_sc_hd__clkinv_2)
                                                         m6_leaf_3_inverted (net)
                      0.273775    0.001222    2.069809 v m6_leaf_3_drive/A (sky130_fd_sc_hd__clkinv_16)
     1    0.242595    0.257907    0.319312    2.389121 ^ m6_leaf_3_drive/Y (sky130_fd_sc_hd__clkinv_16)
                                                         m6_leaf_3_local (net)
                      0.345935    0.016062    2.405183 ^ u_memory.g_read[0].g_bank[3].g_slice[0].u_sram/clk (sram22_512x32m4w8)
     1    0.011338    0.245247    6.708722    9.113905 ^ u_memory.g_read[0].g_bank[3].g_slice[0].u_sram/dout[26] (sram22_512x32m4w8)
                                                         m6_out_3_26_local (net)
                      0.183953    0.000690    9.114594 ^ m6_out_3_26/A (sky130_fd_sc_hd__buf_12)
     1    0.003260    0.036863    0.198888    9.313482 ^ m6_out_3_26/X (sky130_fd_sc_hd__buf_12)
                                                         u_memory.g_read[0].bank_data[3][26] (net)
                      0.036863    0.000218    9.313702 ^ wire297/A (sky130_fd_sc_hd__clkbuf_4)
     4    0.099870    0.467717    0.515518    9.829220 ^ wire297/X (sky130_fd_sc_hd__clkbuf_4)
                                                         net297 (net)
                      0.468402    0.014794    9.844013 ^ u_memory._286_/C (sky130_fd_sc_hd__and3_4)
     5    0.110368    0.524775    0.899479   10.743492 ^ u_memory._286_/X (sky130_fd_sc_hd__and3_4)
                                                         u_memory._083_ (net)
                      0.525761    0.016573   10.760064 ^ u_memory._288_/B1 (sky130_fd_sc_hd__o22a_2)
     2    0.047641    0.396996    0.721199   11.481263 ^ u_memory._288_/X (sky130_fd_sc_hd__o22a_2)
                                                         result[26] (net)
                      0.397441    0.011899   11.493162 ^ _027_/D (sky130_fd_sc_hd__dfxtp_2)
                                             11.493162   data arrival time

                                 10.000000   10.000000   clock sys_clk (rise edge)
                                  0.000000   10.000000   clock source latency
     2    0.170544    0.150000    0.000000   10.000000 ^ clk (in)
                                                         clk (net)
                      0.330250    0.090125   10.090125 ^ clkbuf_0_clk/A (sky130_fd_sc_hd__clkbuf_16)
     2    0.114790    0.200170    0.436481   10.526607 ^ clkbuf_0_clk/X (sky130_fd_sc_hd__clkbuf_16)
                                                         clknet_0_clk (net)
                      0.201471    0.012985   10.539592 ^ clkbuf_1_0_0_clk/A (sky130_fd_sc_hd__clkbuf_16)
     4    0.102210    0.181552    0.368530   10.908122 ^ clkbuf_1_0_0_clk/X (sky130_fd_sc_hd__clkbuf_16)
                                                         clknet_1_0_0_clk (net)
                      0.185049    0.019921   10.928042 ^ clkbuf_3_0_0_clk/A (sky130_fd_sc_hd__clkbuf_16)
     2    0.047591    0.103585    0.308762   11.236805 ^ clkbuf_3_0_0_clk/X (sky130_fd_sc_hd__clkbuf_16)
                                                         clknet_3_0_0_clk (net)
                      0.105053    0.009504   11.246308 ^ clkbuf_4_0__f_clk/A (sky130_fd_sc_hd__clkbuf_16)
    10    0.053946    0.112493    0.279351   11.525659 ^ clkbuf_4_0__f_clk/X (sky130_fd_sc_hd__clkbuf_16)
                                                         clknet_4_0__leaf_clk (net)
                      0.113215    0.006919   11.532578 ^ _027_/CLK (sky130_fd_sc_hd__dfxtp_2)
                                 -0.250000   11.282578   clock uncertainty
                                  0.000000   11.282578   clock reconvergence pessimism
                                 -0.219273   11.063305   library setup time
                                             11.063305   data required time
---------------------------------------------------------------------------------------------
                                             11.063305   data required time
                                            -11.493162   data arrival time
---------------------------------------------------------------------------------------------
                                             -0.429857   slack (VIOLATED)




===========================================================================
 report_check_types -max_slew -max_cap -max_fanout -violators
============================================================================
======================= max_ss_100C_1v60 Corner ===================================

max slew

Pin                                        Limit        Slew       Slack
------------------------------------------------------------------------
u_memory.g_read[1].g_bank[2].g_slice[0].u_sram/din[2]    0.350000    0.839521   -0.489521 (VIOLATED)
u_memory.g_read[0].g_bank[2].g_slice[0].u_sram/din[28]    0.350000    0.741211   -0.391211 (VIOLATED)
u_memory.g_read[1].g_bank[3].g_slice[0].u_sram/din[11]    0.350000    0.718531   -0.368531 (VIOLATED)
u_memory.g_read[0].g_bank[3].g_slice[0].u_sram/din[27]    0.350000    0.712907   -0.362907 (VIOLATED)
wire167/A                               0.350000    0.709656   -0.359656 (VIOLATED)
wire168/X                               0.350000    0.707633   -0.357633 (VIOLATED)
u_memory.g_read[1].g_bank[1].g_slice[0].u_sram/wmask[1]    0.350000    0.696937   -0.346937 (VIOLATED)
u_memory.g_read[1].g_bank[0].g_slice[0].u_sram/wmask[1]    0.350000    0.696905   -0.346905 (VIOLATED)
u_memory._372_/B1                       0.350000    0.685984   -0.335984 (VIOLATED)
u_memory._371_/X                        0.350000    0.685627   -0.335627 (VIOLATED)
u_memory.g_read[0].g_bank[2].g_slice[0].u_sram/din[18]    0.350000    0.684489   -0.334489 (VIOLATED)
u_memory.g_read[1].g_bank[3].g_slice[0].u_sram/wmask[2]    0.350000    0.677583   -0.327583 (VIOLATED)
u_memory.g_read[0].g_bank[2].g_slice[0].u_sram/din[29]    0.350000    0.677515   -0.327515 (VIOLATED)
u_memory.g_read[0].g_bank[3].g_slice[0].u_sram/din[24]    0.350000    0.675451   -0.325451 (VIOLATED)
u_memory.g_read[1].g_bank[0].g_slice[0].u_sram/wmask[0]    0.350000    0.670996   -0.320996 (VIOLATED)
u_memory.g_read[1].g_bank[1].g_slice[0].u_sram/wmask[0]    0.350000    0.670987   -0.320987 (VIOLATED)
u_memory.g_read[1].g_bank[0].g_slice[0].u_sram/din[8]    0.350000    0.657348   -0.307348 (VIOLATED)
u_memory.g_read[0].g_bank[2].g_slice[0].u_sram/din[10]    0.350000    0.637241   -0.287241 (VIOLATED)
u_memory.g_read[1].g_bank[3].g_slice[0].u_sram/din[20]    0.350000    0.629660   -0.279660 (VIOLATED)
max_cap609/A                            0.350000    0.629637   -0.279637 (VIOLATED)
max_cap610/A                            0.350000    0.629637   -0.279637 (VIOLATED)
wire611/X                               0.350000    0.629210   -0.279210 (VIOLATED)
u_memory.g_read[0].g_bank[0].g_slice[0].u_sram/wmask[2]    0.350000    0.623695   -0.273695 (VIOLATED)
u_memory.g_read[0].g_bank[2].g_slice[0].u_sram/din[24]    0.350000    0.623112   -0.273113 (VIOLATED)
max_cap194/A                            0.350000    0.621356   -0.271356 (VIOLATED)
wire193/A                               0.350000    0.621339   -0.271339 (VIOLATED)
u_memory.g_read[0].g_bank[1].g_slice[0].u_sram/wmask[2]    0.350000    0.620684   -0.270683 (VIOLATED)
wire195/X                               0.350000    0.619005   -0.269005 (VIOLATED)
u_memory.g_read[1].g_bank[3].g_slice[0].u_sram/din[12]    0.350000    0.618282   -0.268282 (VIOLATED)
u_memory.g_read[0].g_bank[2].g_slice[0].u_sram/din[26]    0.350000    0.618074   -0.268074 (VIOLATED)
u_memory.g_read[1].g_bank[0].g_slice[0].u_sram/din[17]    0.350000    0.610472   -0.260472 (VIOLATED)
u_memory.g_read[0].g_bank[2].g_slice[0].u_sram/din[31]    0.350000    0.610443   -0.260443 (VIOLATED)
hold200/A                               0.350000    0.610271   -0.260271 (VIOLATED)
hold206/X                               0.350000    0.608842   -0.258842 (VIOLATED)
u_memory.g_read[1].g_bank[0].g_slice[0].u_sram/din[3]    0.350000    0.606424   -0.256424 (VIOLATED)
u_memory.g_read[0].g_bank[3].g_slice[0].u_sram/din[28]    0.350000    0.605102   -0.255102 (VIOLATED)
u_memory.g_read[0].g_bank[3].g_slice[0].u_sram/din[15]    0.350000    0.602228   -0.252228 (VIOLATED)
u_memory.g_read[1].g_bank[3].g_slice[0].u_sram/din[24]    0.350000    0.601604   -0.251604 (VIOLATED)
u_memory.g_read[0].g_bank[2].g_slice[0].u_sram/we    0.350000    0.596645   -0.246645 (VIOLATED)
u_memory.g_read[1].g_bank[3].g_slice[0].u_sram/din[17]    0.350000    0.595526   -0.245526 (VIOLATED)
u_memory.g_read[1].g_bank[0].g_slice[0].u_sram/din[16]    0.350000    0.595365   -0.245365 (VIOLATED)
u_memory.g_read[0].g_bank[3].g_slice[0].u_sram/din[13]    0.350000    0.590680   -0.240680 (VIOLATED)
u_memory.g_read[0].g_bank[3].g_slice[0].u_sram/din[14]    0.350000    0.590407   -0.240407 (VIOLATED)
u_memory.g_read[1].g_bank[0].g_slice[0].u_sram/din[27]    0.350000    0.589397   -0.239397 (VIOLATED)
u_memory.g_read[0].g_bank[3].g_slice[0].u_sram/din[20]    0.350000    0.589201   -0.239201 (VIOLATED)
u_memory.g_read[1].g_bank[3].g_slice[0].u_sram/din[7]    0.350000    0.588973   -0.238973 (VIOLATED)
u_memory.g_read[0].g_bank[3].g_slice[0].u_sram/din[23]    0.350000    0.588404   -0.238404 (VIOLATED)
u_memory.g_read[1].g_bank[0].g_slice[0].u_sram/din[1]    0.350000    0.587583   -0.237583 (VIOLATED)
ANTENNA_23/DIODE                        0.350000    0.586405   -0.236405 (VIOLATED)
_003_/D                                 0.350000    0.586404   -0.236404 (VIOLATED)
u_memory._215_/X                        0.350000    0.586324   -0.236324 (VIOLATED)
u_memory.g_read[0].g_bank[3].g_slice[0].u_sram/din[6]    0.350000    0.586161   -0.236161 (VIOLATED)
fanout189/A                             0.350000    0.585189   -0.235189 (VIOLATED)
u_memory.g_read[1].g_bank[3].g_slice[0].u_sram/din[22]    0.350000    0.585010   -0.235010 (VIOLATED)
fanout190/A                             0.350000    0.584389   -0.234389 (VIOLATED)
u_memory.g_read[1].g_bank[3].g_slice[0].u_sram/din[1]    0.350000    0.583988   -0.233988 (VIOLATED)
u_memory._203_/X                        0.350000    0.583837   -0.233837 (VIOLATED)
u_memory.g_read[0].g_bank[0].g_slice[0].u_sram/din[8]    0.350000    0.582973   -0.232973 (VIOLATED)
u_memory.g_read[0].g_bank[0].g_slice[0].u_sram/din[24]    0.350000    0.582193   -0.232193 (VIOLATED)
u_memory.g_read[0].g_bank[3].g_slice[0].u_sram/din[26]    0.350000    0.581778   -0.231778 (VIOLATED)
u_memory.g_read[1].g_bank[0].g_slice[0].u_sram/din[28]    0.350000    0.581426   -0.231426 (VIOLATED)
u_memory.g_read[0].g_bank[0].g_slice[0].u_sram/din[22]    0.350000    0.581353   -0.231353 (VIOLATED)
u_memory.g_read[1].g_bank[2].g_slice[0].u_sram/wmask[2]    0.350000    0.581212   -0.231212 (VIOLATED)
u_memory.g_read[1].g_bank[0].g_slice[0].u_sram/din[18]    0.350000    0.581159   -0.231159 (VIOLATED)
wire392/A                               0.350000    0.581071   -0.231071 (VIOLATED)
max_cap393/A                            0.350000    0.580585   -0.230585 (VIOLATED)
u_memory.g_read[0].g_bank[0].g_slice[0].u_sram/din[16]    0.350000    0.580317   -0.230317 (VIOLATED)
u_memory.g_read[1].g_bank[0].g_slice[0].u_sram/din[25]    0.350000    0.580297   -0.230297 (VIOLATED)
wire394/X                               0.350000    0.580135   -0.230135 (VIOLATED)
u_memory.g_read[1].g_bank[0].g_slice[0].u_sram/din[12]    0.350000    0.578353   -0.228353 (VIOLATED)
u_memory.g_read[0].g_bank[0].g_slice[0].u_sram/din[23]    0.350000    0.578283   -0.228283 (VIOLATED)
u_memory.g_read[0].g_bank[0].g_slice[0].u_sram/din[12]    0.350000    0.577531   -0.227531 (VIOLATED)
u_memory.g_read[0].g_bank[0].g_slice[0].u_sram/din[10]    0.350000    0.577127   -0.227127 (VIOLATED)
u_memory.g_read[0].g_bank[0].g_slice[0].u_sram/din[3]    0.350000    0.574610   -0.224610 (VIOLATED)
u_memory.g_read[0].g_bank[0].g_slice[0].u_sram/din[11]    0.350000    0.573400   -0.223400 (VIOLATED)
u_memory.g_read[0].g_bank[0].g_slice[0].u_sram/din[2]    0.350000    0.572742   -0.222742 (VIOLATED)
u_memory.g_read[0].g_bank[0].g_slice[0].u_sram/din[26]    0.350000    0.571708   -0.221708 (VIOLATED)
u_memory._181_/A_N                      0.350000    0.571624   -0.221624 (VIOLATED)
u_memory._185_/B                        0.350000    0.571619   -0.221619 (VIOLATED)
u_memory.g_read[0].g_bank[0].g_slice[0].u_sram/din[21]    0.350000    0.571613   -0.221613 (VIOLATED)
u_memory._190_/A                        0.350000    0.571601   -0.221601 (VIOLATED)
u_memory._177_/A                        0.350000    0.571596   -0.221596 (VIOLATED)
u_memory.g_read[0].g_bank[0].g_slice[0].u_sram/din[30]    0.350000    0.571328   -0.221327 (VIOLATED)
u_memory.g_read[0].g_bank[0].g_slice[0].u_sram/din[17]    0.350000    0.571192   -0.221192 (VIOLATED)
wire627/X                               0.350000    0.570306   -0.220306 (VIOLATED)
u_memory.g_read[1].g_bank[0].g_slice[0].u_sram/din[7]    0.350000    0.569265   -0.219265 (VIOLATED)
u_memory.g_read[1].g_bank[0].g_slice[0].u_sram/din[11]    0.350000    0.567969   -0.217969 (VIOLATED)
u_memory.g_read[0].g_bank[0].g_slice[0].u_sram/din[19]    0.350000    0.567769   -0.217769 (VIOLATED)
u_memory.g_read[0].g_bank[0].g_slice[0].u_sram/din[29]    0.350000    0.566530   -0.216530 (VIOLATED)
u_memory.g_read[0].g_bank[0].g_slice[0].u_sram/din[31]    0.350000    0.566295   -0.216295 (VIOLATED)
u_memory.g_read[0].g_bank[1].g_slice[0].u_sram/ce    0.350000    0.566275   -0.216275 (VIOLATED)
u_memory.g_read[1].g_bank[0].g_slice[0].u_sram/wmask[3]    0.350000    0.564206   -0.214206 (VIOLATED)
u_memory.g_read[0].g_bank[1].g_slice[0].u_sram/din[11]    0.350000    0.560737   -0.210737 (VIOLATED)
u_memory.g_read[0].g_bank[3].g_slice[0].u_sram/ce    0.350000    0.560253   -0.210253 (VIOLATED)
u_memory.g_read[0].g_bank[1].g_slice[0].u_sram/din[1]    0.350000    0.556099   -0.206099 (VIOLATED)
max_cap427/A                            0.350000    0.555769   -0.205769 (VIOLATED)
u_memory.g_read[0].g_bank[2].g_slice[0].u_sram/ce    0.350000    0.555705   -0.205705 (VIOLATED)
u_memory.g_read[1].g_bank[3].g_slice[0].u_sram/din[21]    0.350000    0.555397   -0.205397 (VIOLATED)
u_memory.g_read[0].g_bank[1].g_slice[0].u_sram/din[14]    0.350000    0.554345   -0.204345 (VIOLATED)
u_memory._387_/B2                       0.350000    0.551993   -0.201993 (VIOLATED)
u_memory._386_/X                        0.350000    0.551922   -0.201922 (VIOLATED)
u_memory.g_read[0].g_bank[3].g_slice[0].u_sram/din[11]    0.350000    0.551124   -0.201124 (VIOLATED)
u_memory.g_read[0].g_bank[1].g_slice[0].u_sram/din[0]    0.350000    0.550807   -0.200807 (VIOLATED)
u_memory.g_read[0].g_bank[3].g_slice[0].u_sram/din[0]    0.350000    0.549937   -0.199937 (VIOLATED)
u_memory.g_read[0].g_bank[3].g_slice[0].u_sram/din[8]    0.350000    0.548795   -0.198795 (VIOLATED)
wire428/X                               0.350000    0.548414   -0.198414 (VIOLATED)
u_memory.g_read[1].g_bank[0].g_slice[0].u_sram/din[24]    0.350000    0.548402   -0.198402 (VIOLATED)
u_memory._419_/A1                       0.350000    0.547937   -0.197937 (VIOLATED)
fanout204/A                             0.350000    0.547685   -0.197685 (VIOLATED)
u_memory._174_/Y                        0.350000    0.546401   -0.196401 (VIOLATED)
u_memory.g_read[0].g_bank[2].g_slice[0].u_sram/addr[0]    0.350000    0.544141   -0.194141 (VIOLATED)
u_memory.g_read[0].g_bank[3].g_slice[0].u_sram/addr[0]    0.350000    0.544030   -0.194030 (VIOLATED)
u_memory.g_read[0].g_bank[3].g_slice[0].u_sram/we    0.350000    0.542969   -0.192969 (VIOLATED)
u_memory.g_read[0].g_bank[0].g_slice[0].u_sram/we    0.350000    0.542878   -0.192878 (VIOLATED)
u_memory.g_read[0].g_bank[1].g_slice[0].u_sram/din[4]    0.350000    0.542569   -0.192568 (VIOLATED)
u_memory.g_read[1].g_bank[0].g_slice[0].u_sram/din[19]    0.350000    0.541813   -0.191813 (VIOLATED)
ANTENNA_2685/DIODE                      0.350000    0.540765   -0.190765 (VIOLATED)
_100_/D                                 0.350000    0.540765   -0.190765 (VIOLATED)
wire645/X                               0.350000    0.540705   -0.190705 (VIOLATED)
u_memory._195_/A1                       0.350000    0.539624   -0.189624 (VIOLATED)
ANTENNA_2183/DIODE                      0.350000    0.538843   -0.188843 (VIOLATED)
ANTENNA_2192/DIODE                      0.350000    0.538802   -0.188802 (VIOLATED)
ANTENNA_2188/DIODE                      0.350000    0.538800   -0.188800 (VIOLATED)
ANTENNA_2187/DIODE                      0.350000    0.538797   -0.188798 (VIOLATED)
ANTENNA_2186/DIODE                      0.350000    0.538796   -0.188796 (VIOLATED)
ANTENNA_2185/DIODE                      0.350000    0.538793   -0.188793 (VIOLATED)
ANTENNA_2184/DIODE                      0.350000    0.538791   -0.188791 (VIOLATED)
ANTENNA_2189/DIODE                      0.350000    0.538697   -0.188697 (VIOLATED)
ANTENNA_2190/DIODE                      0.350000    0.538694   -0.188694 (VIOLATED)
ANTENNA_2191/DIODE                      0.350000    0.538691   -0.188691 (VIOLATED)
ANTENNA_2193/DIODE                      0.350000    0.538688   -0.188688 (VIOLATED)
wire193/X                               0.350000    0.538157   -0.188157 (VIOLATED)
max_cap548/X                            0.350000    0.537624   -0.187624 (VIOLATED)
u_memory.g_read[0].g_bank[1].g_slice[0].u_sram/din[8]    0.350000    0.537354   -0.187354 (VIOLATED)
u_memory.g_read[0].g_bank[1].g_slice[0].u_sram/we    0.350000    0.536477   -0.186477 (VIOLATED)
u_memory.g_read[0].g_bank[1].g_slice[0].u_sram/din[7]    0.350000    0.536052   -0.186052 (VIOLATED)
u_memory.g_read[0].g_bank[1].g_slice[0].u_sram/din[16]    0.350000    0.535859   -0.185859 (VIOLATED)
ANTENNA_1455/DIODE                      0.350000    0.534642   -0.184642 (VIOLATED)
ANTENNA_1462/DIODE                      0.350000    0.534601   -0.184601 (VIOLATED)
ANTENNA_1464/DIODE                      0.350000    0.534601   -0.184601 (VIOLATED)
ANTENNA_1458/DIODE                      0.350000    0.534594   -0.184594 (VIOLATED)
ANTENNA_1457/DIODE                      0.350000    0.534593   -0.184593 (VIOLATED)
ANTENNA_1456/DIODE                      0.350000    0.534593   -0.184593 (VIOLATED)
ANTENNA_1460/DIODE                      0.350000    0.534592   -0.184592 (VIOLATED)
ANTENNA_1459/DIODE                      0.350000    0.534584   -0.184584 (VIOLATED)
ANTENNA_1465/DIODE                      0.350000    0.534581   -0.184581 (VIOLATED)
ANTENNA_1461/DIODE                      0.350000    0.534581   -0.184581 (VIOLATED)
ANTENNA_1463/DIODE                      0.350000    0.534581   -0.184581 (VIOLATED)
u_memory.g_read[0].g_bank[1].g_slice[0].u_sram/din[21]    0.350000    0.533748   -0.183748 (VIOLATED)
max_cap433/X                            0.350000    0.533714   -0.183714 (VIOLATED)
u_memory.g_read[0].g_bank[3].g_slice[0].u_sram/din[2]    0.350000    0.532550   -0.182550 (VIOLATED)
u_memory.g_read[0].g_bank[3].g_slice[0].u_sram/din[25]    0.350000    0.532375   -0.182375 (VIOLATED)
u_memory.g_read[0].g_bank[1].g_slice[0].u_sram/din[13]    0.350000    0.530810   -0.180810 (VIOLATED)
ANTENNA_788/DIODE                       0.350000    0.530058   -0.180058 (VIOLATED)
ANTENNA_786/DIODE                       0.350000    0.530057   -0.180057 (VIOLATED)
ANTENNA_784/DIODE                       0.350000    0.530047   -0.180047 (VIOLATED)
u_memory._420_/A1                       0.350000    0.530039   -0.180039 (VIOLATED)
ANTENNA_782/DIODE                       0.350000    0.530037   -0.180037 (VIOLATED)
ANTENNA_780/DIODE                       0.350000    0.530035   -0.180035 (VIOLATED)
ANTENNA_779/DIODE                       0.350000    0.530028   -0.180028 (VIOLATED)
ANTENNA_781/DIODE                       0.350000    0.530024   -0.180024 (VIOLATED)
ANTENNA_783/DIODE                       0.350000    0.530020   -0.180020 (VIOLATED)
ANTENNA_785/DIODE                       0.350000    0.530014   -0.180014 (VIOLATED)
ANTENNA_787/DIODE                       0.350000    0.530011   -0.180011 (VIOLATED)
u_memory.g_read[0].g_bank[1].g_slice[0].u_sram/din[23]    0.350000    0.529429   -0.179429 (VIOLATED)
wire260/X                               0.350000    0.529033   -0.179033 (VIOLATED)
u_memory.g_read[1].g_bank[3].g_slice[0].u_sram/din[9]    0.350000    0.528454   -0.178454 (VIOLATED)
u_memory.g_read[0].g_bank[1].g_slice[0].u_sram/din[2]    0.350000    0.527912   -0.177912 (VIOLATED)
u_memory._288_/B1                       0.350000    0.525761   -0.175761 (VIOLATED)
ANTENNA_114/DIODE                       0.350000    0.525759   -0.175759 (VIOLATED)
ANTENNA_112/DIODE                       0.350000    0.525757   -0.175757 (VIOLATED)
ANTENNA_113/DIODE                       0.350000    0.525754   -0.175754 (VIOLATED)
ANTENNA_115/DIODE                       0.350000    0.525752   -0.175752 (VIOLATED)
u_memory.g_read[0].g_bank[1].g_slice[0].u_sram/din[20]    0.350000    0.524959   -0.174959 (VIOLATED)
u_memory._286_/X                        0.350000    0.524775   -0.174775 (VIOLATED)
u_memory.g_read[1].g_bank[1].g_slice[0].u_sram/din[3]    0.350000    0.524677   -0.174677 (VIOLATED)
ANTENNA_93/DIODE                        0.350000    0.524084   -0.174084 (VIOLATED)
ANTENNA_91/DIODE                        0.350000    0.524083   -0.174083 (VIOLATED)
ANTENNA_90/DIODE                        0.350000    0.524081   -0.174081 (VIOLATED)
u_memory.g_read[1].g_bank[0].g_slice[0].u_sram/din[0]    0.350000    0.524081   -0.174081 (VIOLATED)
u_memory._267_/B1                       0.350000    0.524078   -0.174078 (VIOLATED)
u_memory.g_read[0].g_bank[3].g_slice[0].u_sram/din[16]    0.350000    0.524075   -0.174075 (VIOLATED)
ANTENNA_92/DIODE                        0.350000    0.524047   -0.174047 (VIOLATED)
u_memory.g_read[0].g_bank[1].g_slice[0].u_sram/din[10]    0.350000    0.523368   -0.173368 (VIOLATED)
u_memory.g_read[0].g_bank[1].g_slice[0].u_sram/din[26]    0.350000    0.523080   -0.173080 (VIOLATED)
u_memory._265_/X                        0.350000    0.523062   -0.173062 (VIOLATED)
ANTENNA_2690/DIODE                      0.350000    0.522689   -0.172689 (VIOLATED)
ANTENNA_2689/DIODE                      0.350000    0.522686   -0.172686 (VIOLATED)
ANTENNA_2688/DIODE                      0.350000    0.522686   -0.172686 (VIOLATED)
ANTENNA_2691/DIODE                      0.350000    0.522677   -0.172677 (VIOLATED)
hold132/X                               0.350000    0.522319   -0.172319 (VIOLATED)
u_memory._194_/A                        0.350000    0.521380   -0.171380 (VIOLATED)
u_memory._196_/A_N                      0.350000    0.521353   -0.171353 (VIOLATED)
u_memory._198_/B                        0.350000    0.521318   -0.171318 (VIOLATED)
wire628/X                               0.350000    0.520204   -0.170204 (VIOLATED)
u_memory.g_read[1].g_bank[3].g_slice[0].u_sram/din[26]    0.350000    0.519316   -0.169316 (VIOLATED)
u_memory.g_read[1].g_bank[3].g_slice[0].u_sram/din[2]    0.350000    0.519115   -0.169115 (VIOLATED)
max_cap4/A                              0.350000    0.519073   -0.169073 (VIOLATED)
u_memory._175_/Y                        0.350000    0.519073   -0.169073 (VIOLATED)
wire195/A                               0.350000    0.519073   -0.169073 (VIOLATED)
u_memory.g_read[1].g_bank[3].g_slice[0].u_sram/din[23]    0.350000    0.518879   -0.168879 (VIOLATED)
u_memory.g_read[0].g_bank[1].g_slice[0].u_sram/din[18]    0.350000    0.518648   -0.168648 (VIOLATED)
u_memory.g_read[1].g_bank[0].g_slice[0].u_sram/wmask[2]    0.350000    0.517790   -0.167790 (VIOLATED)
u_memory.g_read[1].g_bank[1].g_slice[0].u_sram/din[6]    0.350000    0.516862   -0.166862 (VIOLATED)
u_memory._255_/B1                       0.350000    0.516762   -0.166762 (VIOLATED)
ANTENNA_83/DIODE                        0.350000    0.516758   -0.166758 (VIOLATED)
ANTENNA_81/DIODE                        0.350000    0.516755   -0.166755 (VIOLATED)
ANTENNA_80/DIODE                        0.350000    0.516743   -0.166743 (VIOLATED)
ANTENNA_82/DIODE                        0.350000    0.516717   -0.166717 (VIOLATED)
u_memory._194_/C_N                      0.350000    0.516563   -0.166563 (VIOLATED)
u_memory._196_/C                        0.350000    0.516557   -0.166557 (VIOLATED)
u_memory._424_/A                        0.350000    0.516556   -0.166556 (VIOLATED)
u_memory._198_/A                        0.350000    0.516536   -0.166536 (VIOLATED)
wire632/X                               0.350000    0.516377   -0.166377 (VIOLATED)
u_memory._253_/X                        0.350000    0.515798   -0.165798 (VIOLATED)
u_memory.g_read[1].g_bank[3].g_slice[0].u_sram/din[14]    0.350000    0.515659   -0.165659 (VIOLATED)
u_memory.g_read[1].g_bank[1].g_slice[0].u_sram/wmask[2]    0.350000    0.515365   -0.165365 (VIOLATED)
u_memory.g_read[1].g_bank[1].g_slice[0].u_sram/din[28]    0.350000    0.515083   -0.165083 (VIOLATED)
u_memory.g_read[1].g_bank[3].g_slice[0].u_sram/din[6]    0.350000    0.514549   -0.164549 (VIOLATED)
u_memory.g_read[0].g_bank[1].g_slice[0].u_sram/din[19]    0.350000    0.514463   -0.164463 (VIOLATED)
u_memory.g_read[1].g_bank[1].g_slice[0].u_sram/din[5]    0.350000    0.513857   -0.163857 (VIOLATED)
u_memory.g_read[1].g_bank[3].g_slice[0].u_sram/addr[8]    0.350000    0.513521   -0.163521 (VIOLATED)
u_memory.g_read[0].g_bank[3].g_slice[0].u_sram/din[22]    0.350000    0.513473   -0.163473 (VIOLATED)
max_cap496/A                            0.350000    0.513307   -0.163307 (VIOLATED)
max_cap495/A                            0.350000    0.513239   -0.163239 (VIOLATED)
u_memory.g_read[1].g_bank[2].g_slice[0].u_sram/addr[8]    0.350000    0.513004   -0.163004 (VIOLATED)
wire497/X                               0.350000    0.512555   -0.162555 (VIOLATED)
u_memory.g_read[1].g_bank[1].g_slice[0].u_sram/din[18]    0.350000    0.512513   -0.162513 (VIOLATED)
u_memory.g_read[0].g_bank[0].g_slice[0].u_sram/din[6]    0.350000    0.512347   -0.162347 (VIOLATED)
u_memory.g_read[0].g_bank[1].g_slice[0].u_sram/din[9]    0.350000    0.512255   -0.162255 (VIOLATED)
u_memory.g_read[0].g_bank[1].g_slice[0].u_sram/din[17]    0.350000    0.511421   -0.161421 (VIOLATED)
u_memory.g_read[0].g_bank[0].g_slice[0].u_sram/din[7]    0.350000    0.511288   -0.161288 (VIOLATED)
u_memory.g_read[1].g_bank[3].g_slice[0].u_sram/din[13]    0.350000    0.511217   -0.161217 (VIOLATED)
u_memory.g_read[0].g_bank[3].g_slice[0].u_sram/din[4]    0.350000    0.509885   -0.159885 (VIOLATED)
u_memory.g_read[1].g_bank[2].g_slice[0].u_sram/din[3]    0.350000    0.509830   -0.159830 (VIOLATED)
u_memory.g_read[1].g_bank[3].g_slice[0].u_sram/din[0]    0.350000    0.508899   -0.158899 (VIOLATED)
u_memory.g_read[1].g_bank[0].g_slice[0].u_sram/din[10]    0.350000    0.508785   -0.158785 (VIOLATED)
u_memory.g_read[1].g_bank[3].g_slice[0].u_sram/din[5]    0.350000    0.508772   -0.158772 (VIOLATED)
ANTENNA_1241/DIODE                      0.350000    0.508177   -0.158177 (VIOLATED)
ANTENNA_1235/DIODE                      0.350000    0.508150   -0.158150 (VIOLATED)
ANTENNA_1234/DIODE                      0.350000    0.508146   -0.158146 (VIOLATED)
ANTENNA_1244/DIODE                      0.350000    0.508126   -0.158126 (VIOLATED)
ANTENNA_1243/DIODE                      0.350000    0.508126   -0.158126 (VIOLATED)
max_cap420/A                            0.350000    0.508104   -0.158104 (VIOLATED)
ANTENNA_1242/DIODE                      0.350000    0.508098   -0.158098 (VIOLATED)
ANTENNA_1236/DIODE                      0.350000    0.508098   -0.158098 (VIOLATED)
ANTENNA_1237/DIODE                      0.350000    0.508096   -0.158096 (VIOLATED)
ANTENNA_1238/DIODE                      0.350000    0.508093   -0.158093 (VIOLATED)
ANTENNA_1239/DIODE                      0.350000    0.508090   -0.158090 (VIOLATED)
ANTENNA_1240/DIODE                      0.350000    0.508088   -0.158088 (VIOLATED)
u_memory.g_read[0].g_bank[3].g_slice[0].u_sram/din[21]    0.350000    0.507959   -0.157959 (VIOLATED)
u_memory.g_read[0].g_bank[0].g_slice[0].u_sram/din[9]    0.350000    0.507745   -0.157745 (VIOLATED)
u_memory.g_read[0].g_bank[1].g_slice[0].u_sram/din[12]    0.350000    0.507646   -0.157646 (VIOLATED)
wire421/X                               0.350000    0.507565   -0.157565 (VIOLATED)
u_memory.g_read[0].g_bank[3].g_slice[0].u_sram/din[10]    0.350000    0.507115   -0.157115 (VIOLATED)
max_cap390/X                            0.350000    0.507027   -0.157027 (VIOLATED)
ANTENNA_1609/DIODE                      0.350000    0.506550   -0.156550 (VIOLATED)
ANTENNA_1607/DIODE                      0.350000    0.506507   -0.156507 (VIOLATED)
ANTENNA_1605/DIODE                      0.350000    0.506505   -0.156505 (VIOLATED)
ANTENNA_1603/DIODE                      0.350000    0.506503   -0.156503 (VIOLATED)
ANTENNA_1602/DIODE                      0.350000    0.506501   -0.156501 (VIOLATED)
ANTENNA_1601/DIODE                      0.350000    0.506498   -0.156498 (VIOLATED)
ANTENNA_1600/DIODE                      0.350000    0.506498   -0.156498 (VIOLATED)
ANTENNA_1610/DIODE                      0.350000    0.506464   -0.156464 (VIOLATED)
ANTENNA_1608/DIODE                      0.350000    0.506464   -0.156464 (VIOLATED)
ANTENNA_1606/DIODE                      0.350000    0.506464   -0.156464 (VIOLATED)
ANTENNA_1604/DIODE                      0.350000    0.506463   -0.156463 (VIOLATED)
u_memory.g_read[0].g_bank[1].g_slice[0].u_sram/din[29]    0.350000    0.506445   -0.156445 (VIOLATED)
max_cap455/X                            0.350000    0.505597   -0.155597 (VIOLATED)
u_memory.g_read[0].g_bank[0].g_slice[0].u_sram/din[1]    0.350000    0.505570   -0.155570 (VIOLATED)
u_memory.g_read[0].g_bank[3].g_slice[0].u_sram/din[3]    0.350000    0.505404   -0.155404 (VIOLATED)
u_memory.g_read[1].g_bank[0].g_slice[0].u_sram/din[14]    0.350000    0.505335   -0.155335 (VIOLATED)
u_memory._307_/A1                       0.350000    0.505101   -0.155101 (VIOLATED)
u_memory.g_read[0].g_bank[1].g_slice[0].u_sram/din[28]    0.350000    0.504421   -0.154421 (VIOLATED)
u_memory.g_read[1].g_bank[3].g_slice[0].u_sram/din[18]    0.350000    0.504135   -0.154135 (VIOLATED)
u_memory.g_read[1].g_bank[0].g_slice[0].u_sram/din[13]    0.350000    0.503859   -0.153859 (VIOLATED)
ANTENNA_2693/DIODE                      0.350000    0.503250   -0.153250 (VIOLATED)
ANTENNA_2692/DIODE                      0.350000    0.503250   -0.153250 (VIOLATED)
ANTENNA_2694/DIODE                      0.350000    0.503228   -0.153228 (VIOLATED)
ANTENNA_2695/DIODE                      0.350000    0.503228   -0.153228 (VIOLATED)
u_memory._342_/B1                       0.350000    0.502968   -0.152968 (VIOLATED)
ANTENNA_147/DIODE                       0.350000    0.502968   -0.152967 (VIOLATED)
ANTENNA_145/DIODE                       0.350000    0.502963   -0.152963 (VIOLATED)
ANTENNA_146/DIODE                       0.350000    0.502956   -0.152956 (VIOLATED)
hold138/X                               0.350000    0.502847   -0.152847 (VIOLATED)
u_memory._340_/X                        0.350000    0.501883   -0.151883 (VIOLATED)
u_memory.g_read[1].g_bank[1].g_slice[0].u_sram/ce    0.350000    0.501278   -0.151278 (VIOLATED)
u_memory._349_/C                        0.350000    0.500846   -0.150846 (VIOLATED)
ANTENNA_597/DIODE                       0.350000    0.500841   -0.150841 (VIOLATED)
ANTENNA_595/DIODE                       0.350000    0.500839   -0.150839 (VIOLATED)
ANTENNA_598/DIODE                       0.350000    0.500838   -0.150838 (VIOLATED)
ANTENNA_596/DIODE                       0.350000    0.500836   -0.150836 (VIOLATED)
u_memory._315_/A1                       0.350000    0.500573   -0.150573 (VIOLATED)
hold195/X                               0.350000    0.500523   -0.150523 (VIOLATED)
output80/A                              0.350000    0.500366   -0.150366 (VIOLATED)
ANTENNA_2753/DIODE                      0.350000    0.500365   -0.150365 (VIOLATED)
_017_/Q                                 0.350000    0.500285   -0.150285 (VIOLATED)
u_memory._402_/A1                       0.350000    0.500040   -0.150040 (VIOLATED)
wire209/X                               0.350000    0.499914   -0.149914 (VIOLATED)
u_memory.g_read[0].g_bank[2].g_slice[0].u_sram/din[12]    0.350000    0.499404   -0.149404 (VIOLATED)
u_memory.g_read[0].g_bank[3].g_slice[0].u_sram/din[19]    0.350000    0.499349   -0.149349 (VIOLATED)
wire267/X                               0.350000    0.499138   -0.149138 (VIOLATED)
u_memory._390_/B2                       0.350000    0.498830   -0.148830 (VIOLATED)
ANTENNA_198/DIODE                       0.350000    0.498826   -0.148826 (VIOLATED)
ANTENNA_196/DIODE                       0.350000    0.498825   -0.148825 (VIOLATED)
ANTENNA_197/DIODE                       0.350000    0.498822   -0.148822 (VIOLATED)
ANTENNA_199/DIODE                       0.350000    0.498821   -0.148821 (VIOLATED)
u_memory._201_/A2                       0.350000    0.498772   -0.148772 (VIOLATED)
u_memory._199_/B                        0.350000    0.498745   -0.148745 (VIOLATED)
u_memory._426_/A2                       0.350000    0.498711   -0.148711 (VIOLATED)
wire191/X                               0.350000    0.498673   -0.148673 (VIOLATED)
u_memory._316_/A0                       0.350000    0.498276   -0.148276 (VIOLATED)
u_memory._388_/X                        0.350000    0.497959   -0.147959 (VIOLATED)
u_memory.g_read[1].g_bank[0].g_slice[0].u_sram/din[2]    0.350000    0.497922   -0.147922 (VIOLATED)
hold203/X                               0.350000    0.497781   -0.147780 (VIOLATED)
u_memory.g_read[1].g_bank[3].g_slice[0].u_sram/we    0.350000    0.497601   -0.147601 (VIOLATED)
u_memory.g_read[0].g_bank[1].g_slice[0].u_sram/din[24]    0.350000    0.497407   -0.147407 (VIOLATED)
u_memory._319_/A1                       0.350000    0.495917   -0.145917 (VIOLATED)
hold193/X                               0.350000    0.495865   -0.145865 (VIOLATED)
u_memory.g_read[0].g_bank[0].g_slice[0].u_sram/din[0]    0.350000    0.495616   -0.145616 (VIOLATED)
u_memory.g_read[1].g_bank[2].g_slice[0].u_sram/din[26]    0.350000    0.495571   -0.145571 (VIOLATED)
u_memory._414_/A1                       0.350000    0.494426   -0.144426 (VIOLATED)
u_memory._242_/A1                       0.350000    0.494154   -0.144154 (VIOLATED)
ANTENNA_1074/DIODE                      0.350000    0.494153   -0.144153 (VIOLATED)
ANTENNA_1072/DIODE                      0.350000    0.494151   -0.144151 (VIOLATED)
ANTENNA_1071/DIODE                      0.350000    0.494146   -0.144146 (VIOLATED)
ANTENNA_1073/DIODE                      0.350000    0.494143   -0.144143 (VIOLATED)
wire334/X                               0.350000    0.493470   -0.143470 (VIOLATED)
ANTENNA_2288/DIODE                      0.350000    0.493025   -0.143025 (VIOLATED)
ANTENNA_2287/DIODE                      0.350000    0.493025   -0.143025 (VIOLATED)
ANTENNA_2286/DIODE                      0.350000    0.493025   -0.143025 (VIOLATED)
ANTENNA_2285/DIODE                      0.350000    0.493024   -0.143024 (VIOLATED)
ANTENNA_2284/DIODE                      0.350000    0.493024   -0.143024 (VIOLATED)
ANTENNA_2291/DIODE                      0.350000    0.493024   -0.143024 (VIOLATED)
ANTENNA_2294/DIODE                      0.350000    0.493024   -0.143024 (VIOLATED)
ANTENNA_2293/DIODE                      0.350000    0.493024   -0.143024 (VIOLATED)
ANTENNA_2292/DIODE                      0.350000    0.493023   -0.143023 (VIOLATED)
ANTENNA_2290/DIODE                      0.350000    0.493018   -0.143018 (VIOLATED)
ANTENNA_2289/DIODE                      0.350000    0.493018   -0.143018 (VIOLATED)
u_memory.g_read[0].g_bank[0].g_slice[0].u_sram/din[20]    0.350000    0.493004   -0.143004 (VIOLATED)
u_memory._347_/A2                       0.350000    0.492604   -0.142604 (VIOLATED)
ANTENNA_701/DIODE                       0.350000    0.492591   -0.142591 (VIOLATED)
ANTENNA_703/DIODE                       0.350000    0.492588   -0.142588 (VIOLATED)
ANTENNA_702/DIODE                       0.350000    0.492583   -0.142583 (VIOLATED)
ANTENNA_704/DIODE                       0.350000    0.492579   -0.142579 (VIOLATED)
u_memory.g_read[0].g_bank[3].g_slice[0].u_sram/din[29]    0.350000    0.492153   -0.142153 (VIOLATED)
ANTENNA_669/DIODE                       0.350000    0.492132   -0.142132 (VIOLATED)
ANTENNA_668/DIODE                       0.350000    0.492127   -0.142127 (VIOLATED)
u_memory._373_/C                        0.350000    0.492125   -0.142125 (VIOLATED)
ANTENNA_667/DIODE                       0.350000    0.492123   -0.142123 (VIOLATED)
ANTENNA_666/DIODE                       0.350000    0.492121   -0.142121 (VIOLATED)
max_cap564/X                            0.350000    0.492080   -0.142080 (VIOLATED)
wire236/X                               0.350000    0.491915   -0.141915 (VIOLATED)
wire226/X                               0.350000    0.491217   -0.141217 (VIOLATED)
u_memory._288_/B2                       0.350000    0.491125   -0.141125 (VIOLATED)
u_memory.g_read[1].g_bank[3].g_slice[0].u_sram/din[30]    0.350000    0.490498   -0.140498 (VIOLATED)
u_memory._287_/X                        0.350000    0.490388   -0.140388 (VIOLATED)
u_memory.g_read[1].g_bank[3].g_slice[0].u_sram/din[15]    0.350000    0.490052   -0.140052 (VIOLATED)
u_memory.g_read[0].g_bank[0].g_slice[0].u_sram/din[18]    0.350000    0.489982   -0.139982 (VIOLATED)
u_memory._381_/A1                       0.350000    0.489588   -0.139588 (VIOLATED)
ANTENNA_841/DIODE                       0.350000    0.489569   -0.139569 (VIOLATED)
ANTENNA_839/DIODE                       0.350000    0.489562   -0.139562 (VIOLATED)
ANTENNA_837/DIODE                       0.350000    0.489556   -0.139556 (VIOLATED)
ANTENNA_836/DIODE                       0.350000    0.489530   -0.139530 (VIOLATED)
ANTENNA_838/DIODE                       0.350000    0.489494   -0.139494 (VIOLATED)
ANTENNA_840/DIODE                       0.350000    0.489468   -0.139468 (VIOLATED)
ANTENNA_842/DIODE                       0.350000    0.489271   -0.139271 (VIOLATED)
u_memory._266_/A1                       0.350000    0.488414   -0.138414 (VIOLATED)
ANTENNA_1049/DIODE                      0.350000    0.488409   -0.138409 (VIOLATED)
ANTENNA_1048/DIODE                      0.350000    0.488408   -0.138408 (VIOLATED)
ANTENNA_1050/DIODE                      0.350000    0.488404   -0.138404 (VIOLATED)
wire327/X                               0.350000    0.487727   -0.137727 (VIOLATED)
u_memory.g_read[1].g_bank[1].g_slice[0].u_sram/din[10]    0.350000    0.487617   -0.137617 (VIOLATED)
u_memory.g_read[1].g_bank[0].g_slice[0].u_sram/din[21]    0.350000    0.486095   -0.136095 (VIOLATED)
u_memory.g_read[0].g_bank[3].g_slice[0].u_sram/din[7]    0.350000    0.485964   -0.135964 (VIOLATED)
wire263/X                               0.350000    0.484942   -0.134942 (VIOLATED)
u_memory.g_read[0].g_bank[2].g_slice[0].u_sram/din[17]    0.350000    0.484926   -0.134926 (VIOLATED)
u_memory._202_/B                        0.350000    0.484706   -0.134706 (VIOLATED)
u_memory._229_/A2                       0.350000    0.484403   -0.134403 (VIOLATED)
ANTENNA_1007/DIODE                      0.350000    0.484400   -0.134400 (VIOLATED)
ANTENNA_1005/DIODE                      0.350000    0.484398   -0.134398 (VIOLATED)
ANTENNA_1006/DIODE                      0.350000    0.484395   -0.134395 (VIOLATED)
ANTENNA_1008/DIODE                      0.350000    0.484381   -0.134381 (VIOLATED)
u_memory.g_read[1].g_bank[3].g_slice[0].u_sram/addr[3]    0.350000    0.483943   -0.133943 (VIOLATED)
wire316/X                               0.350000    0.483705   -0.133705 (VIOLATED)
u_memory._201_/X                        0.350000    0.483700   -0.133700 (VIOLATED)
u_memory.g_read[1].g_bank[3].g_slice[0].u_sram/addr[4]    0.350000    0.483692   -0.133692 (VIOLATED)
u_memory.g_read[1].g_bank[2].g_slice[0].u_sram/addr[3]    0.350000    0.483397   -0.133397 (VIOLATED)
u_memory.g_read[1].g_bank[2].g_slice[0].u_sram/addr[4]    0.350000    0.483246   -0.133246 (VIOLATED)
u_memory._428_/RESET_B                  0.350000    0.482533   -0.132533 (VIOLATED)
u_memory._427_/RESET_B                  0.350000    0.482421   -0.132421 (VIOLATED)
fanout176/A                             0.350000    0.482352   -0.132352 (VIOLATED)
u_memory._417_/A2                       0.350000    0.482306   -0.132306 (VIOLATED)
u_memory._420_/A2                       0.350000    0.482250   -0.132250 (VIOLATED)
u_memory._405_/A2                       0.350000    0.482235   -0.132235 (VIOLATED)
u_memory._191_/B1                       0.350000    0.482150   -0.132150 (VIOLATED)
u_memory.g_read[1].g_bank[3].g_slice[0].u_sram/din[10]    0.350000    0.482107   -0.132107 (VIOLATED)
u_memory._411_/A2                       0.350000    0.482023   -0.132023 (VIOLATED)
u_memory._183_/B                        0.350000    0.481499   -0.131499 (VIOLATED)
u_memory._422_/A0                       0.350000    0.481498   -0.131498 (VIOLATED)
hold223/X                               0.350000    0.481469   -0.131469 (VIOLATED)
u_memory.g_read[1].g_bank[2].g_slice[0].u_sram/we    0.350000    0.481353   -0.131353 (VIOLATED)
u_memory._341_/A2                       0.350000    0.481289   -0.131289 (VIOLATED)
ANTENNA_710/DIODE                       0.350000    0.481281   -0.131281 (VIOLATED)
ANTENNA_708/DIODE                       0.350000    0.481280   -0.131280 (VIOLATED)
ANTENNA_709/DIODE                       0.350000    0.481277   -0.131277 (VIOLATED)
ANTENNA_711/DIODE                       0.350000    0.481275   -0.131275 (VIOLATED)
u_memory._186_/B1                       0.350000    0.481162   -0.131162 (VIOLATED)
u_memory._396_/A2                       0.350000    0.481068   -0.131068 (VIOLATED)
u_memory._182_/B1                       0.350000    0.480984   -0.130984 (VIOLATED)
u_memory._178_/B1                       0.350000    0.480923   -0.130923 (VIOLATED)
wire238/X                               0.350000    0.480628   -0.130627 (VIOLATED)
u_memory.g_read[0].g_bank[3].g_slice[0].u_sram/din[17]    0.350000    0.480428   -0.130428 (VIOLATED)
u_memory._381_/A2                       0.350000    0.480384   -0.130384 (VIOLATED)
ANTENNA_718/DIODE                       0.350000    0.480043   -0.130043 (VIOLATED)
u_memory._335_/A2                       0.350000    0.480041   -0.130041 (VIOLATED)
ANTENNA_716/DIODE                       0.350000    0.480039   -0.130039 (VIOLATED)
ANTENNA_717/DIODE                       0.350000    0.480030   -0.130030 (VIOLATED)
u_memory._430_/RESET_B                  0.350000    0.479790   -0.129790 (VIOLATED)
wire240/X                               0.350000    0.479255   -0.129255 (VIOLATED)
u_memory.g_read[1].g_bank[3].g_slice[0].u_sram/din[29]    0.350000    0.479187   -0.129187 (VIOLATED)
u_memory._429_/RESET_B                  0.350000    0.479161   -0.129161 (VIOLATED)
u_memory.g_read[0].g_bank[0].g_slice[0].u_sram/din[25]    0.350000    0.478280   -0.128280 (VIOLATED)
u_memory.g_read[0].g_bank[3].g_slice[0].u_sram/din[1]    0.350000    0.478259   -0.128259 (VIOLATED)
u_memory._323_/X                        0.350000    0.477853   -0.127853 (VIOLATED)
max_cap552/A                            0.350000    0.477847   -0.127847 (VIOLATED)
u_memory._314_/A1                       0.350000    0.477833   -0.127833 (VIOLATED)
hold189/X                               0.350000    0.477793   -0.127793 (VIOLATED)
max_cap553/A                            0.350000    0.477743   -0.127743 (VIOLATED)
u_memory.g_read[1].g_bank[3].g_slice[0].u_sram/din[8]    0.350000    0.476521   -0.126521 (VIOLATED)
u_memory.g_read[1].g_bank[1].g_slice[0].u_sram/din[29]    0.350000    0.476514   -0.126514 (VIOLATED)
ANTENNA_2735/DIODE                      0.350000    0.476381   -0.126381 (VIOLATED)
_113_/D                                 0.350000    0.476381   -0.126381 (VIOLATED)
input41/X                               0.350000    0.476341   -0.126341 (VIOLATED)
u_memory._178_/A2                       0.350000    0.474321   -0.124321 (VIOLATED)
u_memory._177_/Y                        0.350000    0.474311   -0.124311 (VIOLATED)
u_memory.g_read[0].g_bank[3].g_slice[0].u_sram/din[30]    0.350000    0.473753   -0.123753 (VIOLATED)
wire554/X                               0.350000    0.473617   -0.123617 (VIOLATED)
u_memory.g_read[1].g_bank[3].g_slice[0].u_sram/din[19]    0.350000    0.473590   -0.123590 (VIOLATED)
u_memory.g_read[1].g_bank[3].g_slice[0].u_sram/din[28]    0.350000    0.473414   -0.123414 (VIOLATED)
u_memory.g_read[1].g_bank[3].g_slice[0].u_sram/addr[1]    0.350000    0.472291   -0.122291 (VIOLATED)
ANTENNA_1787/DIODE                      0.350000    0.472201   -0.122201 (VIOLATED)
ANTENNA_1789/DIODE                      0.350000    0.472198   -0.122198 (VIOLATED)
ANTENNA_1790/DIODE                      0.350000    0.472198   -0.122198 (VIOLATED)
ANTENNA_1791/DIODE                      0.350000    0.472198   -0.122198 (VIOLATED)
ANTENNA_1793/DIODE                      0.350000    0.472197   -0.122197 (VIOLATED)
ANTENNA_1795/DIODE                      0.350000    0.472197   -0.122197 (VIOLATED)
ANTENNA_1788/DIODE                      0.350000    0.472149   -0.122149 (VIOLATED)
ANTENNA_1792/DIODE                      0.350000    0.472147   -0.122147 (VIOLATED)
ANTENNA_1794/DIODE                      0.350000    0.472144   -0.122144 (VIOLATED)
ANTENNA_1796/DIODE                      0.350000    0.472141   -0.122141 (VIOLATED)
ANTENNA_1797/DIODE                      0.350000    0.472138   -0.122138 (VIOLATED)
u_memory.g_read[1].g_bank[2].g_slice[0].u_sram/addr[1]    0.350000    0.471695   -0.121695 (VIOLATED)
max_cap485/X                            0.350000    0.471301   -0.121301 (VIOLATED)
u_memory.g_read[0].g_bank[0].g_slice[0].u_sram/din[4]    0.350000    0.471015   -0.121015 (VIOLATED)
output117/A                             0.350000    0.470924   -0.120924 (VIOLATED)
ANTENNA_232/DIODE                       0.350000    0.470923   -0.120923 (VIOLATED)
_005_/Q                                 0.350000    0.470886   -0.120886 (VIOLATED)
u_memory.g_read[0].g_bank[2].g_slice[0].u_sram/din[13]    0.350000    0.470843   -0.120843 (VIOLATED)
u_memory.g_read[1].g_bank[3].g_slice[0].u_sram/addr[2]    0.350000    0.470282   -0.120282 (VIOLATED)
u_memory.g_read[0].g_bank[1].g_slice[0].u_sram/din[15]    0.350000    0.470256   -0.120256 (VIOLATED)
u_memory.g_read[1].g_bank[0].g_slice[0].u_sram/din[22]    0.350000    0.469980   -0.119980 (VIOLATED)
u_memory.g_read[1].g_bank[2].g_slice[0].u_sram/addr[2]    0.350000    0.469903   -0.119903 (VIOLATED)
u_memory.g_read[0].g_bank[3].g_slice[0].u_sram/din[18]    0.350000    0.469881   -0.119881 (VIOLATED)
u_memory.g_read[1].g_bank[3].g_slice[0].u_sram/din[3]    0.350000    0.469393   -0.119393 (VIOLATED)
u_memory.g_read[1].g_bank[0].g_slice[0].u_sram/din[6]    0.350000    0.469147   -0.119147 (VIOLATED)
u_memory.g_read[1].g_bank[0].g_slice[0].u_sram/din[15]    0.350000    0.468973   -0.118973 (VIOLATED)
u_memory.g_read[1].g_bank[0].g_slice[0].u_sram/din[5]    0.350000    0.468851   -0.118851 (VIOLATED)
_107_/D                                 0.350000    0.468455   -0.118455 (VIOLATED)
input66/X                               0.350000    0.468404   -0.118404 (VIOLATED)
u_memory._286_/C                        0.350000    0.468402   -0.118402 (VIOLATED)
ANTENNA_932/DIODE                       0.350000    0.468389   -0.118389 (VIOLATED)
ANTENNA_933/DIODE                       0.350000    0.468389   -0.118389 (VIOLATED)
ANTENNA_934/DIODE                       0.350000    0.468382   -0.118382 (VIOLATED)
ANTENNA_1210/DIODE                      0.350000    0.467847   -0.117847 (VIOLATED)
ANTENNA_1209/DIODE                      0.350000    0.467846   -0.117846 (VIOLATED)
ANTENNA_1208/DIODE                      0.350000    0.467841   -0.117841 (VIOLATED)
ANTENNA_1212/DIODE                      0.350000    0.467836   -0.117836 (VIOLATED)
ANTENNA_1211/DIODE                      0.350000    0.467835   -0.117835 (VIOLATED)
wire297/X                               0.350000    0.467717   -0.117717 (VIOLATED)
ANTENNA_1162/DIODE                      0.350000    0.467394   -0.117394 (VIOLATED)
u_memory._267_/A1                       0.350000    0.467390   -0.117390 (VIOLATED)
ANTENNA_1159/DIODE                      0.350000    0.467382   -0.117382 (VIOLATED)
ANTENNA_1160/DIODE                      0.350000    0.467349   -0.117349 (VIOLATED)
ANTENNA_1161/DIODE                      0.350000    0.467349   -0.117348 (VIOLATED)
max_cap455/A                            0.350000    0.467265   -0.117265 (VIOLATED)
u_memory.g_read[0].g_bank[2].g_slice[0].u_sram/addr[3]    0.350000    0.466784   -0.116784 (VIOLATED)
wire358/X                               0.350000    0.466675   -0.116675 (VIOLATED)
u_memory.g_read[0].g_bank[3].g_slice[0].u_sram/addr[3]    0.350000    0.466657   -0.116656 (VIOLATED)
wire456/X                               0.350000    0.466642   -0.116642 (VIOLATED)
u_memory.g_read[0].g_bank[0].g_slice[0].u_sram/din[27]    0.350000    0.466192   -0.116192 (VIOLATED)
ANTENNA_1121/DIODE                      0.350000    0.465768   -0.115768 (VIOLATED)
ANTENNA_1123/DIODE                      0.350000    0.465767   -0.115767 (VIOLATED)
u_memory._297_/A1                       0.350000    0.465758   -0.115758 (VIOLATED)
ANTENNA_1120/DIODE                      0.350000    0.465757   -0.115757 (VIOLATED)
ANTENNA_1122/DIODE                      0.350000    0.465722   -0.115722 (VIOLATED)
u_memory._185_/A_N                      0.350000    0.465565   -0.115565 (VIOLATED)
u_memory._177_/B                        0.350000    0.465565   -0.115565 (VIOLATED)
ANTENNA_1218/DIODE                      0.350000    0.465432   -0.115432 (VIOLATED)
ANTENNA_1216/DIODE                      0.350000    0.465430   -0.115430 (VIOLATED)
ANTENNA_1215/DIODE                      0.350000    0.465424   -0.115424 (VIOLATED)
ANTENNA_206/DIODE                       0.350000    0.465417   -0.115417 (VIOLATED)
hold12/A                                0.350000    0.465416   -0.115416 (VIOLATED)
_098_/Q                                 0.350000    0.465353   -0.115353 (VIOLATED)
_112_/D                                 0.350000    0.465323   -0.115323 (VIOLATED)
input40/X                               0.350000    0.465288   -0.115288 (VIOLATED)
u_memory._318_/A0                       0.350000    0.465186   -0.115186 (VIOLATED)
wire347/X                               0.350000    0.465063   -0.115063 (VIOLATED)
ANTENNA_1214/DIODE                      0.350000    0.464913   -0.114913 (VIOLATED)
ANTENNA_1217/DIODE                      0.350000    0.464867   -0.114867 (VIOLATED)
u_memory._291_/A1                       0.350000    0.464116   -0.114116 (VIOLATED)
ANTENNA_1130/DIODE                      0.350000    0.464115   -0.114115 (VIOLATED)
ANTENNA_1129/DIODE                      0.350000    0.464114   -0.114114 (VIOLATED)
ANTENNA_1128/DIODE                      0.350000    0.464109   -0.114109 (VIOLATED)
ANTENNA_1131/DIODE                      0.350000    0.464098   -0.114098 (VIOLATED)
u_memory.g_read[1].g_bank[0].g_slice[0].u_sram/din[9]    0.350000    0.464050   -0.114050 (VIOLATED)
u_memory.g_read[0].g_bank[2].g_slice[0].u_sram/addr[4]    0.350000    0.463829   -0.113829 (VIOLATED)
u_memory.g_read[0].g_bank[3].g_slice[0].u_sram/addr[4]    0.350000    0.463699   -0.113699 (VIOLATED)
ANTENNA_2146/DIODE                      0.350000    0.463676   -0.113676 (VIOLATED)
ANTENNA_2140/DIODE                      0.350000    0.463670   -0.113670 (VIOLATED)
ANTENNA_2139/DIODE                      0.350000    0.463670   -0.113670 (VIOLATED)
ANTENNA_2145/DIODE                      0.350000    0.463669   -0.113669 (VIOLATED)
ANTENNA_2141/DIODE                      0.350000    0.463668   -0.113668 (VIOLATED)
ANTENNA_2144/DIODE                      0.350000    0.463668   -0.113668 (VIOLATED)
ANTENNA_2143/DIODE                      0.350000    0.463668   -0.113668 (VIOLATED)
ANTENNA_2142/DIODE                      0.350000    0.463668   -0.113668 (VIOLATED)
ANTENNA_2147/DIODE                      0.350000    0.463650   -0.113650 (VIOLATED)
ANTENNA_2148/DIODE                      0.350000    0.463650   -0.113650 (VIOLATED)
ANTENNA_2149/DIODE                      0.350000    0.463650   -0.113650 (VIOLATED)
wire349/X                               0.350000    0.463456   -0.113456 (VIOLATED)
max_cap441/A                            0.350000    0.463401   -0.113401 (VIOLATED)
u_memory.g_read[0].g_bank[3].g_slice[0].u_sram/din[5]    0.350000    0.463393   -0.113393 (VIOLATED)
u_memory.g_read[1].g_bank[0].g_slice[0].u_sram/din[23]    0.350000    0.463187   -0.113187 (VIOLATED)
wire385/A                               0.350000    0.463178   -0.113178 (VIOLATED)
u_memory._192_/A2                       0.350000    0.463177   -0.113177 (VIOLATED)
ANTENNA_33/DIODE                        0.350000    0.462988   -0.112988 (VIOLATED)
u_memory._188_/B                        0.350000    0.462958   -0.112958 (VIOLATED)
max_cap541/X                            0.350000    0.462909   -0.112909 (VIOLATED)
ANTENNA_1213/DIODE                      0.350000    0.462781   -0.112781 (VIOLATED)
u_memory._423_/A2                       0.350000    0.462772   -0.112772 (VIOLATED)
u_memory.g_read[0].g_bank[3].g_slice[0].u_sram/din[12]    0.350000    0.462578   -0.112578 (VIOLATED)
u_memory.g_read[0].g_bank[2].g_slice[0].u_sram/din[4]    0.350000    0.462495   -0.112495 (VIOLATED)
u_memory._187_/X                        0.350000    0.462403   -0.112403 (VIOLATED)
u_memory.g_read[0].g_bank[3].g_slice[0].u_sram/din[9]    0.350000    0.462347   -0.112347 (VIOLATED)
ANTENNA_2740/DIODE                      0.350000    0.462142   -0.112142 (VIOLATED)
u_memory.g_read[1].g_bank[3].g_slice[0].u_sram/din[31]    0.350000    0.461701   -0.111701 (VIOLATED)
wire647/X                               0.350000    0.461063   -0.111063 (VIOLATED)
u_memory._318_/A1                       0.350000    0.460695   -0.110695 (VIOLATED)
hold185/X                               0.350000    0.460661   -0.110661 (VIOLATED)
max_cap386/A                            0.350000    0.460616   -0.110616 (VIOLATED)
u_memory.g_read[1].g_bank[2].g_slice[0].u_sram/din[5]    0.350000    0.460589   -0.110589 (VIOLATED)
u_memory._309_/A1                       0.350000    0.460469   -0.110469 (VIOLATED)
u_memory.g_read[0].g_bank[0].g_slice[0].u_sram/din[14]    0.350000    0.460251   -0.110251 (VIOLATED)
hold179/X                               0.350000    0.460180   -0.110180 (VIOLATED)
u_memory.g_read[1].g_bank[3].g_slice[0].u_sram/din[4]    0.350000    0.460018   -0.110018 (VIOLATED)
u_memory.g_read[0].g_bank[0].g_slice[0].u_sram/din[13]    0.350000    0.459981   -0.109981 (VIOLATED)
u_memory.g_read[1].g_bank[2].g_slice[0].u_sram/din[8]    0.350000    0.459113   -0.109113 (VIOLATED)
u_memory.g_read[1].g_bank[0].g_slice[0].u_sram/din[30]    0.350000    0.459059   -0.109059 (VIOLATED)
wire387/X                               0.350000    0.458757   -0.108757 (VIOLATED)
u_memory.g_read[1].g_bank[0].g_slice[0].u_sram/din[31]    0.350000    0.458651   -0.108651 (VIOLATED)
ANTENNA_821/DIODE                       0.350000    0.458295   -0.108295 (VIOLATED)
ANTENNA_818/DIODE                       0.350000    0.458284   -0.108284 (VIOLATED)
ANTENNA_816/DIODE                       0.350000    0.458281   -0.108281 (VIOLATED)
u_memory._405_/A1                       0.350000    0.458278   -0.108278 (VIOLATED)
ANTENNA_814/DIODE                       0.350000    0.458275   -0.108275 (VIOLATED)
ANTENNA_812/DIODE                       0.350000    0.458269   -0.108269 (VIOLATED)
u_memory.g_read[0].g_bank[3].g_slice[0].u_sram/wmask[0]    0.350000    0.458269   -0.108269 (VIOLATED)
ANTENNA_811/DIODE                       0.350000    0.458243   -0.108243 (VIOLATED)
ANTENNA_813/DIODE                       0.350000    0.458230   -0.108230 (VIOLATED)
ANTENNA_815/DIODE                       0.350000    0.458215   -0.108215 (VIOLATED)
ANTENNA_817/DIODE                       0.350000    0.458199   -0.108199 (VIOLATED)
ANTENNA_819/DIODE                       0.350000    0.458181   -0.108181 (VIOLATED)
ANTENNA_820/DIODE                       0.350000    0.458049   -0.108049 (VIOLATED)
ANTENNA_1891/DIODE                      0.350000    0.457872   -0.107872 (VIOLATED)
ANTENNA_1892/DIODE                      0.350000    0.457871   -0.107871 (VIOLATED)
ANTENNA_1893/DIODE                      0.350000    0.457871   -0.107871 (VIOLATED)
ANTENNA_1886/DIODE                      0.350000    0.457871   -0.107871 (VIOLATED)
ANTENNA_1895/DIODE                      0.350000    0.457871   -0.107871 (VIOLATED)
ANTENNA_1896/DIODE                      0.350000    0.457868   -0.107868 (VIOLATED)
ANTENNA_1894/DIODE                      0.350000    0.457868   -0.107868 (VIOLATED)
ANTENNA_1889/DIODE                      0.350000    0.457867   -0.107867 (VIOLATED)
ANTENNA_1887/DIODE                      0.350000    0.457867   -0.107867 (VIOLATED)
ANTENNA_1890/DIODE                      0.350000    0.457860   -0.107859 (VIOLATED)
ANTENNA_1888/DIODE                      0.350000    0.457859   -0.107859 (VIOLATED)
u_memory.g_read[0].g_bank[2].g_slice[0].u_sram/wmask[0]    0.350000    0.457790   -0.107790 (VIOLATED)
max_cap405/A                            0.350000    0.457753   -0.107753 (VIOLATED)
max_cap406/A                            0.350000    0.457597   -0.107597 (VIOLATED)
u_memory.g_read[1].g_bank[0].g_slice[0].u_sram/din[4]    0.350000    0.457331   -0.107331 (VIOLATED)
max_cap501/X                            0.350000    0.456990   -0.106990 (VIOLATED)
u_memory._393_/A1                       0.350000    0.456722   -0.106722 (VIOLATED)
ANTENNA_1174/DIODE                      0.350000    0.456698   -0.106698 (VIOLATED)
ANTENNA_1171/DIODE                      0.350000    0.456680   -0.106680 (VIOLATED)
u_memory._255_/A1                       0.350000    0.456676   -0.106676 (VIOLATED)
ANTENNA_1172/DIODE                      0.350000    0.456640   -0.106640 (VIOLATED)
ANTENNA_1173/DIODE                      0.350000    0.456640   -0.106640 (VIOLATED)
u_memory.g_read[0].g_bank[0].g_slice[0].u_sram/din[5]    0.350000    0.456024   -0.106024 (VIOLATED)
wire362/X                               0.350000    0.455958   -0.105958 (VIOLATED)
ANTENNA_809/DIODE                       0.350000    0.455797   -0.105797 (VIOLATED)
ANTENNA_808/DIODE                       0.350000    0.455794   -0.105794 (VIOLATED)
u_memory._408_/A1                       0.350000    0.455791   -0.105791 (VIOLATED)
ANTENNA_807/DIODE                       0.350000    0.455790   -0.105790 (VIOLATED)
ANTENNA_805/DIODE                       0.350000    0.455785   -0.105785 (VIOLATED)
ANTENNA_803/DIODE                       0.350000    0.455779   -0.105779 (VIOLATED)
ANTENNA_802/DIODE                       0.350000    0.455750   -0.105750 (VIOLATED)
ANTENNA_806/DIODE                       0.350000    0.455732   -0.105732 (VIOLATED)
ANTENNA_804/DIODE                       0.350000    0.455730   -0.105730 (VIOLATED)
ANTENNA_810/DIODE                       0.350000    0.455669   -0.105669 (VIOLATED)
ANTENNA_800/DIODE                       0.350000    0.455579   -0.105579 (VIOLATED)
ANTENNA_798/DIODE                       0.350000    0.455571   -0.105571 (VIOLATED)
u_memory._411_/A1                       0.350000    0.455570   -0.105570 (VIOLATED)
ANTENNA_796/DIODE                       0.350000    0.455567   -0.105567 (VIOLATED)
ANTENNA_795/DIODE                       0.350000    0.455563   -0.105563 (VIOLATED)
ANTENNA_793/DIODE                       0.350000    0.455556   -0.105556 (VIOLATED)
ANTENNA_794/DIODE                       0.350000    0.455526   -0.105526 (VIOLATED)
ANTENNA_797/DIODE                       0.350000    0.455497   -0.105497 (VIOLATED)
ANTENNA_799/DIODE                       0.350000    0.455482   -0.105482 (VIOLATED)
wire385/X                               0.350000    0.455436   -0.105436 (VIOLATED)
output94/A                              0.350000    0.455428   -0.105428 (VIOLATED)
ANTENNA_2756/DIODE                      0.350000    0.455417   -0.105417 (VIOLATED)
u_memory._179_/C_N                      0.350000    0.455415   -0.105415 (VIOLATED)
ANTENNA_5/DIODE                         0.350000    0.455404   -0.105404 (VIOLATED)
ANTENNA_6/DIODE                         0.350000    0.455380   -0.105380 (VIOLATED)
u_memory._183_/C                        0.350000    0.455378   -0.105378 (VIOLATED)
ANTENNA_801/DIODE                       0.350000    0.455378   -0.105378 (VIOLATED)
u_memory._421_/A                        0.350000    0.455299   -0.105299 (VIOLATED)
ANTENNA_8/DIODE                         0.350000    0.455297   -0.105297 (VIOLATED)
u_memory.g_read[1].g_bank[2].g_slice[0].u_sram/din[1]    0.350000    0.455279   -0.105279 (VIOLATED)
u_memory._187_/A                        0.350000    0.455230   -0.105230 (VIOLATED)
ANTENNA_7/DIODE                         0.350000    0.455229   -0.105229 (VIOLATED)
wire442/X                               0.350000    0.455141   -0.105141 (VIOLATED)
u_memory.g_read[0].g_bank[2].g_slice[0].u_sram/din[7]    0.350000    0.455131   -0.105131 (VIOLATED)
ANTENNA_2517/DIODE                      0.350000    0.454843   -0.104843 (VIOLATED)
ANTENNA_2527/DIODE                      0.350000    0.454843   -0.104843 (VIOLATED)
ANTENNA_2525/DIODE                      0.350000    0.454836   -0.104836 (VIOLATED)
ANTENNA_2524/DIODE                      0.350000    0.454836   -0.104836 (VIOLATED)
ANTENNA_2523/DIODE                      0.350000    0.454835   -0.104835 (VIOLATED)
ANTENNA_2522/DIODE                      0.350000    0.454835   -0.104835 (VIOLATED)
ANTENNA_2526/DIODE                      0.350000    0.454834   -0.104834 (VIOLATED)
ANTENNA_2521/DIODE                      0.350000    0.454834   -0.104834 (VIOLATED)
ANTENNA_2520/DIODE                      0.350000    0.454823   -0.104823 (VIOLATED)
ANTENNA_2519/DIODE                      0.350000    0.454823   -0.104823 (VIOLATED)
ANTENNA_2518/DIODE                      0.350000    0.454823   -0.104823 (VIOLATED)
_030_/Q                                 0.350000    0.454794   -0.104794 (VIOLATED)
_065_/Q                                 0.350000    0.454784   -0.104784 (VIOLATED)
u_memory.g_read[1].g_bank[3].g_slice[0].u_sram/wmask[1]    0.350000    0.454311   -0.104311 (VIOLATED)
max_cap601/X                            0.350000    0.453954   -0.103954 (VIOLATED)
ANTENNA_1431/DIODE                      0.350000    0.453792   -0.103792 (VIOLATED)
ANTENNA_1421/DIODE                      0.350000    0.453782   -0.103782 (VIOLATED)
ANTENNA_1430/DIODE                      0.350000    0.453749   -0.103749 (VIOLATED)
ANTENNA_1428/DIODE                      0.350000    0.453748   -0.103748 (VIOLATED)
ANTENNA_1426/DIODE                      0.350000    0.453748   -0.103748 (VIOLATED)
ANTENNA_1425/DIODE                      0.350000    0.453748   -0.103748 (VIOLATED)
ANTENNA_1422/DIODE                      0.350000    0.453747   -0.103747 (VIOLATED)
ANTENNA_1423/DIODE                      0.350000    0.453746   -0.103746 (VIOLATED)
ANTENNA_1424/DIODE                      0.350000    0.453745   -0.103745 (VIOLATED)
ANTENNA_1427/DIODE                      0.350000    0.453694   -0.103694 (VIOLATED)
ANTENNA_1429/DIODE                      0.350000    0.453693   -0.103693 (VIOLATED)
u_memory.g_read[1].g_bank[2].g_slice[0].u_sram/wmask[1]    0.350000    0.453640   -0.103640 (VIOLATED)
u_memory._273_/A1                       0.350000    0.453185   -0.103185 (VIOLATED)
u_memory.g_read[0].g_bank[0].g_slice[0].u_sram/din[28]    0.350000    0.453166   -0.103166 (VIOLATED)
ANTENNA_1148/DIODE                      0.350000    0.453165   -0.103165 (VIOLATED)
ANTENNA_1150/DIODE                      0.350000    0.453164   -0.103164 (VIOLATED)
ANTENNA_1147/DIODE                      0.350000    0.453150   -0.103150 (VIOLATED)
u_memory.g_read[0].g_bank[3].g_slice[0].u_sram/wmask[1]    0.350000    0.453146   -0.103146 (VIOLATED)
ANTENNA_1149/DIODE                      0.350000    0.453118   -0.103118 (VIOLATED)
u_memory.g_read[0].g_bank[3].g_slice[0].u_sram/din[31]    0.350000    0.453007   -0.103007 (VIOLATED)
max_cap427/X                            0.350000    0.452819   -0.102819 (VIOLATED)
u_memory._321_/A0                       0.350000    0.452738   -0.102738 (VIOLATED)
wire355/X                               0.350000    0.452496   -0.102496 (VIOLATED)
u_memory.g_read[0].g_bank[2].g_slice[0].u_sram/wmask[1]    0.350000    0.452360   -0.102360 (VIOLATED)
u_memory.g_read[0].g_bank[2].g_slice[0].u_sram/din[21]    0.350000    0.451927   -0.101927 (VIOLATED)
u_memory.g_read[1].g_bank[0].g_slice[0].u_sram/din[29]    0.350000    0.451771   -0.101771 (VIOLATED)
_108_/D                                 0.350000    0.451767   -0.101767 (VIOLATED)
input67/X                               0.350000    0.451745   -0.101745 (VIOLATED)
ANTENNA_1998/DIODE                      0.350000    0.451628   -0.101628 (VIOLATED)
ANTENNA_2006/DIODE                      0.350000    0.451590   -0.101590 (VIOLATED)
ANTENNA_2004/DIODE                      0.350000    0.451589   -0.101589 (VIOLATED)
ANTENNA_2002/DIODE                      0.350000    0.451587   -0.101587 (VIOLATED)
ANTENNA_2000/DIODE                      0.350000    0.451585   -0.101585 (VIOLATED)
ANTENNA_1999/DIODE                      0.350000    0.451582   -0.101582 (VIOLATED)
ANTENNA_1997/DIODE                      0.350000    0.451580   -0.101580 (VIOLATED)
ANTENNA_1996/DIODE                      0.350000    0.451580   -0.101580 (VIOLATED)
ANTENNA_2005/DIODE                      0.350000    0.451536   -0.101536 (VIOLATED)
ANTENNA_2003/DIODE                      0.350000    0.451536   -0.101536 (VIOLATED)
ANTENNA_2001/DIODE                      0.350000    0.451535   -0.101535 (VIOLATED)
u_memory.g_read[1].g_bank[0].g_slice[0].u_sram/din[20]    0.350000    0.451420   -0.101420 (VIOLATED)
wire407/X                               0.350000    0.451303   -0.101303 (VIOLATED)
u_memory._320_/A1                       0.350000    0.451186   -0.101186 (VIOLATED)
ANTENNA_1620/DIODE                      0.350000    0.451160   -0.101160 (VIOLATED)
ANTENNA_1618/DIODE                      0.350000    0.451159   -0.101159 (VIOLATED)
ANTENNA_1615/DIODE                      0.350000    0.451159   -0.101159 (VIOLATED)
ANTENNA_1617/DIODE                      0.350000    0.451159   -0.101159 (VIOLATED)
ANTENNA_1616/DIODE                      0.350000    0.451159   -0.101159 (VIOLATED)
hold181/X                               0.350000    0.451139   -0.101139 (VIOLATED)
output97/A                              0.350000    0.451130   -0.101130 (VIOLATED)
ANTENNA_1611/DIODE                      0.350000    0.451118   -0.101118 (VIOLATED)
ANTENNA_1612/DIODE                      0.350000    0.451115   -0.101115 (VIOLATED)
ANTENNA_1613/DIODE                      0.350000    0.451113   -0.101113 (VIOLATED)
_104_/D                                 0.350000    0.451111   -0.101111 (VIOLATED)
ANTENNA_1614/DIODE                      0.350000    0.451110   -0.101110 (VIOLATED)
u_memory._249_/A1                       0.350000    0.451109   -0.101109 (VIOLATED)
ANTENNA_1619/DIODE                      0.350000    0.451105   -0.101105 (VIOLATED)
ANTENNA_1621/DIODE                      0.350000    0.451102   -0.101102 (VIOLATED)
ANTENNA_1178/DIODE                      0.350000    0.451098   -0.101097 (VIOLATED)
ANTENNA_1181/DIODE                      0.350000    0.451092   -0.101092 (VIOLATED)
ANTENNA_1179/DIODE                      0.350000    0.451091   -0.101091 (VIOLATED)
ANTENNA_1180/DIODE                      0.350000    0.451080   -0.101080 (VIOLATED)
wire643/X                               0.350000    0.451034   -0.101034 (VIOLATED)
u_memory._282_/B1                       0.350000    0.450857   -0.100857 (VIOLATED)
ANTENNA_106/DIODE                       0.350000    0.450854   -0.100854 (VIOLATED)
ANTENNA_104/DIODE                       0.350000    0.450853   -0.100852 (VIOLATED)
ANTENNA_105/DIODE                       0.350000    0.450851   -0.100851 (VIOLATED)
ANTENNA_107/DIODE                       0.350000    0.450846   -0.100846 (VIOLATED)
max_cap518/X                            0.350000    0.450820   -0.100820 (VIOLATED)
wire364/X                               0.350000    0.450527   -0.100527 (VIOLATED)
max_cap457/X                            0.350000    0.450403   -0.100403 (VIOLATED)
_032_/Q                                 0.350000    0.450345   -0.100345 (VIOLATED)
u_memory._280_/X                        0.350000    0.450076   -0.100076 (VIOLATED)
u_memory._311_/S                        0.350000    0.449740   -0.099740 (VIOLATED)
u_memory._310_/S                        0.350000    0.449702   -0.099702 (VIOLATED)
u_memory._312_/S                        0.350000    0.449613   -0.099613 (VIOLATED)
u_memory.g_read[1].g_bank[0].g_slice[0].u_sram/din[26]    0.350000    0.449605   -0.099605 (VIOLATED)
u_memory._425_/A0                       0.350000    0.449573   -0.099573 (VIOLATED)
hold46/X                                0.350000    0.448985   -0.098985 (VIOLATED)
u_memory.g_read[0].g_bank[2].g_slice[0].u_sram/din[25]    0.350000    0.448891   -0.098891 (VIOLATED)
u_memory._306_/S                        0.350000    0.448824   -0.098824 (VIOLATED)
u_memory._243_/A1                       0.350000    0.448787   -0.098787 (VIOLATED)
ANTENNA_1187/DIODE                      0.350000    0.448759   -0.098759 (VIOLATED)
ANTENNA_1185/DIODE                      0.350000    0.448752   -0.098752 (VIOLATED)
ANTENNA_1186/DIODE                      0.350000    0.448744   -0.098744 (VIOLATED)
ANTENNA_1188/DIODE                      0.350000    0.448740   -0.098740 (VIOLATED)
wire266/X                               0.350000    0.448653   -0.098653 (VIOLATED)
u_memory._279_/A1                       0.350000    0.448518   -0.098518 (VIOLATED)
ANTENNA_1143/DIODE                      0.350000    0.448511   -0.098511 (VIOLATED)
ANTENNA_1146/DIODE                      0.350000    0.448504   -0.098504 (VIOLATED)
ANTENNA_1145/DIODE                      0.350000    0.448470   -0.098470 (VIOLATED)
ANTENNA_1144/DIODE                      0.350000    0.448470   -0.098470 (VIOLATED)
u_memory._309_/S                        0.350000    0.448445   -0.098445 (VIOLATED)
u_memory._305_/S                        0.350000    0.448218   -0.098218 (VIOLATED)
wire366/X                               0.350000    0.448156   -0.098156 (VIOLATED)
wire353/X                               0.350000    0.447913   -0.097913 (VIOLATED)
u_memory.g_read[1].g_bank[1].g_slice[0].u_sram/din[13]    0.350000    0.447766   -0.097766 (VIOLATED)
u_memory._312_/A1                       0.350000    0.447625   -0.097625 (VIOLATED)
wire270/X                               0.350000    0.447539   -0.097539 (VIOLATED)
u_memory.g_read[0].g_bank[0].g_slice[0].u_sram/wmask[3]    0.350000    0.447411   -0.097411 (VIOLATED)
output91/A                              0.350000    0.447297   -0.097297 (VIOLATED)
hold175/X                               0.350000    0.447144   -0.097144 (VIOLATED)
ANTENNA_2755/DIODE                      0.350000    0.446979   -0.096979 (VIOLATED)
output93/A                              0.350000    0.446979   -0.096978 (VIOLATED)
_027_/Q                                 0.350000    0.446681   -0.096681 (VIOLATED)
wire264/X                               0.350000    0.446660   -0.096660 (VIOLATED)
ANTENNA_1922/DIODE                      0.350000    0.446603   -0.096603 (VIOLATED)
ANTENNA_1923/DIODE                      0.350000    0.446603   -0.096603 (VIOLATED)
ANTENNA_1924/DIODE                      0.350000    0.446602   -0.096602 (VIOLATED)
ANTENNA_1926/DIODE                      0.350000    0.446602   -0.096602 (VIOLATED)
ANTENNA_1928/DIODE                      0.350000    0.446601   -0.096601 (VIOLATED)
u_memory.g_read[0].g_bank[2].g_slice[0].u_sram/din[6]    0.350000    0.446577   -0.096577 (VIOLATED)
ANTENNA_1920/DIODE                      0.350000    0.446558   -0.096558 (VIOLATED)
ANTENNA_1921/DIODE                      0.350000    0.446558   -0.096558 (VIOLATED)
ANTENNA_1925/DIODE                      0.350000    0.446556   -0.096556 (VIOLATED)
ANTENNA_1927/DIODE                      0.350000    0.446553   -0.096553 (VIOLATED)
ANTENNA_1919/DIODE                      0.350000    0.446507   -0.096507 (VIOLATED)
ANTENNA_1929/DIODE                      0.350000    0.446505   -0.096505 (VIOLATED)
ANTENNA_1957/DIODE                      0.350000    0.446478   -0.096478 (VIOLATED)
ANTENNA_1958/DIODE                      0.350000    0.446478   -0.096478 (VIOLATED)
ANTENNA_1962/DIODE                      0.350000    0.446478   -0.096478 (VIOLATED)
ANTENNA_1960/DIODE                      0.350000    0.446478   -0.096477 (VIOLATED)
ANTENNA_1956/DIODE                      0.350000    0.446439   -0.096439 (VIOLATED)
ANTENNA_1952/DIODE                      0.350000    0.446438   -0.096438 (VIOLATED)
ANTENNA_1953/DIODE                      0.350000    0.446436   -0.096436 (VIOLATED)
ANTENNA_1954/DIODE                      0.350000    0.446434   -0.096434 (VIOLATED)
ANTENNA_1959/DIODE                      0.350000    0.446431   -0.096431 (VIOLATED)
ANTENNA_1961/DIODE                      0.350000    0.446428   -0.096428 (VIOLATED)
ANTENNA_1955/DIODE                      0.350000    0.446349   -0.096349 (VIOLATED)
_029_/Q                                 0.350000    0.446331   -0.096331 (VIOLATED)
u_memory.g_read[0].g_bank[2].g_slice[0].u_sram/din[0]    0.350000    0.445937   -0.095937 (VIOLATED)
max_cap506/X                            0.350000    0.445861   -0.095861 (VIOLATED)
max_cap512/X                            0.350000    0.445707   -0.095707 (VIOLATED)
wire265/X                               0.350000    0.445058   -0.095058 (VIOLATED)
u_memory.g_read[0].g_bank[0].g_slice[0].u_sram/din[15]    0.350000    0.445020   -0.095020 (VIOLATED)
u_memory._308_/A1                       0.350000    0.444427   -0.094427 (VIOLATED)
ANTENNA_2747/DIODE                      0.350000    0.444426   -0.094426 (VIOLATED)
u_memory.g_read[1].g_bank[2].g_slice[0].u_sram/din[4]    0.350000    0.443824   -0.093824 (VIOLATED)
u_memory._317_/A0                       0.350000    0.443818   -0.093818 (VIOLATED)
u_memory._246_/A1                       0.350000    0.443803   -0.093803 (VIOLATED)
ANTENNA_1182/DIODE                      0.350000    0.443769   -0.093769 (VIOLATED)
ANTENNA_1183/DIODE                      0.350000    0.443768   -0.093768 (VIOLATED)
ANTENNA_1184/DIODE                      0.350000    0.443756   -0.093756 (VIOLATED)
hold209/X                               0.350000    0.443592   -0.093592 (VIOLATED)
u_memory.g_read[0].g_bank[1].g_slice[0].u_sram/wmask[3]    0.350000    0.443439   -0.093439 (VIOLATED)
ANTENNA_96/DIODE                        0.350000    0.443235   -0.093235 (VIOLATED)
ANTENNA_94/DIODE                        0.350000    0.443231   -0.093231 (VIOLATED)
u_memory._270_/B2                       0.350000    0.443221   -0.093221 (VIOLATED)
wire365/X                               0.350000    0.443207   -0.093207 (VIOLATED)
ANTENNA_95/DIODE                        0.350000    0.443201   -0.093201 (VIOLATED)
ANTENNA_2087/DIODE                      0.350000    0.442977   -0.092977 (VIOLATED)
ANTENNA_2093/DIODE                      0.350000    0.442973   -0.092973 (VIOLATED)
ANTENNA_2091/DIODE                      0.350000    0.442972   -0.092972 (VIOLATED)
ANTENNA_2086/DIODE                      0.350000    0.442972   -0.092972 (VIOLATED)
ANTENNA_2089/DIODE                      0.350000    0.442972   -0.092972 (VIOLATED)
ANTENNA_2085/DIODE                      0.350000    0.442972   -0.092972 (VIOLATED)
ANTENNA_2088/DIODE                      0.350000    0.442972   -0.092972 (VIOLATED)
ANTENNA_2084/DIODE                      0.350000    0.442967   -0.092967 (VIOLATED)
ANTENNA_2094/DIODE                      0.350000    0.442953   -0.092953 (VIOLATED)
ANTENNA_2092/DIODE                      0.350000    0.442953   -0.092953 (VIOLATED)
ANTENNA_2090/DIODE                      0.350000    0.442953   -0.092953 (VIOLATED)
ANTENNA_2040/DIODE                      0.350000    0.442765   -0.092765 (VIOLATED)
u_memory.g_read[1].g_bank[1].g_slice[0].u_sram/din[24]    0.350000    0.442750   -0.092750 (VIOLATED)
ANTENNA_135/DIODE                       0.350000    0.442745   -0.092745 (VIOLATED)
ANTENNA_133/DIODE                       0.350000    0.442744   -0.092744 (VIOLATED)
u_memory._330_/B1                       0.350000    0.442740   -0.092740 (VIOLATED)
ANTENNA_134/DIODE                       0.350000    0.442728   -0.092728 (VIOLATED)
ANTENNA_2041/DIODE                      0.350000    0.442727   -0.092727 (VIOLATED)
hold199/A                               0.350000    0.442694   -0.092694 (VIOLATED)
hold213/X                               0.350000    0.442677   -0.092677 (VIOLATED)
ANTENNA_2048/DIODE                      0.350000    0.442665   -0.092665 (VIOLATED)
ANTENNA_2046/DIODE                      0.350000    0.442665   -0.092665 (VIOLATED)
ANTENNA_2044/DIODE                      0.350000    0.442664   -0.092664 (VIOLATED)
ANTENNA_2043/DIODE                      0.350000    0.442663   -0.092663 (VIOLATED)
ANTENNA_2042/DIODE                      0.350000    0.442660   -0.092660 (VIOLATED)
ANTENNA_2045/DIODE                      0.350000    0.442616   -0.092616 (VIOLATED)
ANTENNA_2047/DIODE                      0.350000    0.442570   -0.092570 (VIOLATED)
ANTENNA_2049/DIODE                      0.350000    0.442567   -0.092567 (VIOLATED)
ANTENNA_2050/DIODE                      0.350000    0.442564   -0.092564 (VIOLATED)
u_memory._268_/X                        0.350000    0.442445   -0.092445 (VIOLATED)
max_cap532/X                            0.350000    0.442256   -0.092256 (VIOLATED)
ANTENNA_1467/DIODE                      0.350000    0.442084   -0.092084 (VIOLATED)
ANTENNA_1474/DIODE                      0.350000    0.442084   -0.092084 (VIOLATED)
ANTENNA_1476/DIODE                      0.350000    0.442084   -0.092083 (VIOLATED)
ANTENNA_1475/DIODE                      0.350000    0.442083   -0.092083 (VIOLATED)
ANTENNA_1468/DIODE                      0.350000    0.442068   -0.092068 (VIOLATED)
ANTENNA_1469/DIODE                      0.350000    0.442068   -0.092068 (VIOLATED)
ANTENNA_1470/DIODE                      0.350000    0.442067   -0.092067 (VIOLATED)
ANTENNA_1471/DIODE                      0.350000    0.442067   -0.092067 (VIOLATED)
ANTENNA_1477/DIODE                      0.350000    0.442066   -0.092066 (VIOLATED)
u_memory._303_/A1                       0.350000    0.442062   -0.092062 (VIOLATED)
ANTENNA_1114/DIODE                      0.350000    0.442059   -0.092059 (VIOLATED)
ANTENNA_1116/DIODE                      0.350000    0.442058   -0.092058 (VIOLATED)
ANTENNA_1113/DIODE                      0.350000    0.442057   -0.092057 (VIOLATED)
ANTENNA_1473/DIODE                      0.350000    0.442048   -0.092048 (VIOLATED)
ANTENNA_1472/DIODE                      0.350000    0.442047   -0.092047 (VIOLATED)
ANTENNA_1115/DIODE                      0.350000    0.442038   -0.092038 (VIOLATED)
u_memory._328_/X                        0.350000    0.441946   -0.091946 (VIOLATED)
u_memory._249_/B1                       0.350000    0.441893   -0.091893 (VIOLATED)
max_cap525/X                            0.350000    0.441892   -0.091892 (VIOLATED)
ANTENNA_76/DIODE                        0.350000    0.441880   -0.091880 (VIOLATED)
ANTENNA_74/DIODE                        0.350000    0.441880   -0.091880 (VIOLATED)
ANTENNA_75/DIODE                        0.350000    0.441872   -0.091872 (VIOLATED)
ANTENNA_1784/DIODE                      0.350000    0.441869   -0.091869 (VIOLATED)
ANTENNA_1782/DIODE                      0.350000    0.441869   -0.091869 (VIOLATED)
ANTENNA_1786/DIODE                      0.350000    0.441869   -0.091869 (VIOLATED)
ANTENNA_1776/DIODE                      0.350000    0.441863   -0.091863 (VIOLATED)
ANTENNA_1779/DIODE                      0.350000    0.441862   -0.091861 (VIOLATED)
ANTENNA_1785/DIODE                      0.350000    0.441861   -0.091861 (VIOLATED)
ANTENNA_1780/DIODE                      0.350000    0.441861   -0.091861 (VIOLATED)
ANTENNA_1783/DIODE                      0.350000    0.441861   -0.091861 (VIOLATED)
ANTENNA_1781/DIODE                      0.350000    0.441861   -0.091861 (VIOLATED)
ANTENNA_1778/DIODE                      0.350000    0.441859   -0.091859 (VIOLATED)
ANTENNA_1777/DIODE                      0.350000    0.441858   -0.091858 (VIOLATED)
u_memory.g_read[1].g_bank[2].g_slice[0].u_sram/din[7]    0.350000    0.441834   -0.091834 (VIOLATED)
u_memory._360_/B1                       0.350000    0.441681   -0.091681 (VIOLATED)
ANTENNA_166/DIODE                       0.350000    0.441677   -0.091677 (VIOLATED)
ANTENNA_164/DIODE                       0.350000    0.441675   -0.091675 (VIOLATED)
ANTENNA_165/DIODE                       0.350000    0.441672   -0.091672 (VIOLATED)
ANTENNA_167/DIODE                       0.350000    0.441671   -0.091671 (VIOLATED)
u_memory.g_read[0].g_bank[3].g_slice[0].u_sram/wmask[2]    0.350000    0.441650   -0.091650 (VIOLATED)
ANTENNA_2363/DIODE                      0.350000    0.441647   -0.091647 (VIOLATED)
ANTENNA_2367/DIODE                      0.350000    0.441613   -0.091613 (VIOLATED)
ANTENNA_2366/DIODE                      0.350000    0.441613   -0.091613 (VIOLATED)
ANTENNA_2364/DIODE                      0.350000    0.441612   -0.091612 (VIOLATED)
ANTENNA_2365/DIODE                      0.350000    0.441610   -0.091610 (VIOLATED)
u_memory._321_/A1                       0.350000    0.441605   -0.091605 (VIOLATED)
ANTENNA_2373/DIODE                      0.350000    0.441603   -0.091603 (VIOLATED)
hold183/X                               0.350000    0.441573   -0.091573 (VIOLATED)
ANTENNA_2368/DIODE                      0.350000    0.441570   -0.091570 (VIOLATED)
ANTENNA_2369/DIODE                      0.350000    0.441570   -0.091570 (VIOLATED)
ANTENNA_2370/DIODE                      0.350000    0.441570   -0.091570 (VIOLATED)
ANTENNA_2371/DIODE                      0.350000    0.441569   -0.091569 (VIOLATED)
ANTENNA_2372/DIODE                      0.350000    0.441569   -0.091569 (VIOLATED)
wire344/X                               0.350000    0.441420   -0.091420 (VIOLATED)
max_cap435/X                            0.350000    0.441383   -0.091383 (VIOLATED)
u_memory.g_read[1].g_bank[1].g_slice[0].u_sram/din[31]    0.350000    0.441355   -0.091355 (VIOLATED)
ANTENNA_1644/DIODE                      0.350000    0.441259   -0.091259 (VIOLATED)
ANTENNA_1648/DIODE                      0.350000    0.441219   -0.091219 (VIOLATED)
ANTENNA_1647/DIODE                      0.350000    0.441217   -0.091217 (VIOLATED)
ANTENNA_1645/DIODE                      0.350000    0.441215   -0.091215 (VIOLATED)
ANTENNA_1646/DIODE                      0.350000    0.441213   -0.091213 (VIOLATED)
max_cap483/X                            0.350000    0.441202   -0.091202 (VIOLATED)
ANTENNA_1654/DIODE                      0.350000    0.441144   -0.091144 (VIOLATED)
ANTENNA_1649/DIODE                      0.350000    0.441144   -0.091144 (VIOLATED)
ANTENNA_1650/DIODE                      0.350000    0.441144   -0.091144 (VIOLATED)
ANTENNA_1651/DIODE                      0.350000    0.441141   -0.091141 (VIOLATED)
ANTENNA_1652/DIODE                      0.350000    0.441139   -0.091139 (VIOLATED)
ANTENNA_1653/DIODE                      0.350000    0.441136   -0.091136 (VIOLATED)
u_memory._247_/X                        0.350000    0.440994   -0.090994 (VIOLATED)
u_memory._358_/X                        0.350000    0.440913   -0.090913 (VIOLATED)
u_memory.g_read[0].g_bank[2].g_slice[0].u_sram/wmask[2]    0.350000    0.440911   -0.090911 (VIOLATED)
max_cap576/X                            0.350000    0.440902   -0.090902 (VIOLATED)
ANTENNA_2600/DIODE                      0.350000    0.440706   -0.090706 (VIOLATED)
ANTENNA_2599/DIODE                      0.350000    0.440706   -0.090706 (VIOLATED)
ANTENNA_2604/DIODE                      0.350000    0.440706   -0.090706 (VIOLATED)
ANTENNA_2598/DIODE                      0.350000    0.440706   -0.090706 (VIOLATED)
ANTENNA_2602/DIODE                      0.350000    0.440706   -0.090705 (VIOLATED)
ANTENNA_2597/DIODE                      0.350000    0.440705   -0.090705 (VIOLATED)
ANTENNA_2601/DIODE                      0.350000    0.440705   -0.090705 (VIOLATED)
ANTENNA_2596/DIODE                      0.350000    0.440705   -0.090705 (VIOLATED)
ANTENNA_2594/DIODE                      0.350000    0.440696   -0.090696 (VIOLATED)
ANTENNA_2603/DIODE                      0.350000    0.440695   -0.090695 (VIOLATED)
ANTENNA_2595/DIODE                      0.350000    0.440688   -0.090688 (VIOLATED)
u_memory._204_/A_N                      0.350000    0.440633   -0.090633 (VIOLATED)
u_memory._172_/A                        0.350000    0.440541   -0.090541 (VIOLATED)
_109_/D                                 0.350000    0.440514   -0.090514 (VIOLATED)
wire642/X                               0.350000    0.440482   -0.090482 (VIOLATED)
max_cap462/X                            0.350000    0.440472   -0.090472 (VIOLATED)
u_memory.g_read[1].g_bank[0].g_slice[0].u_sram/we    0.350000    0.440461   -0.090461 (VIOLATED)
u_memory._203_/B                        0.350000    0.440424   -0.090424 (VIOLATED)
u_memory._207_/A                        0.350000    0.440132   -0.090132 (VIOLATED)
max_cap613/X                            0.350000    0.440013   -0.090013 (VIOLATED)
u_memory._206_/A                        0.350000    0.439871   -0.089871 (VIOLATED)
ANTENNA_873/DIODE                       0.350000    0.439864   -0.089864 (VIOLATED)
u_memory._327_/A1                       0.350000    0.439864   -0.089864 (VIOLATED)
ANTENNA_872/DIODE                       0.350000    0.439854   -0.089854 (VIOLATED)
ANTENNA_874/DIODE                       0.350000    0.439852   -0.089852 (VIOLATED)
u_memory._308_/S                        0.350000    0.439822   -0.089822 (VIOLATED)
_040_/D                                 0.350000    0.439662   -0.089662 (VIOLATED)
u_memory._348_/X                        0.350000    0.439614   -0.089614 (VIOLATED)
ANTENNA_2385/DIODE                      0.350000    0.439578   -0.089578 (VIOLATED)
ANTENNA_2388/DIODE                      0.350000    0.439539   -0.089539 (VIOLATED)
ANTENNA_2386/DIODE                      0.350000    0.439538   -0.089538 (VIOLATED)
ANTENNA_2387/DIODE                      0.350000    0.439538   -0.089538 (VIOLATED)
ANTENNA_2389/DIODE                      0.350000    0.439506   -0.089506 (VIOLATED)
ANTENNA_2394/DIODE                      0.350000    0.439505   -0.089505 (VIOLATED)
ANTENNA_2395/DIODE                      0.350000    0.439505   -0.089505 (VIOLATED)
u_memory._399_/A1                       0.350000    0.439466   -0.089466 (VIOLATED)
ANTENNA_2390/DIODE                      0.350000    0.439452   -0.089452 (VIOLATED)
ANTENNA_2391/DIODE                      0.350000    0.439449   -0.089449 (VIOLATED)
ANTENNA_2392/DIODE                      0.350000    0.439446   -0.089446 (VIOLATED)
ANTENNA_2393/DIODE                      0.350000    0.439443   -0.089443 (VIOLATED)
wire284/X                               0.350000    0.439276   -0.089276 (VIOLATED)
u_memory._261_/A2                       0.350000    0.439132   -0.089132 (VIOLATED)
u_memory._258_/A2                       0.350000    0.439127   -0.089127 (VIOLATED)
u_memory._267_/A2                       0.350000    0.439110   -0.089110 (VIOLATED)
u_memory._270_/A2                       0.350000    0.439105   -0.089105 (VIOLATED)
u_memory._273_/A2                       0.350000    0.439101   -0.089101 (VIOLATED)
u_memory._279_/A2                       0.350000    0.439070   -0.089070 (VIOLATED)
u_memory._288_/A2                       0.350000    0.439024   -0.089024 (VIOLATED)
u_memory._282_/A2                       0.350000    0.438995   -0.088995 (VIOLATED)
u_memory._307_/S                        0.350000    0.438966   -0.088966 (VIOLATED)
u_memory._294_/A2                       0.350000    0.438945   -0.088945 (VIOLATED)
u_memory._235_/A                        0.350000    0.438904   -0.088904 (VIOLATED)
wire268/X                               0.350000    0.438767   -0.088767 (VIOLATED)
u_memory._285_/A2                       0.350000    0.438741   -0.088741 (VIOLATED)
u_memory._291_/A2                       0.350000    0.438724   -0.088724 (VIOLATED)
fanout183/X                             0.350000    0.438719   -0.088719 (VIOLATED)
ANTENNA_1699/DIODE                      0.350000    0.438716   -0.088716 (VIOLATED)
ANTENNA_1706/DIODE                      0.350000    0.438711   -0.088711 (VIOLATED)
ANTENNA_1707/DIODE                      0.350000    0.438711   -0.088711 (VIOLATED)
ANTENNA_1708/DIODE                      0.350000    0.438710   -0.088710 (VIOLATED)
max_cap579/X                            0.350000    0.438699   -0.088699 (VIOLATED)
ANTENNA_1705/DIODE                      0.350000    0.438675   -0.088675 (VIOLATED)
ANTENNA_1700/DIODE                      0.350000    0.438675   -0.088675 (VIOLATED)
ANTENNA_1701/DIODE                      0.350000    0.438675   -0.088675 (VIOLATED)
ANTENNA_1702/DIODE                      0.350000    0.438674   -0.088674 (VIOLATED)
ANTENNA_1703/DIODE                      0.350000    0.438672   -0.088672 (VIOLATED)
ANTENNA_1704/DIODE                      0.350000    0.438669   -0.088669 (VIOLATED)
ANTENNA_1709/DIODE                      0.350000    0.438666   -0.088666 (VIOLATED)
u_memory._262_/A                        0.350000    0.438597   -0.088597 (VIOLATED)
u_memory.g_read[1].g_bank[2].g_slice[0].u_sram/din[12]    0.350000    0.438195   -0.088195 (VIOLATED)
u_memory._381_/B1                       0.350000    0.438044   -0.088044 (VIOLATED)
max_cap471/X                            0.350000    0.437977   -0.087977 (VIOLATED)
ANTENNA_2631/DIODE                      0.350000    0.437960   -0.087960 (VIOLATED)
ANTENNA_2630/DIODE                      0.350000    0.437960   -0.087960 (VIOLATED)
ANTENNA_2629/DIODE                      0.350000    0.437959   -0.087959 (VIOLATED)
ANTENNA_2632/DIODE                      0.350000    0.437960   -0.087960 (VIOLATED)
ANTENNA_2627/DIODE                      0.350000    0.437959   -0.087959 (VIOLATED)
ANTENNA_2628/DIODE                      0.350000    0.437959   -0.087959 (VIOLATED)
ANTENNA_2637/DIODE                      0.350000    0.437952   -0.087952 (VIOLATED)
ANTENNA_2636/DIODE                      0.350000    0.437952   -0.087952 (VIOLATED)
ANTENNA_2635/DIODE                      0.350000    0.437952   -0.087952 (VIOLATED)
ANTENNA_2633/DIODE                      0.350000    0.437952   -0.087952 (VIOLATED)
ANTENNA_2634/DIODE                      0.350000    0.437951   -0.087951 (VIOLATED)
u_memory._233_/A1                       0.350000    0.437830   -0.087830 (VIOLATED)
ANTENNA_1091/DIODE                      0.350000    0.437821   -0.087821 (VIOLATED)
ANTENNA_1089/DIODE                      0.350000    0.437820   -0.087820 (VIOLATED)
ANTENNA_1090/DIODE                      0.350000    0.437811   -0.087811 (VIOLATED)
ANTENNA_1092/DIODE                      0.350000    0.437808   -0.087808 (VIOLATED)
u_memory._282_/B2                       0.350000    0.437719   -0.087719 (VIOLATED)
ANTENNA_108/DIODE                       0.350000    0.437717   -0.087717 (VIOLATED)
fanout377/A                             0.350000    0.437708   -0.087708 (VIOLATED)
ANTENNA_1197/DIODE                      0.350000    0.437679   -0.087679 (VIOLATED)
max_cap618/X                            0.350000    0.437322   -0.087322 (VIOLATED)
wire338/X                               0.350000    0.437277   -0.087277 (VIOLATED)
ANTENNA_2302/DIODE                      0.350000    0.437259   -0.087259 (VIOLATED)
ANTENNA_2299/DIODE                      0.350000    0.437259   -0.087259 (VIOLATED)
ANTENNA_2304/DIODE                      0.350000    0.437251   -0.087251 (VIOLATED)
ANTENNA_2301/DIODE                      0.350000    0.437250   -0.087250 (VIOLATED)
ANTENNA_2298/DIODE                      0.350000    0.437250   -0.087250 (VIOLATED)
ANTENNA_2297/DIODE                      0.350000    0.437249   -0.087249 (VIOLATED)
ANTENNA_2296/DIODE                      0.350000    0.437248   -0.087248 (VIOLATED)
ANTENNA_2295/DIODE                      0.350000    0.437248   -0.087248 (VIOLATED)
ANTENNA_2305/DIODE                      0.350000    0.437241   -0.087241 (VIOLATED)
ANTENNA_2300/DIODE                      0.350000    0.437241   -0.087241 (VIOLATED)
ANTENNA_2303/DIODE                      0.350000    0.437240   -0.087240 (VIOLATED)
u_memory._285_/A1                       0.350000    0.437163   -0.087163 (VIOLATED)
ANTENNA_1138/DIODE                      0.350000    0.437160   -0.087160 (VIOLATED)
ANTENNA_1136/DIODE                      0.350000    0.437155   -0.087155 (VIOLATED)
ANTENNA_1137/DIODE                      0.350000    0.437122   -0.087122 (VIOLATED)
u_memory._281_/X                        0.350000    0.437100   -0.087100 (VIOLATED)
u_memory.g_read[1].g_bank[2].g_slice[0].u_sram/din[0]    0.350000    0.437078   -0.087078 (VIOLATED)
u_memory._379_/X                        0.350000    0.437054   -0.087054 (VIOLATED)
ANTENNA_1588/DIODE                      0.350000    0.436731   -0.086731 (VIOLATED)
ANTENNA_1586/DIODE                      0.350000    0.436731   -0.086731 (VIOLATED)
ANTENNA_1584/DIODE                      0.350000    0.436730   -0.086730 (VIOLATED)
ANTENNA_1582/DIODE                      0.350000    0.436730   -0.086730 (VIOLATED)
u_memory._304_/S                        0.350000    0.436715   -0.086715 (VIOLATED)
ANTENNA_1578/DIODE                      0.350000    0.436713   -0.086713 (VIOLATED)
ANTENNA_1580/DIODE                      0.350000    0.436712   -0.086712 (VIOLATED)
ANTENNA_1581/DIODE                      0.350000    0.436712   -0.086712 (VIOLATED)
ANTENNA_1583/DIODE                      0.350000    0.436711   -0.086711 (VIOLATED)
ANTENNA_1587/DIODE                      0.350000    0.436710   -0.086710 (VIOLATED)
ANTENNA_1585/DIODE                      0.350000    0.436710   -0.086710 (VIOLATED)
ANTENNA_1579/DIODE                      0.350000    0.436670   -0.086670 (VIOLATED)
wire351/X                               0.350000    0.436574   -0.086574 (VIOLATED)
u_memory.g_read[0].g_bank[2].g_slice[0].u_sram/din[5]    0.350000    0.436328   -0.086328 (VIOLATED)
u_memory._246_/B1                       0.350000    0.436299   -0.086299 (VIOLATED)
ANTENNA_1511/DIODE                      0.350000    0.436294   -0.086294 (VIOLATED)
max_cap565/X                            0.350000    0.436291   -0.086291 (VIOLATED)
ANTENNA_71/DIODE                        0.350000    0.436271   -0.086271 (VIOLATED)
ANTENNA_1521/DIODE                      0.350000    0.436269   -0.086269 (VIOLATED)
ANTENNA_1519/DIODE                      0.350000    0.436268   -0.086268 (VIOLATED)
ANTENNA_1517/DIODE                      0.350000    0.436268   -0.086268 (VIOLATED)
ANTENNA_1515/DIODE                      0.350000    0.436268   -0.086268 (VIOLATED)
ANTENNA_1514/DIODE                      0.350000    0.436267   -0.086267 (VIOLATED)
ANTENNA_1512/DIODE                      0.350000    0.436266   -0.086266 (VIOLATED)
ANTENNA_72/DIODE                        0.350000    0.436266   -0.086266 (VIOLATED)
ANTENNA_1513/DIODE                      0.350000    0.436265   -0.086265 (VIOLATED)
ANTENNA_73/DIODE                        0.350000    0.436254   -0.086254 (VIOLATED)
ANTENNA_1516/DIODE                      0.350000    0.436224   -0.086224 (VIOLATED)
ANTENNA_1518/DIODE                      0.350000    0.436224   -0.086224 (VIOLATED)
ANTENNA_1520/DIODE                      0.350000    0.436224   -0.086224 (VIOLATED)
wire387/A                               0.350000    0.436211   -0.086211 (VIOLATED)
ANTENNA_1419/DIODE                      0.350000    0.436078   -0.086078 (VIOLATED)
ANTENNA_1410/DIODE                      0.350000    0.436078   -0.086078 (VIOLATED)
ANTENNA_1415/DIODE                      0.350000    0.436078   -0.086078 (VIOLATED)
ANTENNA_1416/DIODE                      0.350000    0.436078   -0.086078 (VIOLATED)
ANTENNA_1411/DIODE                      0.350000    0.436078   -0.086078 (VIOLATED)
ANTENNA_1414/DIODE                      0.350000    0.436078   -0.086078 (VIOLATED)
ANTENNA_1420/DIODE                      0.350000    0.436078   -0.086078 (VIOLATED)
ANTENNA_1417/DIODE                      0.350000    0.436078   -0.086078 (VIOLATED)
ANTENNA_1412/DIODE                      0.350000    0.436077   -0.086077 (VIOLATED)
ANTENNA_1418/DIODE                      0.350000    0.436077   -0.086077 (VIOLATED)
ANTENNA_1413/DIODE                      0.350000    0.436077   -0.086077 (VIOLATED)
ANTENNA_1687/DIODE                      0.350000    0.436028   -0.086028 (VIOLATED)
ANTENNA_1685/DIODE                      0.350000    0.436028   -0.086028 (VIOLATED)
ANTENNA_1683/DIODE                      0.350000    0.436028   -0.086028 (VIOLATED)
ANTENNA_1682/DIODE                      0.350000    0.436027   -0.086027 (VIOLATED)
ANTENNA_1681/DIODE                      0.350000    0.436027   -0.086027 (VIOLATED)
ANTENNA_1679/DIODE                      0.350000    0.436026   -0.086026 (VIOLATED)
ANTENNA_1677/DIODE                      0.350000    0.436023   -0.086023 (VIOLATED)
ANTENNA_1686/DIODE                      0.350000    0.436023   -0.086023 (VIOLATED)
ANTENNA_1684/DIODE                      0.350000    0.436023   -0.086023 (VIOLATED)
ANTENNA_1680/DIODE                      0.350000    0.436018   -0.086018 (VIOLATED)
ANTENNA_1678/DIODE                      0.350000    0.436016   -0.086016 (VIOLATED)
ANTENNA_1864/DIODE                      0.350000    0.435925   -0.085925 (VIOLATED)
ANTENNA_1873/DIODE                      0.350000    0.435925   -0.085925 (VIOLATED)
ANTENNA_1869/DIODE                      0.350000    0.435925   -0.085925 (VIOLATED)
ANTENNA_1871/DIODE                      0.350000    0.435925   -0.085925 (VIOLATED)
ANTENNA_1870/DIODE                      0.350000    0.435924   -0.085924 (VIOLATED)
ANTENNA_1874/DIODE                      0.350000    0.435906   -0.085906 (VIOLATED)
ANTENNA_1872/DIODE                      0.350000    0.435905   -0.085905 (VIOLATED)
ANTENNA_1868/DIODE                      0.350000    0.435905   -0.085905 (VIOLATED)
ANTENNA_1867/DIODE                      0.350000    0.435905   -0.085905 (VIOLATED)
ANTENNA_1866/DIODE                      0.350000    0.435904   -0.085904 (VIOLATED)
ANTENNA_1865/DIODE                      0.350000    0.435903   -0.085903 (VIOLATED)
u_memory._292_/C                        0.350000    0.435813   -0.085813 (VIOLATED)
ANTENNA_925/DIODE                       0.350000    0.435811   -0.085811 (VIOLATED)
max_cap452/X                            0.350000    0.435810   -0.085810 (VIOLATED)
ANTENNA_926/DIODE                       0.350000    0.435807   -0.085807 (VIOLATED)
ANTENNA_924/DIODE                       0.350000    0.435806   -0.085806 (VIOLATED)
ANTENNA_927/DIODE                       0.350000    0.435801   -0.085801 (VIOLATED)
max_cap389/A                            0.350000    0.435752   -0.085752 (VIOLATED)
max_cap390/A                            0.350000    0.435582   -0.085582 (VIOLATED)
u_memory._244_/X                        0.350000    0.435468   -0.085468 (VIOLATED)
max_cap441/X                            0.350000    0.435446   -0.085446 (VIOLATED)
max_cap467/X                            0.350000    0.435388   -0.085388 (VIOLATED)
hold112/X                               0.350000    0.435352   -0.085352 (VIOLATED)
ANTENNA_1939/DIODE                      0.350000    0.435273   -0.085273 (VIOLATED)
ANTENNA_1937/DIODE                      0.350000    0.435272   -0.085272 (VIOLATED)
ANTENNA_1935/DIODE                      0.350000    0.435272   -0.085272 (VIOLATED)
ANTENNA_1940/DIODE                      0.350000    0.435261   -0.085261 (VIOLATED)
ANTENNA_1933/DIODE                      0.350000    0.435261   -0.085260 (VIOLATED)
ANTENNA_1938/DIODE                      0.350000    0.435260   -0.085260 (VIOLATED)
ANTENNA_1931/DIODE                      0.350000    0.435260   -0.085260 (VIOLATED)
ANTENNA_1936/DIODE                      0.350000    0.435260   -0.085260 (VIOLATED)
ANTENNA_1934/DIODE                      0.350000    0.435260   -0.085260 (VIOLATED)
ANTENNA_1556/DIODE                      0.350000    0.435248   -0.085248 (VIOLATED)
ANTENNA_1566/DIODE                      0.350000    0.435248   -0.085248 (VIOLATED)
ANTENNA_1932/DIODE                      0.350000    0.435244   -0.085244 (VIOLATED)
ANTENNA_1930/DIODE                      0.350000    0.435244   -0.085244 (VIOLATED)
ANTENNA_1565/DIODE                      0.350000    0.435241   -0.085241 (VIOLATED)
ANTENNA_1564/DIODE                      0.350000    0.435241   -0.085241 (VIOLATED)
ANTENNA_1557/DIODE                      0.350000    0.435241   -0.085241 (VIOLATED)
ANTENNA_1558/DIODE                      0.350000    0.435240   -0.085240 (VIOLATED)
ANTENNA_1559/DIODE                      0.350000    0.435239   -0.085239 (VIOLATED)
ANTENNA_1560/DIODE                      0.350000    0.435239   -0.085239 (VIOLATED)
ANTENNA_1561/DIODE                      0.350000    0.435237   -0.085237 (VIOLATED)
wire295/X                               0.350000    0.435235   -0.085235 (VIOLATED)
ANTENNA_1563/DIODE                      0.350000    0.435221   -0.085221 (VIOLATED)
ANTENNA_1562/DIODE                      0.350000    0.435221   -0.085221 (VIOLATED)
max_cap426/X                            0.350000    0.435221   -0.085221 (VIOLATED)
ANTENNA_1012/DIODE                      0.350000    0.435215   -0.085215 (VIOLATED)
u_memory._226_/B2                       0.350000    0.435203   -0.085203 (VIOLATED)
ANTENNA_1009/DIODE                      0.350000    0.435168   -0.085168 (VIOLATED)
ANTENNA_1010/DIODE                      0.350000    0.435152   -0.085152 (VIOLATED)
ANTENNA_1011/DIODE                      0.350000    0.435148   -0.085148 (VIOLATED)
u_memory._353_/A2                       0.350000    0.435085   -0.085085 (VIOLATED)
ANTENNA_694/DIODE                       0.350000    0.435072   -0.085072 (VIOLATED)
ANTENNA_696/DIODE                       0.350000    0.435069   -0.085069 (VIOLATED)
ANTENNA_695/DIODE                       0.350000    0.435063   -0.085063 (VIOLATED)
u_memory.g_read[0].g_bank[2].g_slice[0].u_sram/din[1]    0.350000    0.434930   -0.084930 (VIOLATED)
max_cap498/X                            0.350000    0.434929   -0.084929 (VIOLATED)
_110_/D                                 0.350000    0.434927   -0.084927 (VIOLATED)
input38/X                               0.350000    0.434897   -0.084897 (VIOLATED)
u_memory.g_read[1].g_bank[1].g_slice[0].u_sram/we    0.350000    0.434896   -0.084896 (VIOLATED)
max_cap449/X                            0.350000    0.434592   -0.084592 (VIOLATED)
u_memory.g_read[0].g_bank[2].g_slice[0].u_sram/din[9]    0.350000    0.434556   -0.084556 (VIOLATED)
wire317/X                               0.350000    0.434552   -0.084552 (VIOLATED)
u_memory.g_read[1].g_bank[2].g_slice[0].u_sram/din[23]    0.350000    0.434514   -0.084514 (VIOLATED)
max_cap508/X                            0.350000    0.434425   -0.084425 (VIOLATED)
wire234/X                               0.350000    0.434402   -0.084402 (VIOLATED)
ANTENNA_123/DIODE                       0.350000    0.434364   -0.084364 (VIOLATED)
u_memory._294_/B2                       0.350000    0.434362   -0.084362 (VIOLATED)
_093_/D                                 0.350000    0.434291   -0.084291 (VIOLATED)
input31/X                               0.350000    0.433829   -0.083829 (VIOLATED)
ANTENNA_1633/DIODE                      0.350000    0.433802   -0.083802 (VIOLATED)
ANTENNA_1642/DIODE                      0.350000    0.433801   -0.083801 (VIOLATED)
ANTENNA_1640/DIODE                      0.350000    0.433801   -0.083801 (VIOLATED)
ANTENNA_1639/DIODE                      0.350000    0.433801   -0.083801 (VIOLATED)
ANTENNA_2106/DIODE                      0.350000    0.433786   -0.083786 (VIOLATED)
ANTENNA_2114/DIODE                      0.350000    0.433786   -0.083786 (VIOLATED)
ANTENNA_2115/DIODE                      0.350000    0.433786   -0.083786 (VIOLATED)
ANTENNA_1636/DIODE                      0.350000    0.433785   -0.083785 (VIOLATED)
ANTENNA_1635/DIODE                      0.350000    0.433785   -0.083785 (VIOLATED)
ANTENNA_1637/DIODE                      0.350000    0.433784   -0.083784 (VIOLATED)
ANTENNA_1638/DIODE                      0.350000    0.433783   -0.083783 (VIOLATED)
ANTENNA_2108/DIODE                      0.350000    0.433775   -0.083775 (VIOLATED)
ANTENNA_2109/DIODE                      0.350000    0.433775   -0.083774 (VIOLATED)
ANTENNA_2110/DIODE                      0.350000    0.433774   -0.083774 (VIOLATED)
ANTENNA_2116/DIODE                      0.350000    0.433774   -0.083774 (VIOLATED)
ANTENNA_2111/DIODE                      0.350000    0.433773   -0.083773 (VIOLATED)
ANTENNA_1643/DIODE                      0.350000    0.433767   -0.083767 (VIOLATED)
ANTENNA_1641/DIODE                      0.350000    0.433767   -0.083767 (VIOLATED)
ANTENNA_2113/DIODE                      0.350000    0.433763   -0.083763 (VIOLATED)
ANTENNA_2112/DIODE                      0.350000    0.433762   -0.083762 (VIOLATED)
ANTENNA_2107/DIODE                      0.350000    0.433760   -0.083760 (VIOLATED)
ANTENNA_1634/DIODE                      0.350000    0.433740   -0.083740 (VIOLATED)
u_memory._293_/X                        0.350000    0.433633   -0.083633 (VIOLATED)
ANTENNA_736/DIODE                       0.350000    0.433592   -0.083592 (VIOLATED)
ANTENNA_734/DIODE                       0.350000    0.433586   -0.083586 (VIOLATED)
u_memory._368_/A2                       0.350000    0.433585   -0.083585 (VIOLATED)
ANTENNA_735/DIODE                       0.350000    0.433561   -0.083561 (VIOLATED)
u_memory.g_read[1].g_bank[3].g_slice[0].u_sram/din[25]    0.350000    0.433421   -0.083421 (VIOLATED)
u_memory._422_/A1                       0.350000    0.433374   -0.083374 (VIOLATED)
fanout378/X                             0.350000    0.433287   -0.083287 (VIOLATED)
u_memory._372_/B2                       0.350000    0.433240   -0.083240 (VIOLATED)
ANTENNA_178/DIODE                       0.350000    0.433213   -0.083212 (VIOLATED)
ANTENNA_179/DIODE                       0.350000    0.433212   -0.083212 (VIOLATED)
ANTENNA_180/DIODE                       0.350000    0.433204   -0.083204 (VIOLATED)
ANTENNA_2117/DIODE                      0.350000    0.433180   -0.083180 (VIOLATED)
ANTENNA_2126/DIODE                      0.350000    0.433180   -0.083180 (VIOLATED)
ANTENNA_2124/DIODE                      0.350000    0.433180   -0.083180 (VIOLATED)
ANTENNA_2121/DIODE                      0.350000    0.433169   -0.083169 (VIOLATED)
ANTENNA_2127/DIODE                      0.350000    0.433169   -0.083169 (VIOLATED)
ANTENNA_2119/DIODE                      0.350000    0.433168   -0.083168 (VIOLATED)
ANTENNA_2125/DIODE                      0.350000    0.433168   -0.083168 (VIOLATED)
ANTENNA_2123/DIODE                      0.350000    0.433168   -0.083168 (VIOLATED)
ANTENNA_2122/DIODE                      0.350000    0.433168   -0.083168 (VIOLATED)
ANTENNA_2120/DIODE                      0.350000    0.433153   -0.083153 (VIOLATED)
ANTENNA_2118/DIODE                      0.350000    0.433153   -0.083153 (VIOLATED)
max_cap536/X                            0.350000    0.433128   -0.083128 (VIOLATED)
wire247/X                               0.350000    0.432932   -0.082932 (VIOLATED)
ANTENNA_2205/DIODE                      0.350000    0.432919   -0.082919 (VIOLATED)
ANTENNA_2215/DIODE                      0.350000    0.432919   -0.082919 (VIOLATED)
ANTENNA_2213/DIODE                      0.350000    0.432919   -0.082919 (VIOLATED)
ANTENNA_2211/DIODE                      0.350000    0.432918   -0.082918 (VIOLATED)
ANTENNA_2209/DIODE                      0.350000    0.432903   -0.082903 (VIOLATED)
ANTENNA_2207/DIODE                      0.350000    0.432903   -0.082903 (VIOLATED)
ANTENNA_2214/DIODE                      0.350000    0.432902   -0.082902 (VIOLATED)
max_cap460/X                            0.350000    0.432892   -0.082892 (VIOLATED)
ANTENNA_2212/DIODE                      0.350000    0.432874   -0.082874 (VIOLATED)
ANTENNA_2210/DIODE                      0.350000    0.432873   -0.082873 (VIOLATED)
ANTENNA_2208/DIODE                      0.350000    0.432873   -0.082873 (VIOLATED)
ANTENNA_2206/DIODE                      0.350000    0.432872   -0.082872 (VIOLATED)
u_memory._334_/C                        0.350000    0.432789   -0.082789 (VIOLATED)
ANTENNA_618/DIODE                       0.350000    0.432786   -0.082786 (VIOLATED)
ANTENNA_616/DIODE                       0.350000    0.432784   -0.082784 (VIOLATED)
ANTENNA_615/DIODE                       0.350000    0.432779   -0.082779 (VIOLATED)
ANTENNA_617/DIODE                       0.350000    0.432777   -0.082777 (VIOLATED)
u_memory._370_/X                        0.350000    0.432491   -0.082491 (VIOLATED)
_111_/D                                 0.350000    0.432384   -0.082384 (VIOLATED)
ANTENNA_218/DIODE                       0.350000    0.432383   -0.082383 (VIOLATED)
input39/X                               0.350000    0.432364   -0.082364 (VIOLATED)
max_cap537/X                            0.350000    0.432348   -0.082348 (VIOLATED)
max_cap551/X                            0.350000    0.432069   -0.082069 (VIOLATED)
wire214/X                               0.350000    0.432038   -0.082038 (VIOLATED)
u_memory.g_read[1].g_bank[3].g_slice[0].u_sram/wmask[0]    0.350000    0.431706   -0.081706 (VIOLATED)
ANTENNA_659/DIODE                       0.350000    0.431587   -0.081587 (VIOLATED)
u_memory._328_/C                        0.350000    0.431586   -0.081586 (VIOLATED)
ANTENNA_656/DIODE                       0.350000    0.431563   -0.081563 (VIOLATED)
ANTENNA_657/DIODE                       0.350000    0.431549   -0.081549 (VIOLATED)
ANTENNA_658/DIODE                       0.350000    0.431546   -0.081546 (VIOLATED)
u_memory._230_/B1                       0.350000    0.431404   -0.081404 (VIOLATED)
ANTENNA_55/DIODE                        0.350000    0.431394   -0.081394 (VIOLATED)
ANTENNA_57/DIODE                        0.350000    0.431387   -0.081387 (VIOLATED)
ANTENNA_56/DIODE                        0.350000    0.431380   -0.081380 (VIOLATED)
u_memory._304_/A1                       0.350000    0.431191   -0.081191 (VIOLATED)
u_memory._313_/A0                       0.350000    0.431148   -0.081148 (VIOLATED)
u_memory.g_read[1].g_bank[2].g_slice[0].u_sram/wmask[0]    0.350000    0.431098   -0.081098 (VIOLATED)
hold199/X                               0.350000    0.431067   -0.081067 (VIOLATED)
u_memory.g_read[0].g_bank[2].g_slice[0].u_sram/din[14]    0.350000    0.431005   -0.081005 (VIOLATED)
ANTENNA_2516/DIODE                      0.350000    0.430972   -0.080972 (VIOLATED)
wire223/X                               0.350000    0.430971   -0.080971 (VIOLATED)
ANTENNA_2515/DIODE                      0.350000    0.430971   -0.080971 (VIOLATED)
ANTENNA_2513/DIODE                      0.350000    0.430971   -0.080971 (VIOLATED)
ANTENNA_2506/DIODE                      0.350000    0.430971   -0.080971 (VIOLATED)
ANTENNA_2511/DIODE                      0.350000    0.430971   -0.080971 (VIOLATED)
ANTENNA_2514/DIODE                      0.350000    0.430970   -0.080970 (VIOLATED)
ANTENNA_2512/DIODE                      0.350000    0.430970   -0.080970 (VIOLATED)
ANTENNA_2510/DIODE                      0.350000    0.430970   -0.080970 (VIOLATED)
ANTENNA_2509/DIODE                      0.350000    0.430969   -0.080969 (VIOLATED)
ANTENNA_2508/DIODE                      0.350000    0.430969   -0.080969 (VIOLATED)
ANTENNA_2507/DIODE                      0.350000    0.430962   -0.080962 (VIOLATED)
ANTENNA_918/DIODE                       0.350000    0.430941   -0.080941 (VIOLATED)
u_memory._213_/C                        0.350000    0.430939   -0.080939 (VIOLATED)
ANTENNA_916/DIODE                       0.350000    0.430938   -0.080938 (VIOLATED)
ANTENNA_917/DIODE                       0.350000    0.430933   -0.080933 (VIOLATED)
ANTENNA_919/DIODE                       0.350000    0.430930   -0.080930 (VIOLATED)
u_memory._300_/B1                       0.350000    0.430704   -0.080704 (VIOLATED)
u_memory._228_/X                        0.350000    0.430579   -0.080579 (VIOLATED)
max_cap599/X                            0.350000    0.430355   -0.080355 (VIOLATED)
wire293/X                               0.350000    0.430342   -0.080342 (VIOLATED)
u_memory._219_/C                        0.350000    0.430102   -0.080102 (VIOLATED)
ANTENNA_894/DIODE                       0.350000    0.430100   -0.080100 (VIOLATED)
ANTENNA_891/DIODE                       0.350000    0.430096   -0.080096 (VIOLATED)
ANTENNA_892/DIODE                       0.350000    0.430089   -0.080089 (VIOLATED)
ANTENNA_893/DIODE                       0.350000    0.430085   -0.080085 (VIOLATED)
ANTENNA_2171/DIODE                      0.350000    0.430063   -0.080063 (VIOLATED)
ANTENNA_2169/DIODE                      0.350000    0.430063   -0.080062 (VIOLATED)
ANTENNA_2167/DIODE                      0.350000    0.430062   -0.080062 (VIOLATED)
ANTENNA_2163/DIODE                      0.350000    0.430062   -0.080062 (VIOLATED)
ANTENNA_2166/DIODE                      0.350000    0.430062   -0.080062 (VIOLATED)
ANTENNA_2162/DIODE                      0.350000    0.430062   -0.080062 (VIOLATED)
ANTENNA_2161/DIODE                      0.350000    0.430059   -0.080058 (VIOLATED)
ANTENNA_2170/DIODE                      0.350000    0.430058   -0.080058 (VIOLATED)
ANTENNA_2168/DIODE                      0.350000    0.430058   -0.080058 (VIOLATED)
ANTENNA_2165/DIODE                      0.350000    0.430052   -0.080052 (VIOLATED)
ANTENNA_2164/DIODE                      0.350000    0.430052   -0.080052 (VIOLATED)
u_memory._299_/X                        0.350000    0.429996   -0.079996 (VIOLATED)
ANTENNA_2729/DIODE                      0.350000    0.429956   -0.079956 (VIOLATED)
_079_/D                                 0.350000    0.429954   -0.079954 (VIOLATED)
ANTENNA_2550/DIODE                      0.350000    0.429570   -0.079570 (VIOLATED)
ANTENNA_2558/DIODE                      0.350000    0.429570   -0.079570 (VIOLATED)
ANTENNA_2556/DIODE                      0.350000    0.429569   -0.079569 (VIOLATED)
ANTENNA_2560/DIODE                      0.350000    0.429569   -0.079569 (VIOLATED)
ANTENNA_2554/DIODE                      0.350000    0.429569   -0.079569 (VIOLATED)
ANTENNA_2555/DIODE                      0.350000    0.429569   -0.079569 (VIOLATED)
ANTENNA_2559/DIODE                      0.350000    0.429569   -0.079569 (VIOLATED)
ANTENNA_2552/DIODE                      0.350000    0.429569   -0.079569 (VIOLATED)
ANTENNA_2557/DIODE                      0.350000    0.429569   -0.079569 (VIOLATED)
ANTENNA_2553/DIODE                      0.350000    0.429561   -0.079561 (VIOLATED)
ANTENNA_2551/DIODE                      0.350000    0.429560   -0.079560 (VIOLATED)
u_memory._339_/A1                       0.350000    0.429478   -0.079478 (VIOLATED)
ANTENNA_774/DIODE                       0.350000    0.429477   -0.079477 (VIOLATED)
ANTENNA_773/DIODE                       0.350000    0.429469   -0.079469 (VIOLATED)
ANTENNA_775/DIODE                       0.350000    0.429467   -0.079467 (VIOLATED)
input4/X                                0.350000    0.429417   -0.079417 (VIOLATED)
wire289/X                               0.350000    0.429313   -0.079313 (VIOLATED)
max_cap544/X                            0.350000    0.429277   -0.079277 (VIOLATED)
output106/A                             0.350000    0.429089   -0.079089 (VIOLATED)
_004_/Q                                 0.350000    0.429064   -0.079064 (VIOLATED)
wire258/X                               0.350000    0.428938   -0.078938 (VIOLATED)
_083_/D                                 0.350000    0.428856   -0.078856 (VIOLATED)
ANTENNA_2733/DIODE                      0.350000    0.428853   -0.078853 (VIOLATED)
u_memory._236_/A1                       0.350000    0.428851   -0.078851 (VIOLATED)
ANTENNA_1499/DIODE                      0.350000    0.428800   -0.078800 (VIOLATED)
ANTENNA_1497/DIODE                      0.350000    0.428800   -0.078800 (VIOLATED)
ANTENNA_1492/DIODE                      0.350000    0.428800   -0.078800 (VIOLATED)
ANTENNA_1495/DIODE                      0.350000    0.428800   -0.078800 (VIOLATED)
ANTENNA_1491/DIODE                      0.350000    0.428800   -0.078799 (VIOLATED)
ANTENNA_1494/DIODE                      0.350000    0.428800   -0.078800 (VIOLATED)
ANTENNA_1490/DIODE                      0.350000    0.428799   -0.078799 (VIOLATED)
ANTENNA_1489/DIODE                      0.350000    0.428795   -0.078795 (VIOLATED)
ANTENNA_1498/DIODE                      0.350000    0.428794   -0.078794 (VIOLATED)
ANTENNA_1496/DIODE                      0.350000    0.428794   -0.078794 (VIOLATED)
ANTENNA_1493/DIODE                      0.350000    0.428790   -0.078790 (VIOLATED)
max_cap606/X                            0.350000    0.428786   -0.078786 (VIOLATED)
ANTENNA_1721/DIODE                      0.350000    0.428725   -0.078725 (VIOLATED)
ANTENNA_1730/DIODE                      0.350000    0.428725   -0.078725 (VIOLATED)
ANTENNA_1728/DIODE                      0.350000    0.428725   -0.078725 (VIOLATED)
ANTENNA_1731/DIODE                      0.350000    0.428725   -0.078725 (VIOLATED)
ANTENNA_1726/DIODE                      0.350000    0.428724   -0.078724 (VIOLATED)
ANTENNA_1729/DIODE                      0.350000    0.428724   -0.078724 (VIOLATED)
ANTENNA_1724/DIODE                      0.350000    0.428724   -0.078724 (VIOLATED)
ANTENNA_1727/DIODE                      0.350000    0.428724   -0.078724 (VIOLATED)
ANTENNA_1723/DIODE                      0.350000    0.428723   -0.078723 (VIOLATED)
ANTENNA_1725/DIODE                      0.350000    0.428723   -0.078723 (VIOLATED)
ANTENNA_1722/DIODE                      0.350000    0.428723   -0.078723 (VIOLATED)
u_memory._212_/A1                       0.350000    0.428722   -0.078722 (VIOLATED)
ANTENNA_1157/DIODE                      0.350000    0.428709   -0.078709 (VIOLATED)
ANTENNA_1155/DIODE                      0.350000    0.428708   -0.078708 (VIOLATED)
ANTENNA_1156/DIODE                      0.350000    0.428698   -0.078698 (VIOLATED)
ANTENNA_1158/DIODE                      0.350000    0.428695   -0.078695 (VIOLATED)
u_memory.g_read[1].g_bank[3].g_slice[0].u_sram/addr[0]    0.350000    0.428649   -0.078649 (VIOLATED)
ANTENNA_1327/DIODE                      0.350000    0.428512   -0.078512 (VIOLATED)
ANTENNA_1325/DIODE                      0.350000    0.428512   -0.078511 (VIOLATED)
ANTENNA_1323/DIODE                      0.350000    0.428511   -0.078511 (VIOLATED)
ANTENNA_1322/DIODE                      0.350000    0.428511   -0.078511 (VIOLATED)
ANTENNA_1329/DIODE                      0.350000    0.428511   -0.078511 (VIOLATED)
ANTENNA_1328/DIODE                      0.350000    0.428511   -0.078511 (VIOLATED)
ANTENNA_1321/DIODE                      0.350000    0.428510   -0.078510 (VIOLATED)
ANTENNA_1320/DIODE                      0.350000    0.428503   -0.078503 (VIOLATED)
ANTENNA_1330/DIODE                      0.350000    0.428503   -0.078503 (VIOLATED)
ANTENNA_1326/DIODE                      0.350000    0.428501   -0.078501 (VIOLATED)
ANTENNA_1324/DIODE                      0.350000    0.428501   -0.078501 (VIOLATED)
ANTENNA_1907/DIODE                      0.350000    0.428407   -0.078407 (VIOLATED)
ANTENNA_1905/DIODE                      0.350000    0.428406   -0.078406 (VIOLATED)
ANTENNA_1899/DIODE                      0.350000    0.428406   -0.078406 (VIOLATED)
ANTENNA_1903/DIODE                      0.350000    0.428406   -0.078406 (VIOLATED)
ANTENNA_1898/DIODE                      0.350000    0.428406   -0.078406 (VIOLATED)
ANTENNA_1902/DIODE                      0.350000    0.428406   -0.078406 (VIOLATED)
ANTENNA_1897/DIODE                      0.350000    0.428403   -0.078403 (VIOLATED)
ANTENNA_1906/DIODE                      0.350000    0.428402   -0.078402 (VIOLATED)
ANTENNA_1904/DIODE                      0.350000    0.428402   -0.078402 (VIOLATED)
ANTENNA_1901/DIODE                      0.350000    0.428396   -0.078396 (VIOLATED)
ANTENNA_1900/DIODE                      0.350000    0.428395   -0.078395 (VIOLATED)
input8/X                                0.350000    0.428386   -0.078386 (VIOLATED)
output84/A                              0.350000    0.428385   -0.078385 (VIOLATED)
ANTENNA_2754/DIODE                      0.350000    0.428384   -0.078384 (VIOLATED)
_002_/Q                                 0.350000    0.428321   -0.078321 (VIOLATED)
u_memory.g_read[1].g_bank[2].g_slice[0].u_sram/addr[0]    0.350000    0.428219   -0.078219 (VIOLATED)
wire357/X                               0.350000    0.428154   -0.078154 (VIOLATED)
max_cap438/X                            0.350000    0.427987   -0.077987 (VIOLATED)
max_cap207/X                            0.350000    0.427872   -0.077872 (VIOLATED)
max_cap411/X                            0.350000    0.427848   -0.077848 (VIOLATED)
max_cap474/X                            0.350000    0.427819   -0.077819 (VIOLATED)
u_memory.g_read[0].g_bank[2].g_slice[0].u_sram/din[23]    0.350000    0.427765   -0.077765 (VIOLATED)
max_cap502/X                            0.350000    0.427614   -0.077614 (VIOLATED)
u_memory._214_/B1                       0.350000    0.427423   -0.077423 (VIOLATED)
u_memory._226_/B1                       0.350000    0.427385   -0.077385 (VIOLATED)
u_memory._239_/B1                       0.350000    0.427370   -0.077370 (VIOLATED)
wire275/X                               0.350000    0.427142   -0.077142 (VIOLATED)
u_memory._218_/A1                       0.350000    0.427127   -0.077127 (VIOLATED)
ANTENNA_1111/DIODE                      0.350000    0.427110   -0.077110 (VIOLATED)
ANTENNA_1109/DIODE                      0.350000    0.427109   -0.077109 (VIOLATED)
ANTENNA_1110/DIODE                      0.350000    0.427100   -0.077100 (VIOLATED)
ANTENNA_1112/DIODE                      0.350000    0.427097   -0.077096 (VIOLATED)
u_memory._251_/B1                       0.350000    0.427024   -0.077024 (VIOLATED)
ANTENNA_2328/DIODE                      0.350000    0.426968   -0.076968 (VIOLATED)
ANTENNA_2337/DIODE                      0.350000    0.426964   -0.076964 (VIOLATED)
ANTENNA_2336/DIODE                      0.350000    0.426964   -0.076964 (VIOLATED)
ANTENNA_2334/DIODE                      0.350000    0.426963   -0.076963 (VIOLATED)
ANTENNA_2333/DIODE                      0.350000    0.426963   -0.076963 (VIOLATED)
ANTENNA_2338/DIODE                      0.350000    0.426962   -0.076962 (VIOLATED)
ANTENNA_2332/DIODE                      0.350000    0.426962   -0.076962 (VIOLATED)
ANTENNA_2335/DIODE                      0.350000    0.426956   -0.076956 (VIOLATED)
ANTENNA_2331/DIODE                      0.350000    0.426956   -0.076956 (VIOLATED)
ANTENNA_2330/DIODE                      0.350000    0.426956   -0.076956 (VIOLATED)
ANTENNA_2329/DIODE                      0.350000    0.426955   -0.076955 (VIOLATED)
u_memory._197_/A1                       0.350000    0.426916   -0.076916 (VIOLATED)
u_memory._201_/B1                       0.350000    0.426680   -0.076680 (VIOLATED)
wire343/X                               0.350000    0.426542   -0.076542 (VIOLATED)
u_memory._200_/A1                       0.350000    0.426445   -0.076445 (VIOLATED)
max_cap571/X                            0.350000    0.426331   -0.076331 (VIOLATED)
u_memory._273_/B1                       0.350000    0.426239   -0.076239 (VIOLATED)
ANTENNA_98/DIODE                        0.350000    0.426230   -0.076230 (VIOLATED)
ANTENNA_100/DIODE                       0.350000    0.426230   -0.076230 (VIOLATED)
ANTENNA_97/DIODE                        0.350000    0.426227   -0.076227 (VIOLATED)
ANTENNA_99/DIODE                        0.350000    0.426209   -0.076209 (VIOLATED)
ANTENNA_2152/DIODE                      0.350000    0.425996   -0.075996 (VIOLATED)
ANTENNA_2160/DIODE                      0.350000    0.425992   -0.075992 (VIOLATED)
ANTENNA_2158/DIODE                      0.350000    0.425992   -0.075992 (VIOLATED)
ANTENNA_2153/DIODE                      0.350000    0.425992   -0.075992 (VIOLATED)
ANTENNA_2151/DIODE                      0.350000    0.425991   -0.075991 (VIOLATED)
ANTENNA_2150/DIODE                      0.350000    0.425990   -0.075990 (VIOLATED)
ANTENNA_2159/DIODE                      0.350000    0.425990   -0.075990 (VIOLATED)
ANTENNA_2157/DIODE                      0.350000    0.425990   -0.075990 (VIOLATED)
ANTENNA_2154/DIODE                      0.350000    0.425990   -0.075989 (VIOLATED)
ANTENNA_2156/DIODE                      0.350000    0.425989   -0.075989 (VIOLATED)
ANTENNA_2155/DIODE                      0.350000    0.425989   -0.075989 (VIOLATED)
ANTENNA_1819/DIODE                      0.350000    0.425843   -0.075843 (VIOLATED)
ANTENNA_1817/DIODE                      0.350000    0.425843   -0.075843 (VIOLATED)
ANTENNA_1815/DIODE                      0.350000    0.425842   -0.075842 (VIOLATED)
ANTENNA_1813/DIODE                      0.350000    0.425842   -0.075842 (VIOLATED)
ANTENNA_1811/DIODE                      0.350000    0.425842   -0.075842 (VIOLATED)
ANTENNA_1812/DIODE                      0.350000    0.425842   -0.075842 (VIOLATED)
ANTENNA_1810/DIODE                      0.350000    0.425841   -0.075841 (VIOLATED)
ANTENNA_1809/DIODE                      0.350000    0.425839   -0.075839 (VIOLATED)
ANTENNA_1818/DIODE                      0.350000    0.425839   -0.075838 (VIOLATED)
ANTENNA_1816/DIODE                      0.350000    0.425838   -0.075838 (VIOLATED)
ANTENNA_1814/DIODE                      0.350000    0.425838   -0.075838 (VIOLATED)
u_memory.g_read[1].g_bank[2].g_slice[0].u_sram/din[20]    0.350000    0.425688   -0.075688 (VIOLATED)
_066_/D                                 0.350000    0.425471   -0.075471 (VIOLATED)
u_memory._271_/X                        0.350000    0.425439   -0.075439 (VIOLATED)
input24/X                               0.350000    0.425418   -0.075418 (VIOLATED)
u_memory.g_read[1].g_bank[2].g_slice[0].u_sram/din[13]    0.350000    0.425409   -0.075409 (VIOLATED)
max_cap543/X                            0.350000    0.425377   -0.075377 (VIOLATED)
max_cap488/X                            0.350000    0.425058   -0.075058 (VIOLATED)
u_memory._233_/B1                       0.350000    0.424953   -0.074953 (VIOLATED)
ANTENNA_58/DIODE                        0.350000    0.424940   -0.074940 (VIOLATED)
ANTENNA_60/DIODE                        0.350000    0.424937   -0.074937 (VIOLATED)
ANTENNA_59/DIODE                        0.350000    0.424932   -0.074932 (VIOLATED)
ANTENNA_1364/DIODE                      0.350000    0.424912   -0.074912 (VIOLATED)
ANTENNA_1359/DIODE                      0.350000    0.424912   -0.074912 (VIOLATED)
ANTENNA_1361/DIODE                      0.350000    0.424912   -0.074912 (VIOLATED)
ANTENNA_1358/DIODE                      0.350000    0.424912   -0.074912 (VIOLATED)
ANTENNA_1360/DIODE                      0.350000    0.424912   -0.074912 (VIOLATED)
ANTENNA_1357/DIODE                      0.350000    0.424912   -0.074912 (VIOLATED)
ANTENNA_1356/DIODE                      0.350000    0.424911   -0.074911 (VIOLATED)
ANTENNA_1355/DIODE                      0.350000    0.424904   -0.074904 (VIOLATED)
ANTENNA_1363/DIODE                      0.350000    0.424904   -0.074904 (VIOLATED)
ANTENNA_1365/DIODE                      0.350000    0.424903   -0.074903 (VIOLATED)
ANTENNA_1362/DIODE                      0.350000    0.424903   -0.074903 (VIOLATED)
u_memory._378_/B1                       0.350000    0.424776   -0.074776 (VIOLATED)
ANTENNA_184/DIODE                       0.350000    0.424774   -0.074774 (VIOLATED)
ANTENNA_186/DIODE                       0.350000    0.424770   -0.074770 (VIOLATED)
ANTENNA_185/DIODE                       0.350000    0.424765   -0.074765 (VIOLATED)
ANTENNA_187/DIODE                       0.350000    0.424763   -0.074763 (VIOLATED)
ANTENNA_1283/DIODE                      0.350000    0.424735   -0.074735 (VIOLATED)
ANTENNA_1282/DIODE                      0.350000    0.424735   -0.074735 (VIOLATED)
ANTENNA_1281/DIODE                      0.350000    0.424735   -0.074735 (VIOLATED)
ANTENNA_1279/DIODE                      0.350000    0.424734   -0.074734 (VIOLATED)
ANTENNA_1280/DIODE                      0.350000    0.424733   -0.074733 (VIOLATED)
ANTENNA_1278/DIODE                      0.350000    0.424733   -0.074733 (VIOLATED)
ANTENNA_1286/DIODE                      0.350000    0.424732   -0.074732 (VIOLATED)
ANTENNA_1284/DIODE                      0.350000    0.424732   -0.074732 (VIOLATED)
ANTENNA_1285/DIODE                      0.350000    0.424732   -0.074732 (VIOLATED)
ANTENNA_1277/DIODE                      0.350000    0.424731   -0.074731 (VIOLATED)
ANTENNA_1276/DIODE                      0.350000    0.424726   -0.074726 (VIOLATED)
ANTENNA_414/DIODE                       0.350000    0.424718   -0.074718 (VIOLATED)
ANTENNA_2758/DIODE                      0.350000    0.424715   -0.074715 (VIOLATED)
ANTENNA_2737/DIODE                      0.350000    0.424712   -0.074712 (VIOLATED)
u_memory._231_/X                        0.350000    0.424485   -0.074485 (VIOLATED)
u_memory._370_/C                        0.350000    0.424280   -0.074280 (VIOLATED)
u_memory._376_/X                        0.350000    0.424279   -0.074279 (VIOLATED)
ANTENNA_672/DIODE                       0.350000    0.424276   -0.074276 (VIOLATED)
ANTENNA_670/DIODE                       0.350000    0.424274   -0.074274 (VIOLATED)
ANTENNA_671/DIODE                       0.350000    0.424271   -0.074271 (VIOLATED)
u_memory._189_/A1                       0.350000    0.424265   -0.074265 (VIOLATED)
max_cap417/X                            0.350000    0.424128   -0.074128 (VIOLATED)
max_cap404/X                            0.350000    0.424104   -0.074104 (VIOLATED)
u_memory._333_/B1                       0.350000    0.424101   -0.074101 (VIOLATED)
ANTENNA_138/DIODE                       0.350000    0.424097   -0.074097 (VIOLATED)
ANTENNA_136/DIODE                       0.350000    0.424095   -0.074095 (VIOLATED)
ANTENNA_137/DIODE                       0.350000    0.424093   -0.074093 (VIOLATED)
u_memory._224_/B1                       0.350000    0.424075   -0.074075 (VIOLATED)
ANTENNA_51/DIODE                        0.350000    0.424063   -0.074063 (VIOLATED)
ANTENNA_49/DIODE                        0.350000    0.424062   -0.074062 (VIOLATED)
ANTENNA_50/DIODE                        0.350000    0.424059   -0.074059 (VIOLATED)
u_memory._359_/A2                       0.350000    0.424003   -0.074003 (VIOLATED)
ANTENNA_745/DIODE                       0.350000    0.423996   -0.073996 (VIOLATED)
ANTENNA_743/DIODE                       0.350000    0.423995   -0.073995 (VIOLATED)
ANTENNA_744/DIODE                       0.350000    0.423992   -0.073992 (VIOLATED)
ANTENNA_746/DIODE                       0.350000    0.423990   -0.073990 (VIOLATED)
u_memory._331_/X                        0.350000    0.423633   -0.073633 (VIOLATED)
u_memory._299_/B1                       0.350000    0.423622   -0.073622 (VIOLATED)
u_memory._222_/X                        0.350000    0.423620   -0.073620 (VIOLATED)
u_memory._287_/B1                       0.350000    0.423536   -0.073536 (VIOLATED)
wire227/X                               0.350000    0.423522   -0.073522 (VIOLATED)
u_memory._275_/B1                       0.350000    0.423492   -0.073492 (VIOLATED)
u_memory._192_/B1                       0.350000    0.423439   -0.073439 (VIOLATED)
ANTENNA_183/DIODE                       0.350000    0.423392   -0.073392 (VIOLATED)
u_memory._375_/B1                       0.350000    0.423390   -0.073390 (VIOLATED)
ANTENNA_181/DIODE                       0.350000    0.423389   -0.073389 (VIOLATED)
u_memory._236_/B1                       0.350000    0.423380   -0.073380 (VIOLATED)
ANTENNA_182/DIODE                       0.350000    0.423373   -0.073373 (VIOLATED)
output89/A                              0.350000    0.423290   -0.073290 (VIOLATED)
wire188/X                               0.350000    0.423287   -0.073287 (VIOLATED)
wire250/X                               0.350000    0.423276   -0.073276 (VIOLATED)
ANTENNA_870/DIODE                       0.350000    0.423109   -0.073109 (VIOLATED)
ANTENNA_871/DIODE                       0.350000    0.423108   -0.073108 (VIOLATED)
ANTENNA_869/DIODE                       0.350000    0.423106   -0.073106 (VIOLATED)
u_memory._357_/A1                       0.350000    0.423105   -0.073105 (VIOLATED)
u_memory._373_/X                        0.350000    0.422943   -0.072943 (VIOLATED)
u_memory._271_/C                        0.350000    0.422939   -0.072939 (VIOLATED)
ANTENNA_952/DIODE                       0.350000    0.422935   -0.072935 (VIOLATED)
ANTENNA_950/DIODE                       0.350000    0.422934   -0.072934 (VIOLATED)
ANTENNA_951/DIODE                       0.350000    0.422931   -0.072931 (VIOLATED)
ANTENNA_953/DIODE                       0.350000    0.422929   -0.072930 (VIOLATED)
max_cap380/A                            0.350000    0.422922   -0.072922 (VIOLATED)
u_memory.g_read[1].g_bank[2].g_slice[0].u_sram/din[21]    0.350000    0.422805   -0.072805 (VIOLATED)
hold145/X                               0.350000    0.422727   -0.072727 (VIOLATED)
_025_/Q                                 0.350000    0.422723   -0.072723 (VIOLATED)
wire6/X                                 0.350000    0.422652   -0.072652 (VIOLATED)
_084_/D                                 0.350000    0.422552   -0.072552 (VIOLATED)
wire283/X                               0.350000    0.422551   -0.072551 (VIOLATED)
input9/X                                0.350000    0.422403   -0.072403 (VIOLATED)
wire302/X                               0.350000    0.422387   -0.072387 (VIOLATED)
u_memory._357_/B1                       0.350000    0.422381   -0.072381 (VIOLATED)
ANTENNA_161/DIODE                       0.350000    0.422375   -0.072375 (VIOLATED)
ANTENNA_162/DIODE                       0.350000    0.422366   -0.072366 (VIOLATED)
ANTENNA_163/DIODE                       0.350000    0.422364   -0.072364 (VIOLATED)
u_memory._181_/B                        0.350000    0.421963   -0.071963 (VIOLATED)
u_memory._190_/B                        0.350000    0.421960   -0.071960 (VIOLATED)
hold12/X                                0.350000    0.421915   -0.071915 (VIOLATED)
u_memory.g_read[0].g_bank[2].g_slice[0].u_sram/din[30]    0.350000    0.421902   -0.071902 (VIOLATED)
u_memory.g_read[0].g_bank[2].g_slice[0].u_sram/din[3]    0.350000    0.421828   -0.071828 (VIOLATED)
u_memory._227_/B1                       0.350000    0.421801   -0.071801 (VIOLATED)
ANTENNA_54/DIODE                        0.350000    0.421790   -0.071790 (VIOLATED)
ANTENNA_52/DIODE                        0.350000    0.421788   -0.071788 (VIOLATED)
ANTENNA_53/DIODE                        0.350000    0.421785   -0.071785 (VIOLATED)
u_memory._355_/X                        0.350000    0.421557   -0.071557 (VIOLATED)
u_memory._351_/B1                       0.350000    0.421459   -0.071459 (VIOLATED)
ANTENNA_156/DIODE                       0.350000    0.421457   -0.071457 (VIOLATED)
ANTENNA_154/DIODE                       0.350000    0.421455   -0.071455 (VIOLATED)
ANTENNA_155/DIODE                       0.350000    0.421450   -0.071450 (VIOLATED)
ANTENNA_157/DIODE                       0.350000    0.421448   -0.071448 (VIOLATED)
u_memory._224_/A1                       0.350000    0.421212   -0.071212 (VIOLATED)
ANTENNA_1103/DIODE                      0.350000    0.421197   -0.071197 (VIOLATED)
ANTENNA_1101/DIODE                      0.350000    0.421196   -0.071196 (VIOLATED)
ANTENNA_1102/DIODE                      0.350000    0.421185   -0.071185 (VIOLATED)
ANTENNA_1104/DIODE                      0.350000    0.421182   -0.071182 (VIOLATED)
ANTENNA_209/DIODE                       0.350000    0.421165   -0.071165 (VIOLATED)
_086_/D                                 0.350000    0.421163   -0.071163 (VIOLATED)
u_memory._225_/X                        0.350000    0.421045   -0.071045 (VIOLATED)
u_memory._251_/B2                       0.350000    0.420988   -0.070988 (VIOLATED)
ANTENNA_1063/DIODE                      0.350000    0.420987   -0.070987 (VIOLATED)
ANTENNA_1061/DIODE                      0.350000    0.420986   -0.070986 (VIOLATED)
ANTENNA_1062/DIODE                      0.350000    0.420986   -0.070985 (VIOLATED)
ANTENNA_1064/DIODE                      0.350000    0.420982   -0.070982 (VIOLATED)
_099_/D                                 0.350000    0.420932   -0.070932 (VIOLATED)
ANTENNA_213/DIODE                       0.350000    0.420931   -0.070931 (VIOLATED)
input27/X                               0.350000    0.420899   -0.070899 (VIOLATED)
u_memory._349_/X                        0.350000    0.420779   -0.070779 (VIOLATED)
input11/X                               0.350000    0.420722   -0.070722 (VIOLATED)
wire341/X                               0.350000    0.420678   -0.070678 (VIOLATED)
u_memory.g_read[1].g_bank[2].g_slice[0].u_sram/din[31]    0.350000    0.420624   -0.070624 (VIOLATED)
u_memory._258_/B1                       0.350000    0.420584   -0.070584 (VIOLATED)
ANTENNA_85/DIODE                        0.350000    0.420581   -0.070581 (VIOLATED)
ANTENNA_84/DIODE                        0.350000    0.420580   -0.070580 (VIOLATED)
ANTENNA_86/DIODE                        0.350000    0.420576   -0.070576 (VIOLATED)
max_cap544/A                            0.350000    0.420550   -0.070550 (VIOLATED)
u_memory._411_/B1                       0.350000    0.420418   -0.070418 (VIOLATED)
ANTENNA_201/DIODE                       0.350000    0.420416   -0.070416 (VIOLATED)
wire331/X                               0.350000    0.420412   -0.070412 (VIOLATED)
ANTENNA_731/DIODE                       0.350000    0.420255   -0.070255 (VIOLATED)
ANTENNA_729/DIODE                       0.350000    0.420253   -0.070253 (VIOLATED)
u_memory._374_/A2                       0.350000    0.420251   -0.070251 (VIOLATED)
ANTENNA_732/DIODE                       0.350000    0.420241   -0.070241 (VIOLATED)
ANTENNA_730/DIODE                       0.350000    0.420241   -0.070241 (VIOLATED)
u_memory._256_/X                        0.350000    0.420161   -0.070161 (VIOLATED)
ANTENNA_202/DIODE                       0.350000    0.420112   -0.070112 (VIOLATED)
u_memory._409_/X                        0.350000    0.420059   -0.070059 (VIOLATED)
wire245/X                               0.350000    0.419673   -0.069673 (VIOLATED)
max_cap545/X                            0.350000    0.419664   -0.069664 (VIOLATED)
u_memory._300_/A1                       0.350000    0.418959   -0.068959 (VIOLATED)
u_memory.g_read[1].g_bank[2].g_slice[0].u_sram/din[17]    0.350000    0.418823   -0.068823 (VIOLATED)
u_memory._355_/C                        0.350000    0.418749   -0.068749 (VIOLATED)
ANTENNA_688/DIODE                       0.350000    0.418747   -0.068747 (VIOLATED)
ANTENNA_686/DIODE                       0.350000    0.418743   -0.068743 (VIOLATED)
ANTENNA_689/DIODE                       0.350000    0.418737   -0.068737 (VIOLATED)
ANTENNA_687/DIODE                       0.350000    0.418737   -0.068737 (VIOLATED)
u_memory._192_/A1                       0.350000    0.418622   -0.068622 (VIOLATED)
u_memory._188_/A_N                      0.350000    0.418513   -0.068513 (VIOLATED)
wire345/X                               0.350000    0.418394   -0.068394 (VIOLATED)
hold21/X                                0.350000    0.418349   -0.068349 (VIOLATED)
wire232/X                               0.350000    0.417997   -0.067997 (VIOLATED)
u_memory._369_/A1                       0.350000    0.417801   -0.067801 (VIOLATED)
ANTENNA_856/DIODE                       0.350000    0.417801   -0.067801 (VIOLATED)
ANTENNA_854/DIODE                       0.350000    0.417800   -0.067800 (VIOLATED)
ANTENNA_855/DIODE                       0.350000    0.417791   -0.067791 (VIOLATED)
ANTENNA_857/DIODE                       0.350000    0.417788   -0.067788 (VIOLATED)
wire149/X                               0.350000    0.417659   -0.067659 (VIOLATED)
u_memory._366_/B1                       0.350000    0.417488   -0.067488 (VIOLATED)
ANTENNA_174/DIODE                       0.350000    0.417484   -0.067484 (VIOLATED)
ANTENNA_172/DIODE                       0.350000    0.417483   -0.067483 (VIOLATED)
ANTENNA_173/DIODE                       0.350000    0.417480   -0.067480 (VIOLATED)
wire279/X                               0.350000    0.417279   -0.067279 (VIOLATED)
u_memory._364_/X                        0.350000    0.417100   -0.067100 (VIOLATED)
_043_/D                                 0.350000    0.417100   -0.067100 (VIOLATED)
u_memory.g_read[0].g_bank[2].g_slice[0].u_sram/din[15]    0.350000    0.417088   -0.067088 (VIOLATED)
max_cap614/A                            0.350000    0.417073   -0.067073 (VIOLATED)
u_memory._357_/X                        0.350000    0.417071   -0.067071 (VIOLATED)
_077_/D                                 0.350000    0.416703   -0.066703 (VIOLATED)
ANTENNA_208/DIODE                       0.350000    0.416695   -0.066695 (VIOLATED)
hold178/A                               0.350000    0.416581   -0.066581 (VIOLATED)
ANTENNA_1752/DIODE                      0.350000    0.416498   -0.066498 (VIOLATED)
ANTENNA_1753/DIODE                      0.350000    0.416497   -0.066497 (VIOLATED)
ANTENNA_868/DIODE                       0.350000    0.416494   -0.066494 (VIOLATED)
ANTENNA_866/DIODE                       0.350000    0.416493   -0.066493 (VIOLATED)
u_memory._360_/A1                       0.350000    0.416492   -0.066492 (VIOLATED)
ANTENNA_865/DIODE                       0.350000    0.416480   -0.066480 (VIOLATED)
ANTENNA_867/DIODE                       0.350000    0.416478   -0.066478 (VIOLATED)
ANTENNA_1744/DIODE                      0.350000    0.416459   -0.066459 (VIOLATED)
ANTENNA_1746/DIODE                      0.350000    0.416457   -0.066457 (VIOLATED)
ANTENNA_1748/DIODE                      0.350000    0.416455   -0.066455 (VIOLATED)
u_memory._184_/B1                       0.350000    0.416418   -0.066418 (VIOLATED)
u_memory.g_read[0].g_bank[2].g_slice[0].u_sram/din[19]    0.350000    0.416395   -0.066395 (VIOLATED)
ANTENNA_1743/DIODE                      0.350000    0.416383   -0.066383 (VIOLATED)
ANTENNA_1745/DIODE                      0.350000    0.416380   -0.066380 (VIOLATED)
ANTENNA_1747/DIODE                      0.350000    0.416377   -0.066377 (VIOLATED)
ANTENNA_1749/DIODE                      0.350000    0.416374   -0.066374 (VIOLATED)
ANTENNA_1751/DIODE                      0.350000    0.416373   -0.066373 (VIOLATED)
ANTENNA_1750/DIODE                      0.350000    0.416373   -0.066373 (VIOLATED)
u_memory._184_/A1                       0.350000    0.416328   -0.066328 (VIOLATED)
max_cap615/X                            0.350000    0.416247   -0.066247 (VIOLATED)
fanout169/X                             0.350000    0.416057   -0.066057 (VIOLATED)
wire148/X                               0.350000    0.415949   -0.065949 (VIOLATED)
input2/X                                0.350000    0.415947   -0.065947 (VIOLATED)
wire282/X                               0.350000    0.415942   -0.065942 (VIOLATED)
max_cap523/A                            0.350000    0.415755   -0.065755 (VIOLATED)
max_cap164/X                            0.350000    0.415692   -0.065692 (VIOLATED)
max_cap478/X                            0.350000    0.415627   -0.065627 (VIOLATED)
u_memory._340_/C                        0.350000    0.415502   -0.065502 (VIOLATED)
ANTENNA_609/DIODE                       0.350000    0.415498   -0.065498 (VIOLATED)
ANTENNA_607/DIODE                       0.350000    0.415496   -0.065496 (VIOLATED)
ANTENNA_608/DIODE                       0.350000    0.415482   -0.065482 (VIOLATED)
ANTENNA_610/DIODE                       0.350000    0.415470   -0.065470 (VIOLATED)
u_memory._314_/A0                       0.350000    0.415310   -0.065310 (VIOLATED)
u_memory._283_/C                        0.350000    0.415310   -0.065310 (VIOLATED)
ANTENNA_937/DIODE                       0.350000    0.415305   -0.065305 (VIOLATED)
ANTENNA_935/DIODE                       0.350000    0.415305   -0.065305 (VIOLATED)
ANTENNA_936/DIODE                       0.350000    0.415301   -0.065301 (VIOLATED)
ANTENNA_938/DIODE                       0.350000    0.415299   -0.065299 (VIOLATED)
u_memory._397_/C                        0.350000    0.415138   -0.065138 (VIOLATED)
ANTENNA_641/DIODE                       0.350000    0.415136   -0.065136 (VIOLATED)
ANTENNA_643/DIODE                       0.350000    0.415136   -0.065136 (VIOLATED)
ANTENNA_642/DIODE                       0.350000    0.415107   -0.065107 (VIOLATED)
ANTENNA_644/DIODE                       0.350000    0.415100   -0.065100 (VIOLATED)
max_cap524/X                            0.350000    0.414986   -0.064985 (VIOLATED)
wire212/X                               0.350000    0.414919   -0.064919 (VIOLATED)
wire298/X                               0.350000    0.414632   -0.064632 (VIOLATED)
u_memory._261_/A1                       0.350000    0.414494   -0.064494 (VIOLATED)
ANTENNA_1166/DIODE                      0.350000    0.414479   -0.064479 (VIOLATED)
u_memory._193_/X                        0.350000    0.414479   -0.064479 (VIOLATED)
ANTENNA_1164/DIODE                      0.350000    0.414478   -0.064478 (VIOLATED)
ANTENNA_1163/DIODE                      0.350000    0.414465   -0.064465 (VIOLATED)
ANTENNA_1165/DIODE                      0.350000    0.414462   -0.064462 (VIOLATED)
wire219/X                               0.350000    0.414376   -0.064376 (VIOLATED)
u_memory.g_read[0].g_bank[1].g_slice[0].u_sram/din[22]    0.350000    0.414370   -0.064370 (VIOLATED)
output133/A                             0.350000    0.414195   -0.064195 (VIOLATED)
ANTENNA_2757/DIODE                      0.350000    0.414194   -0.064194 (VIOLATED)
_007_/Q                                 0.350000    0.414153   -0.064153 (VIOLATED)
u_memory._390_/B1                       0.350000    0.414099   -0.064099 (VIOLATED)
u_memory._389_/X                        0.350000    0.414065   -0.064065 (VIOLATED)
wire360/X                               0.350000    0.413915   -0.063915 (VIOLATED)
wire391/A                               0.350000    0.413891   -0.063891 (VIOLATED)
max_cap396/A                            0.350000    0.413873   -0.063873 (VIOLATED)
u_memory._399_/B1                       0.350000    0.413844   -0.063844 (VIOLATED)
u_memory._365_/A2                       0.350000    0.413707   -0.063707 (VIOLATED)
ANTENNA_739/DIODE                       0.350000    0.413690   -0.063690 (VIOLATED)
ANTENNA_737/DIODE                       0.350000    0.413689   -0.063689 (VIOLATED)
ANTENNA_738/DIODE                       0.350000    0.413685   -0.063685 (VIOLATED)
ANTENNA_219/DIODE                       0.350000    0.413620   -0.063620 (VIOLATED)
_115_/D                                 0.350000    0.413619   -0.063619 (VIOLATED)
u_memory._237_/A1                       0.350000    0.413593   -0.063593 (VIOLATED)
input43/X                               0.350000    0.413592   -0.063592 (VIOLATED)
u_memory._397_/X                        0.350000    0.413585   -0.063585 (VIOLATED)
ANTENNA_1085/DIODE                      0.350000    0.413567   -0.063567 (VIOLATED)
ANTENNA_1088/DIODE                      0.350000    0.413557   -0.063557 (VIOLATED)
ANTENNA_1086/DIODE                      0.350000    0.413556   -0.063556 (VIOLATED)
ANTENNA_1087/DIODE                      0.350000    0.413540   -0.063540 (VIOLATED)
hold131/X                               0.350000    0.413468   -0.063468 (VIOLATED)
ANTENNA_2175/DIODE                      0.350000    0.413314   -0.063314 (VIOLATED)
ANTENNA_2181/DIODE                      0.350000    0.413309   -0.063309 (VIOLATED)
ANTENNA_2179/DIODE                      0.350000    0.413309   -0.063309 (VIOLATED)
ANTENNA_2177/DIODE                      0.350000    0.413309   -0.063309 (VIOLATED)
ANTENNA_2174/DIODE                      0.350000    0.413308   -0.063308 (VIOLATED)
ANTENNA_2176/DIODE                      0.350000    0.413308   -0.063308 (VIOLATED)
ANTENNA_2173/DIODE                      0.350000    0.413308   -0.063308 (VIOLATED)
ANTENNA_2172/DIODE                      0.350000    0.413304   -0.063304 (VIOLATED)
ANTENNA_2182/DIODE                      0.350000    0.413289   -0.063289 (VIOLATED)
ANTENNA_2180/DIODE                      0.350000    0.413289   -0.063289 (VIOLATED)
ANTENNA_2178/DIODE                      0.350000    0.413289   -0.063289 (VIOLATED)
hold180/X                               0.350000    0.413245   -0.063245 (VIOLATED)
u_memory.g_read[1].g_bank[1].g_slice[0].u_sram/din[19]    0.350000    0.413159   -0.063159 (VIOLATED)
max_cap621/A                            0.350000    0.413109   -0.063109 (VIOLATED)
wire248/X                               0.350000    0.413094   -0.063094 (VIOLATED)
wire337/X                               0.350000    0.412979   -0.062979 (VIOLATED)
output74/A                              0.350000    0.412728   -0.062728 (VIOLATED)
_011_/Q                                 0.350000    0.412678   -0.062678 (VIOLATED)
max_cap546/X                            0.350000    0.412645   -0.062645 (VIOLATED)
ANTENNA_2670/DIODE                      0.350000    0.412450   -0.062450 (VIOLATED)
ANTENNA_2669/DIODE                      0.350000    0.412450   -0.062450 (VIOLATED)
ANTENNA_2666/DIODE                      0.350000    0.412450   -0.062450 (VIOLATED)
ANTENNA_2663/DIODE                      0.350000    0.412449   -0.062449 (VIOLATED)
ANTENNA_2660/DIODE                      0.350000    0.412449   -0.062449 (VIOLATED)
ANTENNA_2668/DIODE                      0.350000    0.412432   -0.062432 (VIOLATED)
ANTENNA_2665/DIODE                      0.350000    0.412431   -0.062431 (VIOLATED)
ANTENNA_2662/DIODE                      0.350000    0.412431   -0.062431 (VIOLATED)
ANTENNA_2661/DIODE                      0.350000    0.412430   -0.062430 (VIOLATED)
max_cap622/X                            0.350000    0.412419   -0.062419 (VIOLATED)
u_memory.g_read[0].g_bank[2].g_slice[0].u_sram/din[16]    0.350000    0.412412   -0.062412 (VIOLATED)
ANTENNA_2667/DIODE                      0.350000    0.412411   -0.062411 (VIOLATED)
ANTENNA_2664/DIODE                      0.350000    0.412410   -0.062410 (VIOLATED)
u_memory.g_read[1].g_bank[2].g_slice[0].u_sram/din[22]    0.350000    0.412380   -0.062380 (VIOLATED)
u_memory._194_/B                        0.350000    0.412345   -0.062345 (VIOLATED)
hold8/A                                 0.350000    0.412306   -0.062306 (VIOLATED)
hold222/X                               0.350000    0.412301   -0.062301 (VIOLATED)
u_memory._303_/B1                       0.350000    0.412087   -0.062087 (VIOLATED)
ANTENNA_129/DIODE                       0.350000    0.412083   -0.062083 (VIOLATED)
ANTENNA_127/DIODE                       0.350000    0.412082   -0.062082 (VIOLATED)
ANTENNA_128/DIODE                       0.350000    0.412080   -0.062080 (VIOLATED)
u_memory.g_read[1].g_bank[1].g_slice[0].u_sram/din[25]    0.350000    0.411854   -0.061854 (VIOLATED)
u_memory._305_/A1                       0.350000    0.411823   -0.061823 (VIOLATED)
u_memory._346_/C                        0.350000    0.411780   -0.061780 (VIOLATED)
ANTENNA_602/DIODE                       0.350000    0.411778   -0.061778 (VIOLATED)
ANTENNA_600/DIODE                       0.350000    0.411777   -0.061777 (VIOLATED)
ANTENNA_599/DIODE                       0.350000    0.411776   -0.061776 (VIOLATED)
ANTENNA_601/DIODE                       0.350000    0.411756   -0.061756 (VIOLATED)
max_cap623/X                            0.350000    0.411752   -0.061752 (VIOLATED)
u_memory._301_/X                        0.350000    0.411674   -0.061674 (VIOLATED)
hold173/X                               0.350000    0.411645   -0.061645 (VIOLATED)
ANTENNA_2311/DIODE                      0.350000    0.411550   -0.061550 (VIOLATED)
ANTENNA_2314/DIODE                      0.350000    0.411518   -0.061518 (VIOLATED)
ANTENNA_2312/DIODE                      0.350000    0.411518   -0.061518 (VIOLATED)
ANTENNA_2309/DIODE                      0.350000    0.411517   -0.061517 (VIOLATED)
ANTENNA_2308/DIODE                      0.350000    0.411517   -0.061517 (VIOLATED)
ANTENNA_2306/DIODE                      0.350000    0.411513   -0.061513 (VIOLATED)
ANTENNA_2307/DIODE                      0.350000    0.411510   -0.061510 (VIOLATED)
ANTENNA_2316/DIODE                      0.350000    0.411470   -0.061470 (VIOLATED)
ANTENNA_2310/DIODE                      0.350000    0.411470   -0.061470 (VIOLATED)
ANTENNA_2315/DIODE                      0.350000    0.411470   -0.061470 (VIOLATED)
ANTENNA_2313/DIODE                      0.350000    0.411470   -0.061470 (VIOLATED)
ANTENNA_1596/DIODE                      0.350000    0.411314   -0.061314 (VIOLATED)
ANTENNA_1595/DIODE                      0.350000    0.411314   -0.061314 (VIOLATED)
ANTENNA_1594/DIODE                      0.350000    0.411313   -0.061313 (VIOLATED)
ANTENNA_1597/DIODE                      0.350000    0.411313   -0.061313 (VIOLATED)
ANTENNA_1593/DIODE                      0.350000    0.411313   -0.061313 (VIOLATED)
ANTENNA_1592/DIODE                      0.350000    0.411313   -0.061313 (VIOLATED)
ANTENNA_1589/DIODE                      0.350000    0.411309   -0.061309 (VIOLATED)
ANTENNA_1599/DIODE                      0.350000    0.411309   -0.061309 (VIOLATED)
ANTENNA_1598/DIODE                      0.350000    0.411309   -0.061309 (VIOLATED)
ANTENNA_1591/DIODE                      0.350000    0.411305   -0.061305 (VIOLATED)
ANTENNA_1590/DIODE                      0.350000    0.411304   -0.061304 (VIOLATED)
wire210/X                               0.350000    0.411231   -0.061231 (VIOLATED)
u_memory._417_/A1                       0.350000    0.411118   -0.061118 (VIOLATED)
u_memory.g_read[1].g_bank[2].g_slice[0].u_sram/din[28]    0.350000    0.410965   -0.060965 (VIOLATED)
max_cap567/X                            0.350000    0.410830   -0.060830 (VIOLATED)
u_memory._268_/C                        0.350000    0.410703   -0.060703 (VIOLATED)
ANTENNA_956/DIODE                       0.350000    0.410699   -0.060699 (VIOLATED)
ANTENNA_954/DIODE                       0.350000    0.410698   -0.060698 (VIOLATED)
ANTENNA_955/DIODE                       0.350000    0.410695   -0.060695 (VIOLATED)
ANTENNA_957/DIODE                       0.350000    0.410693   -0.060693 (VIOLATED)
max_cap454/X                            0.350000    0.410570   -0.060570 (VIOLATED)
wire303/X                               0.350000    0.410183   -0.060183 (VIOLATED)
u_memory.g_read[0].g_bank[1].g_slice[0].u_sram/din[3]    0.350000    0.410161   -0.060161 (VIOLATED)
wire261/X                               0.350000    0.410066   -0.060066 (VIOLATED)
u_memory.g_read[1].g_bank[1].g_slice[0].u_sram/din[11]    0.350000    0.409655   -0.059655 (VIOLATED)
u_memory.g_read[0].g_bank[2].g_slice[0].u_sram/addr[1]    0.350000    0.409587   -0.059587 (VIOLATED)
u_memory.g_read[0].g_bank[3].g_slice[0].u_sram/addr[1]    0.350000    0.409457   -0.059457 (VIOLATED)
u_memory.g_read[1].g_bank[2].g_slice[0].u_sram/din[11]    0.350000    0.409438   -0.059438 (VIOLATED)
u_memory._244_/C                        0.350000    0.408806   -0.058806 (VIOLATED)
ANTENNA_987/DIODE                       0.350000    0.408804   -0.058804 (VIOLATED)
ANTENNA_989/DIODE                       0.350000    0.408804   -0.058804 (VIOLATED)
ANTENNA_986/DIODE                       0.350000    0.408803   -0.058803 (VIOLATED)
ANTENNA_988/DIODE                       0.350000    0.408776   -0.058776 (VIOLATED)
max_cap145/A                            0.350000    0.408230   -0.058230 (VIOLATED)
u_memory.g_read[1].g_bank[2].g_slice[0].u_sram/din[14]    0.350000    0.408117   -0.058117 (VIOLATED)
wire311/X                               0.350000    0.408084   -0.058084 (VIOLATED)
u_memory._396_/B1                       0.350000    0.407783   -0.057783 (VIOLATED)
u_memory._391_/C                        0.350000    0.407346   -0.057346 (VIOLATED)
ANTENNA_647/DIODE                       0.350000    0.407343   -0.057343 (VIOLATED)
ANTENNA_645/DIODE                       0.350000    0.407342   -0.057342 (VIOLATED)
ANTENNA_646/DIODE                       0.350000    0.407325   -0.057325 (VIOLATED)
ANTENNA_648/DIODE                       0.350000    0.407308   -0.057308 (VIOLATED)
ANTENNA_2714/DIODE                      0.350000    0.407141   -0.057141 (VIOLATED)
wire172/X                               0.350000    0.407115   -0.057115 (VIOLATED)
hold200/X                               0.350000    0.407111   -0.057111 (VIOLATED)
ANTENNA_2717/DIODE                      0.350000    0.406992   -0.056992 (VIOLATED)
max_cap593/A                            0.350000    0.406921   -0.056921 (VIOLATED)
u_memory._274_/C                        0.350000    0.406858   -0.056858 (VIOLATED)
ANTENNA_946/DIODE                       0.350000    0.406855   -0.056855 (VIOLATED)
ANTENNA_949/DIODE                       0.350000    0.406854   -0.056854 (VIOLATED)
ANTENNA_947/DIODE                       0.350000    0.406853   -0.056853 (VIOLATED)
ANTENNA_948/DIODE                       0.350000    0.406838   -0.056838 (VIOLATED)
wire220/X                               0.350000    0.406650   -0.056650 (VIOLATED)
u_memory._345_/B1                       0.350000    0.406451   -0.056451 (VIOLATED)
ANTENNA_149/DIODE                       0.350000    0.406449   -0.056449 (VIOLATED)
ANTENNA_148/DIODE                       0.350000    0.406438   -0.056438 (VIOLATED)
ANTENNA_150/DIODE                       0.350000    0.406430   -0.056430 (VIOLATED)
ANTENNA_1798/DIODE                      0.350000    0.406405   -0.056405 (VIOLATED)
ANTENNA_1807/DIODE                      0.350000    0.406404   -0.056404 (VIOLATED)
ANTENNA_1803/DIODE                      0.350000    0.406404   -0.056404 (VIOLATED)
ANTENNA_1805/DIODE                      0.350000    0.406404   -0.056404 (VIOLATED)
ANTENNA_1804/DIODE                      0.350000    0.406404   -0.056404 (VIOLATED)
ANTENNA_1808/DIODE                      0.350000    0.406387   -0.056387 (VIOLATED)
ANTENNA_1806/DIODE                      0.350000    0.406386   -0.056386 (VIOLATED)
ANTENNA_1802/DIODE                      0.350000    0.406386   -0.056386 (VIOLATED)
ANTENNA_1801/DIODE                      0.350000    0.406386   -0.056386 (VIOLATED)
ANTENNA_1800/DIODE                      0.350000    0.406385   -0.056385 (VIOLATED)
ANTENNA_1799/DIODE                      0.350000    0.406384   -0.056384 (VIOLATED)
max_cap594/X                            0.350000    0.406149   -0.056149 (VIOLATED)
wire301/X                               0.350000    0.406085   -0.056085 (VIOLATED)
u_memory._243_/B1                       0.350000    0.406084   -0.056084 (VIOLATED)
ANTENNA_69/DIODE                        0.350000    0.406074   -0.056074 (VIOLATED)
ANTENNA_68/DIODE                        0.350000    0.406072   -0.056072 (VIOLATED)
u_memory._343_/X                        0.350000    0.406070   -0.056070 (VIOLATED)
ANTENNA_70/DIODE                        0.350000    0.406067   -0.056067 (VIOLATED)
u_memory.g_read[0].g_bank[0].g_slice[0].u_sram/addr[0]    0.350000    0.406007   -0.056007 (VIOLATED)
u_memory._330_/A1                       0.350000    0.405720   -0.055720 (VIOLATED)
ANTENNA_831/DIODE                       0.350000    0.405712   -0.055712 (VIOLATED)
ANTENNA_830/DIODE                       0.350000    0.405711   -0.055711 (VIOLATED)
ANTENNA_829/DIODE                       0.350000    0.405711   -0.055711 (VIOLATED)
u_memory._265_/C                        0.350000    0.405705   -0.055705 (VIOLATED)
ANTENNA_964/DIODE                       0.350000    0.405700   -0.055700 (VIOLATED)
ANTENNA_962/DIODE                       0.350000    0.405698   -0.055698 (VIOLATED)
ANTENNA_963/DIODE                       0.350000    0.405695   -0.055695 (VIOLATED)
ANTENNA_965/DIODE                       0.350000    0.405693   -0.055693 (VIOLATED)
u_memory._241_/X                        0.350000    0.405640   -0.055640 (VIOLATED)
max_cap487/X                            0.350000    0.405565   -0.055565 (VIOLATED)
u_memory.g_read[1].g_bank[2].g_slice[0].u_sram/din[27]    0.350000    0.405560   -0.055560 (VIOLATED)
wire273/X                               0.350000    0.405235   -0.055235 (VIOLATED)
wire305/X                               0.350000    0.405036   -0.055036 (VIOLATED)
ANTENNA_1068/DIODE                      0.350000    0.404801   -0.054801 (VIOLATED)
u_memory._245_/A1                       0.350000    0.404801   -0.054801 (VIOLATED)
ANTENNA_1070/DIODE                      0.350000    0.404801   -0.054801 (VIOLATED)
ANTENNA_1069/DIODE                      0.350000    0.404783   -0.054783 (VIOLATED)
u_memory._327_/B1                       0.350000    0.404512   -0.054512 (VIOLATED)
ANTENNA_132/DIODE                       0.350000    0.404510   -0.054510 (VIOLATED)
ANTENNA_130/DIODE                       0.350000    0.404509   -0.054509 (VIOLATED)
ANTENNA_131/DIODE                       0.350000    0.404506   -0.054506 (VIOLATED)
wire333/X                               0.350000    0.404221   -0.054221 (VIOLATED)
u_memory._324_/X                        0.350000    0.404151   -0.054151 (VIOLATED)
ANTENNA_1126/DIODE                      0.350000    0.404027   -0.054027 (VIOLATED)
_081_/D                                 0.350000    0.404021   -0.054021 (VIOLATED)
ANTENNA_1124/DIODE                      0.350000    0.404017   -0.054017 (VIOLATED)
u_memory._294_/A1                       0.350000    0.404016   -0.054016 (VIOLATED)
ANTENNA_1125/DIODE                      0.350000    0.403985   -0.053985 (VIOLATED)
ANTENNA_1127/DIODE                      0.350000    0.403984   -0.053984 (VIOLATED)
wire644/X                               0.350000    0.403974   -0.053973 (VIOLATED)
u_memory._339_/B1                       0.350000    0.403948   -0.053948 (VIOLATED)
ANTENNA_143/DIODE                       0.350000    0.403945   -0.053945 (VIOLATED)
ANTENNA_142/DIODE                       0.350000    0.403944   -0.053944 (VIOLATED)
ANTENNA_144/DIODE                       0.350000    0.403940   -0.053940 (VIOLATED)
output77/A                              0.350000    0.403709   -0.053709 (VIOLATED)
ANTENNA_231/DIODE                       0.350000    0.403708   -0.053708 (VIOLATED)
_014_/Q                                 0.350000    0.403672   -0.053672 (VIOLATED)
u_memory._337_/X                        0.350000    0.403624   -0.053624 (VIOLATED)
ANTENNA_898/DIODE                       0.350000    0.403412   -0.053412 (VIOLATED)
ANTENNA_896/DIODE                       0.350000    0.403408   -0.053408 (VIOLATED)
u_memory._216_/C                        0.350000    0.403400   -0.053400 (VIOLATED)
u_memory._367_/C                        0.350000    0.403389   -0.053389 (VIOLATED)
ANTENNA_675/DIODE                       0.350000    0.403384   -0.053384 (VIOLATED)
ANTENNA_673/DIODE                       0.350000    0.403383   -0.053383 (VIOLATED)
ANTENNA_674/DIODE                       0.350000    0.403380   -0.053380 (VIOLATED)
ANTENNA_676/DIODE                       0.350000    0.403377   -0.053377 (VIOLATED)
ANTENNA_895/DIODE                       0.350000    0.403375   -0.053375 (VIOLATED)
wire348/X                               0.350000    0.403374   -0.053374 (VIOLATED)
ANTENNA_897/DIODE                       0.350000    0.403363   -0.053363 (VIOLATED)
u_memory._343_/C                        0.350000    0.403358   -0.053358 (VIOLATED)
u_memory._361_/C                        0.350000    0.403358   -0.053358 (VIOLATED)
ANTENNA_605/DIODE                       0.350000    0.403354   -0.053354 (VIOLATED)
ANTENNA_682/DIODE                       0.350000    0.403353   -0.053353 (VIOLATED)
ANTENNA_603/DIODE                       0.350000    0.403352   -0.053352 (VIOLATED)
ANTENNA_680/DIODE                       0.350000    0.403351   -0.053351 (VIOLATED)
ANTENNA_604/DIODE                       0.350000    0.403349   -0.053349 (VIOLATED)
ANTENNA_681/DIODE                       0.350000    0.403349   -0.053349 (VIOLATED)
ANTENNA_606/DIODE                       0.350000    0.403347   -0.053347 (VIOLATED)
u_memory.g_read[0].g_bank[1].g_slice[0].u_sram/addr[0]    0.350000    0.403216   -0.053216 (VIOLATED)
max_cap565/A                            0.350000    0.403046   -0.053046 (VIOLATED)
ANTENNA_2716/DIODE                      0.350000    0.402994   -0.052994 (VIOLATED)
hold164/A                               0.350000    0.402971   -0.052971 (VIOLATED)
ANTENNA_2715/DIODE                      0.350000    0.402919   -0.052919 (VIOLATED)
ANTENNA_2748/DIODE                      0.350000    0.402917   -0.052917 (VIOLATED)
wire290/X                               0.350000    0.402886   -0.052886 (VIOLATED)
wire228/X                               0.350000    0.402754   -0.052754 (VIOLATED)
wire211/X                               0.350000    0.402702   -0.052702 (VIOLATED)
wire230/X                               0.350000    0.402678   -0.052678 (VIOLATED)
max_cap566/X                            0.350000    0.402375   -0.052375 (VIOLATED)
u_memory._225_/C                        0.350000    0.402117   -0.052117 (VIOLATED)
ANTENNA_885/DIODE                       0.350000    0.402112   -0.052112 (VIOLATED)
ANTENNA_883/DIODE                       0.350000    0.402110   -0.052110 (VIOLATED)
ANTENNA_884/DIODE                       0.350000    0.402107   -0.052107 (VIOLATED)
ANTENNA_886/DIODE                       0.350000    0.402105   -0.052105 (VIOLATED)
max_cap572/A                            0.350000    0.402043   -0.052043 (VIOLATED)
ANTENNA_221/DIODE                       0.350000    0.401939   -0.051939 (VIOLATED)
_117_/D                                 0.350000    0.401939   -0.051939 (VIOLATED)
max_cap508/A                            0.350000    0.401933   -0.051933 (VIOLATED)
input45/X                               0.350000    0.401907   -0.051907 (VIOLATED)
u_memory.g_read[1].g_bank[2].g_slice[0].u_sram/din[15]    0.350000    0.401623   -0.051623 (VIOLATED)
wire287/X                               0.350000    0.401448   -0.051448 (VIOLATED)
max_cap573/X                            0.350000    0.401303   -0.051303 (VIOLATED)
max_cap509/X                            0.350000    0.401194   -0.051194 (VIOLATED)
output92/A                              0.350000    0.401102   -0.051102 (VIOLATED)
ANTENNA_1119/DIODE                      0.350000    0.400763   -0.050763 (VIOLATED)
ANTENNA_1117/DIODE                      0.350000    0.400759   -0.050759 (VIOLATED)
u_memory._215_/A1                       0.350000    0.400757   -0.050757 (VIOLATED)
ANTENNA_1118/DIODE                      0.350000    0.400745   -0.050745 (VIOLATED)
u_memory.g_read[0].g_bank[2].g_slice[0].u_sram/din[22]    0.350000    0.400718   -0.050718 (VIOLATED)
u_memory.g_read[1].g_bank[1].g_slice[0].u_sram/din[2]    0.350000    0.400687   -0.050687 (VIOLATED)
_028_/Q                                 0.350000    0.400681   -0.050681 (VIOLATED)
ANTENNA_2732/DIODE                      0.350000    0.400611   -0.050611 (VIOLATED)
ANTENNA_2730/DIODE                      0.350000    0.400611   -0.050611 (VIOLATED)
_080_/D                                 0.350000    0.400610   -0.050610 (VIOLATED)
ANTENNA_2731/DIODE                      0.350000    0.400609   -0.050609 (VIOLATED)
fanout182/A                             0.350000    0.400446   -0.050446 (VIOLATED)
input5/X                                0.350000    0.400426   -0.050426 (VIOLATED)
u_memory.g_read[1].g_bank[2].g_slice[0].u_sram/din[10]    0.350000    0.400407   -0.050407 (VIOLATED)
max_cap474/A                            0.350000    0.400306   -0.050306 (VIOLATED)
wire346/X                               0.350000    0.400287   -0.050287 (VIOLATED)
u_memory._385_/C                        0.350000    0.400210   -0.050210 (VIOLATED)
ANTENNA_655/DIODE                       0.350000    0.400204   -0.050204 (VIOLATED)
ANTENNA_652/DIODE                       0.350000    0.400200   -0.050200 (VIOLATED)
ANTENNA_653/DIODE                       0.350000    0.400200   -0.050200 (VIOLATED)
ANTENNA_654/DIODE                       0.350000    0.400185   -0.050185 (VIOLATED)
fanout183/A                             0.350000    0.400099   -0.050099 (VIOLATED)
_074_/D                                 0.350000    0.399951   -0.049951 (VIOLATED)
input20/X                               0.350000    0.399934   -0.049934 (VIOLATED)
u_memory._300_/A2                       0.350000    0.399912   -0.049912 (VIOLATED)
u_memory._297_/A2                       0.350000    0.399871   -0.049871 (VIOLATED)
u_memory._338_/A2                       0.350000    0.399852   -0.049852 (VIOLATED)
ANTENNA_712/DIODE                       0.350000    0.399840   -0.049840 (VIOLATED)
ANTENNA_714/DIODE                       0.350000    0.399837   -0.049837 (VIOLATED)
ANTENNA_713/DIODE                       0.350000    0.399833   -0.049833 (VIOLATED)
ANTENNA_715/DIODE                       0.350000    0.399831   -0.049831 (VIOLATED)
wire222/X                               0.350000    0.399718   -0.049718 (VIOLATED)
u_memory._303_/A2                       0.350000    0.399651   -0.049651 (VIOLATED)
max_cap475/X                            0.350000    0.399553   -0.049553 (VIOLATED)
u_memory._384_/A1                       0.350000    0.399542   -0.049542 (VIOLATED)
ANTENNA_835/DIODE                       0.350000    0.399540   -0.049540 (VIOLATED)
ANTENNA_833/DIODE                       0.350000    0.399532   -0.049532 (VIOLATED)
ANTENNA_832/DIODE                       0.350000    0.399529   -0.049529 (VIOLATED)
ANTENNA_834/DIODE                       0.350000    0.399527   -0.049527 (VIOLATED)
ANTENNA_2583/DIODE                      0.350000    0.399377   -0.049377 (VIOLATED)
hold172/X                               0.350000    0.399365   -0.049365 (VIOLATED)
wire239/X                               0.350000    0.399362   -0.049362 (VIOLATED)
ANTENNA_2592/DIODE                      0.350000    0.399346   -0.049346 (VIOLATED)
ANTENNA_2590/DIODE                      0.350000    0.399346   -0.049346 (VIOLATED)
ANTENNA_2588/DIODE                      0.350000    0.399345   -0.049345 (VIOLATED)
ANTENNA_2586/DIODE                      0.350000    0.399345   -0.049345 (VIOLATED)
ANTENNA_2585/DIODE                      0.350000    0.399343   -0.049343 (VIOLATED)
ANTENNA_2584/DIODE                      0.350000    0.399341   -0.049341 (VIOLATED)
ANTENNA_2593/DIODE                      0.350000    0.399306   -0.049306 (VIOLATED)
ANTENNA_2591/DIODE                      0.350000    0.399305   -0.049305 (VIOLATED)
ANTENNA_2589/DIODE                      0.350000    0.399305   -0.049305 (VIOLATED)
ANTENNA_2587/DIODE                      0.350000    0.399305   -0.049305 (VIOLATED)
u_memory.g_read[1].g_bank[2].g_slice[0].u_sram/din[16]    0.350000    0.399276   -0.049276 (VIOLATED)
ANTENNA_1545/DIODE                      0.350000    0.399245   -0.049245 (VIOLATED)
ANTENNA_1544/DIODE                      0.350000    0.399245   -0.049245 (VIOLATED)
ANTENNA_1551/DIODE                      0.350000    0.399239   -0.049239 (VIOLATED)
ANTENNA_1553/DIODE                      0.350000    0.399207   -0.049207 (VIOLATED)
ANTENNA_1550/DIODE                      0.350000    0.399205   -0.049205 (VIOLATED)
ANTENNA_1548/DIODE                      0.350000    0.399203   -0.049203 (VIOLATED)
ANTENNA_1547/DIODE                      0.350000    0.399201   -0.049201 (VIOLATED)
ANTENNA_1546/DIODE                      0.350000    0.399199   -0.049199 (VIOLATED)
ANTENNA_1554/DIODE                      0.350000    0.399164   -0.049164 (VIOLATED)
ANTENNA_1552/DIODE                      0.350000    0.399164   -0.049164 (VIOLATED)
ANTENNA_1549/DIODE                      0.350000    0.399164   -0.049164 (VIOLATED)
wire274/X                               0.350000    0.399030   -0.049030 (VIOLATED)
max_cap612/X                            0.350000    0.398686   -0.048686 (VIOLATED)
u_memory.g_read[0].g_bank[2].g_slice[0].u_sram/din[11]    0.350000    0.398678   -0.048678 (VIOLATED)
max_cap447/X                            0.350000    0.398581   -0.048581 (VIOLATED)
_029_/D                                 0.350000    0.398204   -0.048203 (VIOLATED)
ANTENNA_20/DIODE                        0.350000    0.398203   -0.048203 (VIOLATED)
ANTENNA_1039/DIODE                      0.350000    0.398186   -0.048186 (VIOLATED)
ANTENNA_1038/DIODE                      0.350000    0.398178   -0.048178 (VIOLATED)
u_memory._272_/A1                       0.350000    0.398177   -0.048177 (VIOLATED)
ANTENNA_1040/DIODE                      0.350000    0.398175   -0.048175 (VIOLATED)
u_memory._294_/X                        0.350000    0.398148   -0.048148 (VIOLATED)
max_cap530/A                            0.350000    0.398107   -0.048107 (VIOLATED)
u_memory._315_/A0                       0.350000    0.397873   -0.047873 (VIOLATED)
u_memory._356_/A2                       0.350000    0.397835   -0.047835 (VIOLATED)
ANTENNA_749/DIODE                       0.350000    0.397821   -0.047821 (VIOLATED)
ANTENNA_747/DIODE                       0.350000    0.397821   -0.047821 (VIOLATED)
ANTENNA_748/DIODE                       0.350000    0.397818   -0.047818 (VIOLATED)
u_memory._228_/C                        0.350000    0.397766   -0.047766 (VIOLATED)
ANTENNA_881/DIODE                       0.350000    0.397761   -0.047761 (VIOLATED)
ANTENNA_879/DIODE                       0.350000    0.397759   -0.047759 (VIOLATED)
ANTENNA_880/DIODE                       0.350000    0.397756   -0.047756 (VIOLATED)
ANTENNA_882/DIODE                       0.350000    0.397754   -0.047754 (VIOLATED)
wire324/X                               0.350000    0.397693   -0.047693 (VIOLATED)
u_memory._222_/C                        0.350000    0.397665   -0.047665 (VIOLATED)
ANTENNA_890/DIODE                       0.350000    0.397661   -0.047661 (VIOLATED)
ANTENNA_888/DIODE                       0.350000    0.397660   -0.047660 (VIOLATED)
ANTENNA_887/DIODE                       0.350000    0.397656   -0.047656 (VIOLATED)
ANTENNA_889/DIODE                       0.350000    0.397654   -0.047654 (VIOLATED)
u_memory._408_/B1                       0.350000    0.397453   -0.047453 (VIOLATED)
ANTENNA_19/DIODE                        0.350000    0.397443   -0.047443 (VIOLATED)
_027_/D                                 0.350000    0.397441   -0.047441 (VIOLATED)
max_cap531/X                            0.350000    0.397356   -0.047356 (VIOLATED)
wire251/X                               0.350000    0.397325   -0.047325 (VIOLATED)
u_memory._276_/A2                       0.350000    0.397153   -0.047153 (VIOLATED)
wire286/X                               0.350000    0.397137   -0.047137 (VIOLATED)
max_cap460/A                            0.350000    0.397074   -0.047074 (VIOLATED)
wire288/X                               0.350000    0.397065   -0.047065 (VIOLATED)
u_memory._288_/X                        0.350000    0.396996   -0.046996 (VIOLATED)
_045_/D                                 0.350000    0.396940   -0.046940 (VIOLATED)
u_memory._363_/X                        0.350000    0.396899   -0.046899 (VIOLATED)
u_memory._270_/A1                       0.350000    0.396569   -0.046569 (VIOLATED)
ANTENNA_1153/DIODE                      0.350000    0.396540   -0.046540 (VIOLATED)
ANTENNA_1152/DIODE                      0.350000    0.396540   -0.046540 (VIOLATED)
ANTENNA_1151/DIODE                      0.350000    0.396532   -0.046532 (VIOLATED)
ANTENNA_1154/DIODE                      0.350000    0.396490   -0.046490 (VIOLATED)
u_memory.g_read[1].g_bank[2].g_slice[0].u_sram/din[9]    0.350000    0.396477   -0.046477 (VIOLATED)
wire184/X                               0.350000    0.396304   -0.046304 (VIOLATED)
ANTENNA_2273/DIODE                      0.350000    0.396281   -0.046281 (VIOLATED)
ANTENNA_2278/DIODE                      0.350000    0.396255   -0.046255 (VIOLATED)
ANTENNA_2279/DIODE                      0.350000    0.396255   -0.046255 (VIOLATED)
ANTENNA_2282/DIODE                      0.350000    0.396255   -0.046255 (VIOLATED)
ANTENNA_2280/DIODE                      0.350000    0.396255   -0.046255 (VIOLATED)
max_cap461/X                            0.350000    0.396247   -0.046247 (VIOLATED)
ANTENNA_2274/DIODE                      0.350000    0.396218   -0.046218 (VIOLATED)
ANTENNA_2275/DIODE                      0.350000    0.396218   -0.046218 (VIOLATED)
ANTENNA_2276/DIODE                      0.350000    0.396216   -0.046216 (VIOLATED)
ANTENNA_2277/DIODE                      0.350000    0.396214   -0.046214 (VIOLATED)
ANTENNA_2281/DIODE                      0.350000    0.396211   -0.046211 (VIOLATED)
ANTENNA_2283/DIODE                      0.350000    0.396208   -0.046208 (VIOLATED)
u_memory.g_read[1].g_bank[2].g_slice[0].u_sram/din[29]    0.350000    0.396034   -0.046034 (VIOLATED)
wire356/X                               0.350000    0.395972   -0.045972 (VIOLATED)
max_cap606/A                            0.350000    0.395936   -0.045936 (VIOLATED)
max_cap562/X                            0.350000    0.395719   -0.045719 (VIOLATED)
hold13/A                                0.350000    0.395717   -0.045717 (VIOLATED)
max_cap607/X                            0.350000    0.395136   -0.045136 (VIOLATED)
u_memory.g_read[1].g_bank[1].g_slice[0].u_sram/din[14]    0.350000    0.394995   -0.044995 (VIOLATED)
u_memory._257_/A2                       0.350000    0.394707   -0.044707 (VIOLATED)
ANTENNA_1056/DIODE                      0.350000    0.394706   -0.044706 (VIOLATED)
ANTENNA_1054/DIODE                      0.350000    0.394702   -0.044702 (VIOLATED)
ANTENNA_1055/DIODE                      0.350000    0.394696   -0.044696 (VIOLATED)
u_memory._306_/A1                       0.350000    0.394525   -0.044525 (VIOLATED)
u_memory.g_read[1].g_bank[0].g_slice[0].u_sram/addr[8]    0.350000    0.394473   -0.044473 (VIOLATED)
hold171/X                               0.350000    0.394443   -0.044443 (VIOLATED)
wire329/X                               0.350000    0.394117   -0.044117 (VIOLATED)
u_memory._374_/C1                       0.350000    0.394044   -0.044044 (VIOLATED)
u_memory._377_/C1                       0.350000    0.393990   -0.043990 (VIOLATED)
max_cap481/A                            0.350000    0.393720   -0.043720 (VIOLATED)
u_memory._406_/X                        0.350000    0.393533   -0.043533 (VIOLATED)
max_cap601/A                            0.350000    0.393526   -0.043526 (VIOLATED)
_085_/D                                 0.350000    0.393202   -0.043202 (VIOLATED)
ANTENNA_2638/DIODE                      0.350000    0.393073   -0.043073 (VIOLATED)
ANTENNA_2641/DIODE                      0.350000    0.393072   -0.043072 (VIOLATED)
ANTENNA_2644/DIODE                      0.350000    0.393072   -0.043072 (VIOLATED)
ANTENNA_2640/DIODE                      0.350000    0.393072   -0.043072 (VIOLATED)
ANTENNA_2643/DIODE                      0.350000    0.393072   -0.043072 (VIOLATED)
ANTENNA_2642/DIODE                      0.350000    0.393071   -0.043071 (VIOLATED)
ANTENNA_2647/DIODE                      0.350000    0.393065   -0.043065 (VIOLATED)
ANTENNA_2645/DIODE                      0.350000    0.393065   -0.043065 (VIOLATED)
ANTENNA_2639/DIODE                      0.350000    0.393064   -0.043064 (VIOLATED)
ANTENNA_2648/DIODE                      0.350000    0.393064   -0.043064 (VIOLATED)
ANTENNA_2646/DIODE                      0.350000    0.393064   -0.043064 (VIOLATED)
max_cap482/X                            0.350000    0.393045   -0.043045 (VIOLATED)
ANTENNA_1950/DIODE                      0.350000    0.392983   -0.042983 (VIOLATED)
ANTENNA_1948/DIODE                      0.350000    0.392983   -0.042983 (VIOLATED)
ANTENNA_1946/DIODE                      0.350000    0.392983   -0.042983 (VIOLATED)
ANTENNA_1944/DIODE                      0.350000    0.392982   -0.042982 (VIOLATED)
ANTENNA_1943/DIODE                      0.350000    0.392982   -0.042982 (VIOLATED)
ANTENNA_1942/DIODE                      0.350000    0.392980   -0.042980 (VIOLATED)
ANTENNA_1941/DIODE                      0.350000    0.392980   -0.042980 (VIOLATED)
ANTENNA_1951/DIODE                      0.350000    0.392941   -0.042941 (VIOLATED)
ANTENNA_1949/DIODE                      0.350000    0.392940   -0.042940 (VIOLATED)
ANTENNA_1947/DIODE                      0.350000    0.392940   -0.042940 (VIOLATED)
ANTENNA_1945/DIODE                      0.350000    0.392940   -0.042940 (VIOLATED)
max_cap602/X                            0.350000    0.392790   -0.042790 (VIOLATED)
output82/A                              0.350000    0.392744   -0.042744 (VIOLATED)
u_memory._197_/X                        0.350000    0.392594   -0.042594 (VIOLATED)
input10/X                               0.350000    0.392589   -0.042589 (VIOLATED)
max_cap551/A                            0.350000    0.392526   -0.042526 (VIOLATED)
max_cap620/X                            0.350000    0.392338   -0.042338 (VIOLATED)
u_memory._389_/C1                       0.350000    0.392336   -0.042336 (VIOLATED)
u_memory.g_read[0].g_bank[1].g_slice[0].u_sram/din[25]    0.350000    0.392336   -0.042336 (VIOLATED)
u_memory.g_read[1].g_bank[2].g_slice[0].u_sram/din[19]    0.350000    0.392311   -0.042311 (VIOLATED)
max_cap438/A                            0.350000    0.392276   -0.042276 (VIOLATED)
max_cap510/X                            0.350000    0.392197   -0.042197 (VIOLATED)
fanout177/A                             0.350000    0.391891   -0.041891 (VIOLATED)
u_memory._364_/C                        0.350000    0.391745   -0.041745 (VIOLATED)
ANTENNA_678/DIODE                       0.350000    0.391732   -0.041732 (VIOLATED)
u_memory._209_/A2                       0.350000    0.391732   -0.041732 (VIOLATED)
ANTENNA_677/DIODE                       0.350000    0.391731   -0.041731 (VIOLATED)
ANTENNA_679/DIODE                       0.350000    0.391727   -0.041727 (VIOLATED)
u_memory._212_/A2                       0.350000    0.391719   -0.041719 (VIOLATED)
u_memory._180_/A2                       0.350000    0.391715   -0.041715 (VIOLATED)
wire439/X                               0.350000    0.391708   -0.041708 (VIOLATED)
u_memory._218_/A2                       0.350000    0.391664   -0.041664 (VIOLATED)
u_memory.g_read[1].g_bank[1].g_slice[0].u_sram/addr[8]    0.350000    0.391655   -0.041655 (VIOLATED)
max_cap552/X                            0.350000    0.391627   -0.041627 (VIOLATED)
_034_/D                                 0.350000    0.391617   -0.041617 (VIOLATED)
u_memory._330_/X                        0.350000    0.391584   -0.041584 (VIOLATED)
u_memory._221_/A2                       0.350000    0.391580   -0.041580 (VIOLATED)
u_memory._215_/A2                       0.350000    0.391568   -0.041568 (VIOLATED)
u_memory.g_read[0].g_bank[2].g_slice[0].u_sram/din[20]    0.350000    0.391493   -0.041493 (VIOLATED)
u_memory._386_/C1                       0.350000    0.391481   -0.041481 (VIOLATED)
u_memory._224_/A2                       0.350000    0.391474   -0.041474 (VIOLATED)
wire397/A                               0.350000    0.391342   -0.041342 (VIOLATED)
max_cap402/A                            0.350000    0.391326   -0.041326 (VIOLATED)
u_memory._230_/A2                       0.350000    0.391292   -0.041292 (VIOLATED)
output128/A                             0.350000    0.391278   -0.041278 (VIOLATED)
wire229/X                               0.350000    0.391261   -0.041261 (VIOLATED)
hold168/A                               0.350000    0.391233   -0.041233 (VIOLATED)
_006_/Q                                 0.350000    0.391222   -0.041222 (VIOLATED)
u_memory._227_/A2                       0.350000    0.391090   -0.041090 (VIOLATED)
u_memory._233_/A2                       0.350000    0.391055   -0.041055 (VIOLATED)
hold137/X                               0.350000    0.390909   -0.040909 (VIOLATED)
ANTENNA_1079/DIODE                      0.350000    0.390870   -0.040870 (VIOLATED)
u_memory._237_/A2                       0.350000    0.390867   -0.040867 (VIOLATED)
ANTENNA_1077/DIODE                      0.350000    0.390866   -0.040866 (VIOLATED)
u_memory._239_/B2                       0.350000    0.390862   -0.040862 (VIOLATED)
ANTENNA_1075/DIODE                      0.350000    0.390836   -0.040836 (VIOLATED)
ANTENNA_1078/DIODE                      0.350000    0.390823   -0.040823 (VIOLATED)
ANTENNA_1076/DIODE                      0.350000    0.390823   -0.040823 (VIOLATED)
u_memory._401_/C1                       0.350000    0.390799   -0.040799 (VIOLATED)
u_memory._336_/A1                       0.350000    0.390768   -0.040768 (VIOLATED)
ANTENNA_777/DIODE                       0.350000    0.390767   -0.040767 (VIOLATED)
ANTENNA_776/DIODE                       0.350000    0.390759   -0.040759 (VIOLATED)
ANTENNA_778/DIODE                       0.350000    0.390758   -0.040758 (VIOLATED)
u_memory._243_/A2                       0.350000    0.390642   -0.040642 (VIOLATED)
u_memory._240_/A2                       0.350000    0.390491   -0.040491 (VIOLATED)
u_memory._392_/C1                       0.350000    0.390458   -0.040458 (VIOLATED)
wire335/X                               0.350000    0.390366   -0.040366 (VIOLATED)
u_memory._249_/A2                       0.350000    0.390323   -0.040323 (VIOLATED)
wire259/X                               0.350000    0.390322   -0.040322 (VIOLATED)
u_memory._246_/A2                       0.350000    0.390319   -0.040319 (VIOLATED)
u_memory._255_/A2                       0.350000    0.390117   -0.040117 (VIOLATED)
u_memory._252_/A2                       0.350000    0.390087   -0.040087 (VIOLATED)
fanout182/X                             0.350000    0.389995   -0.039995 (VIOLATED)
u_memory.g_read[0].g_bank[1].g_slice[0].u_sram/din[31]    0.350000    0.389854   -0.039854 (VIOLATED)
u_memory._308_/A0                       0.350000    0.389798   -0.039798 (VIOLATED)
hold214/X                               0.350000    0.389769   -0.039769 (VIOLATED)
u_memory._407_/C1                       0.350000    0.389694   -0.039694 (VIOLATED)
u_memory._383_/C1                       0.350000    0.389643   -0.039643 (VIOLATED)
u_memory.g_read[1].g_bank[1].g_slice[0].u_sram/din[9]    0.350000    0.389538   -0.039538 (VIOLATED)
ANTENNA_1522/DIODE                      0.350000    0.389430   -0.039430 (VIOLATED)
ANTENNA_1532/DIODE                      0.350000    0.389418   -0.039418 (VIOLATED)
ANTENNA_1531/DIODE                      0.350000    0.389417   -0.039417 (VIOLATED)
ANTENNA_1530/DIODE                      0.350000    0.389411   -0.039411 (VIOLATED)
ANTENNA_1524/DIODE                      0.350000    0.389411   -0.039411 (VIOLATED)
ANTENNA_1525/DIODE                      0.350000    0.389410   -0.039410 (VIOLATED)
ANTENNA_1526/DIODE                      0.350000    0.389410   -0.039410 (VIOLATED)
ANTENNA_1528/DIODE                      0.350000    0.389409   -0.039409 (VIOLATED)
ANTENNA_1529/DIODE                      0.350000    0.389408   -0.039408 (VIOLATED)
ANTENNA_1523/DIODE                      0.350000    0.389403   -0.039403 (VIOLATED)
ANTENNA_1527/DIODE                      0.350000    0.389402   -0.039402 (VIOLATED)
ANTENNA_2572/DIODE                      0.350000    0.389290   -0.039290 (VIOLATED)
ANTENNA_2577/DIODE                      0.350000    0.389245   -0.039245 (VIOLATED)
ANTENNA_2576/DIODE                      0.350000    0.389243   -0.039243 (VIOLATED)
ANTENNA_2575/DIODE                      0.350000    0.389241   -0.039241 (VIOLATED)
ANTENNA_2579/DIODE                      0.350000    0.389240   -0.039240 (VIOLATED)
ANTENNA_2578/DIODE                      0.350000    0.389240   -0.039240 (VIOLATED)
ANTENNA_2573/DIODE                      0.350000    0.389240   -0.039240 (VIOLATED)
ANTENNA_2574/DIODE                      0.350000    0.389239   -0.039239 (VIOLATED)
ANTENNA_2580/DIODE                      0.350000    0.389200   -0.039200 (VIOLATED)
ANTENNA_2582/DIODE                      0.350000    0.389200   -0.039200 (VIOLATED)
ANTENNA_2581/DIODE                      0.350000    0.389199   -0.039199 (VIOLATED)
u_memory._413_/C1                       0.350000    0.389199   -0.039199 (VIOLATED)
u_memory.g_read[1].g_bank[2].g_slice[0].u_sram/din[25]    0.350000    0.389181   -0.039181 (VIOLATED)
u_memory.g_read[0].g_bank[1].g_slice[0].u_sram/din[27]    0.350000    0.389170   -0.039170 (VIOLATED)
ANTENNA_1660/DIODE                      0.350000    0.389126   -0.039126 (VIOLATED)
ANTENNA_1664/DIODE                      0.350000    0.389122   -0.039122 (VIOLATED)
ANTENNA_1659/DIODE                      0.350000    0.389121   -0.039121 (VIOLATED)
ANTENNA_1658/DIODE                      0.350000    0.389121   -0.039121 (VIOLATED)
ANTENNA_1655/DIODE                      0.350000    0.389120   -0.039120 (VIOLATED)
ANTENNA_1657/DIODE                      0.350000    0.389120   -0.039120 (VIOLATED)
ANTENNA_1656/DIODE                      0.350000    0.389120   -0.039120 (VIOLATED)
ANTENNA_1661/DIODE                      0.350000    0.389108   -0.039108 (VIOLATED)
ANTENNA_1663/DIODE                      0.350000    0.389107   -0.039107 (VIOLATED)
ANTENNA_1662/DIODE                      0.350000    0.389107   -0.039107 (VIOLATED)
ANTENNA_1665/DIODE                      0.350000    0.389050   -0.039050 (VIOLATED)
max_cap494/A                            0.350000    0.388984   -0.038984 (VIOLATED)
_019_/Q                                 0.350000    0.388897   -0.038897 (VIOLATED)
max_cap443/X                            0.350000    0.388669   -0.038669 (VIOLATED)
u_memory._416_/C1                       0.350000    0.388664   -0.038664 (VIOLATED)
_072_/D                                 0.350000    0.388623   -0.038623 (VIOLATED)
ANTENNA_211/DIODE                       0.350000    0.388622   -0.038622 (VIOLATED)
u_memory._398_/C1                       0.350000    0.388613   -0.038613 (VIOLATED)
input18/X                               0.350000    0.388591   -0.038591 (VIOLATED)
max_cap610/X                            0.350000    0.388462   -0.038462 (VIOLATED)
ANTENNA_1223/DIODE                      0.350000    0.388440   -0.038440 (VIOLATED)
ANTENNA_1224/DIODE                      0.350000    0.388404   -0.038404 (VIOLATED)
ANTENNA_1227/DIODE                      0.350000    0.388398   -0.038398 (VIOLATED)
ANTENNA_1226/DIODE                      0.350000    0.388396   -0.038396 (VIOLATED)
ANTENNA_1225/DIODE                      0.350000    0.388395   -0.038395 (VIOLATED)
max_cap464/X                            0.350000    0.388322   -0.038322 (VIOLATED)
u_memory._179_/X                        0.350000    0.388315   -0.038315 (VIOLATED)
max_cap495/X                            0.350000    0.388287   -0.038287 (VIOLATED)
u_memory._410_/C1                       0.350000    0.388147   -0.038147 (VIOLATED)
u_memory._261_/B1                       0.350000    0.388133   -0.038133 (VIOLATED)
ANTENNA_88/DIODE                        0.350000    0.388123   -0.038123 (VIOLATED)
ANTENNA_87/DIODE                        0.350000    0.388105   -0.038105 (VIOLATED)
ANTENNA_89/DIODE                        0.350000    0.388093   -0.038093 (VIOLATED)
u_memory._336_/B1                       0.350000    0.388051   -0.038051 (VIOLATED)
ANTENNA_141/DIODE                       0.350000    0.388047   -0.038047 (VIOLATED)
ANTENNA_139/DIODE                       0.350000    0.388046   -0.038046 (VIOLATED)
ANTENNA_140/DIODE                       0.350000    0.388043   -0.038043 (VIOLATED)
u_memory._404_/C1                       0.350000    0.387899   -0.037899 (VIOLATED)
u_memory._351_/A1                       0.350000    0.387761   -0.037761 (VIOLATED)
ANTENNA_758/DIODE                       0.350000    0.387756   -0.037756 (VIOLATED)
ANTENNA_759/DIODE                       0.350000    0.387756   -0.037756 (VIOLATED)
ANTENNA_760/DIODE                       0.350000    0.387755   -0.037755 (VIOLATED)
hold174/X                               0.350000    0.387750   -0.037750 (VIOLATED)
u_memory._259_/X                        0.350000    0.387681   -0.037681 (VIOLATED)
load_slew1/X                            0.350000    0.387666   -0.037666 (VIOLATED)
max_cap580/A                            0.350000    0.387650   -0.037650 (VIOLATED)
u_memory._334_/X                        0.350000    0.387604   -0.037604 (VIOLATED)
wire254/X                               0.350000    0.387309   -0.037309 (VIOLATED)
wire425/A                               0.350000    0.387306   -0.037306 (VIOLATED)
u_memory.g_read[0].g_bank[1].g_slice[0].u_sram/din[30]    0.350000    0.387258   -0.037258 (VIOLATED)
u_memory._395_/C1                       0.350000    0.387248   -0.037248 (VIOLATED)
max_cap581/X                            0.350000    0.386991   -0.036991 (VIOLATED)
u_memory._380_/C1                       0.350000    0.386982   -0.036982 (VIOLATED)
u_memory.g_read[1].g_bank[3].g_slice[0].u_sram/ce    0.350000    0.386884   -0.036884 (VIOLATED)
fanout178/X                             0.350000    0.386882   -0.036882 (VIOLATED)
max_cap426/A                            0.350000    0.386726   -0.036726 (VIOLATED)
ANTENNA_2051/DIODE                      0.350000    0.386703   -0.036703 (VIOLATED)
ANTENNA_2060/DIODE                      0.350000    0.386679   -0.036679 (VIOLATED)
ANTENNA_2059/DIODE                      0.350000    0.386678   -0.036678 (VIOLATED)
ANTENNA_2058/DIODE                      0.350000    0.386673   -0.036673 (VIOLATED)
ANTENNA_2052/DIODE                      0.350000    0.386672   -0.036672 (VIOLATED)
ANTENNA_2053/DIODE                      0.350000    0.386669   -0.036669 (VIOLATED)
ANTENNA_2054/DIODE                      0.350000    0.386667   -0.036667 (VIOLATED)
ANTENNA_2055/DIODE                      0.350000    0.386664   -0.036664 (VIOLATED)
ANTENNA_2056/DIODE                      0.350000    0.386662   -0.036662 (VIOLATED)
ANTENNA_2061/DIODE                      0.350000    0.386659   -0.036659 (VIOLATED)
ANTENNA_2057/DIODE                      0.350000    0.386627   -0.036627 (VIOLATED)
u_memory._348_/A1                       0.350000    0.386566   -0.036566 (VIOLATED)
ANTENNA_761/DIODE                       0.350000    0.386564   -0.036564 (VIOLATED)
ANTENNA_1229/DIODE                      0.350000    0.386560   -0.036560 (VIOLATED)
ANTENNA_1233/DIODE                      0.350000    0.386558   -0.036558 (VIOLATED)
ANTENNA_762/DIODE                       0.350000    0.386557   -0.036557 (VIOLATED)
ANTENNA_763/DIODE                       0.350000    0.386556   -0.036556 (VIOLATED)
ANTENNA_1443/DIODE                      0.350000    0.386262   -0.036262 (VIOLATED)
u_memory._279_/B1                       0.350000    0.386258   -0.036258 (VIOLATED)
ANTENNA_103/DIODE                       0.350000    0.386247   -0.036247 (VIOLATED)
ANTENNA_101/DIODE                       0.350000    0.386246   -0.036246 (VIOLATED)
ANTENNA_102/DIODE                       0.350000    0.386243   -0.036243 (VIOLATED)
hold137/A                               0.350000    0.386141   -0.036141 (VIOLATED)
wire255/X                               0.350000    0.386132   -0.036132 (VIOLATED)
ANTENNA_1232/DIODE                      0.350000    0.386120   -0.036120 (VIOLATED)
hold155/X                               0.350000    0.386111   -0.036111 (VIOLATED)
ANTENNA_1230/DIODE                      0.350000    0.386094   -0.036094 (VIOLATED)
ANTENNA_1231/DIODE                      0.350000    0.386044   -0.036044 (VIOLATED)
max_cap527/X                            0.350000    0.385938   -0.035938 (VIOLATED)
ANTENNA_2413/DIODE                      0.350000    0.385873   -0.035873 (VIOLATED)
max_cap488/A                            0.350000    0.385848   -0.035848 (VIOLATED)
u_memory._277_/X                        0.350000    0.385846   -0.035846 (VIOLATED)
ANTENNA_2412/DIODE                      0.350000    0.385833   -0.035833 (VIOLATED)
ANTENNA_2411/DIODE                      0.350000    0.385833   -0.035833 (VIOLATED)
ANTENNA_2407/DIODE                      0.350000    0.385832   -0.035832 (VIOLATED)
ANTENNA_2410/DIODE                      0.350000    0.385831   -0.035831 (VIOLATED)
ANTENNA_2409/DIODE                      0.350000    0.385829   -0.035829 (VIOLATED)
ANTENNA_2415/DIODE                      0.350000    0.385828   -0.035828 (VIOLATED)
ANTENNA_2414/DIODE                      0.350000    0.385828   -0.035828 (VIOLATED)
ANTENNA_2408/DIODE                      0.350000    0.385827   -0.035827 (VIOLATED)
u_memory._189_/B1                       0.350000    0.385800   -0.035800 (VIOLATED)
ANTENNA_2417/DIODE                      0.350000    0.385785   -0.035785 (VIOLATED)
ANTENNA_2416/DIODE                      0.350000    0.385785   -0.035785 (VIOLATED)
ANTENNA_1228/DIODE                      0.350000    0.385741   -0.035741 (VIOLATED)
u_memory._186_/X                        0.350000    0.385616   -0.035616 (VIOLATED)
u_memory._200_/B1                       0.350000    0.385616   -0.035616 (VIOLATED)
max_cap587/A                            0.350000    0.385381   -0.035381 (VIOLATED)
u_memory._214_/B2                       0.350000    0.385288   -0.035288 (VIOLATED)
ANTENNA_1028/DIODE                      0.350000    0.385273   -0.035273 (VIOLATED)
ANTENNA_1027/DIODE                      0.350000    0.385269   -0.035269 (VIOLATED)
ANTENNA_1029/DIODE                      0.350000    0.385266   -0.035266 (VIOLATED)
max_cap582/X                            0.350000    0.385242   -0.035242 (VIOLATED)
max_cap489/X                            0.350000    0.385198   -0.035198 (VIOLATED)
ANTENNA_2701/DIODE                      0.350000    0.385128   -0.035128 (VIOLATED)
ANTENNA_2700/DIODE                      0.350000    0.385128   -0.035128 (VIOLATED)
ANTENNA_1698/DIODE                      0.350000    0.385071   -0.035071 (VIOLATED)
ANTENNA_1688/DIODE                      0.350000    0.385058   -0.035058 (VIOLATED)
ANTENNA_1695/DIODE                      0.350000    0.385024   -0.035024 (VIOLATED)
ANTENNA_1693/DIODE                      0.350000    0.385024   -0.035024 (VIOLATED)
ANTENNA_1691/DIODE                      0.350000    0.385021   -0.035021 (VIOLATED)
ANTENNA_1690/DIODE                      0.350000    0.385019   -0.035019 (VIOLATED)
ANTENNA_1689/DIODE                      0.350000    0.385018   -0.035018 (VIOLATED)
ANTENNA_1697/DIODE                      0.350000    0.384984   -0.034984 (VIOLATED)
ANTENNA_1696/DIODE                      0.350000    0.384983   -0.034983 (VIOLATED)
ANTENNA_1694/DIODE                      0.350000    0.384983   -0.034983 (VIOLATED)
ANTENNA_1692/DIODE                      0.350000    0.384983   -0.034983 (VIOLATED)
max_cap588/X                            0.350000    0.384724   -0.034724 (VIOLATED)
_035_/D                                 0.350000    0.384697   -0.034697 (VIOLATED)
wire321/X                               0.350000    0.384696   -0.034696 (VIOLATED)
u_memory._333_/X                        0.350000    0.384681   -0.034681 (VIOLATED)
ANTENNA_2699/DIODE                      0.350000    0.384646   -0.034646 (VIOLATED)
ANTENNA_2698/DIODE                      0.350000    0.384646   -0.034646 (VIOLATED)
ANTENNA_1140/DIODE                      0.350000    0.384640   -0.034640 (VIOLATED)
ANTENNA_1142/DIODE                      0.350000    0.384639   -0.034639 (VIOLATED)
u_memory._282_/A1                       0.350000    0.384638   -0.034638 (VIOLATED)
ANTENNA_1139/DIODE                      0.350000    0.384615   -0.034615 (VIOLATED)
ANTENNA_1141/DIODE                      0.350000    0.384601   -0.034601 (VIOLATED)
hold184/X                               0.350000    0.384533   -0.034533 (VIOLATED)
u_memory.g_read[1].g_bank[0].g_slice[0].u_sram/addr[0]    0.350000    0.384433   -0.034433 (VIOLATED)
max_cap498/A                            0.350000    0.384369   -0.034369 (VIOLATED)
ANTENNA_2374/DIODE                      0.350000    0.384350   -0.034350 (VIOLATED)
ANTENNA_2383/DIODE                      0.350000    0.384350   -0.034350 (VIOLATED)
ANTENNA_2380/DIODE                      0.350000    0.384350   -0.034350 (VIOLATED)
ANTENNA_2377/DIODE                      0.350000    0.384338   -0.034338 (VIOLATED)
ANTENNA_2376/DIODE                      0.350000    0.384338   -0.034338 (VIOLATED)
ANTENNA_2378/DIODE                      0.350000    0.384337   -0.034337 (VIOLATED)
ANTENNA_2379/DIODE                      0.350000    0.384336   -0.034336 (VIOLATED)
ANTENNA_2381/DIODE                      0.350000    0.384335   -0.034335 (VIOLATED)
ANTENNA_2384/DIODE                      0.350000    0.384334   -0.034334 (VIOLATED)
ANTENNA_2382/DIODE                      0.350000    0.384314   -0.034314 (VIOLATED)
max_cap469/X                            0.350000    0.384299   -0.034299 (VIOLATED)
ANTENNA_2375/DIODE                      0.350000    0.384286   -0.034286 (VIOLATED)
max_cap558/A                            0.350000    0.384190   -0.034190 (VIOLATED)
u_memory._363_/B1                       0.350000    0.384169   -0.034169 (VIOLATED)
ANTENNA_170/DIODE                       0.350000    0.384168   -0.034168 (VIOLATED)
ANTENNA_168/DIODE                       0.350000    0.384166   -0.034166 (VIOLATED)
wire352/X                               0.350000    0.384166   -0.034166 (VIOLATED)
ANTENNA_169/DIODE                       0.350000    0.384153   -0.034153 (VIOLATED)
ANTENNA_171/DIODE                       0.350000    0.384143   -0.034143 (VIOLATED)
u_memory._361_/X                        0.350000    0.383781   -0.033781 (VIOLATED)
max_cap499/X                            0.350000    0.383715   -0.033715 (VIOLATED)
max_cap578/X                            0.350000    0.383692   -0.033692 (VIOLATED)
max_cap502/A                            0.350000    0.383566   -0.033566 (VIOLATED)
max_cap559/X                            0.350000    0.383503   -0.033503 (VIOLATED)
ANTENNA_2348/DIODE                      0.350000    0.383482   -0.033482 (VIOLATED)
ANTENNA_2346/DIODE                      0.350000    0.383482   -0.033482 (VIOLATED)
ANTENNA_2344/DIODE                      0.350000    0.383481   -0.033481 (VIOLATED)
ANTENNA_2343/DIODE                      0.350000    0.383481   -0.033481 (VIOLATED)
ANTENNA_2341/DIODE                      0.350000    0.383481   -0.033481 (VIOLATED)
ANTENNA_2340/DIODE                      0.350000    0.383481   -0.033481 (VIOLATED)
ANTENNA_2339/DIODE                      0.350000    0.383480   -0.033480 (VIOLATED)
ANTENNA_2349/DIODE                      0.350000    0.383479   -0.033479 (VIOLATED)
ANTENNA_2347/DIODE                      0.350000    0.383479   -0.033479 (VIOLATED)
ANTENNA_2345/DIODE                      0.350000    0.383479   -0.033479 (VIOLATED)
ANTENNA_2342/DIODE                      0.350000    0.383470   -0.033470 (VIOLATED)
ANTENNA_2095/DIODE                      0.350000    0.383363   -0.033363 (VIOLATED)
ANTENNA_2105/DIODE                      0.350000    0.383321   -0.033321 (VIOLATED)
ANTENNA_2100/DIODE                      0.350000    0.383319   -0.033319 (VIOLATED)
ANTENNA_2099/DIODE                      0.350000    0.383316   -0.033316 (VIOLATED)
ANTENNA_2098/DIODE                      0.350000    0.383314   -0.033314 (VIOLATED)
ANTENNA_2097/DIODE                      0.350000    0.383312   -0.033312 (VIOLATED)
ANTENNA_2101/DIODE                      0.350000    0.383310   -0.033310 (VIOLATED)
ANTENNA_2096/DIODE                      0.350000    0.383310   -0.033310 (VIOLATED)
ANTENNA_2102/DIODE                      0.350000    0.383219   -0.033219 (VIOLATED)
ANTENNA_2103/DIODE                      0.350000    0.383216   -0.033216 (VIOLATED)
ANTENNA_2104/DIODE                      0.350000    0.383213   -0.033213 (VIOLATED)
u_memory._394_/B                        0.350000    0.383166   -0.033166 (VIOLATED)
u_memory._379_/B                        0.350000    0.383146   -0.033146 (VIOLATED)
u_memory._409_/B                        0.350000    0.383135   -0.033135 (VIOLATED)
u_memory._403_/B                        0.350000    0.383028   -0.033028 (VIOLATED)
u_memory._415_/B                        0.350000    0.382926   -0.032926 (VIOLATED)
max_cap503/X                            0.350000    0.382915   -0.032915 (VIOLATED)
u_memory._332_/A2                       0.350000    0.382908   -0.032908 (VIOLATED)
ANTENNA_719/DIODE                       0.350000    0.382896   -0.032896 (VIOLATED)
ANTENNA_721/DIODE                       0.350000    0.382892   -0.032892 (VIOLATED)
ANTENNA_720/DIODE                       0.350000    0.382888   -0.032888 (VIOLATED)
max_cap572/X                            0.350000    0.382666   -0.032666 (VIOLATED)
max_cap534/X                            0.350000    0.382604   -0.032604 (VIOLATED)
u_memory.g_read[0].g_bank[2].g_slice[0].u_sram/din[2]    0.350000    0.382555   -0.032555 (VIOLATED)
wire241/X                               0.350000    0.382454   -0.032454 (VIOLATED)
hold158/A                               0.350000    0.382414   -0.032414 (VIOLATED)
u_memory._201_/A1                       0.350000    0.382391   -0.032391 (VIOLATED)
ANTENNA_2484/DIODE                      0.350000    0.382380   -0.032380 (VIOLATED)
ANTENNA_2494/DIODE                      0.350000    0.382374   -0.032374 (VIOLATED)
ANTENNA_2492/DIODE                      0.350000    0.382374   -0.032374 (VIOLATED)
max_cap603/A                            0.350000    0.382339   -0.032339 (VIOLATED)
ANTENNA_2488/DIODE                      0.350000    0.382336   -0.032336 (VIOLATED)
ANTENNA_2487/DIODE                      0.350000    0.382336   -0.032336 (VIOLATED)
ANTENNA_2485/DIODE                      0.350000    0.382336   -0.032336 (VIOLATED)
ANTENNA_2486/DIODE                      0.350000    0.382334   -0.032334 (VIOLATED)
u_memory._199_/A_N                      0.350000    0.382328   -0.032328 (VIOLATED)
max_cap602/A                            0.350000    0.382322   -0.032322 (VIOLATED)
ANTENNA_2489/DIODE                      0.350000    0.382292   -0.032292 (VIOLATED)
ANTENNA_2493/DIODE                      0.350000    0.382292   -0.032292 (VIOLATED)
ANTENNA_2490/DIODE                      0.350000    0.382292   -0.032292 (VIOLATED)
ANTENNA_2491/DIODE                      0.350000    0.382291   -0.032291 (VIOLATED)
ANTENNA_2734/DIODE                      0.350000    0.382273   -0.032273 (VIOLATED)
_089_/D                                 0.350000    0.382271   -0.032271 (VIOLATED)
u_memory._196_/B                        0.350000    0.382190   -0.032190 (VIOLATED)
u_memory._291_/B2                       0.350000    0.382158   -0.032158 (VIOLATED)
hold8/X                                 0.350000    0.381970   -0.031970 (VIOLATED)
input26/X                               0.350000    0.381910   -0.031910 (VIOLATED)
ANTENNA_2723/DIODE                      0.350000    0.381774   -0.031774 (VIOLATED)
ANTENNA_223/DIODE                       0.350000    0.381773   -0.031773 (VIOLATED)
_119_/D                                 0.350000    0.381773   -0.031773 (VIOLATED)
_032_/D                                 0.350000    0.381773   -0.031773 (VIOLATED)
hold131/A                               0.350000    0.381751   -0.031751 (VIOLATED)
input47/X                               0.350000    0.381751   -0.031751 (VIOLATED)
hold154/X                               0.350000    0.381723   -0.031723 (VIOLATED)
u_memory._290_/X                        0.350000    0.381695   -0.031695 (VIOLATED)
ANTENNA_2680/DIODE                      0.350000    0.381638   -0.031638 (VIOLATED)
ANTENNA_2677/DIODE                      0.350000    0.381638   -0.031638 (VIOLATED)
ANTENNA_2671/DIODE                      0.350000    0.381637   -0.031637 (VIOLATED)
max_cap595/X                            0.350000    0.381624   -0.031624 (VIOLATED)
ANTENNA_2679/DIODE                      0.350000    0.381602   -0.031602 (VIOLATED)
ANTENNA_2676/DIODE                      0.350000    0.381602   -0.031602 (VIOLATED)
ANTENNA_2675/DIODE                      0.350000    0.381597   -0.031597 (VIOLATED)
ANTENNA_2196/DIODE                      0.350000    0.381597   -0.031597 (VIOLATED)
ANTENNA_2200/DIODE                      0.350000    0.381597   -0.031597 (VIOLATED)
ANTENNA_2197/DIODE                      0.350000    0.381597   -0.031597 (VIOLATED)
ANTENNA_2199/DIODE                      0.350000    0.381597   -0.031597 (VIOLATED)
ANTENNA_2198/DIODE                      0.350000    0.381597   -0.031597 (VIOLATED)
ANTENNA_2203/DIODE                      0.350000    0.381596   -0.031596 (VIOLATED)
ANTENNA_2204/DIODE                      0.350000    0.381595   -0.031595 (VIOLATED)
ANTENNA_2194/DIODE                      0.350000    0.381595   -0.031595 (VIOLATED)
ANTENNA_2674/DIODE                      0.350000    0.381595   -0.031595 (VIOLATED)
ANTENNA_2673/DIODE                      0.350000    0.381592   -0.031592 (VIOLATED)
ANTENNA_2202/DIODE                      0.350000    0.381592   -0.031592 (VIOLATED)
ANTENNA_2672/DIODE                      0.350000    0.381592   -0.031592 (VIOLATED)
ANTENNA_2201/DIODE                      0.350000    0.381592   -0.031592 (VIOLATED)
ANTENNA_2195/DIODE                      0.350000    0.381589   -0.031589 (VIOLATED)
ANTENNA_2678/DIODE                      0.350000    0.381550   -0.031550 (VIOLATED)
ANTENNA_2681/DIODE                      0.350000    0.381550   -0.031550 (VIOLATED)
ANTENNA_2451/DIODE                      0.350000    0.381538   -0.031538 (VIOLATED)
ANTENNA_2458/DIODE                      0.350000    0.381537   -0.031537 (VIOLATED)
ANTENNA_2453/DIODE                      0.350000    0.381537   -0.031537 (VIOLATED)
ANTENNA_2457/DIODE                      0.350000    0.381537   -0.031537 (VIOLATED)
ANTENNA_2454/DIODE                      0.350000    0.381537   -0.031537 (VIOLATED)
ANTENNA_2456/DIODE                      0.350000    0.381536   -0.031536 (VIOLATED)
ANTENNA_2455/DIODE                      0.350000    0.381536   -0.031536 (VIOLATED)
ANTENNA_2452/DIODE                      0.350000    0.381533   -0.031533 (VIOLATED)
u_memory.g_read[1].g_bank[1].g_slice[0].u_sram/din[21]    0.350000    0.381529   -0.031529 (VIOLATED)
ANTENNA_2459/DIODE                      0.350000    0.381525   -0.031525 (VIOLATED)
ANTENNA_2460/DIODE                      0.350000    0.381524   -0.031524 (VIOLATED)
ANTENNA_2461/DIODE                      0.350000    0.381524   -0.031524 (VIOLATED)
fanout370/A                             0.350000    0.381497   -0.031497 (VIOLATED)
u_memory._430_/Q                        0.350000    0.381484   -0.031484 (VIOLATED)
u_memory._303_/X                        0.350000    0.381437   -0.031437 (VIOLATED)
u_memory._374_/B2                       0.350000    0.381118   -0.031118 (VIOLATED)
u_memory._376_/C                        0.350000    0.381061   -0.031061 (VIOLATED)
ANTENNA_665/DIODE                       0.350000    0.381060   -0.031060 (VIOLATED)
ANTENNA_664/DIODE                       0.350000    0.381056   -0.031056 (VIOLATED)
ANTENNA_663/DIODE                       0.350000    0.381056   -0.031056 (VIOLATED)
u_memory._377_/B2                       0.350000    0.381046   -0.031046 (VIOLATED)
u_memory._374_/A1                       0.350000    0.381043   -0.031043 (VIOLATED)
max_cap550/X                            0.350000    0.381018   -0.031018 (VIOLATED)
u_memory._377_/A1                       0.350000    0.380948   -0.030948 (VIOLATED)
ANTENNA_1741/DIODE                      0.350000    0.380930   -0.030930 (VIOLATED)
ANTENNA_1732/DIODE                      0.350000    0.380928   -0.030928 (VIOLATED)
ANTENNA_1738/DIODE                      0.350000    0.380926   -0.030926 (VIOLATED)
ANTENNA_1736/DIODE                      0.350000    0.380926   -0.030926 (VIOLATED)
ANTENNA_1735/DIODE                      0.350000    0.380926   -0.030926 (VIOLATED)
ANTENNA_1734/DIODE                      0.350000    0.380926   -0.030926 (VIOLATED)
ANTENNA_1733/DIODE                      0.350000    0.380925   -0.030925 (VIOLATED)
max_cap625/X                            0.350000    0.380896   -0.030896 (VIOLATED)
ANTENNA_1737/DIODE                      0.350000    0.380874   -0.030874 (VIOLATED)
ANTENNA_1739/DIODE                      0.350000    0.380871   -0.030871 (VIOLATED)
ANTENNA_1740/DIODE                      0.350000    0.380869   -0.030869 (VIOLATED)
ANTENNA_1742/DIODE                      0.350000    0.380867   -0.030867 (VIOLATED)
ANTENNA_2258/DIODE                      0.350000    0.380825   -0.030825 (VIOLATED)
ANTENNA_2256/DIODE                      0.350000    0.380825   -0.030825 (VIOLATED)
ANTENNA_2254/DIODE                      0.350000    0.380824   -0.030824 (VIOLATED)
ANTENNA_2251/DIODE                      0.350000    0.380824   -0.030824 (VIOLATED)
ANTENNA_2253/DIODE                      0.350000    0.380824   -0.030824 (VIOLATED)
ANTENNA_2250/DIODE                      0.350000    0.380824   -0.030824 (VIOLATED)
ANTENNA_2249/DIODE                      0.350000    0.380821   -0.030821 (VIOLATED)
ANTENNA_2257/DIODE                      0.350000    0.380820   -0.030820 (VIOLATED)
ANTENNA_2255/DIODE                      0.350000    0.380820   -0.030820 (VIOLATED)
ANTENNA_2259/DIODE                      0.350000    0.380814   -0.030814 (VIOLATED)
ANTENNA_2252/DIODE                      0.350000    0.380813   -0.030813 (VIOLATED)
max_cap589/X                            0.350000    0.380810   -0.030810 (VIOLATED)
max_cap537/A                            0.350000    0.380729   -0.030729 (VIOLATED)
wire225/X                               0.350000    0.380610   -0.030610 (VIOLATED)
u_memory.g_read[1].g_bank[1].g_slice[0].u_sram/addr[0]    0.350000    0.380453   -0.030453 (VIOLATED)
ANTENNA_2222/DIODE                      0.350000    0.380303   -0.030303 (VIOLATED)
ANTENNA_2221/DIODE                      0.350000    0.380303   -0.030303 (VIOLATED)
ANTENNA_2219/DIODE                      0.350000    0.380303   -0.030303 (VIOLATED)
ANTENNA_2217/DIODE                      0.350000    0.380302   -0.030302 (VIOLATED)
ANTENNA_2216/DIODE                      0.350000    0.380301   -0.030301 (VIOLATED)
ANTENNA_2226/DIODE                      0.350000    0.380260   -0.030260 (VIOLATED)
ANTENNA_2224/DIODE                      0.350000    0.380260   -0.030260 (VIOLATED)
ANTENNA_2223/DIODE                      0.350000    0.380259   -0.030258 (VIOLATED)
ANTENNA_2220/DIODE                      0.350000    0.380256   -0.030256 (VIOLATED)
ANTENNA_2218/DIODE                      0.350000    0.380256   -0.030256 (VIOLATED)
u_memory._214_/A1                       0.350000    0.380216   -0.030216 (VIOLATED)
ANTENNA_2225/DIODE                      0.350000    0.380209   -0.030209 (VIOLATED)
u_memory._348_/B1                       0.350000    0.380203   -0.030203 (VIOLATED)
ANTENNA_153/DIODE                       0.350000    0.380199   -0.030199 (VIOLATED)
ANTENNA_151/DIODE                       0.350000    0.380198   -0.030198 (VIOLATED)
ANTENNA_152/DIODE                       0.350000    0.380196   -0.030196 (VIOLATED)
max_cap476/X                            0.350000    0.380173   -0.030173 (VIOLATED)
u_memory._226_/A1                       0.350000    0.380122   -0.030122 (VIOLATED)
u_memory._375_/A1                       0.350000    0.380035   -0.030035 (VIOLATED)
ANTENNA_848/DIODE                       0.350000    0.380033   -0.030033 (VIOLATED)
ANTENNA_846/DIODE                       0.350000    0.380033   -0.030033 (VIOLATED)
u_memory._239_/A1                       0.350000    0.380027   -0.030027 (VIOLATED)
ANTENNA_847/DIODE                       0.350000    0.380025   -0.030025 (VIOLATED)
ANTENNA_849/DIODE                       0.350000    0.380023   -0.030023 (VIOLATED)
_076_/D                                 0.350000    0.380020   -0.030020 (VIOLATED)
max_cap558/X                            0.350000    0.380013   -0.030013 (VIOLATED)
u_memory._419_/B2                       0.350000    0.379954   -0.029954 (VIOLATED)
u_memory.g_read[0].g_bank[1].g_slice[0].u_sram/din[5]    0.350000    0.379950   -0.029950 (VIOLATED)
max_cap538/X                            0.350000    0.379896   -0.029896 (VIOLATED)
u_memory._251_/A1                       0.350000    0.379875   -0.029875 (VIOLATED)
ANTENNA_21/DIODE                        0.350000    0.379864   -0.029864 (VIOLATED)
_030_/D                                 0.350000    0.379862   -0.029862 (VIOLATED)
ANTENNA_22/DIODE                        0.350000    0.379860   -0.029860 (VIOLATED)
max_cap417/A                            0.350000    0.379808   -0.029808 (VIOLATED)
u_memory._346_/X                        0.350000    0.379798   -0.029798 (VIOLATED)
fanout174/A                             0.350000    0.379794   -0.029794 (VIOLATED)
wire604/X                               0.350000    0.379660   -0.029660 (VIOLATED)
ANTENNA_1169/DIODE                      0.350000    0.379650   -0.029650 (VIOLATED)
u_memory._258_/A1                       0.350000    0.379649   -0.029649 (VIOLATED)
ANTENNA_1167/DIODE                      0.350000    0.379638   -0.029638 (VIOLATED)
ANTENNA_1168/DIODE                      0.350000    0.379604   -0.029604 (VIOLATED)
wire277/X                               0.350000    0.379601   -0.029601 (VIOLATED)
ANTENNA_1170/DIODE                      0.350000    0.379588   -0.029588 (VIOLATED)
wire388/X                               0.350000    0.379555   -0.029555 (VIOLATED)
u_memory._389_/B2                       0.350000    0.379541   -0.029541 (VIOLATED)
max_cap553/X                            0.350000    0.379500   -0.029500 (VIOLATED)
u_memory._297_/X                        0.350000    0.379483   -0.029483 (VIOLATED)
input22/X                               0.350000    0.379391   -0.029391 (VIOLATED)
wire418/X                               0.350000    0.379270   -0.029270 (VIOLATED)
ANTENNA_2615/DIODE                      0.350000    0.379245   -0.029244 (VIOLATED)
ANTENNA_2613/DIODE                      0.350000    0.379244   -0.029244 (VIOLATED)
ANTENNA_2610/DIODE                      0.350000    0.379236   -0.029236 (VIOLATED)
ANTENNA_2611/DIODE                      0.350000    0.379236   -0.029236 (VIOLATED)
ANTENNA_2612/DIODE                      0.350000    0.379235   -0.029235 (VIOLATED)
ANTENNA_2605/DIODE                      0.350000    0.379235   -0.029235 (VIOLATED)
ANTENNA_2614/DIODE                      0.350000    0.379235   -0.029235 (VIOLATED)
ANTENNA_2609/DIODE                      0.350000    0.379225   -0.029225 (VIOLATED)
ANTENNA_2608/DIODE                      0.350000    0.379204   -0.029204 (VIOLATED)
ANTENNA_2607/DIODE                      0.350000    0.379203   -0.029203 (VIOLATED)
ANTENNA_2606/DIODE                      0.350000    0.379201   -0.029201 (VIOLATED)
u_memory._237_/B2                       0.350000    0.379176   -0.029176 (VIOLATED)
ANTENNA_64/DIODE                        0.350000    0.379166   -0.029166 (VIOLATED)
ANTENNA_62/DIODE                        0.350000    0.379164   -0.029164 (VIOLATED)
hold162/X                               0.350000    0.379161   -0.029161 (VIOLATED)
ANTENNA_63/DIODE                        0.350000    0.379140   -0.029140 (VIOLATED)
u_memory._389_/A2                       0.350000    0.379137   -0.029137 (VIOLATED)
ANTENNA_61/DIODE                        0.350000    0.379135   -0.029135 (VIOLATED)
wire361/X                               0.350000    0.379129   -0.029129 (VIOLATED)
u_memory._325_/X                        0.350000    0.379071   -0.029071 (VIOLATED)
ANTENNA_2022/DIODE                      0.350000    0.379017   -0.029017 (VIOLATED)
ANTENNA_2021/DIODE                      0.350000    0.379017   -0.029017 (VIOLATED)
ANTENNA_2020/DIODE                      0.350000    0.379016   -0.029016 (VIOLATED)
ANTENNA_2019/DIODE                      0.350000    0.379016   -0.029016 (VIOLATED)
ANTENNA_2026/DIODE                      0.350000    0.379016   -0.029016 (VIOLATED)
ANTENNA_2025/DIODE                      0.350000    0.379015   -0.029015 (VIOLATED)
ANTENNA_2018/DIODE                      0.350000    0.379012   -0.029012 (VIOLATED)
ANTENNA_2028/DIODE                      0.350000    0.379012   -0.029012 (VIOLATED)
ANTENNA_2027/DIODE                      0.350000    0.379011   -0.029011 (VIOLATED)
ANTENNA_2024/DIODE                      0.350000    0.379007   -0.029007 (VIOLATED)
ANTENNA_2023/DIODE                      0.350000    0.379007   -0.029007 (VIOLATED)
ANTENNA_2547/DIODE                      0.350000    0.379004   -0.029004 (VIOLATED)
ANTENNA_2545/DIODE                      0.350000    0.379004   -0.029004 (VIOLATED)
ANTENNA_2543/DIODE                      0.350000    0.379004   -0.029004 (VIOLATED)
ANTENNA_2542/DIODE                      0.350000    0.379003   -0.029003 (VIOLATED)
ANTENNA_2541/DIODE                      0.350000    0.379002   -0.029002 (VIOLATED)
ANTENNA_2540/DIODE                      0.350000    0.379002   -0.029002 (VIOLATED)
ANTENNA_2539/DIODE                      0.350000    0.378996   -0.028996 (VIOLATED)
ANTENNA_2549/DIODE                      0.350000    0.378979   -0.028979 (VIOLATED)
ANTENNA_2548/DIODE                      0.350000    0.378978   -0.028978 (VIOLATED)
ANTENNA_2546/DIODE                      0.350000    0.378978   -0.028978 (VIOLATED)
ANTENNA_2544/DIODE                      0.350000    0.378977   -0.028977 (VIOLATED)
ANTENNA_1134/DIODE                      0.350000    0.378935   -0.028935 (VIOLATED)
u_memory._288_/A1                       0.350000    0.378934   -0.028934 (VIOLATED)
ANTENNA_1132/DIODE                      0.350000    0.378914   -0.028914 (VIOLATED)
ANTENNA_1133/DIODE                      0.350000    0.378899   -0.028899 (VIOLATED)
ANTENNA_1135/DIODE                      0.350000    0.378882   -0.028882 (VIOLATED)
ANTENNA_411/DIODE                       0.350000    0.378882   -0.028882 (VIOLATED)
wire146/A                               0.350000    0.378881   -0.028881 (VIOLATED)
ANTENNA_413/DIODE                       0.350000    0.378877   -0.028877 (VIOLATED)
ANTENNA_408/DIODE                       0.350000    0.378876   -0.028876 (VIOLATED)
ANTENNA_409/DIODE                       0.350000    0.378876   -0.028876 (VIOLATED)
ANTENNA_412/DIODE                       0.350000    0.378874   -0.028874 (VIOLATED)
ANTENNA_410/DIODE                       0.350000    0.378873   -0.028873 (VIOLATED)
fanout173/A                             0.350000    0.378808   -0.028808 (VIOLATED)
output73/A                              0.350000    0.378787   -0.028787 (VIOLATED)
_001_/Q                                 0.350000    0.378742   -0.028742 (VIOLATED)
fanout203/A                             0.350000    0.378654   -0.028654 (VIOLATED)
u_memory._417_/B1                       0.350000    0.378615   -0.028615 (VIOLATED)
u_memory._405_/B1                       0.350000    0.378535   -0.028535 (VIOLATED)
u_memory._386_/B2                       0.350000    0.378516   -0.028516 (VIOLATED)
max_cap614/X                            0.350000    0.378495   -0.028495 (VIOLATED)
u_memory._394_/A                        0.350000    0.378375   -0.028375 (VIOLATED)
u_memory._415_/X                        0.350000    0.378371   -0.028371 (VIOLATED)
u_memory._379_/A                        0.350000    0.378347   -0.028347 (VIOLATED)
wire350/X                               0.350000    0.378338   -0.028338 (VIOLATED)
u_memory._236_/X                        0.350000    0.378332   -0.028332 (VIOLATED)
u_memory._409_/A                        0.350000    0.378328   -0.028328 (VIOLATED)
wire147/X                               0.350000    0.378295   -0.028295 (VIOLATED)
u_memory._403_/X                        0.350000    0.378285   -0.028285 (VIOLATED)
u_memory._418_/A                        0.350000    0.378280   -0.028280 (VIOLATED)
u_memory._403_/A                        0.350000    0.378233   -0.028233 (VIOLATED)
_068_/D                                 0.350000    0.378227   -0.028227 (VIOLATED)
max_cap522/X                            0.350000    0.378203   -0.028203 (VIOLATED)
wire648/X                               0.350000    0.378198   -0.028198 (VIOLATED)
max_cap424/A                            0.350000    0.378165   -0.028165 (VIOLATED)
u_memory._386_/A1                       0.350000    0.378164   -0.028164 (VIOLATED)
u_memory._415_/A                        0.350000    0.378128   -0.028128 (VIOLATED)
ANTENNA_1876/DIODE                      0.350000    0.378064   -0.028064 (VIOLATED)
ANTENNA_1875/DIODE                      0.350000    0.378064   -0.028064 (VIOLATED)
u_memory._401_/B2                       0.350000    0.378062   -0.028062 (VIOLATED)
ANTENNA_1881/DIODE                      0.350000    0.378061   -0.028061 (VIOLATED)
ANTENNA_1883/DIODE                      0.350000    0.378061   -0.028061 (VIOLATED)
ANTENNA_1882/DIODE                      0.350000    0.378060   -0.028060 (VIOLATED)
ANTENNA_1877/DIODE                      0.350000    0.378026   -0.028026 (VIOLATED)
ANTENNA_1878/DIODE                      0.350000    0.378024   -0.028024 (VIOLATED)
ANTENNA_1879/DIODE                      0.350000    0.378022   -0.028022 (VIOLATED)
ANTENNA_1880/DIODE                      0.350000    0.378019   -0.028019 (VIOLATED)
ANTENNA_1884/DIODE                      0.350000    0.378017   -0.028017 (VIOLATED)
ANTENNA_1885/DIODE                      0.350000    0.378014   -0.028014 (VIOLATED)
u_memory._392_/B2                       0.350000    0.377970   -0.027970 (VIOLATED)
ANTENNA_2067/DIODE                      0.350000    0.377910   -0.027910 (VIOLATED)
ANTENNA_2066/DIODE                      0.350000    0.377909   -0.027909 (VIOLATED)
ANTENNA_2062/DIODE                      0.350000    0.377909   -0.027909 (VIOLATED)
ANTENNA_2065/DIODE                      0.350000    0.377909   -0.027909 (VIOLATED)
ANTENNA_2064/DIODE                      0.350000    0.377909   -0.027909 (VIOLATED)
ANTENNA_2072/DIODE                      0.350000    0.377909   -0.027909 (VIOLATED)
ANTENNA_2071/DIODE                      0.350000    0.377908   -0.027908 (VIOLATED)
ANTENNA_2063/DIODE                      0.350000    0.377908   -0.027908 (VIOLATED)
ANTENNA_2070/DIODE                      0.350000    0.377908   -0.027908 (VIOLATED)
ANTENNA_2069/DIODE                      0.350000    0.377904   -0.027904 (VIOLATED)
ANTENNA_2068/DIODE                      0.350000    0.377904   -0.027904 (VIOLATED)
max_cap605/X                            0.350000    0.377767   -0.027767 (VIOLATED)
u_memory._342_/A1                       0.350000    0.377508   -0.027508 (VIOLATED)
ANTENNA_771/DIODE                       0.350000    0.377507   -0.027507 (VIOLATED)
ANTENNA_769/DIODE                       0.350000    0.377506   -0.027506 (VIOLATED)
ANTENNA_768/DIODE                       0.350000    0.377502   -0.027502 (VIOLATED)
ANTENNA_772/DIODE                       0.350000    0.377492   -0.027492 (VIOLATED)
ANTENNA_770/DIODE                       0.350000    0.377492   -0.027492 (VIOLATED)
max_cap500/X                            0.350000    0.377468   -0.027468 (VIOLATED)
u_memory.g_read[1].g_bank[1].g_slice[0].u_sram/din[4]    0.350000    0.377213   -0.027213 (VIOLATED)
u_memory._407_/B2                       0.350000    0.377142   -0.027142 (VIOLATED)
_114_/D                                 0.350000    0.377129   -0.027129 (VIOLATED)
input42/X                               0.350000    0.377105   -0.027105 (VIOLATED)
max_cap529/X                            0.350000    0.377076   -0.027076 (VIOLATED)
wire257/X                               0.350000    0.377010   -0.027010 (VIOLATED)
u_memory._383_/B2                       0.350000    0.376854   -0.026854 (VIOLATED)
fanout372/A                             0.350000    0.376803   -0.026803 (VIOLATED)
u_memory._429_/Q                        0.350000    0.376788   -0.026788 (VIOLATED)
u_memory._413_/B2                       0.350000    0.376672   -0.026672 (VIOLATED)
hold86/A                                0.350000    0.376462   -0.026462 (VIOLATED)
hold141/X                               0.350000    0.376438   -0.026438 (VIOLATED)
u_memory._401_/A1                       0.350000    0.376102   -0.026102 (VIOLATED)
ANTENNA_2687/DIODE                      0.350000    0.376024   -0.026024 (VIOLATED)
ANTENNA_2746/DIODE                      0.350000    0.376023   -0.026023 (VIOLATED)
ANTENNA_2764/DIODE                      0.350000    0.376023   -0.026023 (VIOLATED)
u_memory.g_read[1].g_bank[1].g_slice[0].u_sram/din[7]    0.350000    0.375967   -0.025967 (VIOLATED)
u_memory._416_/B2                       0.350000    0.375930   -0.025930 (VIOLATED)
u_memory._398_/B2                       0.350000    0.375882   -0.025882 (VIOLATED)
u_memory._392_/A1                       0.350000    0.375783   -0.025783 (VIOLATED)
u_memory._299_/A1                       0.350000    0.375509   -0.025509 (VIOLATED)
u_memory._287_/A1                       0.350000    0.375500   -0.025500 (VIOLATED)
u_memory._404_/B2                       0.350000    0.375269   -0.025269 (VIOLATED)
u_memory._407_/A1                       0.350000    0.375260   -0.025260 (VIOLATED)
u_memory._383_/A1                       0.350000    0.375208   -0.025208 (VIOLATED)
u_memory._275_/A1                       0.350000    0.375190   -0.025190 (VIOLATED)
u_memory._410_/B2                       0.350000    0.375064   -0.025064 (VIOLATED)
u_memory._350_/A2                       0.350000    0.375027   -0.025027 (VIOLATED)
u_memory._413_/A1                       0.350000    0.375009   -0.025009 (VIOLATED)
ANTENNA_697/DIODE                       0.350000    0.375009   -0.025009 (VIOLATED)
ANTENNA_699/DIODE                       0.350000    0.375001   -0.025001 (VIOLATED)
ANTENNA_698/DIODE                       0.350000    0.375001   -0.025001 (VIOLATED)
ANTENNA_700/DIODE                       0.350000    0.375001   -0.025001 (VIOLATED)
max_cap430/X                            0.350000    0.374860   -0.024860 (VIOLATED)
u_memory._263_/A1                       0.350000    0.374843   -0.024843 (VIOLATED)
u_memory._173_/Y                        0.350000    0.374817   -0.024817 (VIOLATED)
u_memory._416_/A1                       0.350000    0.374752   -0.024752 (VIOLATED)
u_memory._395_/B2                       0.350000    0.374549   -0.024549 (VIOLATED)
max_cap539/A                            0.350000    0.374527   -0.024527 (VIOLATED)
max_cap538/A                            0.350000    0.374521   -0.024521 (VIOLATED)
ANTENNA_1822/DIODE                      0.350000    0.374481   -0.024481 (VIOLATED)
ANTENNA_1821/DIODE                      0.350000    0.374481   -0.024481 (VIOLATED)
ANTENNA_1820/DIODE                      0.350000    0.374480   -0.024480 (VIOLATED)
ANTENNA_1829/DIODE                      0.350000    0.374469   -0.024469 (VIOLATED)
ANTENNA_1827/DIODE                      0.350000    0.374469   -0.024469 (VIOLATED)
ANTENNA_1824/DIODE                      0.350000    0.374434   -0.024434 (VIOLATED)
ANTENNA_1823/DIODE                      0.350000    0.374434   -0.024434 (VIOLATED)
ANTENNA_1825/DIODE                      0.350000    0.374433   -0.024433 (VIOLATED)
ANTENNA_1826/DIODE                      0.350000    0.374432   -0.024432 (VIOLATED)
ANTENNA_1828/DIODE                      0.350000    0.374429   -0.024429 (VIOLATED)
u_memory._398_/A1                       0.350000    0.374428   -0.024428 (VIOLATED)
ANTENNA_1830/DIODE                      0.350000    0.374428   -0.024428 (VIOLATED)
wire235/X                               0.350000    0.374426   -0.024426 (VIOLATED)
u_memory._380_/B2                       0.350000    0.374404   -0.024404 (VIOLATED)
fanout174/X                             0.350000    0.374313   -0.024313 (VIOLATED)
ANTENNA_2718/DIODE                      0.350000    0.374226   -0.024226 (VIOLATED)
_037_/D                                 0.350000    0.374081   -0.024081 (VIOLATED)
u_memory._339_/X                        0.350000    0.374045   -0.024045 (VIOLATED)
_092_/D                                 0.350000    0.374044   -0.024044 (VIOLATED)
max_cap490/X                            0.350000    0.373744   -0.023744 (VIOLATED)
input30/X                               0.350000    0.373734   -0.023734 (VIOLATED)
u_memory._404_/A1                       0.350000    0.373675   -0.023675 (VIOLATED)
wire425/X                               0.350000    0.373667   -0.023667 (VIOLATED)
ANTENNA_2569/DIODE                      0.350000    0.373472   -0.023472 (VIOLATED)
ANTENNA_2567/DIODE                      0.350000    0.373471   -0.023471 (VIOLATED)
ANTENNA_2563/DIODE                      0.350000    0.373471   -0.023471 (VIOLATED)
ANTENNA_2562/DIODE                      0.350000    0.373471   -0.023471 (VIOLATED)
ANTENNA_2571/DIODE                      0.350000    0.373459   -0.023459 (VIOLATED)
ANTENNA_2570/DIODE                      0.350000    0.373458   -0.023458 (VIOLATED)
ANTENNA_2568/DIODE                      0.350000    0.373458   -0.023458 (VIOLATED)
ANTENNA_2566/DIODE                      0.350000    0.373458   -0.023458 (VIOLATED)
ANTENNA_2565/DIODE                      0.350000    0.373457   -0.023457 (VIOLATED)
ANTENNA_2564/DIODE                      0.350000    0.373457   -0.023457 (VIOLATED)
ANTENNA_2561/DIODE                      0.350000    0.373456   -0.023456 (VIOLATED)
wire540/X                               0.350000    0.373391   -0.023391 (VIOLATED)
u_memory._410_/A1                       0.350000    0.373255   -0.023255 (VIOLATED)
u_memory.g_read[0].g_bank[2].g_slice[0].u_sram/din[8]    0.350000    0.373124   -0.023124 (VIOLATED)
u_memory._320_/A0                       0.350000    0.372966   -0.022966 (VIOLATED)
ANTENNA_2696/DIODE                      0.350000    0.372933   -0.022933 (VIOLATED)
output87/A                              0.350000    0.372860   -0.022860 (VIOLATED)
max_cap452/A                            0.350000    0.372837   -0.022837 (VIOLATED)
ANTENNA_1066/DIODE                      0.350000    0.372826   -0.022826 (VIOLATED)
ANTENNA_1065/DIODE                      0.350000    0.372820   -0.022820 (VIOLATED)
u_memory._248_/A1                       0.350000    0.372817   -0.022817 (VIOLATED)
ANTENNA_1067/DIODE                      0.350000    0.372813   -0.022813 (VIOLATED)
max_cap608/X                            0.350000    0.372764   -0.022764 (VIOLATED)
u_memory._395_/A1                       0.350000    0.372747   -0.022747 (VIOLATED)
u_memory._380_/A1                       0.350000    0.372600   -0.022600 (VIOLATED)
fanout204/X                             0.350000    0.372494   -0.022494 (VIOLATED)
hold13/X                                0.350000    0.372488   -0.022488 (VIOLATED)
wire332/X                               0.350000    0.372239   -0.022239 (VIOLATED)
u_memory._173_/A                        0.350000    0.371811   -0.021811 (VIOLATED)
ANTENNA_2659/DIODE                      0.350000    0.371720   -0.021720 (VIOLATED)
ANTENNA_2656/DIODE                      0.350000    0.371720   -0.021720 (VIOLATED)
ANTENNA_2653/DIODE                      0.350000    0.371720   -0.021720 (VIOLATED)
ANTENNA_2652/DIODE                      0.350000    0.371719   -0.021719 (VIOLATED)
ANTENNA_2651/DIODE                      0.350000    0.371719   -0.021719 (VIOLATED)
ANTENNA_2657/DIODE                      0.350000    0.371718   -0.021718 (VIOLATED)
ANTENNA_2654/DIODE                      0.350000    0.371717   -0.021717 (VIOLATED)
ANTENNA_2650/DIODE                      0.350000    0.371717   -0.021717 (VIOLATED)
ANTENNA_2649/DIODE                      0.350000    0.371717   -0.021717 (VIOLATED)
ANTENNA_2658/DIODE                      0.350000    0.371715   -0.021715 (VIOLATED)
ANTENNA_2655/DIODE                      0.350000    0.371715   -0.021715 (VIOLATED)
wire442/A                               0.350000    0.371701   -0.021701 (VIOLATED)
u_memory._204_/B                        0.350000    0.371676   -0.021676 (VIOLATED)
max_cap444/A                            0.350000    0.371623   -0.021623 (VIOLATED)
u_memory._319_/A0                       0.350000    0.371604   -0.021604 (VIOLATED)
max_cap443/A                            0.350000    0.371601   -0.021601 (VIOLATED)
ANTENNA_2697/DIODE                      0.350000    0.371587   -0.021587 (VIOLATED)
hold104/X                               0.350000    0.371437   -0.021437 (VIOLATED)
ANTENNA_18/DIODE                        0.350000    0.371223   -0.021223 (VIOLATED)
_025_/D                                 0.350000    0.371223   -0.021223 (VIOLATED)
u_memory._282_/X                        0.350000    0.371189   -0.021189 (VIOLATED)
output135/A                             0.350000    0.371132   -0.021132 (VIOLATED)
_009_/Q                                 0.350000    0.371096   -0.021096 (VIOLATED)
max_cap621/X                            0.350000    0.371075   -0.021075 (VIOLATED)
u_memory._203_/A_N                      0.350000    0.370977   -0.020977 (VIOLATED)
_087_/D                                 0.350000    0.370920   -0.020920 (VIOLATED)
u_memory.g_read[1].g_bank[2].g_slice[0].u_sram/din[6]    0.350000    0.370907   -0.020907 (VIOLATED)
input13/X                               0.350000    0.370858   -0.020858 (VIOLATED)
u_memory._207_/B                        0.350000    0.370244   -0.020244 (VIOLATED)
u_memory.g_read[0].g_bank[0].g_slice[0].u_sram/wmask[1]    0.350000    0.370219   -0.020219 (VIOLATED)
u_memory._206_/B                        0.350000    0.369927   -0.019927 (VIOLATED)
ANTENNA_1765/DIODE                      0.350000    0.369771   -0.019771 (VIOLATED)
ANTENNA_1775/DIODE                      0.350000    0.369770   -0.019770 (VIOLATED)
ANTENNA_1774/DIODE                      0.350000    0.369770   -0.019770 (VIOLATED)
ANTENNA_1772/DIODE                      0.350000    0.369770   -0.019770 (VIOLATED)
ANTENNA_1770/DIODE                      0.350000    0.369769   -0.019769 (VIOLATED)
ANTENNA_1773/DIODE                      0.350000    0.369767   -0.019767 (VIOLATED)
ANTENNA_1771/DIODE                      0.350000    0.369767   -0.019767 (VIOLATED)
ANTENNA_1769/DIODE                      0.350000    0.369767   -0.019767 (VIOLATED)
ANTENNA_1767/DIODE                      0.350000    0.369767   -0.019767 (VIOLATED)
ANTENNA_1768/DIODE                      0.350000    0.369766   -0.019766 (VIOLATED)
ANTENNA_1766/DIODE                      0.350000    0.369756   -0.019756 (VIOLATED)
u_memory._311_/A1                       0.350000    0.369530   -0.019530 (VIOLATED)
u_memory._264_/A1                       0.350000    0.369421   -0.019421 (VIOLATED)
u_memory._266_/C1                       0.350000    0.369338   -0.019338 (VIOLATED)
u_memory.g_read[0].g_bank[1].g_slice[0].u_sram/wmask[1]    0.350000    0.369329   -0.019329 (VIOLATED)
u_memory._260_/C1                       0.350000    0.369320   -0.019320 (VIOLATED)
fanout185/A                             0.350000    0.369311   -0.019311 (VIOLATED)
u_memory._272_/C1                       0.350000    0.369280   -0.019280 (VIOLATED)
hold161/X                               0.350000    0.369277   -0.019276 (VIOLATED)
u_memory._278_/C1                       0.350000    0.369090   -0.019090 (VIOLATED)
ANTENNA_1377/DIODE                      0.350000    0.369078   -0.019078 (VIOLATED)
ANTENNA_1382/DIODE                      0.350000    0.369076   -0.019076 (VIOLATED)
ANTENNA_1378/DIODE                      0.350000    0.369075   -0.019075 (VIOLATED)
ANTENNA_1386/DIODE                      0.350000    0.369038   -0.019038 (VIOLATED)
ANTENNA_1384/DIODE                      0.350000    0.369037   -0.019037 (VIOLATED)
ANTENNA_1383/DIODE                      0.350000    0.369037   -0.019037 (VIOLATED)
ANTENNA_1379/DIODE                      0.350000    0.369037   -0.019037 (VIOLATED)
ANTENNA_1380/DIODE                      0.350000    0.369035   -0.019035 (VIOLATED)
ANTENNA_1381/DIODE                      0.350000    0.369033   -0.019033 (VIOLATED)
max_cap481/X                            0.350000    0.368998   -0.018998 (VIOLATED)
ANTENNA_1385/DIODE                      0.350000    0.368984   -0.018984 (VIOLATED)
ANTENNA_1387/DIODE                      0.350000    0.368983   -0.018983 (VIOLATED)
u_memory._269_/C1                       0.350000    0.368963   -0.018963 (VIOLATED)
u_memory._372_/A1                       0.350000    0.368951   -0.018951 (VIOLATED)
ANTENNA_851/DIODE                       0.350000    0.368909   -0.018909 (VIOLATED)
u_memory._284_/C1                       0.350000    0.368906   -0.018906 (VIOLATED)
ANTENNA_853/DIODE                       0.350000    0.368903   -0.018903 (VIOLATED)
ANTENNA_850/DIODE                       0.350000    0.368901   -0.018901 (VIOLATED)
ANTENNA_852/DIODE                       0.350000    0.368885   -0.018885 (VIOLATED)
_023_/Q                                 0.350000    0.368788   -0.018788 (VIOLATED)
wire278/X                               0.350000    0.368378   -0.018378 (VIOLATED)
wire453/X                               0.350000    0.368293   -0.018293 (VIOLATED)
max_cap420/X                            0.350000    0.368289   -0.018289 (VIOLATED)
wire154/A                               0.350000    0.368125   -0.018125 (VIOLATED)
u_memory._180_/Y                        0.350000    0.368122   -0.018122 (VIOLATED)
u_memory._290_/C1                       0.350000    0.367942   -0.017942 (VIOLATED)
u_memory._296_/C1                       0.350000    0.367885   -0.017885 (VIOLATED)
u_memory._281_/C1                       0.350000    0.367873   -0.017873 (VIOLATED)
u_memory._302_/C1                       0.350000    0.367868   -0.017868 (VIOLATED)
ANTENNA_1354/DIODE                      0.350000    0.367848   -0.017848 (VIOLATED)
ANTENNA_1353/DIODE                      0.350000    0.367848   -0.017848 (VIOLATED)
u_memory._278_/A1                       0.350000    0.367847   -0.017847 (VIOLATED)
ANTENNA_1036/DIODE                      0.350000    0.367843   -0.017843 (VIOLATED)
ANTENNA_1034/DIODE                      0.350000    0.367842   -0.017842 (VIOLATED)
ANTENNA_1352/DIODE                      0.350000    0.367840   -0.017840 (VIOLATED)
ANTENNA_1345/DIODE                      0.350000    0.367840   -0.017840 (VIOLATED)
ANTENNA_1349/DIODE                      0.350000    0.367839   -0.017839 (VIOLATED)
ANTENNA_1035/DIODE                      0.350000    0.367839   -0.017839 (VIOLATED)
ANTENNA_1346/DIODE                      0.350000    0.367839   -0.017839 (VIOLATED)
ANTENNA_1348/DIODE                      0.350000    0.367839   -0.017839 (VIOLATED)
ANTENNA_1347/DIODE                      0.350000    0.367839   -0.017839 (VIOLATED)
ANTENNA_1037/DIODE                      0.350000    0.367837   -0.017837 (VIOLATED)
ANTENNA_1344/DIODE                      0.350000    0.367831   -0.017831 (VIOLATED)
fanout186/X                             0.350000    0.367826   -0.017826 (VIOLATED)
ANTENNA_1350/DIODE                      0.350000    0.367767   -0.017767 (VIOLATED)
ANTENNA_1351/DIODE                      0.350000    0.367764   -0.017764 (VIOLATED)
u_memory._235_/B                        0.350000    0.367707   -0.017707 (VIOLATED)
ANTENNA_1842/DIODE                      0.350000    0.367564   -0.017564 (VIOLATED)
ANTENNA_1852/DIODE                      0.350000    0.367563   -0.017563 (VIOLATED)
ANTENNA_1850/DIODE                      0.350000    0.367563   -0.017563 (VIOLATED)
ANTENNA_1848/DIODE                      0.350000    0.367563   -0.017563 (VIOLATED)
ANTENNA_1844/DIODE                      0.350000    0.367548   -0.017548 (VIOLATED)
ANTENNA_1846/DIODE                      0.350000    0.367547   -0.017547 (VIOLATED)
ANTENNA_1847/DIODE                      0.350000    0.367546   -0.017546 (VIOLATED)
ANTENNA_1851/DIODE                      0.350000    0.367546   -0.017546 (VIOLATED)
ANTENNA_1849/DIODE                      0.350000    0.367546   -0.017546 (VIOLATED)
u_memory._252_/B1                       0.350000    0.367524   -0.017524 (VIOLATED)
ANTENNA_78/DIODE                        0.350000    0.367521   -0.017521 (VIOLATED)
ANTENNA_77/DIODE                        0.350000    0.367519   -0.017519 (VIOLATED)
ANTENNA_79/DIODE                        0.350000    0.367515   -0.017515 (VIOLATED)
ANTENNA_1845/DIODE                      0.350000    0.367512   -0.017512 (VIOLATED)
ANTENNA_1843/DIODE                      0.350000    0.367511   -0.017511 (VIOLATED)
ANTENNA_2007/DIODE                      0.350000    0.367503   -0.017503 (VIOLATED)
ANTENNA_2008/DIODE                      0.350000    0.367465   -0.017465 (VIOLATED)
ANTENNA_2009/DIODE                      0.350000    0.367463   -0.017463 (VIOLATED)
ANTENNA_2010/DIODE                      0.350000    0.367461   -0.017461 (VIOLATED)
ANTENNA_2011/DIODE                      0.350000    0.367458   -0.017458 (VIOLATED)
ANTENNA_2012/DIODE                      0.350000    0.367457   -0.017457 (VIOLATED)
ANTENNA_2015/DIODE                      0.350000    0.367432   -0.017432 (VIOLATED)
ANTENNA_2014/DIODE                      0.350000    0.367431   -0.017431 (VIOLATED)
ANTENNA_2013/DIODE                      0.350000    0.367431   -0.017431 (VIOLATED)
ANTENNA_2016/DIODE                      0.350000    0.367416   -0.017416 (VIOLATED)
ANTENNA_2017/DIODE                      0.350000    0.367415   -0.017415 (VIOLATED)
wire323/X                               0.350000    0.367344   -0.017344 (VIOLATED)
u_memory._310_/A1                       0.350000    0.367309   -0.017309 (VIOLATED)
u_memory._262_/B                        0.350000    0.367220   -0.017220 (VIOLATED)
max_cap415/X                            0.350000    0.367162   -0.017162 (VIOLATED)
u_memory._250_/X                        0.350000    0.367156   -0.017156 (VIOLATED)
hold165/X                               0.350000    0.367083   -0.017083 (VIOLATED)
u_memory.g_read[0].g_bank[2].g_slice[0].u_sram/addr[7]    0.350000    0.366922   -0.016922 (VIOLATED)
ANTENNA_728/DIODE                       0.350000    0.366912   -0.016912 (VIOLATED)
ANTENNA_726/DIODE                       0.350000    0.366912   -0.016912 (VIOLATED)
u_memory._377_/A2                       0.350000    0.366906   -0.016906 (VIOLATED)
ANTENNA_727/DIODE                       0.350000    0.366899   -0.016899 (VIOLATED)
ANTENNA_725/DIODE                       0.350000    0.366896   -0.016896 (VIOLATED)
max_cap494/X                            0.350000    0.366835   -0.016835 (VIOLATED)
u_memory.g_read[0].g_bank[3].g_slice[0].u_sram/addr[7]    0.350000    0.366804   -0.016804 (VIOLATED)
max_cap520/X                            0.350000    0.366743   -0.016743 (VIOLATED)
u_memory._212_/B1                       0.350000    0.366594   -0.016594 (VIOLATED)
ANTENNA_37/DIODE                        0.350000    0.366585   -0.016585 (VIOLATED)
ANTENNA_39/DIODE                        0.350000    0.366580   -0.016580 (VIOLATED)
ANTENNA_38/DIODE                        0.350000    0.366573   -0.016573 (VIOLATED)
fanout374/A                             0.350000    0.366556   -0.016556 (VIOLATED)
wire244/X                               0.350000    0.366454   -0.016454 (VIOLATED)
u_memory._210_/X                        0.350000    0.366202   -0.016202 (VIOLATED)
max_cap550/A                            0.350000    0.365706   -0.015706 (VIOLATED)
wire398/A                               0.350000    0.365631   -0.015631 (VIOLATED)
u_memory._402_/B1                       0.350000    0.365406   -0.015406 (VIOLATED)
ANTENNA_200/DIODE                       0.350000    0.365400   -0.015400 (VIOLATED)
max_cap556/X                            0.350000    0.365187   -0.015187 (VIOLATED)
_019_/D                                 0.350000    0.365099   -0.015099 (VIOLATED)
u_memory._400_/X                        0.350000    0.365099   -0.015099 (VIOLATED)
max_cap399/A                            0.350000    0.364666   -0.014666 (VIOLATED)
ANTENNA_1717/DIODE                      0.350000    0.364582   -0.014582 (VIOLATED)
ANTENNA_1716/DIODE                      0.350000    0.364581   -0.014581 (VIOLATED)
ANTENNA_1715/DIODE                      0.350000    0.364581   -0.014581 (VIOLATED)
ANTENNA_1710/DIODE                      0.350000    0.364581   -0.014581 (VIOLATED)
ANTENNA_1714/DIODE                      0.350000    0.364581   -0.014581 (VIOLATED)
ANTENNA_1720/DIODE                      0.350000    0.364581   -0.014581 (VIOLATED)
ANTENNA_1719/DIODE                      0.350000    0.364581   -0.014581 (VIOLATED)
ANTENNA_1713/DIODE                      0.350000    0.364580   -0.014580 (VIOLATED)
ANTENNA_1718/DIODE                      0.350000    0.364580   -0.014580 (VIOLATED)
ANTENNA_1712/DIODE                      0.350000    0.364572   -0.014572 (VIOLATED)
ANTENNA_1711/DIODE                      0.350000    0.364572   -0.014572 (VIOLATED)
ANTENNA_2359/DIODE                      0.350000    0.364443   -0.014443 (VIOLATED)
ANTENNA_2358/DIODE                      0.350000    0.364436   -0.014436 (VIOLATED)
ANTENNA_2357/DIODE                      0.350000    0.364436   -0.014436 (VIOLATED)
ANTENNA_2355/DIODE                      0.350000    0.364436   -0.014436 (VIOLATED)
ANTENNA_2353/DIODE                      0.350000    0.364435   -0.014435 (VIOLATED)
ANTENNA_2352/DIODE                      0.350000    0.364435   -0.014435 (VIOLATED)
ANTENNA_2351/DIODE                      0.350000    0.364434   -0.014434 (VIOLATED)
ANTENNA_2350/DIODE                      0.350000    0.364431   -0.014431 (VIOLATED)
u_memory._294_/B1                       0.350000    0.364393   -0.014393 (VIOLATED)
ANTENNA_122/DIODE                       0.350000    0.364390   -0.014390 (VIOLATED)
ANTENNA_121/DIODE                       0.350000    0.364389   -0.014389 (VIOLATED)
ANTENNA_119/DIODE                       0.350000    0.364389   -0.014389 (VIOLATED)
ANTENNA_120/DIODE                       0.350000    0.364385   -0.014385 (VIOLATED)
ANTENNA_2354/DIODE                      0.350000    0.364372   -0.014372 (VIOLATED)
ANTENNA_2356/DIODE                      0.350000    0.364369   -0.014369 (VIOLATED)
ANTENNA_2360/DIODE                      0.350000    0.364365   -0.014365 (VIOLATED)
u_memory._292_/X                        0.350000    0.364078   -0.014078 (VIOLATED)
wire400/X                               0.350000    0.364041   -0.014041 (VIOLATED)
u_memory._291_/B1                       0.350000    0.364020   -0.014020 (VIOLATED)
ANTENNA_118/DIODE                       0.350000    0.364017   -0.014017 (VIOLATED)
ANTENNA_116/DIODE                       0.350000    0.364015   -0.014015 (VIOLATED)
ANTENNA_117/DIODE                       0.350000    0.364013   -0.014013 (VIOLATED)
u_memory._276_/A1                       0.350000    0.363961   -0.013961 (VIOLATED)
max_cap473/X                            0.350000    0.363883   -0.013883 (VIOLATED)
max_cap574/X                            0.350000    0.363694   -0.013694 (VIOLATED)
max_cap503/A                            0.350000    0.363664   -0.013664 (VIOLATED)
max_cap504/A                            0.350000    0.363657   -0.013657 (VIOLATED)
u_memory._289_/X                        0.350000    0.363654   -0.013654 (VIOLATED)
u_memory._344_/A2                       0.350000    0.363362   -0.013362 (VIOLATED)
ANTENNA_707/DIODE                       0.350000    0.363348   -0.013348 (VIOLATED)
ANTENNA_705/DIODE                       0.350000    0.363347   -0.013347 (VIOLATED)
ANTENNA_706/DIODE                       0.350000    0.363344   -0.013344 (VIOLATED)
u_memory._250_/C                        0.350000    0.363049   -0.013049 (VIOLATED)
ANTENNA_980/DIODE                       0.350000    0.363044   -0.013044 (VIOLATED)
ANTENNA_978/DIODE                       0.350000    0.363042   -0.013042 (VIOLATED)
ANTENNA_979/DIODE                       0.350000    0.363039   -0.013039 (VIOLATED)
ANTENNA_981/DIODE                       0.350000    0.363037   -0.013037 (VIOLATED)
wire237/X                               0.350000    0.362828   -0.012828 (VIOLATED)
u_memory._423_/B2                       0.350000    0.362774   -0.012774 (VIOLATED)
fanout375/X                             0.350000    0.362712   -0.012711 (VIOLATED)
wire505/X                               0.350000    0.362472   -0.012472 (VIOLATED)
wire309/X                               0.350000    0.362448   -0.012448 (VIOLATED)
max_cap160/A                            0.350000    0.362441   -0.012441 (VIOLATED)
max_cap159/A                            0.350000    0.362328   -0.012328 (VIOLATED)
hold202/X                               0.350000    0.362280   -0.012280 (VIOLATED)
hold208/X                               0.350000    0.362117   -0.012117 (VIOLATED)
u_memory._264_/X                        0.350000    0.361866   -0.011866 (VIOLATED)
ANTENNA_2227/DIODE                      0.350000    0.361542   -0.011542 (VIOLATED)
ANTENNA_2236/DIODE                      0.350000    0.361526   -0.011526 (VIOLATED)
ANTENNA_2235/DIODE                      0.350000    0.361526   -0.011526 (VIOLATED)
ANTENNA_2234/DIODE                      0.350000    0.361525   -0.011525 (VIOLATED)
ANTENNA_2228/DIODE                      0.350000    0.361515   -0.011515 (VIOLATED)
ANTENNA_2229/DIODE                      0.350000    0.361514   -0.011514 (VIOLATED)
ANTENNA_2230/DIODE                      0.350000    0.361513   -0.011513 (VIOLATED)
ANTENNA_2231/DIODE                      0.350000    0.361511   -0.011511 (VIOLATED)
ANTENNA_2232/DIODE                      0.350000    0.361508   -0.011508 (VIOLATED)
ANTENNA_2237/DIODE                      0.350000    0.361505   -0.011505 (VIOLATED)
ANTENNA_2233/DIODE                      0.350000    0.361442   -0.011442 (VIOLATED)
u_memory.g_read[1].g_bank[2].g_slice[0].u_sram/din[24]    0.350000    0.361234   -0.011234 (VIOLATED)
output90/A                              0.350000    0.361085   -0.011085 (VIOLATED)
max_cap555/X                            0.350000    0.360836   -0.010836 (VIOLATED)
_026_/Q                                 0.350000    0.360761   -0.010761 (VIOLATED)
ANTENNA_1911/DIODE                      0.350000    0.360292   -0.010292 (VIOLATED)
ANTENNA_1910/DIODE                      0.350000    0.360291   -0.010291 (VIOLATED)
ANTENNA_1917/DIODE                      0.350000    0.360286   -0.010286 (VIOLATED)
ANTENNA_1915/DIODE                      0.350000    0.360285   -0.010285 (VIOLATED)
ANTENNA_1913/DIODE                      0.350000    0.360285   -0.010285 (VIOLATED)
ANTENNA_1909/DIODE                      0.350000    0.360285   -0.010285 (VIOLATED)
ANTENNA_1912/DIODE                      0.350000    0.360285   -0.010285 (VIOLATED)
ANTENNA_1908/DIODE                      0.350000    0.360282   -0.010282 (VIOLATED)
ANTENNA_1918/DIODE                      0.350000    0.360269   -0.010269 (VIOLATED)
ANTENNA_1916/DIODE                      0.350000    0.360269   -0.010269 (VIOLATED)
ANTENNA_1914/DIODE                      0.350000    0.360269   -0.010269 (VIOLATED)
u_memory._354_/A1                       0.350000    0.360246   -0.010246 (VIOLATED)
ANTENNA_756/DIODE                       0.350000    0.360245   -0.010245 (VIOLATED)
ANTENNA_755/DIODE                       0.350000    0.360243   -0.010243 (VIOLATED)
ANTENNA_754/DIODE                       0.350000    0.360234   -0.010234 (VIOLATED)
ANTENNA_757/DIODE                       0.350000    0.360229   -0.010229 (VIOLATED)
_075_/D                                 0.350000    0.360137   -0.010137 (VIOLATED)
ANTENNA_212/DIODE                       0.350000    0.360137   -0.010137 (VIOLATED)
u_memory.g_read[1].g_bank[2].g_slice[0].u_sram/clk    0.350000    0.360130   -0.010130 (VIOLATED)
input21/X                               0.350000    0.360111   -0.010111 (VIOLATED)
wire253/X                               0.350000    0.359786   -0.009786 (VIOLATED)
max_cap504/X                            0.350000    0.359649   -0.009649 (VIOLATED)
u_memory._324_/C                        0.350000    0.359506   -0.009506 (VIOLATED)
ANTENNA_692/DIODE                       0.350000    0.359501   -0.009501 (VIOLATED)
ANTENNA_690/DIODE                       0.350000    0.359500   -0.009500 (VIOLATED)
ANTENNA_691/DIODE                       0.350000    0.359487   -0.009487 (VIOLATED)
ANTENNA_693/DIODE                       0.350000    0.359475   -0.009475 (VIOLATED)
u_memory._221_/A1                       0.350000    0.359461   -0.009461 (VIOLATED)
ANTENNA_1105/DIODE                      0.350000    0.359450   -0.009450 (VIOLATED)
ANTENNA_1106/DIODE                      0.350000    0.359448   -0.009448 (VIOLATED)
ANTENNA_1108/DIODE                      0.350000    0.359448   -0.009448 (VIOLATED)
wire354/X                               0.350000    0.359432   -0.009432 (VIOLATED)
ANTENNA_1107/DIODE                      0.350000    0.359428   -0.009428 (VIOLATED)
_033_/D                                 0.350000    0.359376   -0.009376 (VIOLATED)
ANTENNA_1391/DIODE                      0.350000    0.359358   -0.009358 (VIOLATED)
ANTENNA_1392/DIODE                      0.350000    0.359357   -0.009357 (VIOLATED)
ANTENNA_1393/DIODE                      0.350000    0.359357   -0.009357 (VIOLATED)
ANTENNA_1394/DIODE                      0.350000    0.359357   -0.009357 (VIOLATED)
ANTENNA_1395/DIODE                      0.350000    0.359356   -0.009356 (VIOLATED)
ANTENNA_1388/DIODE                      0.350000    0.359351   -0.009351 (VIOLATED)
ANTENNA_1389/DIODE                      0.350000    0.359350   -0.009350 (VIOLATED)
u_memory._327_/X                        0.350000    0.359348   -0.009348 (VIOLATED)
ANTENNA_1390/DIODE                      0.350000    0.359293   -0.009293 (VIOLATED)
ANTENNA_1398/DIODE                      0.350000    0.359291   -0.009291 (VIOLATED)
ANTENNA_1397/DIODE                      0.350000    0.359291   -0.009291 (VIOLATED)
ANTENNA_1396/DIODE                      0.350000    0.359291   -0.009291 (VIOLATED)
u_memory.g_read[1].g_bank[1].g_slice[0].u_sram/din[16]    0.350000    0.359287   -0.009287 (VIOLATED)
u_memory._220_/A2                       0.350000    0.359073   -0.009073 (VIOLATED)
ANTENNA_1021/DIODE                      0.350000    0.359073   -0.009073 (VIOLATED)
ANTENNA_1018/DIODE                      0.350000    0.359063   -0.009063 (VIOLATED)
ANTENNA_1019/DIODE                      0.350000    0.359062   -0.009062 (VIOLATED)
u_memory._289_/C                        0.350000    0.359061   -0.009061 (VIOLATED)
ANTENNA_1020/DIODE                      0.350000    0.359059   -0.009059 (VIOLATED)
ANTENNA_930/DIODE                       0.350000    0.359057   -0.009057 (VIOLATED)
ANTENNA_928/DIODE                       0.350000    0.359055   -0.009055 (VIOLATED)
ANTENNA_929/DIODE                       0.350000    0.359053   -0.009053 (VIOLATED)
ANTENNA_931/DIODE                       0.350000    0.359051   -0.009051 (VIOLATED)
wire342/X                               0.350000    0.359039   -0.009039 (VIOLATED)
wire233/X                               0.350000    0.359007   -0.009007 (VIOLATED)
u_memory.g_read[0].g_bank[2].g_slice[0].u_sram/addr[5]    0.350000    0.358932   -0.008932 (VIOLATED)
u_memory.g_read[0].g_bank[3].g_slice[0].u_sram/addr[5]    0.350000    0.358839   -0.008839 (VIOLATED)
ANTENNA_1533/DIODE                      0.350000    0.358788   -0.008788 (VIOLATED)
ANTENNA_1543/DIODE                      0.350000    0.358788   -0.008788 (VIOLATED)
ANTENNA_1542/DIODE                      0.350000    0.358787   -0.008787 (VIOLATED)
ANTENNA_1541/DIODE                      0.350000    0.358787   -0.008787 (VIOLATED)
ANTENNA_1540/DIODE                      0.350000    0.358787   -0.008787 (VIOLATED)
ANTENNA_1537/DIODE                      0.350000    0.358769   -0.008769 (VIOLATED)
ANTENNA_1535/DIODE                      0.350000    0.358769   -0.008769 (VIOLATED)
ANTENNA_1538/DIODE                      0.350000    0.358768   -0.008768 (VIOLATED)
ANTENNA_1539/DIODE                      0.350000    0.358767   -0.008767 (VIOLATED)
ANTENNA_1536/DIODE                      0.350000    0.358732   -0.008732 (VIOLATED)
ANTENNA_1534/DIODE                      0.350000    0.358732   -0.008732 (VIOLATED)
ANTENNA_2619/DIODE                      0.350000    0.358667   -0.008667 (VIOLATED)
ANTENNA_2626/DIODE                      0.350000    0.358662   -0.008662 (VIOLATED)
ANTENNA_2618/DIODE                      0.350000    0.358661   -0.008661 (VIOLATED)
ANTENNA_2616/DIODE                      0.350000    0.358660   -0.008660 (VIOLATED)
ANTENNA_2624/DIODE                      0.350000    0.358626   -0.008626 (VIOLATED)
ANTENNA_2622/DIODE                      0.350000    0.358626   -0.008626 (VIOLATED)
ANTENNA_2617/DIODE                      0.350000    0.358618   -0.008618 (VIOLATED)
ANTENNA_2620/DIODE                      0.350000    0.358618   -0.008618 (VIOLATED)
ANTENNA_2621/DIODE                      0.350000    0.358617   -0.008617 (VIOLATED)
ANTENNA_2623/DIODE                      0.350000    0.358615   -0.008615 (VIOLATED)
ANTENNA_2625/DIODE                      0.350000    0.358612   -0.008612 (VIOLATED)
wire296/X                               0.350000    0.358610   -0.008610 (VIOLATED)
wire319/X                               0.350000    0.358605   -0.008605 (VIOLATED)
max_cap422/X                            0.350000    0.358557   -0.008557 (VIOLATED)
_011_/D                                 0.350000    0.358405   -0.008405 (VIOLATED)
ANTENNA_10/DIODE                        0.350000    0.358401   -0.008401 (VIOLATED)
u_memory.g_read[1].g_bank[1].g_slice[0].u_sram/clk    0.350000    0.358400   -0.008400 (VIOLATED)
max_cap445/X                            0.350000    0.358156   -0.008156 (VIOLATED)
u_memory._240_/X                        0.350000    0.358091   -0.008091 (VIOLATED)
max_cap616/X                            0.350000    0.357966   -0.007966 (VIOLATED)
wire418/A                               0.350000    0.357829   -0.007829 (VIOLATED)
u_memory.g_read[0].g_bank[2].g_slice[0].u_sram/addr[6]    0.350000    0.357717   -0.007717 (VIOLATED)
u_memory.g_read[0].g_bank[3].g_slice[0].u_sram/addr[6]    0.350000    0.357632   -0.007632 (VIOLATED)
u_memory._384_/B2                       0.350000    0.357562   -0.007562 (VIOLATED)
max_cap419/A                            0.350000    0.357516   -0.007516 (VIOLATED)
u_memory._383_/X                        0.350000    0.357516   -0.007516 (VIOLATED)
ANTENNA_2319/DIODE                      0.350000    0.357355   -0.007355 (VIOLATED)
ANTENNA_2320/DIODE                      0.350000    0.357354   -0.007354 (VIOLATED)
ANTENNA_2321/DIODE                      0.350000    0.357354   -0.007354 (VIOLATED)
ANTENNA_2322/DIODE                      0.350000    0.357354   -0.007354 (VIOLATED)
ANTENNA_2326/DIODE                      0.350000    0.357354   -0.007354 (VIOLATED)
ANTENNA_2324/DIODE                      0.350000    0.357353   -0.007353 (VIOLATED)
ANTENNA_2317/DIODE                      0.350000    0.357311   -0.007311 (VIOLATED)
ANTENNA_2318/DIODE                      0.350000    0.357309   -0.007309 (VIOLATED)
ANTENNA_2323/DIODE                      0.350000    0.357306   -0.007306 (VIOLATED)
ANTENNA_2325/DIODE                      0.350000    0.357303   -0.007303 (VIOLATED)
ANTENNA_2327/DIODE                      0.350000    0.357302   -0.007302 (VIOLATED)
u_memory._208_/B2                       0.350000    0.357080   -0.007080 (VIOLATED)
u_memory._211_/B2                       0.350000    0.357067   -0.007067 (VIOLATED)
u_memory._220_/B2                       0.350000    0.357039   -0.007039 (VIOLATED)
u_memory._217_/B2                       0.350000    0.356981   -0.006981 (VIOLATED)
u_memory._223_/B2                       0.350000    0.356889   -0.006889 (VIOLATED)
u_memory._229_/B2                       0.350000    0.356866   -0.006866 (VIOLATED)
u_memory.g_read[0].g_bank[1].g_slice[0].u_sram/clk    0.350000    0.356865   -0.006865 (VIOLATED)
u_memory._234_/B                        0.350000    0.356799   -0.006799 (VIOLATED)
u_memory._245_/B2                       0.350000    0.356788   -0.006788 (VIOLATED)
u_memory._232_/B2                       0.350000    0.356786   -0.006786 (VIOLATED)
u_memory._242_/B2                       0.350000    0.356780   -0.006780 (VIOLATED)
u_memory._248_/B2                       0.350000    0.356773   -0.006773 (VIOLATED)
u_memory._254_/B2                       0.350000    0.356771   -0.006771 (VIOLATED)
_036_/D                                 0.350000    0.356754   -0.006754 (VIOLATED)
u_memory._336_/X                        0.350000    0.356730   -0.006730 (VIOLATED)
u_memory._257_/B2                       0.350000    0.356708   -0.006708 (VIOLATED)
max_cap569/X                            0.350000    0.356700   -0.006700 (VIOLATED)
u_memory.g_read[1].g_bank[3].g_slice[0].u_sram/clk    0.350000    0.356567   -0.006567 (VIOLATED)
u_memory._260_/B2                       0.350000    0.356521   -0.006520 (VIOLATED)
u_memory._266_/B2                       0.350000    0.356421   -0.006421 (VIOLATED)
output98/A                              0.350000    0.356387   -0.006387 (VIOLATED)
_033_/Q                                 0.350000    0.356366   -0.006366 (VIOLATED)
u_memory.g_read[0].g_bank[3].g_slice[0].u_sram/clk    0.350000    0.356301   -0.006301 (VIOLATED)
u_memory.g_read[0].g_bank[2].g_slice[0].u_sram/clk    0.350000    0.356217   -0.006217 (VIOLATED)
u_memory.g_read[1].g_bank[1].g_slice[0].u_sram/din[17]    0.350000    0.356125   -0.006125 (VIOLATED)
u_memory.g_read[1].g_bank[3].g_slice[0].u_sram/din[27]    0.350000    0.356027   -0.006027 (VIOLATED)
u_memory._269_/B2                       0.350000    0.356013   -0.006013 (VIOLATED)
fanout189/X                             0.350000    0.356010   -0.006010 (VIOLATED)
u_memory._295_/C                        0.350000    0.356009   -0.006009 (VIOLATED)
ANTENNA_923/DIODE                       0.350000    0.356005   -0.006005 (VIOLATED)
ANTENNA_920/DIODE                       0.350000    0.356002   -0.006002 (VIOLATED)
ANTENNA_921/DIODE                       0.350000    0.356000   -0.006000 (VIOLATED)
ANTENNA_922/DIODE                       0.350000    0.355998   -0.005998 (VIOLATED)
u_memory._303_/B2                       0.350000    0.355676   -0.005676 (VIOLATED)
u_memory._302_/X                        0.350000    0.355631   -0.005631 (VIOLATED)
wire294/X                               0.350000    0.355499   -0.005499 (VIOLATED)
u_memory._285_/B2                       0.350000    0.355458   -0.005458 (VIOLATED)
ANTENNA_111/DIODE                       0.350000    0.355450   -0.005450 (VIOLATED)
ANTENNA_109/DIODE                       0.350000    0.355449   -0.005449 (VIOLATED)
ANTENNA_110/DIODE                       0.350000    0.355446   -0.005446 (VIOLATED)
ANTENNA_1337/DIODE                      0.350000    0.355286   -0.005286 (VIOLATED)
ANTENNA_1341/DIODE                      0.350000    0.355279   -0.005279 (VIOLATED)
ANTENNA_1339/DIODE                      0.350000    0.355279   -0.005279 (VIOLATED)
ANTENNA_1338/DIODE                      0.350000    0.355278   -0.005278 (VIOLATED)
ANTENNA_1335/DIODE                      0.350000    0.355278   -0.005278 (VIOLATED)
ANTENNA_1332/DIODE                      0.350000    0.355278   -0.005278 (VIOLATED)
ANTENNA_1336/DIODE                      0.350000    0.355278   -0.005278 (VIOLATED)
ANTENNA_1333/DIODE                      0.350000    0.355276   -0.005276 (VIOLATED)
ANTENNA_1331/DIODE                      0.350000    0.355276   -0.005276 (VIOLATED)
ANTENNA_1340/DIODE                      0.350000    0.355259   -0.005259 (VIOLATED)
ANTENNA_1334/DIODE                      0.350000    0.355258   -0.005258 (VIOLATED)
u_memory._223_/A2                       0.350000    0.355227   -0.005227 (VIOLATED)
ANTENNA_1017/DIODE                      0.350000    0.355224   -0.005224 (VIOLATED)
ANTENNA_1015/DIODE                      0.350000    0.355223   -0.005223 (VIOLATED)
ANTENNA_1013/DIODE                      0.350000    0.355222   -0.005222 (VIOLATED)
ANTENNA_1014/DIODE                      0.350000    0.355219   -0.005219 (VIOLATED)
ANTENNA_1016/DIODE                      0.350000    0.355217   -0.005217 (VIOLATED)
u_memory.g_read[0].g_bank[2].g_slice[0].u_sram/addr[2]    0.350000    0.355213   -0.005213 (VIOLATED)
u_memory._283_/X                        0.350000    0.355177   -0.005177 (VIOLATED)
ANTENNA_1838/DIODE                      0.350000    0.355164   -0.005164 (VIOLATED)
ANTENNA_1840/DIODE                      0.350000    0.355164   -0.005164 (VIOLATED)
ANTENNA_1839/DIODE                      0.350000    0.355164   -0.005164 (VIOLATED)
fanout175/A                             0.350000    0.355154   -0.005154 (VIOLATED)
ANTENNA_1832/DIODE                      0.350000    0.355154   -0.005154 (VIOLATED)
ANTENNA_1833/DIODE                      0.350000    0.355153   -0.005153 (VIOLATED)
ANTENNA_1834/DIODE                      0.350000    0.355153   -0.005153 (VIOLATED)
ANTENNA_1837/DIODE                      0.350000    0.355153   -0.005153 (VIOLATED)
ANTENNA_1835/DIODE                      0.350000    0.355152   -0.005152 (VIOLATED)
ANTENNA_1831/DIODE                      0.350000    0.355152   -0.005152 (VIOLATED)
ANTENNA_1836/DIODE                      0.350000    0.355151   -0.005151 (VIOLATED)
ANTENNA_1841/DIODE                      0.350000    0.355150   -0.005150 (VIOLATED)
u_memory._378_/A2                       0.350000    0.355126   -0.005126 (VIOLATED)
u_memory._375_/A2                       0.350000    0.355119   -0.005119 (VIOLATED)
u_memory._280_/C                        0.350000    0.355118   -0.005118 (VIOLATED)
ANTENNA_941/DIODE                       0.350000    0.355115   -0.005115 (VIOLATED)
ANTENNA_939/DIODE                       0.350000    0.355113   -0.005113 (VIOLATED)
ANTENNA_940/DIODE                       0.350000    0.355111   -0.005111 (VIOLATED)
u_memory._384_/A2                       0.350000    0.355039   -0.005039 (VIOLATED)
ANTENNA_1432/DIODE                      0.350000    0.355018   -0.005018 (VIOLATED)
u_memory._390_/A2                       0.350000    0.354989   -0.004989 (VIOLATED)
ANTENNA_1441/DIODE                      0.350000    0.354984   -0.004984 (VIOLATED)
ANTENNA_1437/DIODE                      0.350000    0.354984   -0.004984 (VIOLATED)
ANTENNA_1436/DIODE                      0.350000    0.354984   -0.004984 (VIOLATED)
ANTENNA_1435/DIODE                      0.350000    0.354982   -0.004982 (VIOLATED)
ANTENNA_1434/DIODE                      0.350000    0.354980   -0.004980 (VIOLATED)
ANTENNA_1433/DIODE                      0.350000    0.354979   -0.004979 (VIOLATED)
u_memory._387_/A2                       0.350000    0.354962   -0.004962 (VIOLATED)
u_memory.g_read[0].g_bank[3].g_slice[0].u_sram/addr[2]    0.350000    0.354910   -0.004910 (VIOLATED)
ANTENNA_1438/DIODE                      0.350000    0.354906   -0.004906 (VIOLATED)
ANTENNA_1439/DIODE                      0.350000    0.354904   -0.004904 (VIOLATED)
ANTENNA_1440/DIODE                      0.350000    0.354901   -0.004901 (VIOLATED)
ANTENNA_1442/DIODE                      0.350000    0.354898   -0.004898 (VIOLATED)
wire318/X                               0.350000    0.354772   -0.004772 (VIOLATED)
max_cap413/X                            0.350000    0.354677   -0.004677 (VIOLATED)
wire299/X                               0.350000    0.354622   -0.004622 (VIOLATED)
u_memory._387_/B1                       0.350000    0.354598   -0.004598 (VIOLATED)
ANTENNA_194/DIODE                       0.350000    0.354594   -0.004593 (VIOLATED)
ANTENNA_192/DIODE                       0.350000    0.354592   -0.004592 (VIOLATED)
ANTENNA_193/DIODE                       0.350000    0.354590   -0.004590 (VIOLATED)
ANTENNA_195/DIODE                       0.350000    0.354588   -0.004588 (VIOLATED)
max_cap492/X                            0.350000    0.354505   -0.004505 (VIOLATED)
max_cap429/X                            0.350000    0.354285   -0.004285 (VIOLATED)
u_memory._385_/X                        0.350000    0.354236   -0.004236 (VIOLATED)
ANTENNA_2704/DIODE                      0.350000    0.354202   -0.004202 (VIOLATED)
ANTENNA_2705/DIODE                      0.350000    0.354202   -0.004202 (VIOLATED)
u_memory._369_/B1                       0.350000    0.354154   -0.004154 (VIOLATED)
ANTENNA_177/DIODE                       0.350000    0.354151   -0.004151 (VIOLATED)
ANTENNA_175/DIODE                       0.350000    0.354149   -0.004149 (VIOLATED)
ANTENNA_176/DIODE                       0.350000    0.354147   -0.004147 (VIOLATED)
u_memory._393_/A2                       0.350000    0.353900   -0.003900 (VIOLATED)
u_memory._367_/X                        0.350000    0.353825   -0.003825 (VIOLATED)
u_memory._402_/A2                       0.350000    0.353814   -0.003814 (VIOLATED)
ANTENNA_2702/DIODE                      0.350000    0.353716   -0.003716 (VIOLATED)
ANTENNA_2703/DIODE                      0.350000    0.353716   -0.003716 (VIOLATED)
u_memory._354_/B1                       0.350000    0.353625   -0.003625 (VIOLATED)
ANTENNA_158/DIODE                       0.350000    0.353623   -0.003623 (VIOLATED)
ANTENNA_159/DIODE                       0.350000    0.353611   -0.003611 (VIOLATED)
ANTENNA_160/DIODE                       0.350000    0.353603   -0.003603 (VIOLATED)
u_memory.g_read[0].g_bank[2].g_slice[0].u_sram/din[27]    0.350000    0.353469   -0.003469 (VIOLATED)
u_memory._277_/C                        0.350000    0.353367   -0.003367 (VIOLATED)
ANTENNA_944/DIODE                       0.350000    0.353363   -0.003363 (VIOLATED)
ANTENNA_942/DIODE                       0.350000    0.353361   -0.003361 (VIOLATED)
ANTENNA_943/DIODE                       0.350000    0.353359   -0.003359 (VIOLATED)
ANTENNA_945/DIODE                       0.350000    0.353357   -0.003357 (VIOLATED)
u_memory._352_/X                        0.350000    0.353337   -0.003337 (VIOLATED)
hold190/X                               0.350000    0.353302   -0.003302 (VIOLATED)
ANTENNA_2481/DIODE                      0.350000    0.353282   -0.003282 (VIOLATED)
ANTENNA_2480/DIODE                      0.350000    0.353282   -0.003282 (VIOLATED)
ANTENNA_2479/DIODE                      0.350000    0.353281   -0.003281 (VIOLATED)
ANTENNA_2478/DIODE                      0.350000    0.353281   -0.003281 (VIOLATED)
ANTENNA_2473/DIODE                      0.350000    0.353281   -0.003281 (VIOLATED)
ANTENNA_2483/DIODE                      0.350000    0.353281   -0.003281 (VIOLATED)
ANTENNA_2477/DIODE                      0.350000    0.353281   -0.003281 (VIOLATED)
ANTENNA_2476/DIODE                      0.350000    0.353271   -0.003271 (VIOLATED)
ANTENNA_2475/DIODE                      0.350000    0.353271   -0.003271 (VIOLATED)
ANTENNA_2474/DIODE                      0.350000    0.353271   -0.003271 (VIOLATED)
ANTENNA_2482/DIODE                      0.350000    0.353269   -0.003269 (VIOLATED)
u_memory._399_/A2                       0.350000    0.353074   -0.003074 (VIOLATED)
max_cap532/A                            0.350000    0.353012   -0.003012 (VIOLATED)
max_cap531/A                            0.350000    0.353007   -0.003007 (VIOLATED)
wire300/X                               0.350000    0.352924   -0.002924 (VIOLATED)
_133_/D                                 0.350000    0.352898   -0.002898 (VIOLATED)
u_memory._408_/A2                       0.350000    0.352866   -0.002866 (VIOLATED)
input70/X                               0.350000    0.352861   -0.002861 (VIOLATED)
u_memory._414_/A2                       0.350000    0.352708   -0.002708 (VIOLATED)
ANTENNA_2708/DIODE                      0.350000    0.352700   -0.002700 (VIOLATED)
ANTENNA_2709/DIODE                      0.350000    0.352700   -0.002700 (VIOLATED)
max_cap516/A                            0.350000    0.352690   -0.002690 (VIOLATED)
fanout176/X                             0.350000    0.352625   -0.002625 (VIOLATED)
max_cap593/X                            0.350000    0.352576   -0.002576 (VIOLATED)
u_memory._304_/A0                       0.350000    0.352509   -0.002509 (VIOLATED)
ANTENNA_1676/DIODE                      0.350000    0.352503   -0.002503 (VIOLATED)
ANTENNA_1674/DIODE                      0.350000    0.352502   -0.002502 (VIOLATED)
ANTENNA_1672/DIODE                      0.350000    0.352502   -0.002502 (VIOLATED)
ANTENNA_1666/DIODE                      0.350000    0.352502   -0.002502 (VIOLATED)
ANTENNA_1671/DIODE                      0.350000    0.352502   -0.002502 (VIOLATED)
ANTENNA_1670/DIODE                      0.350000    0.352502   -0.002501 (VIOLATED)
ANTENNA_1675/DIODE                      0.350000    0.352500   -0.002500 (VIOLATED)
ANTENNA_1673/DIODE                      0.350000    0.352500   -0.002500 (VIOLATED)
ANTENNA_1667/DIODE                      0.350000    0.352500   -0.002500 (VIOLATED)
ANTENNA_1669/DIODE                      0.350000    0.352499   -0.002499 (VIOLATED)
ANTENNA_1668/DIODE                      0.350000    0.352499   -0.002499 (VIOLATED)
hold205/X                               0.350000    0.352493   -0.002493 (VIOLATED)
ANTENNA_2706/DIODE                      0.350000    0.352383   -0.002383 (VIOLATED)
ANTENNA_2707/DIODE                      0.350000    0.352376   -0.002376 (VIOLATED)
ANTENNA_1853/DIODE                      0.350000    0.352376   -0.002376 (VIOLATED)
ANTENNA_1854/DIODE                      0.350000    0.352344   -0.002344 (VIOLATED)
ANTENNA_1862/DIODE                      0.350000    0.352304   -0.002304 (VIOLATED)
ANTENNA_1860/DIODE                      0.350000    0.352304   -0.002303 (VIOLATED)
ANTENNA_1858/DIODE                      0.350000    0.352303   -0.002303 (VIOLATED)
ANTENNA_1856/DIODE                      0.350000    0.352293   -0.002293 (VIOLATED)
ANTENNA_1855/DIODE                      0.350000    0.352292   -0.002292 (VIOLATED)
ANTENNA_1857/DIODE                      0.350000    0.352292   -0.002292 (VIOLATED)
ANTENNA_1859/DIODE                      0.350000    0.352289   -0.002289 (VIOLATED)
ANTENNA_1861/DIODE                      0.350000    0.352286   -0.002286 (VIOLATED)
ANTENNA_1863/DIODE                      0.350000    0.352284   -0.002284 (VIOLATED)
hold196/X                               0.350000    0.352272   -0.002272 (VIOLATED)
max_cap517/X                            0.350000    0.352036   -0.002036 (VIOLATED)
ANTENNA_2528/DIODE                      0.350000    0.352002   -0.002002 (VIOLATED)
ANTENNA_2531/DIODE                      0.350000    0.352002   -0.002002 (VIOLATED)
ANTENNA_2530/DIODE                      0.350000    0.352002   -0.002002 (VIOLATED)
ANTENNA_2537/DIODE                      0.350000    0.352001   -0.002001 (VIOLATED)
max_cap466/X                            0.350000    0.352001   -0.002001 (VIOLATED)
ANTENNA_2529/DIODE                      0.350000    0.352001   -0.002001 (VIOLATED)
ANTENNA_2535/DIODE                      0.350000    0.352001   -0.002000 (VIOLATED)
ANTENNA_2532/DIODE                      0.350000    0.351995   -0.001995 (VIOLATED)
ANTENNA_2533/DIODE                      0.350000    0.351995   -0.001995 (VIOLATED)
ANTENNA_2534/DIODE                      0.350000    0.351994   -0.001994 (VIOLATED)
ANTENNA_2536/DIODE                      0.350000    0.351994   -0.001994 (VIOLATED)
ANTENNA_2538/DIODE                      0.350000    0.351994   -0.001994 (VIOLATED)
ANTENNA_2406/DIODE                      0.350000    0.351898   -0.001898 (VIOLATED)
ANTENNA_2403/DIODE                      0.350000    0.351898   -0.001898 (VIOLATED)
ANTENNA_2401/DIODE                      0.350000    0.351898   -0.001898 (VIOLATED)
ANTENNA_2397/DIODE                      0.350000    0.351898   -0.001898 (VIOLATED)
ANTENNA_2404/DIODE                      0.350000    0.351883   -0.001883 (VIOLATED)
ANTENNA_2402/DIODE                      0.350000    0.351883   -0.001883 (VIOLATED)
ANTENNA_2400/DIODE                      0.350000    0.351882   -0.001882 (VIOLATED)
ANTENNA_2399/DIODE                      0.350000    0.351882   -0.001882 (VIOLATED)
ANTENNA_2398/DIODE                      0.350000    0.351881   -0.001881 (VIOLATED)
ANTENNA_2396/DIODE                      0.350000    0.351868   -0.001868 (VIOLATED)
ANTENNA_2405/DIODE                      0.350000    0.351867   -0.001867 (VIOLATED)
u_memory._297_/B1                       0.350000    0.351771   -0.001771 (VIOLATED)
ANTENNA_126/DIODE                       0.350000    0.351769   -0.001769 (VIOLATED)
ANTENNA_124/DIODE                       0.350000    0.351767   -0.001767 (VIOLATED)
ANTENNA_125/DIODE                       0.350000    0.351757   -0.001757 (VIOLATED)
ANTENNA_1974/DIODE                      0.350000    0.351754   -0.001754 (VIOLATED)
ANTENNA_1984/DIODE                      0.350000    0.351754   -0.001754 (VIOLATED)
ANTENNA_1983/DIODE                      0.350000    0.351747   -0.001747 (VIOLATED)
ANTENNA_1975/DIODE                      0.350000    0.351747   -0.001747 (VIOLATED)
ANTENNA_1976/DIODE                      0.350000    0.351746   -0.001746 (VIOLATED)
ANTENNA_1977/DIODE                      0.350000    0.351746   -0.001746 (VIOLATED)
ANTENNA_1978/DIODE                      0.350000    0.351745   -0.001745 (VIOLATED)
ANTENNA_1980/DIODE                      0.350000    0.351745   -0.001745 (VIOLATED)
ANTENNA_1982/DIODE                      0.350000    0.351737   -0.001737 (VIOLATED)
ANTENNA_1981/DIODE                      0.350000    0.351736   -0.001736 (VIOLATED)
ANTENNA_1979/DIODE                      0.350000    0.351736   -0.001736 (VIOLATED)
ANTENNA_2450/DIODE                      0.350000    0.351684   -0.001684 (VIOLATED)
ANTENNA_2448/DIODE                      0.350000    0.351684   -0.001684 (VIOLATED)
ANTENNA_2447/DIODE                      0.350000    0.351684   -0.001684 (VIOLATED)
ANTENNA_2446/DIODE                      0.350000    0.351684   -0.001684 (VIOLATED)
ANTENNA_2445/DIODE                      0.350000    0.351683   -0.001683 (VIOLATED)
ANTENNA_2449/DIODE                      0.350000    0.351664   -0.001664 (VIOLATED)
ANTENNA_2442/DIODE                      0.350000    0.351664   -0.001664 (VIOLATED)
ANTENNA_2441/DIODE                      0.350000    0.351664   -0.001664 (VIOLATED)
ANTENNA_2444/DIODE                      0.350000    0.351663   -0.001663 (VIOLATED)
ANTENNA_2443/DIODE                      0.350000    0.351663   -0.001663 (VIOLATED)
max_cap496/X                            0.350000    0.351654   -0.001654 (VIOLATED)
ANTENNA_2440/DIODE                      0.350000    0.351647   -0.001647 (VIOLATED)
ANTENNA_1191/DIODE                      0.350000    0.351477   -0.001477 (VIOLATED)
ANTENNA_1189/DIODE                      0.350000    0.351471   -0.001471 (VIOLATED)
u_memory._240_/A1                       0.350000    0.351468   -0.001468 (VIOLATED)
ANTENNA_1190/DIODE                      0.350000    0.351432   -0.001432 (VIOLATED)
ANTENNA_1192/DIODE                      0.350000    0.351429   -0.001429 (VIOLATED)
u_memory._295_/X                        0.350000    0.351402   -0.001402 (VIOLATED)
max_cap603/X                            0.350000    0.351374   -0.001374 (VIOLATED)
u_memory.g_read[0].g_bank[0].g_slice[0].u_sram/addr[1]    0.350000    0.351274   -0.001274 (VIOLATED)
max_cap580/X                            0.350000    0.351270   -0.001270 (VIOLATED)
u_memory._209_/A1                       0.350000    0.351249   -0.001249 (VIOLATED)
ANTENNA_1193/DIODE                      0.350000    0.351217   -0.001217 (VIOLATED)
ANTENNA_1195/DIODE                      0.350000    0.351209   -0.001209 (VIOLATED)
ANTENNA_1194/DIODE                      0.350000    0.351194   -0.001194 (VIOLATED)
ANTENNA_1196/DIODE                      0.350000    0.351191   -0.001191 (VIOLATED)
max_cap515/X                            0.350000    0.351113   -0.001113 (VIOLATED)
max_cap587/X                            0.350000    0.351044   -0.001044 (VIOLATED)
wire367/X                               0.350000    0.351039   -0.001039 (VIOLATED)
wire179/A                               0.350000    0.350675   -0.000675 (VIOLATED)
wire368/X                               0.350000    0.350666   -0.000666 (VIOLATED)
u_memory.g_read[1].g_bank[1].g_slice[0].u_sram/din[26]    0.350000    0.350598   -0.000598 (VIOLATED)
u_memory._208_/A1                       0.350000    0.350297   -0.000297 (VIOLATED)
ANTENNA_1084/DIODE                      0.350000    0.350296   -0.000296 (VIOLATED)
ANTENNA_1082/DIODE                      0.350000    0.350294   -0.000294 (VIOLATED)
ANTENNA_1080/DIODE                      0.350000    0.350294   -0.000294 (VIOLATED)
ANTENNA_1081/DIODE                      0.350000    0.350291   -0.000291 (VIOLATED)
ANTENNA_1083/DIODE                      0.350000    0.350289   -0.000289 (VIOLATED)
wire5/X                                 0.350000    0.350241   -0.000241 (VIOLATED)
max_cap142/A                            0.350000    0.350220   -0.000220 (VIOLATED)
u_memory._191_/A2                       0.350000    0.350180   -0.000180 (VIOLATED)
u_memory._272_/B2                       0.350000    0.350161   -0.000161 (VIOLATED)
u_memory._190_/X                        0.350000    0.350155   -0.000155 (VIOLATED)
u_memory._278_/B2                       0.350000    0.350127   -0.000127 (VIOLATED)
u_memory._284_/B2                       0.350000    0.350035   -0.000035 (VIOLATED)
wire336/X                               0.350000    0.350009   -0.000009 (VIOLATED)

max fanout

Pin                                   Limit Fanout  Slack
---------------------------------------------------------
max_cap137/X                             16     22     -6 (VIOLATED)
max_cap138/X                             16     22     -6 (VIOLATED)
max_cap139/X                             16     22     -6 (VIOLATED)
max_cap140/X                             16     22     -6 (VIOLATED)
max_cap141/X                             16     22     -6 (VIOLATED)
max_cap145/X                             16     22     -6 (VIOLATED)
max_cap155/X                             16     22     -6 (VIOLATED)
max_cap156/X                             16     22     -6 (VIOLATED)
max_cap158/X                             16     22     -6 (VIOLATED)
max_cap159/X                             16     22     -6 (VIOLATED)
max_cap160/X                             16     22     -6 (VIOLATED)
max_cap162/X                             16     22     -6 (VIOLATED)
max_cap163/X                             16     22     -6 (VIOLATED)
max_cap142/X                             16     20     -4 (VIOLATED)
max_cap143/X                             16     20     -4 (VIOLATED)
max_cap144/X                             16     20     -4 (VIOLATED)
max_cap157/X                             16     20     -4 (VIOLATED)
max_cap161/X                             16     20     -4 (VIOLATED)

max capacitance

Pin                                        Limit         Cap       Slack
------------------------------------------------------------------------
u_memory.g_read[0].g_bank[1].g_slice[0].u_sram/dout[11]    0.013000    0.017958   -0.004958 (VIOLATED)
u_memory.g_read[1].g_bank[1].g_slice[0].u_sram/dout[20]    0.013000    0.016798   -0.003798 (VIOLATED)
u_memory.g_read[0].g_bank[1].g_slice[0].u_sram/dout[0]    0.013000    0.016578   -0.003578 (VIOLATED)
u_memory.g_read[0].g_bank[1].g_slice[0].u_sram/dout[5]    0.013000    0.016574   -0.003574 (VIOLATED)
u_memory.g_read[0].g_bank[1].g_slice[0].u_sram/dout[2]    0.013000    0.016473   -0.003473 (VIOLATED)
u_memory.g_read[0].g_bank[1].g_slice[0].u_sram/dout[9]    0.013000    0.016234   -0.003234 (VIOLATED)
u_memory.g_read[0].g_bank[1].g_slice[0].u_sram/dout[10]    0.013000    0.016213   -0.003213 (VIOLATED)
u_memory.g_read[1].g_bank[1].g_slice[0].u_sram/dout[19]    0.013000    0.016209   -0.003209 (VIOLATED)
u_memory.g_read[0].g_bank[1].g_slice[0].u_sram/dout[7]    0.013000    0.016195   -0.003195 (VIOLATED)
u_memory.g_read[0].g_bank[1].g_slice[0].u_sram/dout[8]    0.013000    0.016098   -0.003098 (VIOLATED)
u_memory.g_read[0].g_bank[1].g_slice[0].u_sram/dout[3]    0.013000    0.016000   -0.003000 (VIOLATED)
u_memory.g_read[0].g_bank[1].g_slice[0].u_sram/dout[6]    0.013000    0.015843   -0.002843 (VIOLATED)
u_memory.g_read[1].g_bank[1].g_slice[0].u_sram/dout[23]    0.013000    0.015820   -0.002820 (VIOLATED)
u_memory.g_read[0].g_bank[1].g_slice[0].u_sram/dout[12]    0.013000    0.015653   -0.002653 (VIOLATED)
u_memory.g_read[0].g_bank[1].g_slice[0].u_sram/dout[4]    0.013000    0.014858   -0.001858 (VIOLATED)
u_memory.g_read[1].g_bank[1].g_slice[0].u_sram/dout[21]    0.013000    0.014733   -0.001733 (VIOLATED)
u_memory.g_read[0].g_bank[1].g_slice[0].u_sram/dout[1]    0.013000    0.014685   -0.001685 (VIOLATED)
u_memory.g_read[1].g_bank[1].g_slice[0].u_sram/dout[22]    0.013000    0.014648   -0.001648 (VIOLATED)
u_memory.g_read[1].g_bank[1].g_slice[0].u_sram/dout[27]    0.013000    0.014623   -0.001623 (VIOLATED)
u_memory.g_read[1].g_bank[1].g_slice[0].u_sram/dout[26]    0.013000    0.014612   -0.001612 (VIOLATED)
u_memory.g_read[1].g_bank[1].g_slice[0].u_sram/dout[25]    0.013000    0.014572   -0.001572 (VIOLATED)
u_memory.g_read[1].g_bank[1].g_slice[0].u_sram/dout[24]    0.013000    0.014327   -0.001327 (VIOLATED)
u_memory.g_read[1].g_bank[1].g_slice[0].u_sram/dout[28]    0.013000    0.014269   -0.001269 (VIOLATED)
u_memory.g_read[1].g_bank[2].g_slice[0].u_sram/dout[27]    0.013000    0.014143   -0.001143 (VIOLATED)
u_memory.g_read[1].g_bank[2].g_slice[0].u_sram/dout[26]    0.013000    0.014104   -0.001104 (VIOLATED)
u_memory.g_read[0].g_bank[1].g_slice[0].u_sram/dout[15]    0.013000    0.014081   -0.001081 (VIOLATED)
u_memory.g_read[0].g_bank[1].g_slice[0].u_sram/dout[14]    0.013000    0.013930   -0.000930 (VIOLATED)
u_memory.g_read[1].g_bank[2].g_slice[0].u_sram/dout[15]    0.013000    0.013473   -0.000473 (VIOLATED)
u_memory.g_read[1].g_bank[1].g_slice[0].u_sram/dout[14]    0.013000    0.013448   -0.000448 (VIOLATED)
u_memory.g_read[1].g_bank[1].g_slice[0].u_sram/dout[15]    0.013000    0.013422   -0.000422 (VIOLATED)
u_memory.g_read[1].g_bank[2].g_slice[0].u_sram/dout[19]    0.013000    0.013364   -0.000364 (VIOLATED)
u_memory.g_read[1].g_bank[2].g_slice[0].u_sram/dout[30]    0.013000    0.013234   -0.000234 (VIOLATED)
u_memory.g_read[1].g_bank[1].g_slice[0].u_sram/dout[29]    0.013000    0.013201   -0.000201 (VIOLATED)
u_memory.g_read[0].g_bank[1].g_slice[0].u_sram/dout[13]    0.013000    0.013130   -0.000130 (VIOLATED)



===========================================================================
report_parasitic_annotation -report_unannotated
============================================================================
Found 16 unannotated drivers.
 clkload0/X
 clkload1/X
 clkload2/X
 clkload3/X
 clkload4/X
 clkload5/Y
 clkload6/Y
 clkload7/X
 u_memory.g_read\[0\].g_bank\[0\].g_slice\[0\].u_sram_649/LO
 u_memory.g_read\[0\].g_bank\[1\].g_slice\[0\].u_sram_650/LO
 u_memory.g_read\[0\].g_bank\[2\].g_slice\[0\].u_sram_651/LO
 u_memory.g_read\[0\].g_bank\[3\].g_slice\[0\].u_sram_652/LO
 u_memory.g_read\[1\].g_bank\[0\].g_slice\[0\].u_sram_653/LO
 u_memory.g_read\[1\].g_bank\[1\].g_slice\[0\].u_sram_654/LO
 u_memory.g_read\[1\].g_bank\[2\].g_slice\[0\].u_sram_655/LO
 u_memory.g_read\[1\].g_bank\[3\].g_slice\[0\].u_sram_656/LO
Found 0 partially unannotated drivers.

===========================================================================
max slew violation count 3293
max fanout violation count 18
max cap violation count 34
============================================================================

===========================================================================
check_setup -verbose -unconstrained_endpoints -multiple_clock -no_clock -no_input_delay -loops -generated_clocks
===========================================================================
Warning: There are 8 unconstrained endpoints.
  u_memory.g_read[0].g_bank[0].g_slice[0].u_sram/rstb
  u_memory.g_read[0].g_bank[1].g_slice[0].u_sram/rstb
  u_memory.g_read[0].g_bank[2].g_slice[0].u_sram/rstb
  u_memory.g_read[0].g_bank[3].g_slice[0].u_sram/rstb
  u_memory.g_read[1].g_bank[0].g_slice[0].u_sram/rstb
  u_memory.g_read[1].g_bank[1].g_slice[0].u_sram/rstb
  u_memory.g_read[1].g_bank[2].g_slice[0].u_sram/rstb
  u_memory.g_read[1].g_bank[3].g_slice[0].u_sram/rstb
