
===========================================================================
report_checks -unconstrained
===========================================================================
======================= max_ss_100C_1v60 Corner ===================================

Startpoint: rst_n (input port clocked by sys_clk)
Endpoint: u_memory._430_ (recovery check against rising-edge clock sys_clk)
Path Group: asynchronous
Path Type: max

Fanout         Cap        Slew       Delay        Time   Description
---------------------------------------------------------------------------------------------
                                  0.000000    0.000000   clock sys_clk (rise edge)
                                  0.000000    0.000000   clock network delay (propagated)
                                  2.000000    2.000000 ^ input external delay
     1    0.002228    0.150000    0.000000    2.000000 ^ rst_n (in)
                                                         rst_n (net)
                      0.150134    0.000067    2.000067 ^ hold1/A (sky130_fd_sc_hd__dlygate4sd3_1)
     1    0.002885    0.092639    1.074055    3.074122 ^ hold1/X (sky130_fd_sc_hd__dlygate4sd3_1)
                                                         net657 (net)
                      0.092639    0.000212    3.074334 ^ input25/A (sky130_fd_sc_hd__clkbuf_2)
     1    0.003456    0.051707    0.180997    3.255331 ^ input25/X (sky130_fd_sc_hd__clkbuf_2)
                                                         net25 (net)
                      0.051707    0.000252    3.255584 ^ hold2/A (sky130_fd_sc_hd__dlygate4sd3_1)
     1    0.006318    0.138885    1.080273    4.335857 ^ hold2/X (sky130_fd_sc_hd__dlygate4sd3_1)
                                                         net658 (net)
                      0.138885    0.000499    4.336355 ^ wire647/A (sky130_fd_sc_hd__buf_6)
     8    0.147949    0.462143    0.478530    4.814885 ^ wire647/X (sky130_fd_sc_hd__buf_6)
                                                         net647 (net)
                      0.464464    0.026903    4.841788 ^ u_memory._430_/RESET_B (sky130_fd_sc_hd__dfrtp_4)
                                              4.841788   data arrival time

                                 10.526316   10.526316   clock sys_clk (rise edge)
                                  0.000000   10.526316   clock source latency
     2    0.171255    0.150000    0.000000   10.526316 ^ clk (in)
                                                         clk (net)
                      0.332630    0.091315   10.617631 ^ clkbuf_0_clk/A (sky130_fd_sc_hd__clkbuf_16)
     2    0.114704    0.200069    0.437385   11.055016 ^ clkbuf_0_clk/X (sky130_fd_sc_hd__clkbuf_16)
                                                         clknet_0_clk (net)
                      0.204977    0.024753   11.079768 ^ clkbuf_1_1_0_clk/A (sky130_fd_sc_hd__clkbuf_16)
     4    0.132212    0.222975    0.403526   11.483294 ^ clkbuf_1_1_0_clk/X (sky130_fd_sc_hd__clkbuf_16)
                                                         clknet_1_1_0_clk (net)
                      0.225183    0.017813   11.501108 ^ clkbuf_3_4_0_clk/A (sky130_fd_sc_hd__clkbuf_16)
     2    0.068029    0.131703    0.346232   11.847341 ^ clkbuf_3_4_0_clk/X (sky130_fd_sc_hd__clkbuf_16)
                                                         clknet_3_4_0_clk (net)
                      0.134282    0.014343   11.861684 ^ clkbuf_4_9__f_clk/A (sky130_fd_sc_hd__clkbuf_16)
     6    0.092015    0.165502    0.333634   12.195317 ^ clkbuf_4_9__f_clk/X (sky130_fd_sc_hd__clkbuf_16)
                                                         clknet_4_9__leaf_clk (net)
                      0.165728    0.003445   12.198762 ^ u_memory._430_/CLK (sky130_fd_sc_hd__dfrtp_4)
                                 -0.250000   11.948762   clock uncertainty
                                  0.000000   11.948762   clock reconvergence pessimism
                                  0.292129   12.240891   library recovery time
                                             12.240891   data required time
---------------------------------------------------------------------------------------------
                                             12.240891   data required time
                                             -4.841788   data arrival time
---------------------------------------------------------------------------------------------
                                              7.399103   slack (MET)


Startpoint: u_memory.g_read[1].g_bank[2].g_slice[0].u_sram
            (rising edge-triggered flip-flop clocked by sys_clk)
Endpoint: _048_ (rising edge-triggered flip-flop clocked by sys_clk)
Path Group: sys_clk
Path Type: max

Fanout         Cap        Slew       Delay        Time   Description
---------------------------------------------------------------------------------------------
                                  0.000000    0.000000   clock sys_clk (rise edge)
                                  0.000000    0.000000   clock source latency
     2    0.171255    0.150000    0.000000    0.000000 ^ clk (in)
                                                         clk (net)
                      0.332630    0.091315    0.091315 ^ clkbuf_0_clk/A (sky130_fd_sc_hd__clkbuf_16)
     2    0.114704    0.200069    0.437385    0.528700 ^ clkbuf_0_clk/X (sky130_fd_sc_hd__clkbuf_16)
                                                         clknet_0_clk (net)
                      0.204977    0.024752    0.553452 ^ clkbuf_1_1_0_clk/A (sky130_fd_sc_hd__clkbuf_16)
     4    0.132212    0.222975    0.403527    0.956979 ^ clkbuf_1_1_0_clk/X (sky130_fd_sc_hd__clkbuf_16)
                                                         clknet_1_1_0_clk (net)
                      0.225183    0.017813    0.974792 ^ clkbuf_3_4_0_clk/A (sky130_fd_sc_hd__clkbuf_16)
     2    0.068029    0.131703    0.346232    1.321024 ^ clkbuf_3_4_0_clk/X (sky130_fd_sc_hd__clkbuf_16)
                                                         clknet_3_4_0_clk (net)
                      0.134282    0.014343    1.335368 ^ clkbuf_4_9__f_clk/A (sky130_fd_sc_hd__clkbuf_16)
     6    0.092015    0.165502    0.333633    1.669001 ^ clkbuf_4_9__f_clk/X (sky130_fd_sc_hd__clkbuf_16)
                                                         clknet_4_9__leaf_clk (net)
                      0.165744    0.003687    1.672688 ^ m6_leaf_6_pre/A (sky130_fd_sc_hd__clkinv_2)
     1    0.039490    0.286544    0.303643    1.976331 v m6_leaf_6_pre/Y (sky130_fd_sc_hd__clkinv_2)
                                                         m6_leaf_6_inverted (net)
                      0.286624    0.001630    1.977960 v m6_leaf_6_drive/A (sky130_fd_sc_hd__clkinv_16)
     1    0.243328    0.260042    0.325928    2.303888 ^ m6_leaf_6_drive/Y (sky130_fd_sc_hd__clkinv_16)
                                                         m6_leaf_6_local (net)
                      0.348809    0.016214    2.320102 ^ u_memory.g_read[1].g_bank[2].g_slice[0].u_sram/clk (sram22_512x32m4w8)
     1    0.013381    0.196647    6.794787    9.114889 v u_memory.g_read[1].g_bank[2].g_slice[0].u_sram/dout[15] (sram22_512x32m4w8)
                                                         m6_out_6_15_local (net)
                      0.147513    0.000930    9.115820 v m6_out_6_15/A (sky130_fd_sc_hd__buf_12)
     1    0.005948    0.036623    0.245744    9.361564 v m6_out_6_15/X (sky130_fd_sc_hd__buf_12)
                                                         u_memory.g_read[1].bank_data[2][15] (net)
                      0.036624    0.000428    9.361992 v wire246/A (sky130_fd_sc_hd__clkbuf_4)
     2    0.115627    0.398910    0.501493    9.863484 v wire246/X (sky130_fd_sc_hd__clkbuf_4)
                                                         net246 (net)
                      0.399645    0.014201    9.877686 v u_memory._371_/A2 (sky130_fd_sc_hd__a221o_1)
     1    0.039457    0.386384    1.073272   10.950958 v u_memory._371_/X (sky130_fd_sc_hd__a221o_1)
                                                         u_memory._129_ (net)
                      0.386562    0.007731   10.958689 v u_memory._372_/B2 (sky130_fd_sc_hd__o22a_1)
     2    0.017970    0.218296    0.590107   11.548795 v u_memory._372_/X (sky130_fd_sc_hd__o22a_1)
                                                         result[47] (net)
                      0.218325    0.002600   11.551394 v _048_/D (sky130_fd_sc_hd__dfxtp_1)
                                             11.551394   data arrival time

                                 10.526316   10.526316   clock sys_clk (rise edge)
                                  0.000000   10.526316   clock source latency
     2    0.171255    0.150000    0.000000   10.526316 ^ clk (in)
                                                         clk (net)
                      0.332630    0.091315   10.617631 ^ clkbuf_0_clk/A (sky130_fd_sc_hd__clkbuf_16)
     2    0.114704    0.200069    0.437385   11.055016 ^ clkbuf_0_clk/X (sky130_fd_sc_hd__clkbuf_16)
                                                         clknet_0_clk (net)
                      0.201373    0.012990   11.068007 ^ clkbuf_1_0_0_clk/A (sky130_fd_sc_hd__clkbuf_16)
     4    0.104119    0.184315    0.370299   11.438306 ^ clkbuf_1_0_0_clk/X (sky130_fd_sc_hd__clkbuf_16)
                                                         clknet_1_0_0_clk (net)
                      0.187330    0.018665   11.456971 ^ clkbuf_3_3_0_clk/A (sky130_fd_sc_hd__clkbuf_16)
     2    0.056393    0.115479    0.317779   11.774750 ^ clkbuf_3_3_0_clk/X (sky130_fd_sc_hd__clkbuf_16)
                                                         clknet_3_3_0_clk (net)
                      0.117716    0.012364   11.787114 ^ clkbuf_4_7__f_clk/A (sky130_fd_sc_hd__clkbuf_16)
    10    0.035184    0.087757    0.264228   12.051342 ^ clkbuf_4_7__f_clk/X (sky130_fd_sc_hd__clkbuf_16)
                                                         clknet_4_7__leaf_clk (net)
                      0.087788    0.001567   12.052908 ^ _048_/CLK (sky130_fd_sc_hd__dfxtp_1)
                                 -0.250000   11.802908   clock uncertainty
                                  0.000000   11.802908   clock reconvergence pessimism
                                 -0.325824   11.477084   library setup time
                                             11.477084   data required time
---------------------------------------------------------------------------------------------
                                             11.477084   data required time
                                            -11.551394   data arrival time
---------------------------------------------------------------------------------------------
                                             -0.074310   slack (VIOLATED)




===========================================================================
report_checks --slack_max -0.01
============================================================================
======================= max_ss_100C_1v60 Corner ===================================

Startpoint: u_memory.g_read[1].g_bank[2].g_slice[0].u_sram
            (rising edge-triggered flip-flop clocked by sys_clk)
Endpoint: _048_ (rising edge-triggered flip-flop clocked by sys_clk)
Path Group: sys_clk
Path Type: max

Fanout         Cap        Slew       Delay        Time   Description
---------------------------------------------------------------------------------------------
                                  0.000000    0.000000   clock sys_clk (rise edge)
                                  0.000000    0.000000   clock source latency
     2    0.171255    0.150000    0.000000    0.000000 ^ clk (in)
                                                         clk (net)
                      0.332630    0.091315    0.091315 ^ clkbuf_0_clk/A (sky130_fd_sc_hd__clkbuf_16)
     2    0.114704    0.200069    0.437385    0.528700 ^ clkbuf_0_clk/X (sky130_fd_sc_hd__clkbuf_16)
                                                         clknet_0_clk (net)
                      0.204977    0.024752    0.553452 ^ clkbuf_1_1_0_clk/A (sky130_fd_sc_hd__clkbuf_16)
     4    0.132212    0.222975    0.403527    0.956979 ^ clkbuf_1_1_0_clk/X (sky130_fd_sc_hd__clkbuf_16)
                                                         clknet_1_1_0_clk (net)
                      0.225183    0.017813    0.974792 ^ clkbuf_3_4_0_clk/A (sky130_fd_sc_hd__clkbuf_16)
     2    0.068029    0.131703    0.346232    1.321024 ^ clkbuf_3_4_0_clk/X (sky130_fd_sc_hd__clkbuf_16)
                                                         clknet_3_4_0_clk (net)
                      0.134282    0.014343    1.335368 ^ clkbuf_4_9__f_clk/A (sky130_fd_sc_hd__clkbuf_16)
     6    0.092015    0.165502    0.333633    1.669001 ^ clkbuf_4_9__f_clk/X (sky130_fd_sc_hd__clkbuf_16)
                                                         clknet_4_9__leaf_clk (net)
                      0.165744    0.003687    1.672688 ^ m6_leaf_6_pre/A (sky130_fd_sc_hd__clkinv_2)
     1    0.039490    0.286544    0.303643    1.976331 v m6_leaf_6_pre/Y (sky130_fd_sc_hd__clkinv_2)
                                                         m6_leaf_6_inverted (net)
                      0.286624    0.001630    1.977960 v m6_leaf_6_drive/A (sky130_fd_sc_hd__clkinv_16)
     1    0.243328    0.260042    0.325928    2.303888 ^ m6_leaf_6_drive/Y (sky130_fd_sc_hd__clkinv_16)
                                                         m6_leaf_6_local (net)
                      0.348809    0.016214    2.320102 ^ u_memory.g_read[1].g_bank[2].g_slice[0].u_sram/clk (sram22_512x32m4w8)
     1    0.013381    0.196647    6.794787    9.114889 v u_memory.g_read[1].g_bank[2].g_slice[0].u_sram/dout[15] (sram22_512x32m4w8)
                                                         m6_out_6_15_local (net)
                      0.147513    0.000930    9.115820 v m6_out_6_15/A (sky130_fd_sc_hd__buf_12)
     1    0.005948    0.036623    0.245744    9.361564 v m6_out_6_15/X (sky130_fd_sc_hd__buf_12)
                                                         u_memory.g_read[1].bank_data[2][15] (net)
                      0.036624    0.000428    9.361992 v wire246/A (sky130_fd_sc_hd__clkbuf_4)
     2    0.115627    0.398910    0.501493    9.863484 v wire246/X (sky130_fd_sc_hd__clkbuf_4)
                                                         net246 (net)
                      0.399645    0.014201    9.877686 v u_memory._371_/A2 (sky130_fd_sc_hd__a221o_1)
     1    0.039457    0.386384    1.073272   10.950958 v u_memory._371_/X (sky130_fd_sc_hd__a221o_1)
                                                         u_memory._129_ (net)
                      0.386562    0.007731   10.958689 v u_memory._372_/B2 (sky130_fd_sc_hd__o22a_1)
     2    0.017970    0.218296    0.590107   11.548795 v u_memory._372_/X (sky130_fd_sc_hd__o22a_1)
                                                         result[47] (net)
                      0.218325    0.002600   11.551394 v _048_/D (sky130_fd_sc_hd__dfxtp_1)
                                             11.551394   data arrival time

                                 10.526316   10.526316   clock sys_clk (rise edge)
                                  0.000000   10.526316   clock source latency
     2    0.171255    0.150000    0.000000   10.526316 ^ clk (in)
                                                         clk (net)
                      0.332630    0.091315   10.617631 ^ clkbuf_0_clk/A (sky130_fd_sc_hd__clkbuf_16)
     2    0.114704    0.200069    0.437385   11.055016 ^ clkbuf_0_clk/X (sky130_fd_sc_hd__clkbuf_16)
                                                         clknet_0_clk (net)
                      0.201373    0.012990   11.068007 ^ clkbuf_1_0_0_clk/A (sky130_fd_sc_hd__clkbuf_16)
     4    0.104119    0.184315    0.370299   11.438306 ^ clkbuf_1_0_0_clk/X (sky130_fd_sc_hd__clkbuf_16)
                                                         clknet_1_0_0_clk (net)
                      0.187330    0.018665   11.456971 ^ clkbuf_3_3_0_clk/A (sky130_fd_sc_hd__clkbuf_16)
     2    0.056393    0.115479    0.317779   11.774750 ^ clkbuf_3_3_0_clk/X (sky130_fd_sc_hd__clkbuf_16)
                                                         clknet_3_3_0_clk (net)
                      0.117716    0.012364   11.787114 ^ clkbuf_4_7__f_clk/A (sky130_fd_sc_hd__clkbuf_16)
    10    0.035184    0.087757    0.264228   12.051342 ^ clkbuf_4_7__f_clk/X (sky130_fd_sc_hd__clkbuf_16)
                                                         clknet_4_7__leaf_clk (net)
                      0.087788    0.001567   12.052908 ^ _048_/CLK (sky130_fd_sc_hd__dfxtp_1)
                                 -0.250000   11.802908   clock uncertainty
                                  0.000000   11.802908   clock reconvergence pessimism
                                 -0.325824   11.477084   library setup time
                                             11.477084   data required time
---------------------------------------------------------------------------------------------
                                             11.477084   data required time
                                            -11.551394   data arrival time
---------------------------------------------------------------------------------------------
                                             -0.074310   slack (VIOLATED)




===========================================================================
 report_check_types -max_slew -max_cap -max_fanout -violators
============================================================================
======================= max_ss_100C_1v60 Corner ===================================

max slew

Pin                                        Limit        Slew       Slack
------------------------------------------------------------------------
wire167/A                               0.350000    0.637044   -0.287044 (VIOLATED)
wire168/X                               0.350000    0.635320   -0.285320 (VIOLATED)
ANTENNA_9/DIODE                         0.350000    0.628384   -0.278384 (VIOLATED)
_012_/D                                 0.350000    0.628383   -0.278383 (VIOLATED)
u_memory._243_/X                        0.350000    0.628317   -0.278317 (VIOLATED)
max_cap194/A                            0.350000    0.624979   -0.274979 (VIOLATED)
wire193/A                               0.350000    0.624963   -0.274963 (VIOLATED)
wire195/X                               0.350000    0.622648   -0.272648 (VIOLATED)
u_memory._372_/B2                       0.350000    0.611751   -0.261751 (VIOLATED)
u_memory._371_/X                        0.350000    0.611433   -0.261433 (VIOLATED)
u_memory._308_/A1                       0.350000    0.577666   -0.227666 (VIOLATED)
u_memory._317_/A0                       0.350000    0.577133   -0.227133 (VIOLATED)
_093_/Q                                 0.350000    0.576959   -0.226959 (VIOLATED)
fanout189/A                             0.350000    0.570128   -0.220128 (VIOLATED)
fanout190/A                             0.350000    0.569367   -0.219367 (VIOLATED)
u_memory._203_/X                        0.350000    0.568824   -0.218824 (VIOLATED)
_075_/D                                 0.350000    0.568152   -0.218152 (VIOLATED)
ANTENNA_217/DIODE                       0.350000    0.568151   -0.218151 (VIOLATED)
input21/X                               0.350000    0.568100   -0.218100 (VIOLATED)
u_memory._181_/B                        0.350000    0.561209   -0.211209 (VIOLATED)
ANTENNA_207/DIODE                       0.350000    0.561208   -0.211208 (VIOLATED)
ANTENNA_208/DIODE                       0.350000    0.561204   -0.211204 (VIOLATED)
u_memory._185_/A_N                      0.350000    0.561203   -0.211203 (VIOLATED)
u_memory._177_/B                        0.350000    0.561201   -0.211201 (VIOLATED)
u_memory._190_/B                        0.350000    0.561201   -0.211201 (VIOLATED)
ANTENNA_206/DIODE                       0.350000    0.561197   -0.211197 (VIOLATED)
ANTENNA_209/DIODE                       0.350000    0.561171   -0.211171 (VIOLATED)
_098_/Q                                 0.350000    0.559897   -0.209897 (VIOLATED)
u_memory._194_/A                        0.350000    0.559210   -0.209210 (VIOLATED)
u_memory._196_/A_N                      0.350000    0.559180   -0.209180 (VIOLATED)
u_memory._198_/B                        0.350000    0.559146   -0.209146 (VIOLATED)
u_memory._405_/A1                       0.350000    0.558177   -0.208177 (VIOLATED)
wire628/X                               0.350000    0.557944   -0.207944 (VIOLATED)
wire266/X                               0.350000    0.556936   -0.206936 (VIOLATED)
u_memory._181_/A_N                      0.350000    0.555228   -0.205228 (VIOLATED)
u_memory._185_/B                        0.350000    0.555224   -0.205224 (VIOLATED)
u_memory._177_/A                        0.350000    0.555202   -0.205202 (VIOLATED)
u_memory._190_/A                        0.350000    0.555202   -0.205202 (VIOLATED)
wire627/X                               0.350000    0.553929   -0.203929 (VIOLATED)
u_memory._387_/B2                       0.350000    0.549797   -0.199797 (VIOLATED)
u_memory._386_/X                        0.350000    0.549719   -0.199719 (VIOLATED)
_014_/D                                 0.350000    0.545533   -0.195533 (VIOLATED)
u_memory._249_/X                        0.350000    0.545456   -0.195456 (VIOLATED)
ANTENNA_25/DIODE                        0.350000    0.542657   -0.192657 (VIOLATED)
_005_/D                                 0.350000    0.542656   -0.192656 (VIOLATED)
u_memory._221_/X                        0.350000    0.542596   -0.192596 (VIOLATED)
u_memory._371_/A2                       0.350000    0.539893   -0.189893 (VIOLATED)
ANTENNA_391/DIODE                       0.350000    0.539891   -0.189891 (VIOLATED)
wire246/X                               0.350000    0.539343   -0.189343 (VIOLATED)
ANTENNA_1350/DIODE                      0.350000    0.538330   -0.188330 (VIOLATED)
_100_/D                                 0.350000    0.538329   -0.188329 (VIOLATED)
ANTENNA_458/DIODE                       0.350000    0.538316   -0.188316 (VIOLATED)
ANTENNA_456/DIODE                       0.350000    0.538310   -0.188310 (VIOLATED)
ANTENNA_454/DIODE                       0.350000    0.538307   -0.188307 (VIOLATED)
ANTENNA_452/DIODE                       0.350000    0.538302   -0.188302 (VIOLATED)
u_memory._411_/A1                       0.350000    0.538302   -0.188302 (VIOLATED)
ANTENNA_451/DIODE                       0.350000    0.538296   -0.188296 (VIOLATED)
ANTENNA_449/DIODE                       0.350000    0.538288   -0.188288 (VIOLATED)
wire645/X                               0.350000    0.538274   -0.188274 (VIOLATED)
ANTENNA_450/DIODE                       0.350000    0.538250   -0.188250 (VIOLATED)
ANTENNA_453/DIODE                       0.350000    0.538219   -0.188219 (VIOLATED)
ANTENNA_455/DIODE                       0.350000    0.538201   -0.188201 (VIOLATED)
ANTENNA_457/DIODE                       0.350000    0.538182   -0.188182 (VIOLATED)
ANTENNA_459/DIODE                       0.350000    0.538046   -0.188046 (VIOLATED)
ANTENNA_238/DIODE                       0.350000    0.536071   -0.186071 (VIOLATED)
_108_/D                                 0.350000    0.536071   -0.186071 (VIOLATED)
input67/X                               0.350000    0.536033   -0.186033 (VIOLATED)
u_memory._318_/A0                       0.350000    0.528020   -0.178020 (VIOLATED)
ANTENNA_779/DIODE                       0.350000    0.526443   -0.176443 (VIOLATED)
ANTENNA_777/DIODE                       0.350000    0.526438   -0.176438 (VIOLATED)
u_memory._285_/A1                       0.350000    0.526437   -0.176437 (VIOLATED)
ANTENNA_778/DIODE                       0.350000    0.526411   -0.176411 (VIOLATED)
wire351/X                               0.350000    0.525679   -0.175679 (VIOLATED)
wire264/X                               0.350000    0.525350   -0.175350 (VIOLATED)
ANTENNA_28/DIODE                        0.350000    0.525334   -0.175334 (VIOLATED)
_007_/D                                 0.350000    0.525334   -0.175334 (VIOLATED)
u_memory._227_/X                        0.350000    0.525261   -0.175261 (VIOLATED)
u_memory._288_/B2                       0.350000    0.521024   -0.171024 (VIOLATED)
u_memory._309_/A1                       0.350000    0.520731   -0.170731 (VIOLATED)
_094_/Q                                 0.350000    0.520247   -0.170247 (VIOLATED)
u_memory._287_/X                        0.350000    0.520165   -0.170165 (VIOLATED)
m6_in_2_29/A                            0.350000    0.517906   -0.167906 (VIOLATED)
max_cap420/A                            0.350000    0.517904   -0.167904 (VIOLATED)
ANTENNA_1376/DIODE                      0.350000    0.517871   -0.167871 (VIOLATED)
_104_/D                                 0.350000    0.517870   -0.167870 (VIOLATED)
wire643/X                               0.350000    0.517772   -0.167772 (VIOLATED)
u_memory._194_/C_N                      0.350000    0.517601   -0.167601 (VIOLATED)
u_memory._424_/A                        0.350000    0.517600   -0.167600 (VIOLATED)
u_memory._196_/C                        0.350000    0.517577   -0.167577 (VIOLATED)
u_memory._198_/A                        0.350000    0.517521   -0.167521 (VIOLATED)
wire421/X                               0.350000    0.517205   -0.167205 (VIOLATED)
wire632/X                               0.350000    0.516487   -0.166487 (VIOLATED)
max_cap610/A                            0.350000    0.516265   -0.166265 (VIOLATED)
max_cap609/A                            0.350000    0.516260   -0.166260 (VIOLATED)
m6_in_6_2/A                             0.350000    0.516250   -0.166250 (VIOLATED)
wire611/X                               0.350000    0.515536   -0.165536 (VIOLATED)
u_memory._417_/A1                       0.350000    0.513380   -0.163380 (VIOLATED)
wire261/X                               0.350000    0.512476   -0.162476 (VIOLATED)
u_memory._419_/A1                       0.350000    0.511337   -0.161337 (VIOLATED)
fanout204/A                             0.350000    0.511189   -0.161189 (VIOLATED)
u_memory._307_/A1                       0.350000    0.510699   -0.160699 (VIOLATED)
u_memory._316_/A0                       0.350000    0.510412   -0.160412 (VIOLATED)
_092_/Q                                 0.350000    0.510313   -0.160313 (VIOLATED)
u_memory._174_/Y                        0.350000    0.510069   -0.160069 (VIOLATED)
ANTENNA_30/DIODE                        0.350000    0.509678   -0.159678 (VIOLATED)
_010_/D                                 0.350000    0.509678   -0.159678 (VIOLATED)
u_memory._237_/X                        0.350000    0.509604   -0.159604 (VIOLATED)
wire385/A                               0.350000    0.509517   -0.159517 (VIOLATED)
ANTENNA_139/DIODE                       0.350000    0.508955   -0.158955 (VIOLATED)
u_memory._342_/B1                       0.350000    0.508955   -0.158955 (VIOLATED)
ANTENNA_137/DIODE                       0.350000    0.508951   -0.158951 (VIOLATED)
ANTENNA_138/DIODE                       0.350000    0.508929   -0.158929 (VIOLATED)
u_memory._340_/X                        0.350000    0.507895   -0.157895 (VIOLATED)
max_cap386/A                            0.350000    0.506941   -0.156941 (VIOLATED)
ANTENNA_838/DIODE                       0.350000    0.506934   -0.156934 (VIOLATED)
u_memory._304_/A1                       0.350000    0.505827   -0.155827 (VIOLATED)
wire387/X                               0.350000    0.504889   -0.154889 (VIOLATED)
u_memory._313_/A0                       0.350000    0.504781   -0.154781 (VIOLATED)
_089_/Q                                 0.350000    0.504147   -0.154147 (VIOLATED)
_072_/D                                 0.350000    0.504111   -0.154111 (VIOLATED)
ANTENNA_216/DIODE                       0.350000    0.504111   -0.154111 (VIOLATED)
input18/X                               0.350000    0.504066   -0.154066 (VIOLATED)
u_memory._201_/A2                       0.350000    0.503334   -0.153334 (VIOLATED)
u_memory._199_/B                        0.350000    0.503311   -0.153311 (VIOLATED)
u_memory._367_/C                        0.350000    0.503308   -0.153308 (VIOLATED)
ANTENNA_330/DIODE                       0.350000    0.503304   -0.153304 (VIOLATED)
ANTENNA_328/DIODE                       0.350000    0.503302   -0.153302 (VIOLATED)
ANTENNA_329/DIODE                       0.350000    0.503299   -0.153299 (VIOLATED)
ANTENNA_331/DIODE                       0.350000    0.503298   -0.153298 (VIOLATED)
u_memory._426_/A2                       0.350000    0.503294   -0.153294 (VIOLATED)
wire191/X                               0.350000    0.503279   -0.153279 (VIOLATED)
u_memory._350_/A2                       0.350000    0.502718   -0.152718 (VIOLATED)
ANTENNA_355/DIODE                       0.350000    0.502706   -0.152706 (VIOLATED)
ANTENNA_356/DIODE                       0.350000    0.502704   -0.152704 (VIOLATED)
ANTENNA_357/DIODE                       0.350000    0.502704   -0.152704 (VIOLATED)
ANTENNA_358/DIODE                       0.350000    0.502703   -0.152703 (VIOLATED)
wire228/X                               0.350000    0.502566   -0.152566 (VIOLATED)
ANTENNA_175/DIODE                       0.350000    0.501858   -0.151858 (VIOLATED)
u_memory._375_/B1                       0.350000    0.501855   -0.151855 (VIOLATED)
ANTENNA_173/DIODE                       0.350000    0.501854   -0.151854 (VIOLATED)
ANTENNA_174/DIODE                       0.350000    0.501842   -0.151842 (VIOLATED)
wire235/X                               0.350000    0.501778   -0.151778 (VIOLATED)
ANTENNA_514/DIODE                       0.350000    0.501547   -0.151547 (VIOLATED)
ANTENNA_513/DIODE                       0.350000    0.501546   -0.151546 (VIOLATED)
u_memory._357_/A1                       0.350000    0.501544   -0.151544 (VIOLATED)
ANTENNA_512/DIODE                       0.350000    0.501542   -0.151542 (VIOLATED)
u_memory._373_/X                        0.350000    0.500955   -0.150954 (VIOLATED)
ANTENNA_654/DIODE                       0.350000    0.500872   -0.150872 (VIOLATED)
u_memory._226_/B2                       0.350000    0.500870   -0.150870 (VIOLATED)
fanout176/A                             0.350000    0.500857   -0.150857 (VIOLATED)
ANTENNA_651/DIODE                       0.350000    0.500835   -0.150835 (VIOLATED)
ANTENNA_652/DIODE                       0.350000    0.500832   -0.150832 (VIOLATED)
ANTENNA_653/DIODE                       0.350000    0.500830   -0.150830 (VIOLATED)
u_memory._417_/A2                       0.350000    0.500808   -0.150808 (VIOLATED)
wire283/X                               0.350000    0.500804   -0.150804 (VIOLATED)
u_memory._420_/A2                       0.350000    0.500781   -0.150781 (VIOLATED)
u_memory._405_/A2                       0.350000    0.500677   -0.150677 (VIOLATED)
u_memory._411_/A2                       0.350000    0.500466   -0.150466 (VIOLATED)
wire317/X                               0.350000    0.500141   -0.150141 (VIOLATED)
max_cap455/A                            0.350000    0.500051   -0.150052 (VIOLATED)
m6_in_2_24/A                            0.350000    0.500043   -0.150043 (VIOLATED)
u_memory._396_/A2                       0.350000    0.499366   -0.149366 (VIOLATED)
u_memory._318_/A1                       0.350000    0.499248   -0.149248 (VIOLATED)
u_memory._240_/B1                       0.350000    0.499246   -0.149246 (VIOLATED)
ANTENNA_65/DIODE                        0.350000    0.499242   -0.149242 (VIOLATED)
ANTENNA_63/DIODE                        0.350000    0.499240   -0.149240 (VIOLATED)
ANTENNA_64/DIODE                        0.350000    0.499237   -0.149237 (VIOLATED)
_083_/Q                                 0.350000    0.499124   -0.149124 (VIOLATED)
u_memory._381_/A2                       0.350000    0.498191   -0.148191 (VIOLATED)
u_memory._238_/X                        0.350000    0.498165   -0.148165 (VIOLATED)
u_memory._219_/C                        0.350000    0.497455   -0.147455 (VIOLATED)
ANTENNA_537/DIODE                       0.350000    0.497453   -0.147453 (VIOLATED)
ANTENNA_534/DIODE                       0.350000    0.497449   -0.147449 (VIOLATED)
ANTENNA_535/DIODE                       0.350000    0.497441   -0.147441 (VIOLATED)
ANTENNA_536/DIODE                       0.350000    0.497437   -0.147437 (VIOLATED)
wire289/X                               0.350000    0.496515   -0.146515 (VIOLATED)
u_memory._336_/B1                       0.350000    0.495685   -0.145685 (VIOLATED)
ANTENNA_133/DIODE                       0.350000    0.495680   -0.145680 (VIOLATED)
ANTENNA_131/DIODE                       0.350000    0.495678   -0.145678 (VIOLATED)
ANTENNA_132/DIODE                       0.350000    0.495675   -0.145675 (VIOLATED)
u_memory._323_/X                        0.350000    0.495665   -0.145665 (VIOLATED)
u_memory._334_/X                        0.350000    0.494736   -0.144736 (VIOLATED)
ANTENNA_21/DIODE                        0.350000    0.491787   -0.141787 (VIOLATED)
_003_/D                                 0.350000    0.491786   -0.141786 (VIOLATED)
u_memory._215_/X                        0.350000    0.491736   -0.141736 (VIOLATED)
u_memory._327_/B1                       0.350000    0.491161   -0.141161 (VIOLATED)
ANTENNA_124/DIODE                       0.350000    0.491158   -0.141158 (VIOLATED)
ANTENNA_122/DIODE                       0.350000    0.491156   -0.141156 (VIOLATED)
ANTENNA_123/DIODE                       0.350000    0.491154   -0.141154 (VIOLATED)
wire456/X                               0.350000    0.490544   -0.140544 (VIOLATED)
u_memory._324_/X                        0.350000    0.490293   -0.140293 (VIOLATED)
ANTENNA_468/DIODE                       0.350000    0.489975   -0.139975 (VIOLATED)
ANTENNA_466/DIODE                       0.350000    0.489969   -0.139969 (VIOLATED)
ANTENNA_464/DIODE                       0.350000    0.489965   -0.139965 (VIOLATED)
ANTENNA_462/DIODE                       0.350000    0.489960   -0.139960 (VIOLATED)
u_memory._399_/A1                       0.350000    0.489959   -0.139959 (VIOLATED)
ANTENNA_460/DIODE                       0.350000    0.489953   -0.139953 (VIOLATED)
ANTENNA_461/DIODE                       0.350000    0.489900   -0.139900 (VIOLATED)
ANTENNA_463/DIODE                       0.350000    0.489886   -0.139886 (VIOLATED)
ANTENNA_465/DIODE                       0.350000    0.489870   -0.139870 (VIOLATED)
ANTENNA_467/DIODE                       0.350000    0.489853   -0.139852 (VIOLATED)
u_memory._358_/C                        0.350000    0.488570   -0.138570 (VIOLATED)
ANTENNA_342/DIODE                       0.350000    0.488563   -0.138563 (VIOLATED)
ANTENNA_340/DIODE                       0.350000    0.488563   -0.138563 (VIOLATED)
ANTENNA_341/DIODE                       0.350000    0.488560   -0.138560 (VIOLATED)
ANTENNA_343/DIODE                       0.350000    0.488557   -0.138557 (VIOLATED)
u_memory._359_/A2                       0.350000    0.487972   -0.137972 (VIOLATED)
ANTENNA_402/DIODE                       0.350000    0.487957   -0.137957 (VIOLATED)
ANTENNA_404/DIODE                       0.350000    0.487953   -0.137953 (VIOLATED)
ANTENNA_403/DIODE                       0.350000    0.487948   -0.137948 (VIOLATED)
ANTENNA_405/DIODE                       0.350000    0.487945   -0.137945 (VIOLATED)
wire231/X                               0.350000    0.487675   -0.137675 (VIOLATED)
wire250/X                               0.350000    0.487297   -0.137297 (VIOLATED)
u_memory._178_/A2                       0.350000    0.484206   -0.134206 (VIOLATED)
u_memory._177_/Y                        0.350000    0.484197   -0.134197 (VIOLATED)
u_memory._220_/A2                       0.350000    0.481329   -0.131329 (VIOLATED)
ANTENNA_664/DIODE                       0.350000    0.481328   -0.131328 (VIOLATED)
ANTENNA_662/DIODE                       0.350000    0.481327   -0.131327 (VIOLATED)
ANTENNA_660/DIODE                       0.350000    0.481319   -0.131319 (VIOLATED)
ANTENNA_661/DIODE                       0.350000    0.481317   -0.131317 (VIOLATED)
ANTENNA_663/DIODE                       0.350000    0.481315   -0.131314 (VIOLATED)
wire319/X                               0.350000    0.480664   -0.130664 (VIOLATED)
u_memory._259_/C                        0.350000    0.480570   -0.130570 (VIOLATED)
ANTENNA_611/DIODE                       0.350000    0.480565   -0.130565 (VIOLATED)
ANTENNA_609/DIODE                       0.350000    0.480564   -0.130564 (VIOLATED)
ANTENNA_610/DIODE                       0.350000    0.480560   -0.130560 (VIOLATED)
ANTENNA_612/DIODE                       0.350000    0.480558   -0.130558 (VIOLATED)
wire306/X                               0.350000    0.479738   -0.129738 (VIOLATED)
wire268/X                               0.350000    0.479409   -0.129409 (VIOLATED)
ANTENNA_389/DIODE                       0.350000    0.478103   -0.128103 (VIOLATED)
ANTENNA_387/DIODE                       0.350000    0.478101   -0.128101 (VIOLATED)
u_memory._374_/A2                       0.350000    0.478099   -0.128099 (VIOLATED)
ANTENNA_390/DIODE                       0.350000    0.478094   -0.128094 (VIOLATED)
ANTENNA_388/DIODE                       0.350000    0.478094   -0.128094 (VIOLATED)
output80/A                              0.350000    0.477561   -0.127561 (VIOLATED)
ANTENNA_1382/DIODE                      0.350000    0.477560   -0.127560 (VIOLATED)
_017_/Q                                 0.350000    0.477474   -0.127474 (VIOLATED)
wire245/X                               0.350000    0.477437   -0.127437 (VIOLATED)
u_memory._305_/A0                       0.350000    0.474891   -0.124891 (VIOLATED)
_068_/Q                                 0.350000    0.474828   -0.124828 (VIOLATED)
m6_in_1_28/A                            0.350000    0.474808   -0.124808 (VIOLATED)
ANTENNA_893/DIODE                       0.350000    0.474798   -0.124798 (VIOLATED)
max_cap424/A                            0.350000    0.474797   -0.124797 (VIOLATED)
ANTENNA_892/DIODE                       0.350000    0.474791   -0.124791 (VIOLATED)
_009_/D                                 0.350000    0.474301   -0.124301 (VIOLATED)
ANTENNA_1359/DIODE                      0.350000    0.474300   -0.124300 (VIOLATED)
u_memory._233_/X                        0.350000    0.474255   -0.124255 (VIOLATED)
_109_/D                                 0.350000    0.473749   -0.123749 (VIOLATED)
wire642/X                               0.350000    0.473708   -0.123708 (VIOLATED)
_112_/D                                 0.350000    0.473547   -0.123546 (VIOLATED)
ANTENNA_223/DIODE                       0.350000    0.473546   -0.123546 (VIOLATED)
input40/X                               0.350000    0.473517   -0.123517 (VIOLATED)
u_memory._321_/A0                       0.350000    0.473504   -0.123504 (VIOLATED)
u_memory._192_/A1                       0.350000    0.473495   -0.123495 (VIOLATED)
ANTENNA_2/DIODE                         0.350000    0.472820   -0.122820 (VIOLATED)
u_memory._188_/A_N                      0.350000    0.472819   -0.122819 (VIOLATED)
u_memory._314_/A0                       0.350000    0.472721   -0.122721 (VIOLATED)
u_memory._179_/B                        0.350000    0.472327   -0.122327 (VIOLATED)
u_memory._422_/A0                       0.350000    0.471693   -0.121693 (VIOLATED)
u_memory._381_/B1                       0.350000    0.471338   -0.121338 (VIOLATED)
u_memory._183_/B                        0.350000    0.471253   -0.121253 (VIOLATED)
u_memory._396_/B1                       0.350000    0.470836   -0.120836 (VIOLATED)
u_memory._379_/X                        0.350000    0.470229   -0.120229 (VIOLATED)
u_memory._356_/A2                       0.350000    0.469948   -0.119948 (VIOLATED)
ANTENNA_408/DIODE                       0.350000    0.469935   -0.119935 (VIOLATED)
ANTENNA_406/DIODE                       0.350000    0.469934   -0.119934 (VIOLATED)
ANTENNA_407/DIODE                       0.350000    0.469931   -0.119931 (VIOLATED)
wire172/X                               0.350000    0.469665   -0.119665 (VIOLATED)
wire251/X                               0.350000    0.469303   -0.119303 (VIOLATED)
wire425/X                               0.350000    0.468329   -0.118328 (VIOLATED)
_076_/Q                                 0.350000    0.468311   -0.118311 (VIOLATED)
u_memory._428_/RESET_B                  0.350000    0.468182   -0.118182 (VIOLATED)
u_memory._427_/RESET_B                  0.350000    0.468127   -0.118127 (VIOLATED)
u_memory._191_/B1                       0.350000    0.467837   -0.117837 (VIOLATED)
_083_/D                                 0.350000    0.467717   -0.117717 (VIOLATED)
ANTENNA_1365/DIODE                      0.350000    0.467714   -0.117714 (VIOLATED)
u_memory._300_/B1                       0.350000    0.467584   -0.117584 (VIOLATED)
u_memory._186_/B1                       0.350000    0.467255   -0.117255 (VIOLATED)
input8/X                                0.350000    0.467172   -0.117172 (VIOLATED)
u_memory._182_/B1                       0.350000    0.467053   -0.117053 (VIOLATED)
ANTENNA_227/DIODE                       0.350000    0.466888   -0.116888 (VIOLATED)
_117_/D                                 0.350000    0.466887   -0.116887 (VIOLATED)
input45/X                               0.350000    0.466855   -0.116855 (VIOLATED)
_013_/D                                 0.350000    0.466847   -0.116847 (VIOLATED)
u_memory._246_/X                        0.350000    0.466814   -0.116814 (VIOLATED)
wire387/A                               0.350000    0.466814   -0.116814 (VIOLATED)
u_memory._175_/D                        0.350000    0.466760   -0.116760 (VIOLATED)
wire180/X                               0.350000    0.466694   -0.116694 (VIOLATED)
u_memory._178_/B1                       0.350000    0.466622   -0.116622 (VIOLATED)
u_memory._312_/A1                       0.350000    0.465904   -0.115904 (VIOLATED)
_097_/Q                                 0.350000    0.465070   -0.115070 (VIOLATED)
u_memory._305_/A1                       0.350000    0.465060   -0.115060 (VIOLATED)
u_memory._430_/RESET_B                  0.350000    0.464464   -0.114464 (VIOLATED)
_090_/Q                                 0.350000    0.464322   -0.114322 (VIOLATED)
u_memory._429_/RESET_B                  0.350000    0.464282   -0.114282 (VIOLATED)
u_memory._246_/A1                       0.350000    0.463986   -0.113986 (VIOLATED)
ANTENNA_823/DIODE                       0.350000    0.463985   -0.113985 (VIOLATED)
ANTENNA_822/DIODE                       0.350000    0.463974   -0.113974 (VIOLATED)
ANTENNA_824/DIODE                       0.350000    0.463972   -0.113972 (VIOLATED)
ANTENNA_211/DIODE                       0.350000    0.463471   -0.113471 (VIOLATED)
max_cap389/A                            0.350000    0.463471   -0.113471 (VIOLATED)
wire365/X                               0.350000    0.463343   -0.113343 (VIOLATED)
m6_in_7_9/A                             0.350000    0.463271   -0.113271 (VIOLATED)
ANTENNA_1202/DIODE                      0.350000    0.463267   -0.113267 (VIOLATED)
ANTENNA_1200/DIODE                      0.350000    0.463266   -0.113266 (VIOLATED)
ANTENNA_1199/DIODE                      0.350000    0.463263   -0.113263 (VIOLATED)
ANTENNA_1201/DIODE                      0.350000    0.463261   -0.113261 (VIOLATED)
_081_/D                                 0.350000    0.463195   -0.113195 (VIOLATED)
wire644/X                               0.350000    0.463134   -0.113134 (VIOLATED)
ANTENNA_212/DIODE                       0.350000    0.463112   -0.113112 (VIOLATED)
max_cap390/A                            0.350000    0.462970   -0.112970 (VIOLATED)
hold105/A                               0.350000    0.462723   -0.112723 (VIOLATED)
max_cap562/X                            0.350000    0.462544   -0.112544 (VIOLATED)
wire647/X                               0.350000    0.462143   -0.112143 (VIOLATED)
ANTENNA_1367/DIODE                      0.350000    0.462098   -0.112098 (VIOLATED)
_085_/D                                 0.350000    0.462095   -0.112095 (VIOLATED)
_134_/Q                                 0.350000    0.461959   -0.111959 (VIOLATED)
input10/X                               0.350000    0.461312   -0.111312 (VIOLATED)
u_memory._320_/A0                       0.350000    0.460417   -0.110417 (VIOLATED)
u_memory._315_/A0                       0.350000    0.460249   -0.110249 (VIOLATED)
ANTENNA_1361/DIODE                      0.350000    0.460210   -0.110210 (VIOLATED)
m6_in_2_28/A                            0.350000    0.459982   -0.109982 (VIOLATED)
max_cap427/A                            0.350000    0.459974   -0.109974 (VIOLATED)
u_memory._192_/A2                       0.350000    0.459144   -0.109144 (VIOLATED)
ANTENNA_31/DIODE                        0.350000    0.458985   -0.108985 (VIOLATED)
u_memory._188_/B                        0.350000    0.458983   -0.108983 (VIOLATED)
u_memory._423_/A2                       0.350000    0.458878   -0.108878 (VIOLATED)
u_memory._187_/X                        0.350000    0.458630   -0.108629 (VIOLATED)
ANTENNA_13/DIODE                        0.350000    0.458145   -0.108145 (VIOLATED)
_002_/D                                 0.350000    0.458145   -0.108145 (VIOLATED)
u_memory._212_/X                        0.350000    0.458090   -0.108090 (VIOLATED)
output128/A                             0.350000    0.457312   -0.107312 (VIOLATED)
_006_/Q                                 0.350000    0.457257   -0.107257 (VIOLATED)
ANTENNA_1366/DIODE                      0.350000    0.457098   -0.107098 (VIOLATED)
_084_/D                                 0.350000    0.457095   -0.107095 (VIOLATED)
u_memory._311_/A1                       0.350000    0.456857   -0.106857 (VIOLATED)
input9/X                                0.350000    0.456394   -0.106394 (VIOLATED)
_096_/Q                                 0.350000    0.456227   -0.106227 (VIOLATED)
u_memory._306_/A1                       0.350000    0.455452   -0.105452 (VIOLATED)
ANTENNA_204/DIODE                       0.350000    0.455184   -0.105184 (VIOLATED)
_091_/Q                                 0.350000    0.454196   -0.104196 (VIOLATED)
wire428/X                               0.350000    0.453860   -0.103860 (VIOLATED)
ANTENNA_558/DIODE                       0.350000    0.453484   -0.103484 (VIOLATED)
ANTENNA_556/DIODE                       0.350000    0.453484   -0.103484 (VIOLATED)
ANTENNA_554/DIODE                       0.350000    0.453484   -0.103484 (VIOLATED)
ANTENNA_552/DIODE                       0.350000    0.453483   -0.103483 (VIOLATED)
ANTENNA_550/DIODE                       0.350000    0.453475   -0.103475 (VIOLATED)
ANTENNA_548/DIODE                       0.350000    0.453471   -0.103471 (VIOLATED)
u_memory._298_/C                        0.350000    0.453470   -0.103470 (VIOLATED)
ANTENNA_547/DIODE                       0.350000    0.453467   -0.103467 (VIOLATED)
_006_/D                                 0.350000    0.453448   -0.103448 (VIOLATED)
ANTENNA_27/DIODE                        0.350000    0.453448   -0.103448 (VIOLATED)
ANTENNA_557/DIODE                       0.350000    0.453436   -0.103436 (VIOLATED)
ANTENNA_549/DIODE                       0.350000    0.453431   -0.103431 (VIOLATED)
ANTENNA_555/DIODE                       0.350000    0.453430   -0.103430 (VIOLATED)
ANTENNA_553/DIODE                       0.350000    0.453428   -0.103428 (VIOLATED)
u_memory._224_/X                        0.350000    0.453400   -0.103400 (VIOLATED)
ANTENNA_551/DIODE                       0.350000    0.453329   -0.103329 (VIOLATED)
wire292/X                               0.350000    0.452586   -0.102586 (VIOLATED)
u_memory._300_/B2                       0.350000    0.452477   -0.102477 (VIOLATED)
u_memory._283_/C                        0.350000    0.451936   -0.101936 (VIOLATED)
ANTENNA_580/DIODE                       0.350000    0.451932   -0.101932 (VIOLATED)
ANTENNA_578/DIODE                       0.350000    0.451932   -0.101932 (VIOLATED)
ANTENNA_579/DIODE                       0.350000    0.451927   -0.101927 (VIOLATED)
ANTENNA_581/DIODE                       0.350000    0.451925   -0.101925 (VIOLATED)
ANTENNA_101/DIODE                       0.350000    0.451767   -0.101767 (VIOLATED)
ANTENNA_102/DIODE                       0.350000    0.451765   -0.101765 (VIOLATED)
ANTENNA_100/DIODE                       0.350000    0.451758   -0.101758 (VIOLATED)
u_memory._282_/B1                       0.350000    0.451757   -0.101757 (VIOLATED)
u_memory._299_/X                        0.350000    0.451728   -0.101728 (VIOLATED)
wire298/X                               0.350000    0.451126   -0.101126 (VIOLATED)
u_memory._280_/X                        0.350000    0.450926   -0.100926 (VIOLATED)
ANTENNA_224/DIODE                       0.350000    0.450787   -0.100787 (VIOLATED)
_113_/D                                 0.350000    0.450786   -0.100786 (VIOLATED)
input41/X                               0.350000    0.450756   -0.100756 (VIOLATED)
u_memory._288_/B1                       0.350000    0.449608   -0.099608 (VIOLATED)
ANTENNA_108/DIODE                       0.350000    0.449605   -0.099605 (VIOLATED)
ANTENNA_106/DIODE                       0.350000    0.449604   -0.099604 (VIOLATED)
ANTENNA_107/DIODE                       0.350000    0.449601   -0.099601 (VIOLATED)
m6_in_2_10/A                            0.350000    0.449238   -0.099238 (VIOLATED)
max_cap552/A                            0.350000    0.449206   -0.099206 (VIOLATED)
max_cap553/A                            0.350000    0.449201   -0.099201 (VIOLATED)
u_memory._286_/X                        0.350000    0.448799   -0.098799 (VIOLATED)
ANTENNA_1370/DIODE                      0.350000    0.448554   -0.098554 (VIOLATED)
output93/A                              0.350000    0.448553   -0.098553 (VIOLATED)
u_memory._280_/C                        0.350000    0.448472   -0.098472 (VIOLATED)
ANTENNA_584/DIODE                       0.350000    0.448467   -0.098467 (VIOLATED)
ANTENNA_582/DIODE                       0.350000    0.448465   -0.098465 (VIOLATED)
ANTENNA_583/DIODE                       0.350000    0.448462   -0.098462 (VIOLATED)
ANTENNA_22/DIODE                        0.350000    0.448371   -0.098371 (VIOLATED)
_039_/D                                 0.350000    0.448371   -0.098371 (VIOLATED)
u_memory._345_/X                        0.350000    0.448320   -0.098320 (VIOLATED)
u_memory._195_/A1                       0.350000    0.448195   -0.098195 (VIOLATED)
_029_/Q                                 0.350000    0.447902   -0.097902 (VIOLATED)
wire299/X                               0.350000    0.447734   -0.097734 (VIOLATED)
u_memory._284_/A2                       0.350000    0.447654   -0.097654 (VIOLATED)
ANTENNA_676/DIODE                       0.350000    0.447650   -0.097650 (VIOLATED)
ANTENNA_674/DIODE                       0.350000    0.447649   -0.097649 (VIOLATED)
ANTENNA_672/DIODE                       0.350000    0.447639   -0.097639 (VIOLATED)
ANTENNA_673/DIODE                       0.350000    0.447639   -0.097639 (VIOLATED)
ANTENNA_675/DIODE                       0.350000    0.447625   -0.097625 (VIOLATED)
wire322/X                               0.350000    0.447140   -0.097140 (VIOLATED)
wire193/X                               0.350000    0.447007   -0.097007 (VIOLATED)
output91/A                              0.350000    0.445014   -0.095014 (VIOLATED)
u_memory._396_/A1                       0.350000    0.444562   -0.094562 (VIOLATED)
u_memory._246_/B1                       0.350000    0.444513   -0.094513 (VIOLATED)
ANTENNA_70/DIODE                        0.350000    0.444509   -0.094509 (VIOLATED)
ANTENNA_69/DIODE                        0.350000    0.444507   -0.094507 (VIOLATED)
ANTENNA_71/DIODE                        0.350000    0.444503   -0.094503 (VIOLATED)
_027_/Q                                 0.350000    0.444400   -0.094400 (VIOLATED)
wire554/X                               0.350000    0.444084   -0.094084 (VIOLATED)
u_memory._244_/X                        0.350000    0.443711   -0.093711 (VIOLATED)
u_memory._312_/A0                       0.350000    0.443013   -0.093013 (VIOLATED)
_075_/Q                                 0.350000    0.442972   -0.092972 (VIOLATED)
u_memory._179_/C_N                      0.350000    0.442242   -0.092242 (VIOLATED)
ANTENNA_3/DIODE                         0.350000    0.442241   -0.092241 (VIOLATED)
u_memory._183_/C                        0.350000    0.442228   -0.092228 (VIOLATED)
ANTENNA_4/DIODE                         0.350000    0.442226   -0.092226 (VIOLATED)
u_memory._421_/A                        0.350000    0.442188   -0.092188 (VIOLATED)
ANTENNA_6/DIODE                         0.350000    0.442186   -0.092186 (VIOLATED)
u_memory._187_/A                        0.350000    0.442128   -0.092128 (VIOLATED)
ANTENNA_5/DIODE                         0.350000    0.442122   -0.092122 (VIOLATED)
ANTENNA_444/DIODE                       0.350000    0.442021   -0.092021 (VIOLATED)
ANTENNA_442/DIODE                       0.350000    0.442021   -0.092021 (VIOLATED)
u_memory._420_/A1                       0.350000    0.442020   -0.092020 (VIOLATED)
ANTENNA_440/DIODE                       0.350000    0.442020   -0.092020 (VIOLATED)
ANTENNA_438/DIODE                       0.350000    0.442017   -0.092017 (VIOLATED)
ANTENNA_436/DIODE                       0.350000    0.442015   -0.092015 (VIOLATED)
ANTENNA_435/DIODE                       0.350000    0.442010   -0.092010 (VIOLATED)
ANTENNA_437/DIODE                       0.350000    0.442006   -0.092006 (VIOLATED)
ANTENNA_439/DIODE                       0.350000    0.442002   -0.092002 (VIOLATED)
ANTENNA_441/DIODE                       0.350000    0.441997   -0.091997 (VIOLATED)
ANTENNA_443/DIODE                       0.350000    0.441995   -0.091995 (VIOLATED)
max_cap537/A                            0.350000    0.441980   -0.091980 (VIOLATED)
m6_in_1_12/A                            0.350000    0.441976   -0.091976 (VIOLATED)
u_memory._414_/B1                       0.350000    0.441975   -0.091975 (VIOLATED)
ANTENNA_1364/DIODE                      0.350000    0.441948   -0.091948 (VIOLATED)
_079_/D                                 0.350000    0.441944   -0.091944 (VIOLATED)
_065_/Q                                 0.350000    0.441692   -0.091692 (VIOLATED)
m6_in_2_26/A                            0.350000    0.441278   -0.091278 (VIOLATED)
max_cap441/A                            0.350000    0.441271   -0.091271 (VIOLATED)
input4/X                                0.350000    0.441210   -0.091210 (VIOLATED)
max_cap538/X                            0.350000    0.441155   -0.091155 (VIOLATED)
wire260/X                               0.350000    0.441097   -0.091097 (VIOLATED)
wire171/X                               0.350000    0.440962   -0.090962 (VIOLATED)
_107_/D                                 0.350000    0.440661   -0.090661 (VIOLATED)
m6_in_4_43/A                            0.350000    0.440635   -0.090635 (VIOLATED)
input66/X                               0.350000    0.440614   -0.090614 (VIOLATED)
wire269/X                               0.350000    0.440590   -0.090590 (VIOLATED)
u_memory._236_/A1                       0.350000    0.438830   -0.088830 (VIOLATED)
u_memory._306_/A0                       0.350000    0.438734   -0.088734 (VIOLATED)
_069_/Q                                 0.350000    0.438706   -0.088706 (VIOLATED)
u_memory._309_/A0                       0.350000    0.438381   -0.088381 (VIOLATED)
_072_/Q                                 0.350000    0.438314   -0.088314 (VIOLATED)
m6_in_5_43/A                            0.350000    0.437978   -0.087978 (VIOLATED)
ANTENNA_839/DIODE                       0.350000    0.437972   -0.087972 (VIOLATED)
max_cap207/X                            0.350000    0.437810   -0.087810 (VIOLATED)
u_memory._347_/A2                       0.350000    0.437776   -0.087776 (VIOLATED)
ANTENNA_360/DIODE                       0.350000    0.437761   -0.087761 (VIOLATED)
ANTENNA_362/DIODE                       0.350000    0.437757   -0.087757 (VIOLATED)
ANTENNA_359/DIODE                       0.350000    0.437742   -0.087742 (VIOLATED)
ANTENNA_361/DIODE                       0.350000    0.437728   -0.087728 (VIOLATED)
wire236/X                               0.350000    0.437103   -0.087103 (VIOLATED)
max_cap481/A                            0.350000    0.436926   -0.086926 (VIOLATED)
m6_in_1_20/A                            0.350000    0.436924   -0.086924 (VIOLATED)
ANTENNA_768/DIODE                       0.350000    0.436238   -0.086238 (VIOLATED)
ANTENNA_766/DIODE                       0.350000    0.436231   -0.086230 (VIOLATED)
u_memory._297_/A1                       0.350000    0.436217   -0.086217 (VIOLATED)
ANTENNA_765/DIODE                       0.350000    0.436216   -0.086216 (VIOLATED)
ANTENNA_767/DIODE                       0.350000    0.436179   -0.086179 (VIOLATED)
max_cap482/X                            0.350000    0.436101   -0.086101 (VIOLATED)
wire391/A                               0.350000    0.435720   -0.085720 (VIOLATED)
u_memory._321_/A1                       0.350000    0.435650   -0.085650 (VIOLATED)
wire442/X                               0.350000    0.435587   -0.085587 (VIOLATED)
wire347/X                               0.350000    0.435586   -0.085586 (VIOLATED)
_086_/Q                                 0.350000    0.435578   -0.085578 (VIOLATED)
max_cap396/A                            0.350000    0.435102   -0.085102 (VIOLATED)
_133_/Q                                 0.350000    0.434819   -0.084819 (VIOLATED)
u_memory._250_/C                        0.350000    0.434210   -0.084210 (VIOLATED)
ANTENNA_623/DIODE                       0.350000    0.434206   -0.084206 (VIOLATED)
ANTENNA_621/DIODE                       0.350000    0.434204   -0.084204 (VIOLATED)
ANTENNA_622/DIODE                       0.350000    0.434201   -0.084201 (VIOLATED)
ANTENNA_624/DIODE                       0.350000    0.434200   -0.084200 (VIOLATED)
_008_/D                                 0.350000    0.434137   -0.084137 (VIOLATED)
ANTENNA_29/DIODE                        0.350000    0.434136   -0.084136 (VIOLATED)
u_memory._230_/X                        0.350000    0.434065   -0.084065 (VIOLATED)
u_memory._378_/B1                       0.350000    0.434039   -0.084039 (VIOLATED)
ANTENNA_178/DIODE                       0.350000    0.434034   -0.084034 (VIOLATED)
ANTENNA_176/DIODE                       0.350000    0.434033   -0.084033 (VIOLATED)
ANTENNA_177/DIODE                       0.350000    0.434030   -0.084030 (VIOLATED)
ANTENNA_179/DIODE                       0.350000    0.434028   -0.084028 (VIOLATED)
u_memory._311_/A0                       0.350000    0.434015   -0.084015 (VIOLATED)
_074_/Q                                 0.350000    0.433968   -0.083968 (VIOLATED)
wire309/X                               0.350000    0.433710   -0.083710 (VIOLATED)
u_memory._376_/X                        0.350000    0.433265   -0.083265 (VIOLATED)
u_memory._402_/B1                       0.350000    0.432353   -0.082353 (VIOLATED)
ANTENNA_192/DIODE                       0.350000    0.432345   -0.082345 (VIOLATED)
output82/A                              0.350000    0.432087   -0.082087 (VIOLATED)
u_memory._400_/X                        0.350000    0.431736   -0.081736 (VIOLATED)
_019_/Q                                 0.350000    0.431663   -0.081663 (VIOLATED)
u_memory._270_/B1                       0.350000    0.431315   -0.081315 (VIOLATED)
ANTENNA_93/DIODE                        0.350000    0.431312   -0.081312 (VIOLATED)
ANTENNA_91/DIODE                        0.350000    0.431310   -0.081310 (VIOLATED)
ANTENNA_92/DIODE                        0.350000    0.431304   -0.081304 (VIOLATED)
wire388/X                               0.350000    0.431087   -0.081087 (VIOLATED)
u_memory._252_/B1                       0.350000    0.430928   -0.080928 (VIOLATED)
ANTENNA_76/DIODE                        0.350000    0.430924   -0.080924 (VIOLATED)
ANTENNA_75/DIODE                        0.350000    0.430922   -0.080922 (VIOLATED)
ANTENNA_77/DIODE                        0.350000    0.430917   -0.080917 (VIOLATED)
u_memory._288_/A1                       0.350000    0.430916   -0.080916 (VIOLATED)
u_memory._268_/X                        0.350000    0.430450   -0.080450 (VIOLATED)
wire350/X                               0.350000    0.430356   -0.080356 (VIOLATED)
u_memory._202_/B                        0.350000    0.430319   -0.080319 (VIOLATED)
u_memory._201_/X                        0.350000    0.430240   -0.080240 (VIOLATED)
u_memory._250_/X                        0.350000    0.430078   -0.080078 (VIOLATED)
u_memory._304_/A0                       0.350000    0.429996   -0.079996 (VIOLATED)
u_memory._285_/B1                       0.350000    0.429957   -0.079957 (VIOLATED)
ANTENNA_105/DIODE                       0.350000    0.429953   -0.079953 (VIOLATED)
ANTENNA_103/DIODE                       0.350000    0.429952   -0.079952 (VIOLATED)
ANTENNA_104/DIODE                       0.350000    0.429949   -0.079949 (VIOLATED)
ANTENNA_23/DIODE                        0.350000    0.429678   -0.079678 (VIOLATED)
_004_/D                                 0.350000    0.429677   -0.079677 (VIOLATED)
u_memory._218_/X                        0.350000    0.429633   -0.079633 (VIOLATED)
u_memory._345_/A1                       0.350000    0.429579   -0.079579 (VIOLATED)
ANTENNA_425/DIODE                       0.350000    0.429577   -0.079577 (VIOLATED)
ANTENNA_423/DIODE                       0.350000    0.429577   -0.079577 (VIOLATED)
ANTENNA_422/DIODE                       0.350000    0.429574   -0.079574 (VIOLATED)
_067_/Q                                 0.350000    0.429572   -0.079572 (VIOLATED)
ANTENNA_424/DIODE                       0.350000    0.429566   -0.079566 (VIOLATED)
output135/A                             0.350000    0.429299   -0.079299 (VIOLATED)
ANTENNA_1371/DIODE                      0.350000    0.429298   -0.079298 (VIOLATED)
_009_/Q                                 0.350000    0.429229   -0.079229 (VIOLATED)
u_memory._283_/X                        0.350000    0.429206   -0.079206 (VIOLATED)
wire256/X                               0.350000    0.428984   -0.078984 (VIOLATED)
u_memory._243_/B1                       0.350000    0.428502   -0.078502 (VIOLATED)
ANTENNA_68/DIODE                        0.350000    0.428499   -0.078499 (VIOLATED)
ANTENNA_66/DIODE                        0.350000    0.428499   -0.078499 (VIOLATED)
ANTENNA_67/DIODE                        0.350000    0.428495   -0.078495 (VIOLATED)
u_memory._245_/A2                       0.350000    0.428156   -0.078156 (VIOLATED)
ANTENNA_717/DIODE                       0.350000    0.428151   -0.078151 (VIOLATED)
ANTENNA_715/DIODE                       0.350000    0.428150   -0.078150 (VIOLATED)
ANTENNA_716/DIODE                       0.350000    0.428147   -0.078147 (VIOLATED)
ANTENNA_718/DIODE                       0.350000    0.428145   -0.078145 (VIOLATED)
_111_/D                                 0.350000    0.428076   -0.078076 (VIOLATED)
ANTENNA_222/DIODE                       0.350000    0.428075   -0.078075 (VIOLATED)
input39/X                               0.350000    0.428053   -0.078053 (VIOLATED)
u_memory._241_/X                        0.350000    0.427737   -0.077737 (VIOLATED)
ANTENNA_725/DIODE                       0.350000    0.427673   -0.077673 (VIOLATED)
u_memory._239_/B2                       0.350000    0.427672   -0.077672 (VIOLATED)
ANTENNA_723/DIODE                       0.350000    0.427643   -0.077643 (VIOLATED)
ANTENNA_724/DIODE                       0.350000    0.427643   -0.077643 (VIOLATED)
ANTENNA_726/DIODE                       0.350000    0.427643   -0.077643 (VIOLATED)
ANTENNA_722/DIODE                       0.350000    0.427642   -0.077642 (VIOLATED)
u_memory._390_/A1                       0.350000    0.427492   -0.077492 (VIOLATED)
ANTENNA_471/DIODE                       0.350000    0.427491   -0.077491 (VIOLATED)
ANTENNA_469/DIODE                       0.350000    0.427491   -0.077491 (VIOLATED)
ANTENNA_470/DIODE                       0.350000    0.427480   -0.077480 (VIOLATED)
u_memory._372_/B1                       0.350000    0.427467   -0.077467 (VIOLATED)
ANTENNA_472/DIODE                       0.350000    0.427464   -0.077464 (VIOLATED)
ANTENNA_171/DIODE                       0.350000    0.427461   -0.077461 (VIOLATED)
ANTENNA_170/DIODE                       0.350000    0.427460   -0.077460 (VIOLATED)
ANTENNA_172/DIODE                       0.350000    0.427456   -0.077456 (VIOLATED)
wire333/X                               0.350000    0.427410   -0.077410 (VIOLATED)
u_memory._375_/A1                       0.350000    0.427302   -0.077302 (VIOLATED)
ANTENNA_491/DIODE                       0.350000    0.427301   -0.077301 (VIOLATED)
ANTENNA_493/DIODE                       0.350000    0.427301   -0.077301 (VIOLATED)
ANTENNA_492/DIODE                       0.350000    0.427292   -0.077292 (VIOLATED)
ANTENNA_7/DIODE                         0.350000    0.427282   -0.077282 (VIOLATED)
_001_/D                                 0.350000    0.427282   -0.077282 (VIOLATED)
u_memory._209_/X                        0.350000    0.427245   -0.077245 (VIOLATED)
u_memory._368_/A2                       0.350000    0.427232   -0.077232 (VIOLATED)
ANTENNA_392/DIODE                       0.350000    0.427217   -0.077217 (VIOLATED)
ANTENNA_394/DIODE                       0.350000    0.427215   -0.077215 (VIOLATED)
ANTENNA_393/DIODE                       0.350000    0.427209   -0.077209 (VIOLATED)
wire335/X                               0.350000    0.427057   -0.077057 (VIOLATED)
wire271/X                               0.350000    0.426889   -0.076889 (VIOLATED)
u_memory._370_/X                        0.350000    0.426738   -0.076738 (VIOLATED)
wire277/X                               0.350000    0.426735   -0.076735 (VIOLATED)
wire247/X                               0.350000    0.426565   -0.076565 (VIOLATED)
ANTENNA_750/DIODE                       0.350000    0.426049   -0.076049 (VIOLATED)
u_memory._221_/A1                       0.350000    0.426049   -0.076049 (VIOLATED)
ANTENNA_752/DIODE                       0.350000    0.426048   -0.076048 (VIOLATED)
ANTENNA_751/DIODE                       0.350000    0.426016   -0.076016 (VIOLATED)
ANTENNA_753/DIODE                       0.350000    0.426016   -0.076016 (VIOLATED)
u_memory._370_/C                        0.350000    0.425908   -0.075908 (VIOLATED)
ANTENNA_327/DIODE                       0.350000    0.425902   -0.075902 (VIOLATED)
ANTENNA_325/DIODE                       0.350000    0.425901   -0.075901 (VIOLATED)
ANTENNA_326/DIODE                       0.350000    0.425898   -0.075898 (VIOLATED)
ANTENNA_733/DIODE                       0.350000    0.425887   -0.075887 (VIOLATED)
ANTENNA_731/DIODE                       0.350000    0.425883   -0.075883 (VIOLATED)
u_memory._237_/A1                       0.350000    0.425880   -0.075880 (VIOLATED)
ANTENNA_730/DIODE                       0.350000    0.425853   -0.075853 (VIOLATED)
ANTENNA_732/DIODE                       0.350000    0.425838   -0.075838 (VIOLATED)
u_memory._238_/C                        0.350000    0.425734   -0.075734 (VIOLATED)
ANTENNA_640/DIODE                       0.350000    0.425733   -0.075733 (VIOLATED)
ANTENNA_638/DIODE                       0.350000    0.425732   -0.075732 (VIOLATED)
ANTENNA_637/DIODE                       0.350000    0.425731   -0.075731 (VIOLATED)
ANTENNA_639/DIODE                       0.350000    0.425725   -0.075725 (VIOLATED)
wire342/X                               0.350000    0.425435   -0.075435 (VIOLATED)
wire227/X                               0.350000    0.425333   -0.075333 (VIOLATED)
u_memory._258_/B1                       0.350000    0.425277   -0.075277 (VIOLATED)
ANTENNA_82/DIODE                        0.350000    0.425274   -0.075274 (VIOLATED)
ANTENNA_81/DIODE                        0.350000    0.425273   -0.075273 (VIOLATED)
ANTENNA_83/DIODE                        0.350000    0.425268   -0.075268 (VIOLATED)
wire337/X                               0.350000    0.425203   -0.075203 (VIOLATED)
u_memory._218_/B1                       0.350000    0.425202   -0.075202 (VIOLATED)
ANTENNA_43/DIODE                        0.350000    0.425199   -0.075199 (VIOLATED)
ANTENNA_41/DIODE                        0.350000    0.425197   -0.075197 (VIOLATED)
ANTENNA_42/DIODE                        0.350000    0.425194   -0.075194 (VIOLATED)
wire313/X                               0.350000    0.425137   -0.075137 (VIOLATED)
_093_/D                                 0.350000    0.425112   -0.075112 (VIOLATED)
u_memory._256_/X                        0.350000    0.424860   -0.074860 (VIOLATED)
u_memory._216_/X                        0.350000    0.424708   -0.074708 (VIOLATED)
input31/X                               0.350000    0.424691   -0.074691 (VIOLATED)
u_memory._255_/B1                       0.350000    0.424534   -0.074534 (VIOLATED)
ANTENNA_79/DIODE                        0.350000    0.424530   -0.074530 (VIOLATED)
ANTENNA_78/DIODE                        0.350000    0.424528   -0.074528 (VIOLATED)
ANTENNA_80/DIODE                        0.350000    0.424523   -0.074523 (VIOLATED)
u_memory._273_/B1                       0.350000    0.424307   -0.074307 (VIOLATED)
ANTENNA_95/DIODE                        0.350000    0.424304   -0.074304 (VIOLATED)
ANTENNA_94/DIODE                        0.350000    0.424303   -0.074303 (VIOLATED)
ANTENNA_96/DIODE                        0.350000    0.424291   -0.074291 (VIOLATED)
_077_/D                                 0.350000    0.424282   -0.074282 (VIOLATED)
ANTENNA_213/DIODE                       0.350000    0.424279   -0.074279 (VIOLATED)
u_memory._408_/A1                       0.350000    0.423908   -0.073908 (VIOLATED)
u_memory._366_/B1                       0.350000    0.423813   -0.073813 (VIOLATED)
ANTENNA_165/DIODE                       0.350000    0.423808   -0.073808 (VIOLATED)
ANTENNA_163/DIODE                       0.350000    0.423806   -0.073806 (VIOLATED)
ANTENNA_164/DIODE                       0.350000    0.423804   -0.073804 (VIOLATED)
ANTENNA_166/DIODE                       0.350000    0.423801   -0.073801 (VIOLATED)
output106/A                             0.350000    0.423763   -0.073763 (VIOLATED)
_004_/Q                                 0.350000    0.423739   -0.073739 (VIOLATED)
u_memory._253_/X                        0.350000    0.423707   -0.073707 (VIOLATED)
input2/X                                0.350000    0.423506   -0.073506 (VIOLATED)
u_memory._271_/X                        0.350000    0.423503   -0.073503 (VIOLATED)
ANTENNA_324/DIODE                       0.350000    0.423297   -0.073297 (VIOLATED)
ANTENNA_323/DIODE                       0.350000    0.423293   -0.073293 (VIOLATED)
u_memory._373_/C                        0.350000    0.423292   -0.073292 (VIOLATED)
ANTENNA_322/DIODE                       0.350000    0.423289   -0.073289 (VIOLATED)
ANTENNA_321/DIODE                       0.350000    0.423288   -0.073288 (VIOLATED)
u_memory._348_/B1                       0.350000    0.423167   -0.073167 (VIOLATED)
ANTENNA_145/DIODE                       0.350000    0.423164   -0.073164 (VIOLATED)
ANTENNA_143/DIODE                       0.350000    0.423163   -0.073163 (VIOLATED)
ANTENNA_144/DIODE                       0.350000    0.423160   -0.073160 (VIOLATED)
wire265/X                               0.350000    0.423040   -0.073040 (VIOLATED)
u_memory._364_/X                        0.350000    0.422982   -0.072982 (VIOLATED)
u_memory._346_/X                        0.350000    0.422740   -0.072740 (VIOLATED)
wire226/X                               0.350000    0.422567   -0.072567 (VIOLATED)
_040_/D                                 0.350000    0.422487   -0.072487 (VIOLATED)
u_memory._348_/X                        0.350000    0.422457   -0.072457 (VIOLATED)
u_memory._289_/C                        0.350000    0.422402   -0.072402 (VIOLATED)
ANTENNA_573/DIODE                       0.350000    0.422396   -0.072396 (VIOLATED)
ANTENNA_571/DIODE                       0.350000    0.422395   -0.072395 (VIOLATED)
ANTENNA_572/DIODE                       0.350000    0.422393   -0.072393 (VIOLATED)
ANTENNA_574/DIODE                       0.350000    0.422391   -0.072391 (VIOLATED)
u_memory._333_/B1                       0.350000    0.422384   -0.072384 (VIOLATED)
ANTENNA_130/DIODE                       0.350000    0.422381   -0.072381 (VIOLATED)
ANTENNA_128/DIODE                       0.350000    0.422379   -0.072379 (VIOLATED)
ANTENNA_129/DIODE                       0.350000    0.422377   -0.072377 (VIOLATED)
u_memory._331_/X                        0.350000    0.421929   -0.071929 (VIOLATED)
wire296/X                               0.350000    0.421800   -0.071800 (VIOLATED)
u_memory._387_/A1                       0.350000    0.421187   -0.071187 (VIOLATED)
ANTENNA_475/DIODE                       0.350000    0.421186   -0.071186 (VIOLATED)
ANTENNA_473/DIODE                       0.350000    0.421184   -0.071184 (VIOLATED)
ANTENNA_474/DIODE                       0.350000    0.421177   -0.071177 (VIOLATED)
ANTENNA_476/DIODE                       0.350000    0.421174   -0.071174 (VIOLATED)
output133/A                             0.350000    0.421033   -0.071033 (VIOLATED)
ANTENNA_1383/DIODE                      0.350000    0.421032   -0.071032 (VIOLATED)
_007_/Q                                 0.350000    0.420989   -0.070989 (VIOLATED)
u_memory._217_/A2                       0.350000    0.420944   -0.070944 (VIOLATED)
ANTENNA_667/DIODE                       0.350000    0.420939   -0.070939 (VIOLATED)
ANTENNA_665/DIODE                       0.350000    0.420938   -0.070938 (VIOLATED)
ANTENNA_666/DIODE                       0.350000    0.420935   -0.070935 (VIOLATED)
ANTENNA_668/DIODE                       0.350000    0.420933   -0.070933 (VIOLATED)
wire272/X                               0.350000    0.420656   -0.070656 (VIOLATED)
u_memory._351_/B1                       0.350000    0.420397   -0.070397 (VIOLATED)
ANTENNA_148/DIODE                       0.350000    0.420394   -0.070394 (VIOLATED)
ANTENNA_146/DIODE                       0.350000    0.420393   -0.070393 (VIOLATED)
ANTENNA_147/DIODE                       0.350000    0.420389   -0.070389 (VIOLATED)
wire320/X                               0.350000    0.420181   -0.070181 (VIOLATED)
u_memory._209_/B2                       0.350000    0.420050   -0.070050 (VIOLATED)
ANTENNA_34/DIODE                        0.350000    0.420048   -0.070048 (VIOLATED)
ANTENNA_32/DIODE                        0.350000    0.420047   -0.070047 (VIOLATED)
ANTENNA_33/DIODE                        0.350000    0.420045   -0.070045 (VIOLATED)
u_memory._214_/B1                       0.350000    0.420021   -0.070021 (VIOLATED)
m6_in_2_31/A                            0.350000    0.419904   -0.069904 (VIOLATED)
max_cap405/A                            0.350000    0.419883   -0.069883 (VIOLATED)
u_memory._226_/B1                       0.350000    0.419883   -0.069883 (VIOLATED)
max_cap406/A                            0.350000    0.419878   -0.069878 (VIOLATED)
u_memory._349_/X                        0.350000    0.419697   -0.069697 (VIOLATED)
u_memory._239_/B1                       0.350000    0.419696   -0.069696 (VIOLATED)
output97/A                              0.350000    0.419655   -0.069655 (VIOLATED)
u_memory._205_/X                        0.350000    0.419610   -0.069610 (VIOLATED)
u_memory._251_/B1                       0.350000    0.419427   -0.069427 (VIOLATED)
u_memory._344_/A2                       0.350000    0.419166   -0.069166 (VIOLATED)
_032_/Q                                 0.350000    0.419161   -0.069161 (VIOLATED)
ANTENNA_365/DIODE                       0.350000    0.419152   -0.069152 (VIOLATED)
ANTENNA_363/DIODE                       0.350000    0.419151   -0.069151 (VIOLATED)
ANTENNA_364/DIODE                       0.350000    0.419148   -0.069148 (VIOLATED)
ANTENNA_798/DIODE                       0.350000    0.418875   -0.068875 (VIOLATED)
ANTENNA_796/DIODE                       0.350000    0.418872   -0.068872 (VIOLATED)
u_memory._212_/A1                       0.350000    0.418871   -0.068871 (VIOLATED)
ANTENNA_797/DIODE                       0.350000    0.418848   -0.068847 (VIOLATED)
ANTENNA_799/DIODE                       0.350000    0.418832   -0.068832 (VIOLATED)
u_memory._388_/C                        0.350000    0.418803   -0.068803 (VIOLATED)
ANTENNA_307/DIODE                       0.350000    0.418793   -0.068793 (VIOLATED)
ANTENNA_305/DIODE                       0.350000    0.418787   -0.068787 (VIOLATED)
ANTENNA_306/DIODE                       0.350000    0.418774   -0.068774 (VIOLATED)
wire237/X                               0.350000    0.418592   -0.068592 (VIOLATED)
wire357/X                               0.350000    0.418310   -0.068310 (VIOLATED)
wire221/X                               0.350000    0.418209   -0.068209 (VIOLATED)
u_memory._233_/B1                       0.350000    0.417980   -0.067980 (VIOLATED)
ANTENNA_58/DIODE                        0.350000    0.417976   -0.067976 (VIOLATED)
ANTENNA_56/DIODE                        0.350000    0.417975   -0.067975 (VIOLATED)
ANTENNA_57/DIODE                        0.350000    0.417973   -0.067973 (VIOLATED)
output134/A                             0.350000    0.417857   -0.067857 (VIOLATED)
ANTENNA_242/DIODE                       0.350000    0.417856   -0.067856 (VIOLATED)
_008_/Q                                 0.350000    0.417821   -0.067821 (VIOLATED)
u_memory._252_/A1                       0.350000    0.417691   -0.067691 (VIOLATED)
ANTENNA_816/DIODE                       0.350000    0.417683   -0.067683 (VIOLATED)
ANTENNA_815/DIODE                       0.350000    0.417671   -0.067671 (VIOLATED)
ANTENNA_817/DIODE                       0.350000    0.417669   -0.067669 (VIOLATED)
u_memory._387_/B1                       0.350000    0.417550   -0.067550 (VIOLATED)
ANTENNA_187/DIODE                       0.350000    0.417547   -0.067547 (VIOLATED)
ANTENNA_185/DIODE                       0.350000    0.417545   -0.067545 (VIOLATED)
u_memory._231_/X                        0.350000    0.417543   -0.067543 (VIOLATED)
ANTENNA_186/DIODE                       0.350000    0.417543   -0.067543 (VIOLATED)
wire363/X                               0.350000    0.417158   -0.067158 (VIOLATED)
u_memory._385_/X                        0.350000    0.417154   -0.067154 (VIOLATED)
ANTENNA_736/DIODE                       0.350000    0.417115   -0.067115 (VIOLATED)
u_memory._233_/A1                       0.350000    0.417111   -0.067111 (VIOLATED)
ANTENNA_734/DIODE                       0.350000    0.417111   -0.067111 (VIOLATED)
ANTENNA_735/DIODE                       0.350000    0.417083   -0.067083 (VIOLATED)
ANTENNA_737/DIODE                       0.350000    0.417067   -0.067067 (VIOLATED)
u_memory._269_/A2                       0.350000    0.416907   -0.066907 (VIOLATED)
ANTENNA_686/DIODE                       0.350000    0.416905   -0.066905 (VIOLATED)
ANTENNA_687/DIODE                       0.350000    0.416903   -0.066903 (VIOLATED)
ANTENNA_685/DIODE                       0.350000    0.416900   -0.066900 (VIOLATED)
u_memory._236_/B1                       0.350000    0.416428   -0.066428 (VIOLATED)
wire338/X                               0.350000    0.416302   -0.066302 (VIOLATED)
wire325/X                               0.350000    0.416189   -0.066189 (VIOLATED)
u_memory._299_/B1                       0.350000    0.416140   -0.066140 (VIOLATED)
u_memory._287_/B1                       0.350000    0.416057   -0.066057 (VIOLATED)
u_memory._275_/B1                       0.350000    0.416014   -0.066014 (VIOLATED)
u_memory._297_/B1                       0.350000    0.415966   -0.065966 (VIOLATED)
ANTENNA_118/DIODE                       0.350000    0.415962   -0.065962 (VIOLATED)
ANTENNA_116/DIODE                       0.350000    0.415962   -0.065962 (VIOLATED)
ANTENNA_117/DIODE                       0.350000    0.415959   -0.065959 (VIOLATED)
wire188/X                               0.350000    0.415813   -0.065813 (VIOLATED)
u_memory._369_/B1                       0.350000    0.415778   -0.065778 (VIOLATED)
ANTENNA_168/DIODE                       0.350000    0.415778   -0.065778 (VIOLATED)
ANTENNA_169/DIODE                       0.350000    0.415773   -0.065773 (VIOLATED)
ANTENNA_167/DIODE                       0.350000    0.415772   -0.065772 (VIOLATED)
wire6/X                                 0.350000    0.415724   -0.065724 (VIOLATED)
u_memory._295_/X                        0.350000    0.415552   -0.065552 (VIOLATED)
u_memory._367_/X                        0.350000    0.415354   -0.065354 (VIOLATED)
_034_/D                                 0.350000    0.415156   -0.065156 (VIOLATED)
u_memory._330_/X                        0.350000    0.415126   -0.065126 (VIOLATED)
u_memory._212_/B1                       0.350000    0.414576   -0.064576 (VIOLATED)
ANTENNA_37/DIODE                        0.350000    0.414573   -0.064573 (VIOLATED)
ANTENNA_35/DIODE                        0.350000    0.414571   -0.064571 (VIOLATED)
ANTENNA_36/DIODE                        0.350000    0.414569   -0.064569 (VIOLATED)
u_memory._377_/A2                       0.350000    0.414503   -0.064503 (VIOLATED)
ANTENNA_386/DIODE                       0.350000    0.414490   -0.064490 (VIOLATED)
ANTENNA_384/DIODE                       0.350000    0.414488   -0.064488 (VIOLATED)
ANTENNA_385/DIODE                       0.350000    0.414487   -0.064487 (VIOLATED)
u_memory._381_/A1                       0.350000    0.414463   -0.064463 (VIOLATED)
ANTENNA_486/DIODE                       0.350000    0.414457   -0.064457 (VIOLATED)
ANTENNA_484/DIODE                       0.350000    0.414450   -0.064450 (VIOLATED)
ANTENNA_483/DIODE                       0.350000    0.414443   -0.064443 (VIOLATED)
ANTENNA_485/DIODE                       0.350000    0.414405   -0.064405 (VIOLATED)
u_memory._330_/B1                       0.350000    0.414393   -0.064393 (VIOLATED)
ANTENNA_127/DIODE                       0.350000    0.414389   -0.064389 (VIOLATED)
ANTENNA_125/DIODE                       0.350000    0.414387   -0.064387 (VIOLATED)
ANTENNA_126/DIODE                       0.350000    0.414385   -0.064385 (VIOLATED)
output84/A                              0.350000    0.414255   -0.064255 (VIOLATED)
_002_/Q                                 0.350000    0.414186   -0.064186 (VIOLATED)
u_memory._210_/X                        0.350000    0.414094   -0.064094 (VIOLATED)
u_memory._328_/X                        0.350000    0.413979   -0.063979 (VIOLATED)
output74/A                              0.350000    0.413947   -0.063946 (VIOLATED)
_011_/Q                                 0.350000    0.413896   -0.063896 (VIOLATED)
u_memory._390_/B2                       0.350000    0.413860   -0.063860 (VIOLATED)
wire244/X                               0.350000    0.413834   -0.063834 (VIOLATED)
u_memory._389_/X                        0.350000    0.413825   -0.063825 (VIOLATED)
wire407/X                               0.350000    0.413271   -0.063271 (VIOLATED)
u_memory._363_/B1                       0.350000    0.413173   -0.063173 (VIOLATED)
ANTENNA_161/DIODE                       0.350000    0.413170   -0.063170 (VIOLATED)
ANTENNA_159/DIODE                       0.350000    0.413169   -0.063169 (VIOLATED)
ANTENNA_160/DIODE                       0.350000    0.413158   -0.063158 (VIOLATED)
ANTENNA_162/DIODE                       0.350000    0.413148   -0.063148 (VIOLATED)
output94/A                              0.350000    0.412844   -0.062844 (VIOLATED)
output77/A                              0.350000    0.412812   -0.062812 (VIOLATED)
ANTENNA_240/DIODE                       0.350000    0.412811   -0.062811 (VIOLATED)
u_memory._361_/X                        0.350000    0.412792   -0.062792 (VIOLATED)
_014_/Q                                 0.350000    0.412769   -0.062769 (VIOLATED)
_030_/Q                                 0.350000    0.412327   -0.062327 (VIOLATED)
m6_in_2_18/A                            0.350000    0.411536   -0.061536 (VIOLATED)
max_cap495/A                            0.350000    0.411531   -0.061531 (VIOLATED)
max_cap496/A                            0.350000    0.411530   -0.061530 (VIOLATED)
output89/A                              0.350000    0.411222   -0.061222 (VIOLATED)
m6_in_1_46/A                            0.350000    0.411183   -0.061183 (VIOLATED)
wire497/X                               0.350000    0.410953   -0.060953 (VIOLATED)
u_memory._286_/C                        0.350000    0.410894   -0.060894 (VIOLATED)
ANTENNA_576/DIODE                       0.350000    0.410890   -0.060890 (VIOLATED)
ANTENNA_575/DIODE                       0.350000    0.410885   -0.060885 (VIOLATED)
ANTENNA_577/DIODE                       0.350000    0.410883   -0.060883 (VIOLATED)
_025_/Q                                 0.350000    0.410658   -0.060658 (VIOLATED)
ANTENNA_561/DIODE                       0.350000    0.410474   -0.060474 (VIOLATED)
u_memory._213_/C                        0.350000    0.410471   -0.060471 (VIOLATED)
ANTENNA_559/DIODE                       0.350000    0.410469   -0.060469 (VIOLATED)
ANTENNA_560/DIODE                       0.350000    0.410464   -0.060464 (VIOLATED)
ANTENNA_562/DIODE                       0.350000    0.410462   -0.060462 (VIOLATED)
u_memory._419_/B2                       0.350000    0.410444   -0.060444 (VIOLATED)
u_memory._256_/C                        0.350000    0.410385   -0.060385 (VIOLATED)
ANTENNA_615/DIODE                       0.350000    0.410379   -0.060379 (VIOLATED)
ANTENNA_613/DIODE                       0.350000    0.410378   -0.060378 (VIOLATED)
ANTENNA_614/DIODE                       0.350000    0.410375   -0.060375 (VIOLATED)
ANTENNA_616/DIODE                       0.350000    0.410373   -0.060373 (VIOLATED)
wire297/X                               0.350000    0.410275   -0.060275 (VIOLATED)
fanout174/A                             0.350000    0.410114   -0.060114 (VIOLATED)
wire293/X                               0.350000    0.409907   -0.059907 (VIOLATED)
wire275/X                               0.350000    0.409831   -0.059831 (VIOLATED)
wire307/X                               0.350000    0.409711   -0.059711 (VIOLATED)
u_memory._229_/A2                       0.350000    0.409174   -0.059174 (VIOLATED)
ANTENNA_650/DIODE                       0.350000    0.409170   -0.059170 (VIOLATED)
ANTENNA_648/DIODE                       0.350000    0.409169   -0.059169 (VIOLATED)
ANTENNA_649/DIODE                       0.350000    0.409167   -0.059167 (VIOLATED)
u_memory._417_/B1                       0.350000    0.408726   -0.058726 (VIOLATED)
wire316/X                               0.350000    0.408639   -0.058639 (VIOLATED)
u_memory._415_/X                        0.350000    0.408422   -0.058422 (VIOLATED)
u_memory._343_/C                        0.350000    0.408376   -0.058376 (VIOLATED)
ANTENNA_262/DIODE                       0.350000    0.408373   -0.058373 (VIOLATED)
ANTENNA_260/DIODE                       0.350000    0.408370   -0.058370 (VIOLATED)
ANTENNA_261/DIODE                       0.350000    0.408367   -0.058367 (VIOLATED)
ANTENNA_263/DIODE                       0.350000    0.408364   -0.058364 (VIOLATED)
u_memory._325_/X                        0.350000    0.408343   -0.058343 (VIOLATED)
wire211/X                               0.350000    0.407770   -0.057770 (VIOLATED)
output101/A                             0.350000    0.407768   -0.057768 (VIOLATED)
_036_/Q                                 0.350000    0.407736   -0.057736 (VIOLATED)
u_memory._360_/A1                       0.350000    0.407346   -0.057346 (VIOLATED)
ANTENNA_511/DIODE                       0.350000    0.407342   -0.057342 (VIOLATED)
ANTENNA_509/DIODE                       0.350000    0.407341   -0.057341 (VIOLATED)
ANTENNA_510/DIODE                       0.350000    0.407333   -0.057333 (VIOLATED)
ANTENNA_142/DIODE                       0.350000    0.407226   -0.057226 (VIOLATED)
u_memory._345_/B1                       0.350000    0.407224   -0.057224 (VIOLATED)
ANTENNA_140/DIODE                       0.350000    0.407210   -0.057210 (VIOLATED)
ANTENNA_141/DIODE                       0.350000    0.407209   -0.057209 (VIOLATED)
u_memory._320_/A1                       0.350000    0.407101   -0.057101 (VIOLATED)
ANTENNA_214/DIODE                       0.350000    0.407043   -0.057043 (VIOLATED)
_086_/D                                 0.350000    0.407041   -0.057041 (VIOLATED)
u_memory._343_/X                        0.350000    0.406844   -0.056844 (VIOLATED)
input11/X                               0.350000    0.406628   -0.056628 (VIOLATED)
wire282/X                               0.350000    0.406604   -0.056604 (VIOLATED)
_085_/Q                                 0.350000    0.406589   -0.056589 (VIOLATED)
_043_/D                                 0.350000    0.406370   -0.056370 (VIOLATED)
u_memory._357_/X                        0.350000    0.406334   -0.056333 (VIOLATED)
output117/A                             0.350000    0.406212   -0.056212 (VIOLATED)
ANTENNA_241/DIODE                       0.350000    0.406211   -0.056211 (VIOLATED)
_005_/Q                                 0.350000    0.406185   -0.056185 (VIOLATED)
u_memory._384_/B2                       0.350000    0.405910   -0.055910 (VIOLATED)
ANTENNA_184/DIODE                       0.350000    0.405908   -0.055908 (VIOLATED)
u_memory._383_/X                        0.350000    0.405320   -0.055320 (VIOLATED)
u_memory._201_/A1                       0.350000    0.405088   -0.055088 (VIOLATED)
u_memory._199_/A_N                      0.350000    0.405003   -0.055003 (VIOLATED)
u_memory._277_/C                        0.350000    0.404805   -0.054805 (VIOLATED)
ANTENNA_588/DIODE                       0.350000    0.404801   -0.054801 (VIOLATED)
ANTENNA_587/DIODE                       0.350000    0.404800   -0.054800 (VIOLATED)
ANTENNA_585/DIODE                       0.350000    0.404800   -0.054800 (VIOLATED)
ANTENNA_586/DIODE                       0.350000    0.404796   -0.054796 (VIOLATED)
ANTENNA_19/DIODE                        0.350000    0.404752   -0.054752 (VIOLATED)
_030_/D                                 0.350000    0.404752   -0.054752 (VIOLATED)
ANTENNA_20/DIODE                        0.350000    0.404751   -0.054751 (VIOLATED)
u_memory._194_/B                        0.350000    0.404739   -0.054739 (VIOLATED)
u_memory._297_/X                        0.350000    0.404711   -0.054711 (VIOLATED)
wire149/X                               0.350000    0.404513   -0.054513 (VIOLATED)
u_memory._196_/B                        0.350000    0.404513   -0.054513 (VIOLATED)
u_memory._210_/C                        0.350000    0.404485   -0.054485 (VIOLATED)
ANTENNA_603/DIODE                       0.350000    0.404480   -0.054480 (VIOLATED)
ANTENNA_601/DIODE                       0.350000    0.404479   -0.054479 (VIOLATED)
ANTENNA_602/DIODE                       0.350000    0.404476   -0.054476 (VIOLATED)
ANTENNA_604/DIODE                       0.350000    0.404474   -0.054474 (VIOLATED)
u_memory._425_/A0                       0.350000    0.404289   -0.054289 (VIOLATED)
wire300/X                               0.350000    0.404204   -0.054204 (VIOLATED)
wire304/X                               0.350000    0.403948   -0.053948 (VIOLATED)
_087_/Q                                 0.350000    0.403917   -0.053917 (VIOLATED)
u_memory._352_/C                        0.350000    0.403773   -0.053773 (VIOLATED)
ANTENNA_251/DIODE                       0.350000    0.403758   -0.053758 (VIOLATED)
ANTENNA_250/DIODE                       0.350000    0.403757   -0.053757 (VIOLATED)
ANTENNA_249/DIODE                       0.350000    0.403755   -0.053755 (VIOLATED)
u_memory._254_/A2                       0.350000    0.403620   -0.053620 (VIOLATED)
ANTENNA_705/DIODE                       0.350000    0.403617   -0.053617 (VIOLATED)
ANTENNA_703/DIODE                       0.350000    0.403616   -0.053616 (VIOLATED)
ANTENNA_704/DIODE                       0.350000    0.403613   -0.053613 (VIOLATED)
ANTENNA_706/DIODE                       0.350000    0.403610   -0.053610 (VIOLATED)
ANTENNA_1355/DIODE                      0.350000    0.403456   -0.053456 (VIOLATED)
_026_/D                                 0.350000    0.403454   -0.053454 (VIOLATED)
ANTENNA_1356/DIODE                      0.350000    0.403453   -0.053453 (VIOLATED)
wire439/A                               0.350000    0.403272   -0.053272 (VIOLATED)
wire208/X                               0.350000    0.403262   -0.053262 (VIOLATED)
u_memory._222_/C                        0.350000    0.403196   -0.053196 (VIOLATED)
ANTENNA_533/DIODE                       0.350000    0.403193   -0.053193 (VIOLATED)
ANTENNA_531/DIODE                       0.350000    0.403191   -0.053191 (VIOLATED)
ANTENNA_530/DIODE                       0.350000    0.403187   -0.053187 (VIOLATED)
ANTENNA_532/DIODE                       0.350000    0.403185   -0.053185 (VIOLATED)
wire330/X                               0.350000    0.403101   -0.053101 (VIOLATED)
u_memory._285_/X                        0.350000    0.403073   -0.053073 (VIOLATED)
u_memory._244_/C                        0.350000    0.403070   -0.053070 (VIOLATED)
ANTENNA_630/DIODE                       0.350000    0.403067   -0.053067 (VIOLATED)
ANTENNA_632/DIODE                       0.350000    0.403066   -0.053066 (VIOLATED)
ANTENNA_629/DIODE                       0.350000    0.403064   -0.053064 (VIOLATED)
ANTENNA_631/DIODE                       0.350000    0.403058   -0.053058 (VIOLATED)
_110_/D                                 0.350000    0.402860   -0.052860 (VIOLATED)
input38/X                               0.350000    0.402853   -0.052853 (VIOLATED)
ANTENNA_825/DIODE                       0.350000    0.402747   -0.052747 (VIOLATED)
ANTENNA_826/DIODE                       0.350000    0.402734   -0.052734 (VIOLATED)
ANTENNA_828/DIODE                       0.350000    0.402731   -0.052731 (VIOLATED)
u_memory._243_/A1                       0.350000    0.402730   -0.052730 (VIOLATED)
ANTENNA_827/DIODE                       0.350000    0.402693   -0.052693 (VIOLATED)
wire288/X                               0.350000    0.402692   -0.052692 (VIOLATED)
max_cap440/A                            0.350000    0.402629   -0.052629 (VIOLATED)
wire311/X                               0.350000    0.402463   -0.052463 (VIOLATED)
m6_in_5_26/A                            0.350000    0.402306   -0.052306 (VIOLATED)
wire366/X                               0.350000    0.402114   -0.052114 (VIOLATED)
u_memory._361_/C                        0.350000    0.401653   -0.051653 (VIOLATED)
ANTENNA_339/DIODE                       0.350000    0.401651   -0.051651 (VIOLATED)
ANTENNA_336/DIODE                       0.350000    0.401647   -0.051647 (VIOLATED)
ANTENNA_337/DIODE                       0.350000    0.401644   -0.051644 (VIOLATED)
ANTENNA_338/DIODE                       0.350000    0.401641   -0.051641 (VIOLATED)
u_memory._315_/A1                       0.350000    0.401569   -0.051569 (VIOLATED)
u_memory._303_/B1                       0.350000    0.401381   -0.051381 (VIOLATED)
ANTENNA_121/DIODE                       0.350000    0.401378   -0.051378 (VIOLATED)
ANTENNA_119/DIODE                       0.350000    0.401376   -0.051376 (VIOLATED)
ANTENNA_120/DIODE                       0.350000    0.401374   -0.051374 (VIOLATED)
_080_/Q                                 0.350000    0.401198   -0.051198 (VIOLATED)
wire230/X                               0.350000    0.401004   -0.051004 (VIOLATED)
u_memory._301_/X                        0.350000    0.400972   -0.050972 (VIOLATED)
u_memory._251_/B2                       0.350000    0.400695   -0.050695 (VIOLATED)
ANTENNA_709/DIODE                       0.350000    0.400694   -0.050694 (VIOLATED)
ANTENNA_708/DIODE                       0.350000    0.400692   -0.050692 (VIOLATED)
ANTENNA_707/DIODE                       0.350000    0.400692   -0.050692 (VIOLATED)
ANTENNA_710/DIODE                       0.350000    0.400689   -0.050689 (VIOLATED)
ANTENNA_541/DIODE                       0.350000    0.400403   -0.050403 (VIOLATED)
ANTENNA_539/DIODE                       0.350000    0.400399   -0.050399 (VIOLATED)
u_memory._216_/C                        0.350000    0.400398   -0.050398 (VIOLATED)
ANTENNA_538/DIODE                       0.350000    0.400397   -0.050397 (VIOLATED)
ANTENNA_540/DIODE                       0.350000    0.400393   -0.050393 (VIOLATED)
wire331/X                               0.350000    0.400184   -0.050184 (VIOLATED)
u_memory._272_/A2                       0.350000    0.400098   -0.050098 (VIOLATED)
ANTENNA_684/DIODE                       0.350000    0.400095   -0.050095 (VIOLATED)
ANTENNA_683/DIODE                       0.350000    0.400095   -0.050095 (VIOLATED)
ANTENNA_682/DIODE                       0.350000    0.400095   -0.050095 (VIOLATED)
ANTENNA_681/DIODE                       0.350000    0.400094   -0.050094 (VIOLATED)
wire290/X                               0.350000    0.399913   -0.049913 (VIOLATED)
wire324/X                               0.350000    0.399625   -0.049625 (VIOLATED)
u_memory._411_/B1                       0.350000    0.399608   -0.049608 (VIOLATED)
ANTENNA_193/DIODE                       0.350000    0.399594   -0.049594 (VIOLATED)
u_memory._241_/C                        0.350000    0.399067   -0.049067 (VIOLATED)
ANTENNA_635/DIODE                       0.350000    0.399063   -0.049063 (VIOLATED)
ANTENNA_633/DIODE                       0.350000    0.399061   -0.049061 (VIOLATED)
ANTENNA_634/DIODE                       0.350000    0.399058   -0.049058 (VIOLATED)
ANTENNA_636/DIODE                       0.350000    0.399056   -0.049056 (VIOLATED)
u_memory._204_/A_N                      0.350000    0.398872   -0.048872 (VIOLATED)
u_memory._172_/A                        0.350000    0.398774   -0.048774 (VIOLATED)
u_memory._348_/A1                       0.350000    0.398763   -0.048763 (VIOLATED)
ANTENNA_419/DIODE                       0.350000    0.398760   -0.048760 (VIOLATED)
ANTENNA_420/DIODE                       0.350000    0.398754   -0.048754 (VIOLATED)
ANTENNA_421/DIODE                       0.350000    0.398753   -0.048753 (VIOLATED)
wire312/X                               0.350000    0.398588   -0.048588 (VIOLATED)
u_memory._203_/B                        0.350000    0.398581   -0.048581 (VIOLATED)
u_memory._184_/B1                       0.350000    0.398426   -0.048426 (VIOLATED)
_035_/D                                 0.350000    0.398337   -0.048337 (VIOLATED)
u_memory._333_/X                        0.350000    0.398310   -0.048310 (VIOLATED)
wire255/X                               0.350000    0.398299   -0.048299 (VIOLATED)
u_memory._261_/B1                       0.350000    0.398257   -0.048257 (VIOLATED)
ANTENNA_85/DIODE                        0.350000    0.398256   -0.048256 (VIOLATED)
ANTENNA_84/DIODE                        0.350000    0.398251   -0.048251 (VIOLATED)
ANTENNA_86/DIODE                        0.350000    0.398249   -0.048249 (VIOLATED)
u_memory._207_/A                        0.350000    0.398232   -0.048232 (VIOLATED)
u_memory._206_/A                        0.350000    0.397988   -0.047988 (VIOLATED)
u_memory._259_/X                        0.350000    0.397835   -0.047835 (VIOLATED)
max_cap164/X                            0.350000    0.397746   -0.047746 (VIOLATED)
m6_in_7_12/A                            0.350000    0.397527   -0.047527 (VIOLATED)
ANTENNA_1155/DIODE                      0.350000    0.397524   -0.047524 (VIOLATED)
ANTENNA_1153/DIODE                      0.350000    0.397523   -0.047523 (VIOLATED)
ANTENNA_1152/DIODE                      0.350000    0.397519   -0.047519 (VIOLATED)
ANTENNA_1154/DIODE                      0.350000    0.397517   -0.047517 (VIOLATED)
u_memory._235_/A                        0.350000    0.397195   -0.047195 (VIOLATED)
output92/A                              0.350000    0.397070   -0.047070 (VIOLATED)
u_memory._225_/C                        0.350000    0.396959   -0.046959 (VIOLATED)
ANTENNA_528/DIODE                       0.350000    0.396953   -0.046953 (VIOLATED)
ANTENNA_526/DIODE                       0.350000    0.396952   -0.046952 (VIOLATED)
ANTENNA_527/DIODE                       0.350000    0.396949   -0.046949 (VIOLATED)
ANTENNA_529/DIODE                       0.350000    0.396947   -0.046947 (VIOLATED)
u_memory._262_/A                        0.350000    0.396919   -0.046919 (VIOLATED)
max_cap541/X                            0.350000    0.396785   -0.046785 (VIOLATED)
u_memory._209_/A1                       0.350000    0.396723   -0.046723 (VIOLATED)
ANTENNA_835/DIODE                       0.350000    0.396719   -0.046719 (VIOLATED)
ANTENNA_833/DIODE                       0.350000    0.396718   -0.046718 (VIOLATED)
ANTENNA_834/DIODE                       0.350000    0.396712   -0.046712 (VIOLATED)
ANTENNA_836/DIODE                       0.350000    0.396709   -0.046709 (VIOLATED)
_028_/Q                                 0.350000    0.396653   -0.046653 (VIOLATED)
wire287/X                               0.350000    0.396313   -0.046313 (VIOLATED)
wire368/X                               0.350000    0.396246   -0.046246 (VIOLATED)
ANTENNA_225/DIODE                       0.350000    0.396152   -0.046152 (VIOLATED)
_115_/D                                 0.350000    0.396151   -0.046151 (VIOLATED)
input43/X                               0.350000    0.396127   -0.046127 (VIOLATED)
fanout377/A                             0.350000    0.395945   -0.045945 (VIOLATED)
ANTENNA_837/DIODE                       0.350000    0.395938   -0.045938 (VIOLATED)
u_memory._409_/X                        0.350000    0.395877   -0.045877 (VIOLATED)
ANTENNA_230/DIODE                       0.350000    0.395434   -0.045434 (VIOLATED)
_120_/D                                 0.350000    0.395434   -0.045434 (VIOLATED)
input49/X                               0.350000    0.395414   -0.045414 (VIOLATED)
u_memory._360_/B1                       0.350000    0.395038   -0.045038 (VIOLATED)
ANTENNA_158/DIODE                       0.350000    0.395034   -0.045034 (VIOLATED)
ANTENNA_156/DIODE                       0.350000    0.395032   -0.045032 (VIOLATED)
ANTENNA_157/DIODE                       0.350000    0.395030   -0.045030 (VIOLATED)
ANTENNA_18/DIODE                        0.350000    0.394957   -0.044957 (VIOLATED)
_027_/D                                 0.350000    0.394955   -0.044955 (VIOLATED)
u_memory._358_/X                        0.350000    0.394639   -0.044639 (VIOLATED)
u_memory._288_/X                        0.350000    0.394602   -0.044602 (VIOLATED)
u_memory._228_/C                        0.350000    0.394523   -0.044523 (VIOLATED)
ANTENNA_524/DIODE                       0.350000    0.394518   -0.044518 (VIOLATED)
ANTENNA_522/DIODE                       0.350000    0.394517   -0.044517 (VIOLATED)
ANTENNA_523/DIODE                       0.350000    0.394514   -0.044514 (VIOLATED)
ANTENNA_525/DIODE                       0.350000    0.394512   -0.044512 (VIOLATED)
m6_in_1_24/A                            0.350000    0.393970   -0.043970 (VIOLATED)
max_cap452/A                            0.350000    0.393966   -0.043966 (VIOLATED)
wire286/X                               0.350000    0.393921   -0.043921 (VIOLATED)
u_memory._282_/B2                       0.350000    0.393807   -0.043807 (VIOLATED)
_080_/D                                 0.350000    0.393402   -0.043402 (VIOLATED)
u_memory._281_/X                        0.350000    0.393262   -0.043262 (VIOLATED)
input5/X                                0.350000    0.393250   -0.043250 (VIOLATED)
u_memory._422_/A1                       0.350000    0.393066   -0.043066 (VIOLATED)
fanout378/X                             0.350000    0.393036   -0.043036 (VIOLATED)
u_memory._291_/A1                       0.350000    0.392981   -0.042981 (VIOLATED)
ANTENNA_775/DIODE                       0.350000    0.392977   -0.042977 (VIOLATED)
ANTENNA_774/DIODE                       0.350000    0.392976   -0.042976 (VIOLATED)
ANTENNA_773/DIODE                       0.350000    0.392975   -0.042975 (VIOLATED)
ANTENNA_776/DIODE                       0.350000    0.392960   -0.042960 (VIOLATED)
_029_/D                                 0.350000    0.392930   -0.042930 (VIOLATED)
ANTENNA_1357/DIODE                      0.350000    0.392930   -0.042930 (VIOLATED)
ANTENNA_1358/DIODE                      0.350000    0.392927   -0.042926 (VIOLATED)
ANTENNA_62/DIODE                        0.350000    0.392886   -0.042886 (VIOLATED)
u_memory._237_/B2                       0.350000    0.392884   -0.042884 (VIOLATED)
ANTENNA_59/DIODE                        0.350000    0.392883   -0.042883 (VIOLATED)
ANTENNA_60/DIODE                        0.350000    0.392881   -0.042881 (VIOLATED)
ANTENNA_61/DIODE                        0.350000    0.392858   -0.042858 (VIOLATED)
wire349/X                               0.350000    0.392460   -0.042460 (VIOLATED)
u_memory._294_/X                        0.350000    0.392326   -0.042326 (VIOLATED)
u_memory._236_/X                        0.350000    0.392029   -0.042029 (VIOLATED)
ANTENNA_720/DIODE                       0.350000    0.392019   -0.042019 (VIOLATED)
u_memory._242_/A2                       0.350000    0.392016   -0.042016 (VIOLATED)
ANTENNA_719/DIODE                       0.350000    0.392009   -0.042009 (VIOLATED)
ANTENNA_721/DIODE                       0.350000    0.392007   -0.042007 (VIOLATED)
u_memory._310_/A0                       0.350000    0.391865   -0.041865 (VIOLATED)
_073_/Q                                 0.350000    0.391811   -0.041811 (VIOLATED)
u_memory._393_/A1                       0.350000    0.391683   -0.041683 (VIOLATED)
u_memory._364_/C                        0.350000    0.391569   -0.041569 (VIOLATED)
ANTENNA_332/DIODE                       0.350000    0.391555   -0.041555 (VIOLATED)
ANTENNA_333/DIODE                       0.350000    0.391548   -0.041548 (VIOLATED)
ANTENNA_335/DIODE                       0.350000    0.391548   -0.041548 (VIOLATED)
ANTENNA_334/DIODE                       0.350000    0.391548   -0.041548 (VIOLATED)
wire334/X                               0.350000    0.391530   -0.041530 (VIOLATED)
wire229/X                               0.350000    0.390993   -0.040993 (VIOLATED)
u_memory._276_/A1                       0.350000    0.390950   -0.040950 (VIOLATED)
m6_in_3_8/A                             0.350000    0.390837   -0.040837 (VIOLATED)
ANTENNA_1214/DIODE                      0.350000    0.390832   -0.040832 (VIOLATED)
ANTENNA_1212/DIODE                      0.350000    0.390831   -0.040831 (VIOLATED)
ANTENNA_1211/DIODE                      0.350000    0.390828   -0.040828 (VIOLATED)
ANTENNA_1213/DIODE                      0.350000    0.390826   -0.040826 (VIOLATED)
m6_in_4_13/A                            0.350000    0.390810   -0.040810 (VIOLATED)
ANTENNA_1127/DIODE                      0.350000    0.390806   -0.040806 (VIOLATED)
ANTENNA_1125/DIODE                      0.350000    0.390805   -0.040805 (VIOLATED)
ANTENNA_1126/DIODE                      0.350000    0.390802   -0.040802 (VIOLATED)
ANTENNA_1128/DIODE                      0.350000    0.390800   -0.040800 (VIOLATED)
fanout182/A                             0.350000    0.390608   -0.040608 (VIOLATED)
fanout183/A                             0.350000    0.390334   -0.040334 (VIOLATED)
u_memory._300_/A2                       0.350000    0.390245   -0.040245 (VIOLATED)
max_cap529/X                            0.350000    0.390226   -0.040226 (VIOLATED)
u_memory._297_/A2                       0.350000    0.390207   -0.040207 (VIOLATED)
max_cap567/X                            0.350000    0.390115   -0.040115 (VIOLATED)
u_memory._303_/A2                       0.350000    0.390008   -0.040008 (VIOLATED)
u_memory._394_/A                        0.350000    0.389624   -0.039624 (VIOLATED)
u_memory._379_/A                        0.350000    0.389592   -0.039592 (VIOLATED)
m6_in_3_14/A                            0.350000    0.389590   -0.039590 (VIOLATED)
ANTENNA_1121/DIODE                      0.350000    0.389584   -0.039584 (VIOLATED)
ANTENNA_1119/DIODE                      0.350000    0.389584   -0.039584 (VIOLATED)
ANTENNA_1118/DIODE                      0.350000    0.389575   -0.039575 (VIOLATED)
ANTENNA_1120/DIODE                      0.350000    0.389571   -0.039571 (VIOLATED)
u_memory._409_/A                        0.350000    0.389571   -0.039571 (VIOLATED)
u_memory._418_/A                        0.350000    0.389522   -0.039522 (VIOLATED)
u_memory._403_/A                        0.350000    0.389473   -0.039473 (VIOLATED)
u_memory._415_/A                        0.350000    0.389362   -0.039362 (VIOLATED)
wire453/X                               0.350000    0.389219   -0.039219 (VIOLATED)
u_memory._223_/A2                       0.350000    0.388365   -0.038365 (VIOLATED)
ANTENNA_659/DIODE                       0.350000    0.388362   -0.038362 (VIOLATED)
ANTENNA_657/DIODE                       0.350000    0.388361   -0.038361 (VIOLATED)
ANTENNA_655/DIODE                       0.350000    0.388360   -0.038360 (VIOLATED)
ANTENNA_656/DIODE                       0.350000    0.388357   -0.038357 (VIOLATED)
ANTENNA_658/DIODE                       0.350000    0.388355   -0.038355 (VIOLATED)
wire397/A                               0.350000    0.388281   -0.038281 (VIOLATED)
ANTENNA_807/DIODE                       0.350000    0.388247   -0.038247 (VIOLATED)
ANTENNA_805/DIODE                       0.350000    0.388244   -0.038244 (VIOLATED)
u_memory._261_/A1                       0.350000    0.388241   -0.038241 (VIOLATED)
ANTENNA_804/DIODE                       0.350000    0.388214   -0.038214 (VIOLATED)
ANTENNA_806/DIODE                       0.350000    0.388199   -0.038199 (VIOLATED)
fanout372/A                             0.350000    0.387959   -0.037959 (VIOLATED)
u_memory._429_/Q                        0.350000    0.387942   -0.037942 (VIOLATED)
wire318/X                               0.350000    0.387889   -0.037889 (VIOLATED)
u_memory._374_/A1                       0.350000    0.387692   -0.037692 (VIOLATED)
wire360/X                               0.350000    0.387670   -0.037670 (VIOLATED)
u_memory._276_/A2                       0.350000    0.387643   -0.037643 (VIOLATED)
u_memory._377_/A1                       0.350000    0.387625   -0.037625 (VIOLATED)
u_memory._402_/A1                       0.350000    0.387564   -0.037564 (VIOLATED)
u_memory._405_/B1                       0.350000    0.387388   -0.037388 (VIOLATED)
max_cap525/X                            0.350000    0.387246   -0.037246 (VIOLATED)
max_cap402/A                            0.350000    0.387211   -0.037211 (VIOLATED)
u_memory._403_/X                        0.350000    0.387128   -0.037128 (VIOLATED)
wire184/X                               0.350000    0.386817   -0.036817 (VIOLATED)
wire611/A                               0.350000    0.386608   -0.036608 (VIOLATED)
m6_in_2_2/A                             0.350000    0.386580   -0.036580 (VIOLATED)
max_cap444/X                            0.350000    0.386463   -0.036463 (VIOLATED)
hold106/X                               0.350000    0.386381   -0.036381 (VIOLATED)
m6_in_0_2/A                             0.350000    0.386363   -0.036363 (VIOLATED)
ANTENNA_1301/DIODE                      0.350000    0.386358   -0.036358 (VIOLATED)
ANTENNA_1299/DIODE                      0.350000    0.386358   -0.036358 (VIOLATED)
ANTENNA_1300/DIODE                      0.350000    0.386355   -0.036355 (VIOLATED)
ANTENNA_1302/DIODE                      0.350000    0.386353   -0.036353 (VIOLATED)
max_cap612/A                            0.350000    0.386338   -0.036338 (VIOLATED)
max_cap607/A                            0.350000    0.386212   -0.036212 (VIOLATED)
wire270/X                               0.350000    0.386029   -0.036029 (VIOLATED)
_132_/Q                                 0.350000    0.385955   -0.035955 (VIOLATED)
m6_in_3_28/A                            0.350000    0.385943   -0.035943 (VIOLATED)
ANTENNA_901/DIODE                       0.350000    0.385939   -0.035939 (VIOLATED)
ANTENNA_899/DIODE                       0.350000    0.385938   -0.035938 (VIOLATED)
ANTENNA_898/DIODE                       0.350000    0.385935   -0.035935 (VIOLATED)
ANTENNA_900/DIODE                       0.350000    0.385933   -0.035933 (VIOLATED)
u_memory._389_/A1                       0.350000    0.385895   -0.035895 (VIOLATED)
wire354/X                               0.350000    0.385844   -0.035844 (VIOLATED)
max_cap606/X                            0.350000    0.385648   -0.035648 (VIOLATED)
max_cap427/X                            0.350000    0.385239   -0.035239 (VIOLATED)
fanout203/A                             0.350000    0.384948   -0.034948 (VIOLATED)
hold106/A                               0.350000    0.384869   -0.034869 (VIOLATED)
ANTENNA_1363/DIODE                      0.350000    0.384811   -0.034811 (VIOLATED)
u_memory._386_/A1                       0.350000    0.384526   -0.034526 (VIOLATED)
u_memory._382_/C                        0.350000    0.384390   -0.034390 (VIOLATED)
ANTENNA_317/DIODE                       0.350000    0.384386   -0.034386 (VIOLATED)
ANTENNA_315/DIODE                       0.350000    0.384384   -0.034384 (VIOLATED)
ANTENNA_316/DIODE                       0.350000    0.384382   -0.034382 (VIOLATED)
u_memory._300_/A1                       0.350000    0.383932   -0.033932 (VIOLATED)
wire224/X                               0.350000    0.383856   -0.033856 (VIOLATED)
u_memory._401_/A1                       0.350000    0.383559   -0.033559 (VIOLATED)
wire345/X                               0.350000    0.383429   -0.033429 (VIOLATED)
u_memory._392_/A1                       0.350000    0.382990   -0.032990 (VIOLATED)
_102_/Q                                 0.350000    0.382701   -0.032701 (VIOLATED)
max_cap467/A                            0.350000    0.382482   -0.032482 (VIOLATED)
m6_in_1_22/A                            0.350000    0.382479   -0.032479 (VIOLATED)
u_memory._353_/A2                       0.350000    0.382356   -0.032356 (VIOLATED)
ANTENNA_354/DIODE                       0.350000    0.382344   -0.032344 (VIOLATED)
ANTENNA_352/DIODE                       0.350000    0.382343   -0.032343 (VIOLATED)
ANTENNA_353/DIODE                       0.350000    0.382340   -0.032340 (VIOLATED)
u_memory._407_/A1                       0.350000    0.382254   -0.032254 (VIOLATED)
u_memory._383_/A1                       0.350000    0.381943   -0.031943 (VIOLATED)
wire234/X                               0.350000    0.381911   -0.031911 (VIOLATED)
u_memory._414_/A1                       0.350000    0.381894   -0.031894 (VIOLATED)
max_cap468/X                            0.350000    0.381799   -0.031799 (VIOLATED)
u_memory._335_/A2                       0.350000    0.381781   -0.031781 (VIOLATED)
ANTENNA_376/DIODE                       0.350000    0.381775   -0.031775 (VIOLATED)
ANTENNA_374/DIODE                       0.350000    0.381774   -0.031774 (VIOLATED)
ANTENNA_375/DIODE                       0.350000    0.381771   -0.031771 (VIOLATED)
u_memory._413_/A1                       0.350000    0.381558   -0.031558 (VIOLATED)
u_memory._416_/A1                       0.350000    0.381357   -0.031357 (VIOLATED)
wire240/X                               0.350000    0.381336   -0.031336 (VIOLATED)
u_memory._294_/B2                       0.350000    0.381312   -0.031312 (VIOLATED)
ANTENNA_115/DIODE                       0.350000    0.381310   -0.031310 (VIOLATED)
_092_/D                                 0.350000    0.381128   -0.031128 (VIOLATED)
u_memory._398_/A1                       0.350000    0.381100   -0.031100 (VIOLATED)
wire267/X                               0.350000    0.380998   -0.030998 (VIOLATED)
u_memory._404_/A1                       0.350000    0.380786   -0.030786 (VIOLATED)
input30/X                               0.350000    0.380771   -0.030771 (VIOLATED)
u_memory._410_/A1                       0.350000    0.380742   -0.030742 (VIOLATED)
u_memory._293_/X                        0.350000    0.380705   -0.030705 (VIOLATED)
_089_/D                                 0.350000    0.380611   -0.030611 (VIOLATED)
u_memory._180_/A2                       0.350000    0.380557   -0.030557 (VIOLATED)
wire381/A                               0.350000    0.380385   -0.030385 (VIOLATED)
u_memory._395_/A1                       0.350000    0.380377   -0.030377 (VIOLATED)
max_cap384/A                            0.350000    0.380307   -0.030307 (VIOLATED)
input26/X                               0.350000    0.380297   -0.030297 (VIOLATED)
u_memory._319_/A0                       0.350000    0.380249   -0.030249 (VIOLATED)
_135_/Q                                 0.350000    0.380238   -0.030238 (VIOLATED)
u_memory._380_/A1                       0.350000    0.380225   -0.030225 (VIOLATED)
ANTENNA_205/DIODE                       0.350000    0.380224   -0.030224 (VIOLATED)
fanout204/X                             0.350000    0.380115   -0.030115 (VIOLATED)
u_memory._341_/A2                       0.350000    0.379885   -0.029885 (VIOLATED)
ANTENNA_368/DIODE                       0.350000    0.379879   -0.029879 (VIOLATED)
ANTENNA_366/DIODE                       0.350000    0.379878   -0.029878 (VIOLATED)
ANTENNA_369/DIODE                       0.350000    0.379877   -0.029877 (VIOLATED)
ANTENNA_367/DIODE                       0.350000    0.379876   -0.029876 (VIOLATED)
m6_in_3_46/A                            0.350000    0.379823   -0.029823 (VIOLATED)
ANTENNA_194/DIODE                       0.350000    0.379813   -0.029813 (VIOLATED)
u_memory._266_/A2                       0.350000    0.379548   -0.029548 (VIOLATED)
ANTENNA_695/DIODE                       0.350000    0.379545   -0.029545 (VIOLATED)
ANTENNA_694/DIODE                       0.350000    0.379543   -0.029543 (VIOLATED)
ANTENNA_696/DIODE                       0.350000    0.379540   -0.029540 (VIOLATED)
wire238/X                               0.350000    0.379311   -0.029311 (VIOLATED)
u_memory._260_/A2                       0.350000    0.379231   -0.029231 (VIOLATED)
ANTENNA_699/DIODE                       0.350000    0.379228   -0.029228 (VIOLATED)
ANTENNA_697/DIODE                       0.350000    0.379226   -0.029226 (VIOLATED)
ANTENNA_698/DIODE                       0.350000    0.379223   -0.029223 (VIOLATED)
wire327/X                               0.350000    0.379113   -0.029113 (VIOLATED)
_032_/D                                 0.350000    0.378993   -0.028993 (VIOLATED)
u_memory._354_/B1                       0.350000    0.378983   -0.028983 (VIOLATED)
ANTENNA_149/DIODE                       0.350000    0.378979   -0.028979 (VIOLATED)
ANTENNA_150/DIODE                       0.350000    0.378977   -0.028977 (VIOLATED)
ANTENNA_151/DIODE                       0.350000    0.378975   -0.028975 (VIOLATED)
output87/A                              0.350000    0.378966   -0.028966 (VIOLATED)
u_memory._273_/A1                       0.350000    0.378937   -0.028937 (VIOLATED)
ANTENNA_790/DIODE                       0.350000    0.378936   -0.028936 (VIOLATED)
ANTENNA_788/DIODE                       0.350000    0.378934   -0.028934 (VIOLATED)
ANTENNA_789/DIODE                       0.350000    0.378907   -0.028907 (VIOLATED)
ANTENNA_791/DIODE                       0.350000    0.378906   -0.028906 (VIOLATED)
wire328/X                               0.350000    0.378690   -0.028690 (VIOLATED)
u_memory._303_/X                        0.350000    0.378682   -0.028682 (VIOLATED)
ANTENNA_234/DIODE                       0.350000    0.378630   -0.028630 (VIOLATED)
_128_/D                                 0.350000    0.378630   -0.028630 (VIOLATED)
u_memory._352_/X                        0.350000    0.378621   -0.028621 (VIOLATED)
input57/X                               0.350000    0.378610   -0.028610 (VIOLATED)
output73/A                              0.350000    0.378590   -0.028590 (VIOLATED)
_001_/Q                                 0.350000    0.378545   -0.028545 (VIOLATED)
u_memory._355_/C                        0.350000    0.378485   -0.028485 (VIOLATED)
ANTENNA_346/DIODE                       0.350000    0.378483   -0.028483 (VIOLATED)
ANTENNA_344/DIODE                       0.350000    0.378481   -0.028481 (VIOLATED)
ANTENNA_345/DIODE                       0.350000    0.378474   -0.028474 (VIOLATED)
ANTENNA_347/DIODE                       0.350000    0.378472   -0.028472 (VIOLATED)
wire355/X                               0.350000    0.378359   -0.028359 (VIOLATED)
_038_/D                                 0.350000    0.378029   -0.028029 (VIOLATED)
u_memory._342_/X                        0.350000    0.377997   -0.027997 (VIOLATED)
wire232/X                               0.350000    0.377980   -0.027980 (VIOLATED)
u_memory._279_/A1                       0.350000    0.377867   -0.027867 (VIOLATED)
ANTENNA_787/DIODE                       0.350000    0.377866   -0.027866 (VIOLATED)
ANTENNA_784/DIODE                       0.350000    0.377864   -0.027864 (VIOLATED)
ANTENNA_785/DIODE                       0.350000    0.377857   -0.027857 (VIOLATED)
ANTENNA_786/DIODE                       0.350000    0.377856   -0.027856 (VIOLATED)
u_memory._247_/C                        0.350000    0.377652   -0.027652 (VIOLATED)
ANTENNA_627/DIODE                       0.350000    0.377647   -0.027647 (VIOLATED)
ANTENNA_625/DIODE                       0.350000    0.377645   -0.027645 (VIOLATED)
ANTENNA_626/DIODE                       0.350000    0.377642   -0.027642 (VIOLATED)
ANTENNA_628/DIODE                       0.350000    0.377640   -0.027640 (VIOLATED)
u_memory._179_/X                        0.350000    0.377380   -0.027380 (VIOLATED)
u_memory._310_/A1                       0.350000    0.377354   -0.027354 (VIOLATED)
wire353/X                               0.350000    0.377324   -0.027324 (VIOLATED)
_095_/Q                                 0.350000    0.377107   -0.027107 (VIOLATED)
wire310/X                               0.350000    0.377073   -0.027073 (VIOLATED)
wire263/X                               0.350000    0.376186   -0.026186 (VIOLATED)
u_memory._193_/X                        0.350000    0.376027   -0.026027 (VIOLATED)
u_memory._264_/A1                       0.350000    0.375215   -0.025215 (VIOLATED)
max_cap572/A                            0.350000    0.375096   -0.025096 (VIOLATED)
m6_in_1_7/A                             0.350000    0.375092   -0.025092 (VIOLATED)
_023_/Q                                 0.350000    0.374653   -0.024653 (VIOLATED)
_068_/D                                 0.350000    0.374444   -0.024444 (VIOLATED)
wire648/X                               0.350000    0.374428   -0.024428 (VIOLATED)
max_cap573/X                            0.350000    0.374410   -0.024410 (VIOLATED)
ANTENNA_17/DIODE                        0.350000    0.374366   -0.024366 (VIOLATED)
_025_/D                                 0.350000    0.374364   -0.024364 (VIOLATED)
_044_/D                                 0.350000    0.374335   -0.024335 (VIOLATED)
u_memory._360_/X                        0.350000    0.374317   -0.024317 (VIOLATED)
u_memory._282_/X                        0.350000    0.374035   -0.024035 (VIOLATED)
ANTENNA_1175/DIODE                      0.350000    0.373155   -0.023155 (VIOLATED)
ANTENNA_1173/DIODE                      0.350000    0.373154   -0.023154 (VIOLATED)
m6_in_4_10/A                            0.350000    0.373148   -0.023148 (VIOLATED)
ANTENNA_1174/DIODE                      0.350000    0.373135   -0.023135 (VIOLATED)
ANTENNA_1176/DIODE                      0.350000    0.373127   -0.023127 (VIOLATED)
u_memory._374_/C1                       0.350000    0.372956   -0.022956 (VIOLATED)
u_memory._377_/C1                       0.350000    0.372825   -0.022825 (VIOLATED)
u_memory._267_/B1                       0.350000    0.372723   -0.022723 (VIOLATED)
ANTENNA_90/DIODE                        0.350000    0.372723   -0.022723 (VIOLATED)
ANTENNA_88/DIODE                        0.350000    0.372721   -0.022721 (VIOLATED)
ANTENNA_87/DIODE                        0.350000    0.372721   -0.022721 (VIOLATED)
ANTENNA_89/DIODE                        0.350000    0.372709   -0.022709 (VIOLATED)
u_memory._337_/C                        0.350000    0.372657   -0.022657 (VIOLATED)
ANTENNA_271/DIODE                       0.350000    0.372656   -0.022656 (VIOLATED)
ANTENNA_269/DIODE                       0.350000    0.372655   -0.022655 (VIOLATED)
ANTENNA_268/DIODE                       0.350000    0.372654   -0.022654 (VIOLATED)
ANTENNA_270/DIODE                       0.350000    0.372648   -0.022648 (VIOLATED)
max_cap550/X                            0.350000    0.372497   -0.022497 (VIOLATED)
u_memory._265_/X                        0.350000    0.372359   -0.022359 (VIOLATED)
wire213/X                               0.350000    0.372203   -0.022203 (VIOLATED)
u_memory._394_/B                        0.350000    0.371529   -0.021529 (VIOLATED)
u_memory._379_/B                        0.350000    0.371509   -0.021509 (VIOLATED)
u_memory._409_/B                        0.350000    0.371499   -0.021499 (VIOLATED)
u_memory._403_/B                        0.350000    0.371393   -0.021393 (VIOLATED)
u_memory._415_/B                        0.350000    0.371294   -0.021293 (VIOLATED)
u_memory._389_/C1                       0.350000    0.371261   -0.021261 (VIOLATED)
m6_in_4_11/A                            0.350000    0.370952   -0.020952 (VIOLATED)
ANTENNA_1158/DIODE                      0.350000    0.370947   -0.020947 (VIOLATED)
ANTENNA_1156/DIODE                      0.350000    0.370946   -0.020946 (VIOLATED)
ANTENNA_1157/DIODE                      0.350000    0.370943   -0.020943 (VIOLATED)
ANTENNA_1159/DIODE                      0.350000    0.370941   -0.020941 (VIOLATED)
m6_in_1_15/A                            0.350000    0.370837   -0.020837 (VIOLATED)
max_cap516/A                            0.350000    0.370834   -0.020834 (VIOLATED)
fanout177/A                             0.350000    0.370562   -0.020562 (VIOLATED)
m6_in_7_17/A                            0.350000    0.370374   -0.020374 (VIOLATED)
ANTENNA_1080/DIODE                      0.350000    0.370369   -0.020369 (VIOLATED)
ANTENNA_1078/DIODE                      0.350000    0.370369   -0.020369 (VIOLATED)
ANTENNA_1077/DIODE                      0.350000    0.370365   -0.020365 (VIOLATED)
ANTENNA_1079/DIODE                      0.350000    0.370363   -0.020363 (VIOLATED)
max_cap517/X                            0.350000    0.370298   -0.020298 (VIOLATED)
max_cap543/X                            0.350000    0.370293   -0.020293 (VIOLATED)
m6_in_5_18/A                            0.350000    0.370274   -0.020274 (VIOLATED)
max_cap498/A                            0.350000    0.370270   -0.020270 (VIOLATED)
u_memory._386_/C1                       0.350000    0.370261   -0.020261 (VIOLATED)
ANTENNA_426/DIODE                       0.350000    0.370041   -0.020041 (VIOLATED)
ANTENNA_428/DIODE                       0.350000    0.370040   -0.020040 (VIOLATED)
u_memory._342_/A1                       0.350000    0.370039   -0.020039 (VIOLATED)
ANTENNA_427/DIODE                       0.350000    0.370022   -0.020022 (VIOLATED)
ANTENNA_772/DIODE                       0.350000    0.370009   -0.020009 (VIOLATED)
u_memory._294_/A1                       0.350000    0.370001   -0.020001 (VIOLATED)
ANTENNA_769/DIODE                       0.350000    0.369998   -0.019998 (VIOLATED)
u_memory._249_/A1                       0.350000    0.369991   -0.019991 (VIOLATED)
ANTENNA_818/DIODE                       0.350000    0.369987   -0.019987 (VIOLATED)
ANTENNA_821/DIODE                       0.350000    0.369985   -0.019985 (VIOLATED)
ANTENNA_819/DIODE                       0.350000    0.369984   -0.019984 (VIOLATED)
ANTENNA_770/DIODE                       0.350000    0.369978   -0.019978 (VIOLATED)
ANTENNA_820/DIODE                       0.350000    0.369976   -0.019976 (VIOLATED)
fanout370/A                             0.350000    0.369967   -0.019967 (VIOLATED)
ANTENNA_771/DIODE                       0.350000    0.369960   -0.019960 (VIOLATED)
u_memory._430_/Q                        0.350000    0.369952   -0.019952 (VIOLATED)
u_memory._401_/C1                       0.350000    0.369924   -0.019924 (VIOLATED)
u_memory._392_/C1                       0.350000    0.369854   -0.019854 (VIOLATED)
max_cap506/X                            0.350000    0.369613   -0.019613 (VIOLATED)
max_cap499/X                            0.350000    0.369600   -0.019600 (VIOLATED)
wire364/X                               0.350000    0.369580   -0.019580 (VIOLATED)
wire257/X                               0.350000    0.369563   -0.019563 (VIOLATED)
wire348/X                               0.350000    0.369463   -0.019463 (VIOLATED)
u_memory._407_/C1                       0.350000    0.369461   -0.019461 (VIOLATED)
u_memory._383_/C1                       0.350000    0.369232   -0.019232 (VIOLATED)
wire146/A                               0.350000    0.369156   -0.019156 (VIOLATED)
ANTENNA_246/DIODE                       0.350000    0.369154   -0.019154 (VIOLATED)
ANTENNA_248/DIODE                       0.350000    0.369154   -0.019154 (VIOLATED)
ANTENNA_244/DIODE                       0.350000    0.369151   -0.019151 (VIOLATED)
ANTENNA_247/DIODE                       0.350000    0.369151   -0.019151 (VIOLATED)
ANTENNA_243/DIODE                       0.350000    0.369151   -0.019151 (VIOLATED)
ANTENNA_245/DIODE                       0.350000    0.369150   -0.019150 (VIOLATED)
ANTENNA_814/DIODE                       0.350000    0.369075   -0.019075 (VIOLATED)
u_memory._255_/A1                       0.350000    0.369075   -0.019075 (VIOLATED)
ANTENNA_811/DIODE                       0.350000    0.369070   -0.019070 (VIOLATED)
ANTENNA_812/DIODE                       0.350000    0.369061   -0.019061 (VIOLATED)
ANTENNA_813/DIODE                       0.350000    0.369060   -0.019060 (VIOLATED)
u_memory._413_/C1                       0.350000    0.368925   -0.018925 (VIOLATED)
u_memory._291_/B1                       0.350000    0.368888   -0.018888 (VIOLATED)
ANTENNA_111/DIODE                       0.350000    0.368885   -0.018885 (VIOLATED)
ANTENNA_109/DIODE                       0.350000    0.368883   -0.018883 (VIOLATED)
ANTENNA_110/DIODE                       0.350000    0.368881   -0.018881 (VIOLATED)
wire568/A                               0.350000    0.368849   -0.018849 (VIOLATED)
wire392/A                               0.350000    0.368822   -0.018822 (VIOLATED)
u_memory._416_/C1                       0.350000    0.368779   -0.018779 (VIOLATED)
u_memory._398_/C1                       0.350000    0.368746   -0.018746 (VIOLATED)
u_memory._410_/C1                       0.350000    0.368611   -0.018611 (VIOLATED)
wire362/X                               0.350000    0.368611   -0.018611 (VIOLATED)
u_memory._404_/C1                       0.350000    0.368599   -0.018599 (VIOLATED)
wire147/X                               0.350000    0.368588   -0.018588 (VIOLATED)
_033_/D                                 0.350000    0.368578   -0.018578 (VIOLATED)
u_memory._327_/X                        0.350000    0.368535   -0.018535 (VIOLATED)
u_memory._289_/X                        0.350000    0.368500   -0.018500 (VIOLATED)
u_memory._214_/A1                       0.350000    0.368397   -0.018397 (VIOLATED)
max_cap569/A                            0.350000    0.368356   -0.018356 (VIOLATED)
ANTENNA_782/DIODE                       0.350000    0.368341   -0.018341 (VIOLATED)
ANTENNA_780/DIODE                       0.350000    0.368338   -0.018337 (VIOLATED)
u_memory._226_/A1                       0.350000    0.368336   -0.018336 (VIOLATED)
u_memory._282_/A1                       0.350000    0.368336   -0.018336 (VIOLATED)
ANTENNA_781/DIODE                       0.350000    0.368310   -0.018310 (VIOLATED)
ANTENNA_783/DIODE                       0.350000    0.368296   -0.018296 (VIOLATED)
max_cap570/A                            0.350000    0.368215   -0.018215 (VIOLATED)
u_memory._395_/C1                       0.350000    0.368211   -0.018211 (VIOLATED)
u_memory._239_/A1                       0.350000    0.368204   -0.018204 (VIOLATED)
u_memory._380_/C1                       0.350000    0.368058   -0.018058 (VIOLATED)
fanout178/X                             0.350000    0.367958   -0.017958 (VIOLATED)
u_memory._251_/A1                       0.350000    0.367940   -0.017940 (VIOLATED)
wire154/A                               0.350000    0.367938   -0.017938 (VIOLATED)
u_memory._180_/Y                        0.350000    0.367935   -0.017935 (VIOLATED)
ANTENNA_1380/DIODE                      0.350000    0.367934   -0.017934 (VIOLATED)
hold96/A                                0.350000    0.367933   -0.017933 (VIOLATED)
wire352/X                               0.350000    0.367854   -0.017854 (VIOLATED)
max_cap393/A                            0.350000    0.367724   -0.017724 (VIOLATED)
_108_/Q                                 0.350000    0.367516   -0.017516 (VIOLATED)
wire398/A                               0.350000    0.367497   -0.017497 (VIOLATED)
_045_/D                                 0.350000    0.367436   -0.017436 (VIOLATED)
u_memory._363_/X                        0.350000    0.367405   -0.017405 (VIOLATED)
m6_in_7_22/A                            0.350000    0.366992   -0.016992 (VIOLATED)
ANTENNA_1001/DIODE                      0.350000    0.366989   -0.016989 (VIOLATED)
ANTENNA_999/DIODE                       0.350000    0.366988   -0.016988 (VIOLATED)
ANTENNA_998/DIODE                       0.350000    0.366984   -0.016984 (VIOLATED)
ANTENNA_1000/DIODE                      0.350000    0.366983   -0.016983 (VIOLATED)
m6_in_4_20/A                            0.350000    0.366957   -0.016957 (VIOLATED)
ANTENNA_1020/DIODE                      0.350000    0.366953   -0.016953 (VIOLATED)
ANTENNA_1018/DIODE                      0.350000    0.366952   -0.016952 (VIOLATED)
ANTENNA_1019/DIODE                      0.350000    0.366951   -0.016951 (VIOLATED)
ANTENNA_1021/DIODE                      0.350000    0.366951   -0.016951 (VIOLATED)
m6_in_7_15/A                            0.350000    0.366938   -0.016938 (VIOLATED)
ANTENNA_1109/DIODE                      0.350000    0.366935   -0.016935 (VIOLATED)
ANTENNA_1107/DIODE                      0.350000    0.366931   -0.016931 (VIOLATED)
ANTENNA_1108/DIODE                      0.350000    0.366929   -0.016929 (VIOLATED)
ANTENNA_1110/DIODE                      0.350000    0.366928   -0.016928 (VIOLATED)
wire394/X                               0.350000    0.366794   -0.016794 (VIOLATED)
max_cap399/A                            0.350000    0.366581   -0.016581 (VIOLATED)
max_cap480/X                            0.350000    0.366421   -0.016421 (VIOLATED)
max_cap471/X                            0.350000    0.366333   -0.016333 (VIOLATED)
u_memory._231_/C                        0.350000    0.366313   -0.016313 (VIOLATED)
max_cap520/X                            0.350000    0.366312   -0.016312 (VIOLATED)
ANTENNA_521/DIODE                       0.350000    0.366310   -0.016310 (VIOLATED)
ANTENNA_519/DIODE                       0.350000    0.366308   -0.016308 (VIOLATED)
ANTENNA_518/DIODE                       0.350000    0.366307   -0.016307 (VIOLATED)
ANTENNA_520/DIODE                       0.350000    0.366301   -0.016301 (VIOLATED)
fanout185/A                             0.350000    0.366292   -0.016292 (VIOLATED)
u_memory._260_/C1                       0.350000    0.366243   -0.016243 (VIOLATED)
u_memory._272_/C1                       0.350000    0.366242   -0.016242 (VIOLATED)
u_memory._266_/C1                       0.350000    0.366179   -0.016179 (VIOLATED)
m6_in_5_5/A                             0.350000    0.366055   -0.016055 (VIOLATED)
max_cap587/A                            0.350000    0.366054   -0.016054 (VIOLATED)
u_memory._278_/C1                       0.350000    0.366043   -0.016043 (VIOLATED)
u_memory._307_/A0                       0.350000    0.365875   -0.015875 (VIOLATED)
wire400/X                               0.350000    0.365873   -0.015873 (VIOLATED)
output98/A                              0.350000    0.365793   -0.015793 (VIOLATED)
u_memory._269_/C1                       0.350000    0.365786   -0.015786 (VIOLATED)
_033_/Q                                 0.350000    0.365758   -0.015758 (VIOLATED)
u_memory._284_/C1                       0.350000    0.365729   -0.015729 (VIOLATED)
wire285/X                               0.350000    0.365708   -0.015708 (VIOLATED)
_070_/Q                                 0.350000    0.365599   -0.015599 (VIOLATED)
m6_in_7_19/A                            0.350000    0.365597   -0.015597 (VIOLATED)
ANTENNA_1049/DIODE                      0.350000    0.365594   -0.015594 (VIOLATED)
ANTENNA_1047/DIODE                      0.350000    0.365594   -0.015594 (VIOLATED)
ANTENNA_1046/DIODE                      0.350000    0.365594   -0.015594 (VIOLATED)
ANTENNA_1045/DIODE                      0.350000    0.365582   -0.015582 (VIOLATED)
ANTENNA_1048/DIODE                      0.350000    0.365577   -0.015577 (VIOLATED)
max_cap588/X                            0.350000    0.365390   -0.015390 (VIOLATED)
u_memory._240_/A1                       0.350000    0.365217   -0.015217 (VIOLATED)
ANTENNA_831/DIODE                       0.350000    0.365214   -0.015214 (VIOLATED)
ANTENNA_829/DIODE                       0.350000    0.365213   -0.015213 (VIOLATED)
ANTENNA_830/DIODE                       0.350000    0.365203   -0.015203 (VIOLATED)
ANTENNA_832/DIODE                       0.350000    0.365201   -0.015201 (VIOLATED)
m6_in_7_5/A                             0.350000    0.365107   -0.015107 (VIOLATED)
ANTENNA_1264/DIODE                      0.350000    0.365103   -0.015103 (VIOLATED)
ANTENNA_1263/DIODE                      0.350000    0.365101   -0.015101 (VIOLATED)
ANTENNA_1265/DIODE                      0.350000    0.365099   -0.015099 (VIOLATED)
max_cap492/X                            0.350000    0.364969   -0.014969 (VIOLATED)
u_memory._290_/C1                       0.350000    0.364786   -0.014786 (VIOLATED)
u_memory._296_/C1                       0.350000    0.364766   -0.014766 (VIOLATED)
wire367/X                               0.350000    0.364764   -0.014764 (VIOLATED)
u_memory._281_/C1                       0.350000    0.364755   -0.014755 (VIOLATED)
u_memory._302_/C1                       0.350000    0.364750   -0.014750 (VIOLATED)
fanout186/X                             0.350000    0.364708   -0.014708 (VIOLATED)
max_cap589/X                            0.350000    0.364491   -0.014491 (VIOLATED)
u_memory._249_/B1                       0.350000    0.364262   -0.014262 (VIOLATED)
ANTENNA_74/DIODE                        0.350000    0.364258   -0.014258 (VIOLATED)
ANTENNA_72/DIODE                        0.350000    0.364258   -0.014258 (VIOLATED)
ANTENNA_73/DIODE                        0.350000    0.364255   -0.014255 (VIOLATED)
u_memory._287_/A1                       0.350000    0.364193   -0.014193 (VIOLATED)
output90/A                              0.350000    0.364106   -0.014106 (VIOLATED)
m6_in_4_17/A                            0.350000    0.364105   -0.014105 (VIOLATED)
ANTENNA_1066/DIODE                      0.350000    0.364100   -0.014100 (VIOLATED)
ANTENNA_1064/DIODE                      0.350000    0.364099   -0.014099 (VIOLATED)
ANTENNA_1065/DIODE                      0.350000    0.364097   -0.014097 (VIOLATED)
ANTENNA_1067/DIODE                      0.350000    0.364095   -0.014095 (VIOLATED)
u_memory._299_/A1                       0.350000    0.364089   -0.014089 (VIOLATED)
u_memory._275_/A1                       0.350000    0.363910   -0.013910 (VIOLATED)
u_memory._247_/X                        0.350000    0.363909   -0.013909 (VIOLATED)
m6_in_3_26/A                            0.350000    0.363891   -0.013891 (VIOLATED)
ANTENNA_933/DIODE                       0.350000    0.363887   -0.013887 (VIOLATED)
ANTENNA_931/DIODE                       0.350000    0.363886   -0.013886 (VIOLATED)
ANTENNA_930/DIODE                       0.350000    0.363884   -0.013884 (VIOLATED)
ANTENNA_932/DIODE                       0.350000    0.363882   -0.013882 (VIOLATED)
_026_/Q                                 0.350000    0.363777   -0.013777 (VIOLATED)
m6_in_3_2/A                             0.350000    0.363685   -0.013685 (VIOLATED)
ANTENNA_1314/DIODE                      0.350000    0.363682   -0.013682 (VIOLATED)
ANTENNA_1312/DIODE                      0.350000    0.363682   -0.013682 (VIOLATED)
ANTENNA_1311/DIODE                      0.350000    0.363674   -0.013674 (VIOLATED)
ANTENNA_1313/DIODE                      0.350000    0.363672   -0.013672 (VIOLATED)
ANTENNA_1315/DIODE                      0.350000    0.363669   -0.013669 (VIOLATED)
u_memory._263_/A1                       0.350000    0.363590   -0.013590 (VIOLATED)
u_memory._173_/Y                        0.350000    0.363566   -0.013566 (VIOLATED)
m6_in_0_0/A                             0.350000    0.363434   -0.013434 (VIOLATED)
ANTENNA_1338/DIODE                      0.350000    0.363432   -0.013432 (VIOLATED)
ANTENNA_1339/DIODE                      0.350000    0.363430   -0.013430 (VIOLATED)
ANTENNA_1337/DIODE                      0.350000    0.363429   -0.013429 (VIOLATED)
ANTENNA_1336/DIODE                      0.350000    0.363429   -0.013429 (VIOLATED)
max_cap501/X                            0.350000    0.363364   -0.013364 (VIOLATED)
u_memory._291_/B2                       0.350000    0.363326   -0.013326 (VIOLATED)
m6_in_7_20/A                            0.350000    0.363298   -0.013298 (VIOLATED)
ANTENNA_1031/DIODE                      0.350000    0.363294   -0.013294 (VIOLATED)
ANTENNA_1030/DIODE                      0.350000    0.363291   -0.013291 (VIOLATED)
ANTENNA_1032/DIODE                      0.350000    0.363290   -0.013290 (VIOLATED)
max_cap441/X                            0.350000    0.363244   -0.013244 (VIOLATED)
u_memory._290_/X                        0.350000    0.363101   -0.013101 (VIOLATED)
max_cap612/X                            0.350000    0.363010   -0.013010 (VIOLATED)
m6_in_7_43/A                            0.350000    0.362994   -0.012994 (VIOLATED)
ANTENNA_840/DIODE                       0.350000    0.362992   -0.012992 (VIOLATED)
ANTENNA_842/DIODE                       0.350000    0.362992   -0.012992 (VIOLATED)
ANTENNA_841/DIODE                       0.350000    0.362986   -0.012986 (VIOLATED)
max_cap621/X                            0.350000    0.362819   -0.012819 (VIOLATED)
max_cap485/X                            0.350000    0.362647   -0.012647 (VIOLATED)
max_cap593/A                            0.350000    0.362520   -0.012520 (VIOLATED)
m6_in_1_4/A                             0.350000    0.362512   -0.012512 (VIOLATED)
max_cap390/X                            0.350000    0.362340   -0.012340 (VIOLATED)
u_memory._308_/A0                       0.350000    0.361940   -0.011940 (VIOLATED)
max_cap594/X                            0.350000    0.361872   -0.011872 (VIOLATED)
_071_/Q                                 0.350000    0.361718   -0.011718 (VIOLATED)
u_memory._314_/A1                       0.350000    0.361664   -0.011664 (VIOLATED)
m6_in_4_45/A                            0.350000    0.361457   -0.011457 (VIOLATED)
_079_/Q                                 0.350000    0.361421   -0.011421 (VIOLATED)
max_cap474/A                            0.350000    0.361255   -0.011255 (VIOLATED)
m6_in_1_21/A                            0.350000    0.361248   -0.011248 (VIOLATED)
_046_/D                                 0.350000    0.361141   -0.011141 (VIOLATED)
u_memory._366_/X                        0.350000    0.361132   -0.011132 (VIOLATED)
max_cap550/A                            0.350000    0.360959   -0.010959 (VIOLATED)
m6_in_5_10/A                            0.350000    0.360956   -0.010956 (VIOLATED)
ANTENNA_180/DIODE                       0.350000    0.360812   -0.010812 (VIOLATED)
u_memory._384_/B1                       0.350000    0.360812   -0.010812 (VIOLATED)
ANTENNA_183/DIODE                       0.350000    0.360812   -0.010812 (VIOLATED)
ANTENNA_181/DIODE                       0.350000    0.360811   -0.010811 (VIOLATED)
ANTENNA_182/DIODE                       0.350000    0.360811   -0.010811 (VIOLATED)
_076_/D                                 0.350000    0.360743   -0.010743 (VIOLATED)
max_cap475/X                            0.350000    0.360598   -0.010598 (VIOLATED)
u_memory._382_/X                        0.350000    0.360513   -0.010513 (VIOLATED)
m6_in_4_18/A                            0.350000    0.360477   -0.010477 (VIOLATED)
ANTENNA_1059/DIODE                      0.350000    0.360472   -0.010472 (VIOLATED)
ANTENNA_1057/DIODE                      0.350000    0.360471   -0.010471 (VIOLATED)
ANTENNA_1058/DIODE                      0.350000    0.360469   -0.010469 (VIOLATED)
ANTENNA_1060/DIODE                      0.350000    0.360467   -0.010467 (VIOLATED)
u_memory._369_/A1                       0.350000    0.360450   -0.010450 (VIOLATED)
ANTENNA_500/DIODE                       0.350000    0.360449   -0.010449 (VIOLATED)
ANTENNA_498/DIODE                       0.350000    0.360449   -0.010449 (VIOLATED)
max_cap599/A                            0.350000    0.360444   -0.010444 (VIOLATED)
ANTENNA_499/DIODE                       0.350000    0.360440   -0.010440 (VIOLATED)
m6_in_1_3/A                             0.350000    0.360439   -0.010439 (VIOLATED)
ANTENNA_501/DIODE                       0.350000    0.360437   -0.010437 (VIOLATED)
_020_/D                                 0.350000    0.360355   -0.010355 (VIOLATED)
max_cap556/X                            0.350000    0.360325   -0.010325 (VIOLATED)
m6_in_1_26/A                            0.350000    0.360303   -0.010303 (VIOLATED)
input22/X                               0.350000    0.360299   -0.010299 (VIOLATED)
max_cap438/A                            0.350000    0.360295   -0.010295 (VIOLATED)
ANTENNA_925/DIODE                       0.350000    0.360294   -0.010294 (VIOLATED)
ANTENNA_924/DIODE                       0.350000    0.360281   -0.010281 (VIOLATED)
m6_in_4_0/A                             0.350000    0.360024   -0.010024 (VIOLATED)
ANTENNA_1334/DIODE                      0.350000    0.360021   -0.010021 (VIOLATED)
ANTENNA_1332/DIODE                      0.350000    0.360019   -0.010019 (VIOLATED)
ANTENNA_1333/DIODE                      0.350000    0.360018   -0.010018 (VIOLATED)
ANTENNA_1335/DIODE                      0.350000    0.360018   -0.010018 (VIOLATED)
u_memory._267_/X                        0.350000    0.360008   -0.010008 (VIOLATED)
wire279/X                               0.350000    0.359983   -0.009983 (VIOLATED)
ANTENNA_803/DIODE                       0.350000    0.359980   -0.009980 (VIOLATED)
ANTENNA_800/DIODE                       0.350000    0.359969   -0.009969 (VIOLATED)
u_memory._267_/A1                       0.350000    0.359967   -0.009967 (VIOLATED)
ANTENNA_801/DIODE                       0.350000    0.359938   -0.009938 (VIOLATED)
ANTENNA_802/DIODE                       0.350000    0.359938   -0.009938 (VIOLATED)
max_cap498/X                            0.350000    0.359765   -0.009765 (VIOLATED)
_101_/D                                 0.350000    0.359658   -0.009658 (VIOLATED)
max_cap600/X                            0.350000    0.359657   -0.009657 (VIOLATED)
input48/X                               0.350000    0.359618   -0.009618 (VIOLATED)
max_cap620/X                            0.350000    0.359548   -0.009548 (VIOLATED)
wire358/X                               0.350000    0.359465   -0.009465 (VIOLATED)
m6_in_0_5/A                             0.350000    0.359312   -0.009312 (VIOLATED)
ANTENNA_1254/DIODE                      0.350000    0.359307   -0.009307 (VIOLATED)
ANTENNA_1252/DIODE                      0.350000    0.359307   -0.009307 (VIOLATED)
ANTENNA_1253/DIODE                      0.350000    0.359304   -0.009304 (VIOLATED)
_028_/D                                 0.350000    0.359187   -0.009187 (VIOLATED)
ANTENNA_1186/DIODE                      0.350000    0.359156   -0.009156 (VIOLATED)
m6_in_7_10/A                            0.350000    0.359155   -0.009155 (VIOLATED)
ANTENNA_1185/DIODE                      0.350000    0.359138   -0.009138 (VIOLATED)
_099_/D                                 0.350000    0.359132   -0.009132 (VIOLATED)
ANTENNA_218/DIODE                       0.350000    0.359131   -0.009131 (VIOLATED)
ANTENNA_1187/DIODE                      0.350000    0.359130   -0.009130 (VIOLATED)
input27/X                               0.350000    0.359109   -0.009109 (VIOLATED)
m6_in_5_45/A                            0.350000    0.358999   -0.008999 (VIOLATED)
u_memory._272_/B2                       0.350000    0.358939   -0.008939 (VIOLATED)
m6_in_7_13/A                            0.350000    0.358936   -0.008936 (VIOLATED)
ANTENNA_1138/DIODE                      0.350000    0.358931   -0.008931 (VIOLATED)
ANTENNA_1137/DIODE                      0.350000    0.358928   -0.008928 (VIOLATED)
ANTENNA_1139/DIODE                      0.350000    0.358926   -0.008926 (VIOLATED)
u_memory._278_/B2                       0.350000    0.358912   -0.008912 (VIOLATED)
m6_in_7_24/A                            0.350000    0.358911   -0.008911 (VIOLATED)
ANTENNA_969/DIODE                       0.350000    0.358907   -0.008907 (VIOLATED)
ANTENNA_967/DIODE                       0.350000    0.358906   -0.008906 (VIOLATED)
ANTENNA_966/DIODE                       0.350000    0.358904   -0.008904 (VIOLATED)
ANTENNA_968/DIODE                       0.350000    0.358903   -0.008903 (VIOLATED)
u_memory._291_/X                        0.350000    0.358889   -0.008889 (VIOLATED)
u_memory.g_read[1].g_bank[2].g_slice[0].u_sram/clk    0.350000    0.358835   -0.008835 (VIOLATED)
u_memory._284_/B2                       0.350000    0.358795   -0.008795 (VIOLATED)
max_cap585/X                            0.350000    0.358788   -0.008788 (VIOLATED)
m6_in_3_17/A                            0.350000    0.358655   -0.008655 (VIOLATED)
ANTENNA_1075/DIODE                      0.350000    0.358652   -0.008652 (VIOLATED)
ANTENNA_1073/DIODE                      0.350000    0.358652   -0.008652 (VIOLATED)
ANTENNA_1072/DIODE                      0.350000    0.358644   -0.008644 (VIOLATED)
ANTENNA_1074/DIODE                      0.350000    0.358642   -0.008642 (VIOLATED)
ANTENNA_1076/DIODE                      0.350000    0.358639   -0.008639 (VIOLATED)
u_memory._191_/A2                       0.350000    0.358587   -0.008587 (VIOLATED)
u_memory._190_/X                        0.350000    0.358572   -0.008572 (VIOLATED)
max_cap555/X                            0.350000    0.358501   -0.008501 (VIOLATED)
u_memory.g_read[0].g_bank[1].g_slice[0].u_sram/clk    0.350000    0.358326   -0.008326 (VIOLATED)
max_cap457/X                            0.350000    0.358301   -0.008301 (VIOLATED)
max_cap534/X                            0.350000    0.358199   -0.008199 (VIOLATED)
u_memory._290_/B2                       0.350000    0.358129   -0.008129 (VIOLATED)
u_memory._296_/B2                       0.350000    0.358098   -0.008098 (VIOLATED)
u_memory._281_/B2                       0.350000    0.358078   -0.008078 (VIOLATED)
max_cap504/X                            0.350000    0.358045   -0.008045 (VIOLATED)
wire624/A                               0.350000    0.357995   -0.007995 (VIOLATED)
u_memory._302_/B2                       0.350000    0.357856   -0.007856 (VIOLATED)
max_cap626/A                            0.350000    0.357776   -0.007776 (VIOLATED)
max_cap625/A                            0.350000    0.357763   -0.007763 (VIOLATED)
u_memory._293_/B2                       0.350000    0.357715   -0.007715 (VIOLATED)
fanout190/X                             0.350000    0.357692   -0.007692 (VIOLATED)
hold100/A                               0.350000    0.357646   -0.007646 (VIOLATED)
_100_/Q                                 0.350000    0.357549   -0.007549 (VIOLATED)
wire382/A                               0.350000    0.357497   -0.007497 (VIOLATED)
u_memory.g_read[1].g_bank[1].g_slice[0].u_sram/clk    0.350000    0.357465   -0.007465 (VIOLATED)
u_memory._301_/C                        0.350000    0.357446   -0.007446 (VIOLATED)
u_memory._175_/Y                        0.350000    0.357445   -0.007445 (VIOLATED)
wire10/A                                0.350000    0.357445   -0.007445 (VIOLATED)
ANTENNA_542/DIODE                       0.350000    0.357443   -0.007443 (VIOLATED)
ANTENNA_546/DIODE                       0.350000    0.357442   -0.007442 (VIOLATED)
ANTENNA_545/DIODE                       0.350000    0.357440   -0.007440 (VIOLATED)
ANTENNA_543/DIODE                       0.350000    0.357439   -0.007439 (VIOLATED)
ANTENNA_544/DIODE                       0.350000    0.357435   -0.007435 (VIOLATED)
u_memory._173_/A                        0.350000    0.357083   -0.007083 (VIOLATED)
u_memory._175_/C                        0.350000    0.357010   -0.007010 (VIOLATED)
u_memory._357_/B1                       0.350000    0.357001   -0.007001 (VIOLATED)
ANTENNA_154/DIODE                       0.350000    0.356998   -0.006998 (VIOLATED)
ANTENNA_152/DIODE                       0.350000    0.356996   -0.006996 (VIOLATED)
ANTENNA_153/DIODE                       0.350000    0.356994   -0.006994 (VIOLATED)
ANTENNA_155/DIODE                       0.350000    0.356992   -0.006992 (VIOLATED)
wire291/X                               0.350000    0.356981   -0.006981 (VIOLATED)
u_memory._204_/B                        0.350000    0.356949   -0.006949 (VIOLATED)
m6_in_7_18/A                            0.350000    0.356787   -0.006787 (VIOLATED)
ANTENNA_1062/DIODE                      0.350000    0.356782   -0.006782 (VIOLATED)
ANTENNA_1061/DIODE                      0.350000    0.356780   -0.006780 (VIOLATED)
ANTENNA_1063/DIODE                      0.350000    0.356778   -0.006778 (VIOLATED)
u_memory._355_/X                        0.350000    0.356647   -0.006647 (VIOLATED)
m6_in_4_27/A                            0.350000    0.356527   -0.006527 (VIOLATED)
ANTENNA_915/DIODE                       0.350000    0.356522   -0.006522 (VIOLATED)
ANTENNA_913/DIODE                       0.350000    0.356520   -0.006520 (VIOLATED)
ANTENNA_914/DIODE                       0.350000    0.356517   -0.006517 (VIOLATED)
ANTENNA_916/DIODE                       0.350000    0.356515   -0.006515 (VIOLATED)
max_cap383/A                            0.350000    0.356483   -0.006483 (VIOLATED)
max_cap384/X                            0.350000    0.356297   -0.006297 (VIOLATED)
u_memory._203_/A_N                      0.350000    0.356259   -0.006259 (VIOLATED)
u_memory.g_read[1].g_bank[3].g_slice[0].u_sram/clk    0.350000    0.356192   -0.006192 (VIOLATED)
max_cap500/X                            0.350000    0.356186   -0.006186 (VIOLATED)
u_memory.g_read[0].g_bank[3].g_slice[0].u_sram/clk    0.350000    0.356080   -0.006080 (VIOLATED)
u_memory.g_read[0].g_bank[2].g_slice[0].u_sram/clk    0.350000    0.356070   -0.006070 (VIOLATED)
u_memory._295_/C                        0.350000    0.355991   -0.005991 (VIOLATED)
ANTENNA_566/DIODE                       0.350000    0.355987   -0.005987 (VIOLATED)
ANTENNA_563/DIODE                       0.350000    0.355985   -0.005985 (VIOLATED)
ANTENNA_564/DIODE                       0.350000    0.355982   -0.005982 (VIOLATED)
ANTENNA_565/DIODE                       0.350000    0.355980   -0.005980 (VIOLATED)
max_cap435/X                            0.350000    0.355951   -0.005951 (VIOLATED)
m6_in_3_22/A                            0.350000    0.355897   -0.005897 (VIOLATED)
max_cap551/A                            0.350000    0.355896   -0.005896 (VIOLATED)
ANTENNA_996/DIODE                       0.350000    0.355894   -0.005894 (VIOLATED)
ANTENNA_994/DIODE                       0.350000    0.355894   -0.005894 (VIOLATED)
m6_in_1_10/A                            0.350000    0.355892   -0.005892 (VIOLATED)
ANTENNA_993/DIODE                       0.350000    0.355887   -0.005887 (VIOLATED)
ANTENNA_995/DIODE                       0.350000    0.355885   -0.005885 (VIOLATED)
ANTENNA_997/DIODE                       0.350000    0.355883   -0.005883 (VIOLATED)
u_memory._224_/A1                       0.350000    0.355785   -0.005785 (VIOLATED)
ANTENNA_748/DIODE                       0.350000    0.355783   -0.005783 (VIOLATED)
ANTENNA_746/DIODE                       0.350000    0.355782   -0.005782 (VIOLATED)
wire439/X                               0.350000    0.355779   -0.005779 (VIOLATED)
ANTENNA_747/DIODE                       0.350000    0.355762   -0.005762 (VIOLATED)
ANTENNA_749/DIODE                       0.350000    0.355749   -0.005749 (VIOLATED)
u_memory._207_/B                        0.350000    0.355712   -0.005712 (VIOLATED)
_011_/D                                 0.350000    0.355575   -0.005575 (VIOLATED)
ANTENNA_8/DIODE                         0.350000    0.355572   -0.005572 (VIOLATED)
wire294/X                               0.350000    0.355568   -0.005568 (VIOLATED)
u_memory._206_/B                        0.350000    0.355373   -0.005373 (VIOLATED)
u_memory._240_/X                        0.350000    0.355355   -0.005355 (VIOLATED)
wire341/X                               0.350000    0.355352   -0.005352 (VIOLATED)
max_cap469/X                            0.350000    0.355291   -0.005291 (VIOLATED)
max_cap552/X                            0.350000    0.355252   -0.005252 (VIOLATED)
u_memory._393_/B2                       0.350000    0.355086   -0.005086 (VIOLATED)
u_memory._392_/X                        0.350000    0.355067   -0.005067 (VIOLATED)
m6_in_0_13/A                            0.350000    0.354917   -0.004917 (VIOLATED)
ANTENNA_1131/DIODE                      0.350000    0.354912   -0.004912 (VIOLATED)
ANTENNA_1129/DIODE                      0.350000    0.354912   -0.004911 (VIOLATED)
ANTENNA_1130/DIODE                      0.350000    0.354909   -0.004909 (VIOLATED)
ANTENNA_1132/DIODE                      0.350000    0.354907   -0.004907 (VIOLATED)
m6_in_4_21/A                            0.350000    0.354824   -0.004824 (VIOLATED)
ANTENNA_1004/DIODE                      0.350000    0.354821   -0.004821 (VIOLATED)
ANTENNA_1002/DIODE                      0.350000    0.354819   -0.004819 (VIOLATED)
ANTENNA_1003/DIODE                      0.350000    0.354816   -0.004816 (VIOLATED)
ANTENNA_1005/DIODE                      0.350000    0.354814   -0.004814 (VIOLATED)
m6_in_3_21/A                            0.350000    0.354485   -0.004485 (VIOLATED)
ANTENNA_1011/DIODE                      0.350000    0.354481   -0.004481 (VIOLATED)
ANTENNA_1010/DIODE                      0.350000    0.354478   -0.004478 (VIOLATED)
ANTENNA_1012/DIODE                      0.350000    0.354477   -0.004477 (VIOLATED)
ANTENNA_1013/DIODE                      0.350000    0.354475   -0.004475 (VIOLATED)
max_cap530/X                            0.350000    0.354307   -0.004307 (VIOLATED)
_042_/D                                 0.350000    0.354252   -0.004252 (VIOLATED)
ANTENNA_1377/DIODE                      0.350000    0.354251   -0.004251 (VIOLATED)
_074_/D                                 0.350000    0.354242   -0.004242 (VIOLATED)
input20/X                               0.350000    0.354230   -0.004230 (VIOLATED)
u_memory._354_/X                        0.350000    0.354224   -0.004224 (VIOLATED)
max_cap473/X                            0.350000    0.354224   -0.004224 (VIOLATED)
u_memory._362_/A2                       0.350000    0.354114   -0.004114 (VIOLATED)
ANTENNA_398/DIODE                       0.350000    0.354101   -0.004101 (VIOLATED)
ANTENNA_400/DIODE                       0.350000    0.354099   -0.004099 (VIOLATED)
ANTENNA_399/DIODE                       0.350000    0.354093   -0.004093 (VIOLATED)
ANTENNA_401/DIODE                       0.350000    0.354091   -0.004091 (VIOLATED)
ANTENNA_896/DIODE                       0.350000    0.354048   -0.004048 (VIOLATED)
ANTENNA_894/DIODE                       0.350000    0.354047   -0.004047 (VIOLATED)
m6_in_4_28/A                            0.350000    0.354042   -0.004042 (VIOLATED)
ANTENNA_897/DIODE                       0.350000    0.354038   -0.004038 (VIOLATED)
ANTENNA_895/DIODE                       0.350000    0.354037   -0.004037 (VIOLATED)
max_cap476/X                            0.350000    0.353867   -0.003867 (VIOLATED)
u_memory._261_/A2                       0.350000    0.353756   -0.003756 (VIOLATED)
u_memory._258_/A2                       0.350000    0.353752   -0.003752 (VIOLATED)
u_memory._267_/A2                       0.350000    0.353747   -0.003747 (VIOLATED)
u_memory._270_/A2                       0.350000    0.353747   -0.003747 (VIOLATED)
u_memory._273_/A2                       0.350000    0.353741   -0.003741 (VIOLATED)
u_memory._279_/A2                       0.350000    0.353696   -0.003696 (VIOLATED)
u_memory._218_/A1                       0.350000    0.353669   -0.003669 (VIOLATED)
ANTENNA_756/DIODE                       0.350000    0.353664   -0.003664 (VIOLATED)
ANTENNA_754/DIODE                       0.350000    0.353664   -0.003664 (VIOLATED)
ANTENNA_755/DIODE                       0.350000    0.353657   -0.003657 (VIOLATED)
wire249/X                               0.350000    0.353647   -0.003647 (VIOLATED)
m6_in_3_6/A                             0.350000    0.353541   -0.003541 (VIOLATED)
ANTENNA_1242/DIODE                      0.350000    0.353538   -0.003538 (VIOLATED)
ANTENNA_1240/DIODE                      0.350000    0.353537   -0.003537 (VIOLATED)
ANTENNA_1239/DIODE                      0.350000    0.353534   -0.003534 (VIOLATED)
ANTENNA_1241/DIODE                      0.350000    0.353532   -0.003532 (VIOLATED)
u_memory._288_/A2                       0.350000    0.353498   -0.003498 (VIOLATED)
u_memory._282_/A2                       0.350000    0.353461   -0.003461 (VIOLATED)
u_memory._294_/A2                       0.350000    0.353442   -0.003442 (VIOLATED)
u_memory._285_/A2                       0.350000    0.353441   -0.003441 (VIOLATED)
max_cap426/X                            0.350000    0.353427   -0.003427 (VIOLATED)
u_memory._291_/A2                       0.350000    0.353423   -0.003423 (VIOLATED)
fanout183/X                             0.350000    0.353408   -0.003408 (VIOLATED)
wire179/A                               0.350000    0.353295   -0.003295 (VIOLATED)
wire343/X                               0.350000    0.353231   -0.003231 (VIOLATED)
u_memory._208_/A1                       0.350000    0.353139   -0.003139 (VIOLATED)
u_memory._211_/A1                       0.350000    0.353119   -0.003119 (VIOLATED)
u_memory._217_/A1                       0.350000    0.353069   -0.003069 (VIOLATED)
u_memory._220_/A1                       0.350000    0.353019   -0.003019 (VIOLATED)
u_memory._223_/A1                       0.350000    0.352989   -0.002989 (VIOLATED)
u_memory._229_/A1                       0.350000    0.352972   -0.002972 (VIOLATED)
max_cap579/X                            0.350000    0.352962   -0.002962 (VIOLATED)
wire5/X                                 0.350000    0.352863   -0.002863 (VIOLATED)
m6_in_3_42/A                            0.350000    0.352823   -0.002823 (VIOLATED)
u_memory._232_/A1                       0.350000    0.352806   -0.002806 (VIOLATED)
u_memory._242_/A1                       0.350000    0.352706   -0.002706 (VIOLATED)
u_memory._245_/A1                       0.350000    0.352552   -0.002552 (VIOLATED)
m6_in_0_12/A                            0.350000    0.352501   -0.002501 (VIOLATED)
ANTENNA_1146/DIODE                      0.350000    0.352497   -0.002497 (VIOLATED)
ANTENNA_1144/DIODE                      0.350000    0.352497   -0.002497 (VIOLATED)
ANTENNA_1145/DIODE                      0.350000    0.352496   -0.002496 (VIOLATED)
ANTENNA_1147/DIODE                      0.350000    0.352495   -0.002495 (VIOLATED)
ANTENNA_229/DIODE                       0.350000    0.352488   -0.002488 (VIOLATED)
_119_/D                                 0.350000    0.352487   -0.002487 (VIOLATED)
u_memory._235_/B                        0.350000    0.352481   -0.002481 (VIOLATED)
input47/X                               0.350000    0.352467   -0.002467 (VIOLATED)
m6_in_6_0/A                             0.350000    0.352432   -0.002432 (VIOLATED)
hold100/X                               0.350000    0.352415   -0.002415 (VIOLATED)
u_memory._189_/B1                       0.350000    0.352380   -0.002380 (VIOLATED)
m6_in_2_42/A                            0.350000    0.352307   -0.002307 (VIOLATED)
m6_in_3_27/A                            0.350000    0.352299   -0.002299 (VIOLATED)
ANTENNA_910/DIODE                       0.350000    0.352296   -0.002296 (VIOLATED)
ANTENNA_912/DIODE                       0.350000    0.352296   -0.002296 (VIOLATED)
ANTENNA_909/DIODE                       0.350000    0.352292   -0.002292 (VIOLATED)
ANTENNA_1369/DIODE                      0.350000    0.352290   -0.002290 (VIOLATED)
ANTENNA_911/DIODE                       0.350000    0.352290   -0.002290 (VIOLATED)
_132_/D                                 0.350000    0.352287   -0.002287 (VIOLATED)
max_cap393/X                            0.350000    0.352285   -0.002285 (VIOLATED)
u_memory._186_/X                        0.350000    0.352200   -0.002200 (VIOLATED)
u_memory._200_/B1                       0.350000    0.352200   -0.002200 (VIOLATED)
u_memory._262_/B                        0.350000    0.352193   -0.002193 (VIOLATED)
u_memory._248_/A1                       0.350000    0.352134   -0.002134 (VIOLATED)
m6_in_3_29/A                            0.350000    0.351954   -0.001954 (VIOLATED)
ANTENNA_882/DIODE                       0.350000    0.351951   -0.001951 (VIOLATED)
ANTENNA_880/DIODE                       0.350000    0.351951   -0.001951 (VIOLATED)
ANTENNA_879/DIODE                       0.350000    0.351947   -0.001947 (VIOLATED)
ANTENNA_881/DIODE                       0.350000    0.351945   -0.001945 (VIOLATED)
input69/X                               0.350000    0.351945   -0.001945 (VIOLATED)
max_cap537/X                            0.350000    0.351930   -0.001930 (VIOLATED)
fanout374/A                             0.350000    0.351897   -0.001897 (VIOLATED)
u_memory._254_/A1                       0.350000    0.351871   -0.001871 (VIOLATED)
u_memory._257_/A1                       0.350000    0.351765   -0.001765 (VIOLATED)
max_cap433/X                            0.350000    0.351705   -0.001705 (VIOLATED)
u_memory._197_/A2                       0.350000    0.351568   -0.001568 (VIOLATED)
u_memory._196_/X                        0.350000    0.351553   -0.001553 (VIOLATED)
max_cap420/X                            0.350000    0.351350   -0.001350 (VIOLATED)
load_slew2/A                            0.350000    0.351286   -0.001286 (VIOLATED)
m6_in_4_26/A                            0.350000    0.351277   -0.001277 (VIOLATED)
ANTENNA_928/DIODE                       0.350000    0.351273   -0.001273 (VIOLATED)
ANTENNA_926/DIODE                       0.350000    0.351272   -0.001272 (VIOLATED)
ANTENNA_927/DIODE                       0.350000    0.351269   -0.001269 (VIOLATED)
ANTENNA_929/DIODE                       0.350000    0.351267   -0.001267 (VIOLATED)
u_memory._260_/A1                       0.350000    0.351200   -0.001200 (VIOLATED)
u_memory._266_/A1                       0.350000    0.351119   -0.001119 (VIOLATED)
u_memory._272_/A1                       0.350000    0.350968   -0.000968 (VIOLATED)
m6_in_3_10/A                            0.350000    0.350929   -0.000929 (VIOLATED)
m6_in_4_1/A                             0.350000    0.350927   -0.000927 (VIOLATED)
ANTENNA_1183/DIODE                      0.350000    0.350927   -0.000927 (VIOLATED)
ANTENNA_1182/DIODE                      0.350000    0.350926   -0.000926 (VIOLATED)
ANTENNA_1318/DIODE                      0.350000    0.350923   -0.000923 (VIOLATED)
ANTENNA_1316/DIODE                      0.350000    0.350922   -0.000922 (VIOLATED)
ANTENNA_1181/DIODE                      0.350000    0.350920   -0.000920 (VIOLATED)
ANTENNA_1317/DIODE                      0.350000    0.350920   -0.000920 (VIOLATED)
ANTENNA_1319/DIODE                      0.350000    0.350918   -0.000918 (VIOLATED)
ANTENNA_1184/DIODE                      0.350000    0.350917   -0.000917 (VIOLATED)
ANTENNA_12/DIODE                        0.350000    0.350691   -0.000691 (VIOLATED)
_018_/D                                 0.350000    0.350690   -0.000690 (VIOLATED)
max_cap440/X                            0.350000    0.350681   -0.000681 (VIOLATED)
u_memory._269_/A1                       0.350000    0.350633   -0.000633 (VIOLATED)
fanout205/X                             0.350000    0.350578   -0.000578 (VIOLATED)
m6_in_0_4/A                             0.350000    0.350554   -0.000554 (VIOLATED)
_073_/D                                 0.350000    0.350552   -0.000552 (VIOLATED)
ANTENNA_1272/DIODE                      0.350000    0.350550   -0.000550 (VIOLATED)
ANTENNA_1270/DIODE                      0.350000    0.350549   -0.000549 (VIOLATED)
ANTENNA_1271/DIODE                      0.350000    0.350547   -0.000547 (VIOLATED)
ANTENNA_1273/DIODE                      0.350000    0.350545   -0.000545 (VIOLATED)
input19/X                               0.350000    0.350537   -0.000537 (VIOLATED)
max_cap613/X                            0.350000    0.350460   -0.000460 (VIOLATED)
u_memory._261_/X                        0.350000    0.350411   -0.000411 (VIOLATED)
max_cap553/X                            0.350000    0.350350   -0.000350 (VIOLATED)
max_cap494/A                            0.350000    0.350042   -0.000042 (VIOLATED)
m6_in_1_18/A                            0.350000    0.350036   -0.000036 (VIOLATED)

max capacitance

Pin                                        Limit         Cap       Slack
------------------------------------------------------------------------
u_memory.g_read[1].g_bank[1].g_slice[0].u_sram/dout[23]    0.013000    0.016605   -0.003605 (VIOLATED)
u_memory.g_read[0].g_bank[1].g_slice[0].u_sram/dout[0]    0.013000    0.016358   -0.003358 (VIOLATED)
u_memory.g_read[0].g_bank[1].g_slice[0].u_sram/dout[2]    0.013000    0.016254   -0.003254 (VIOLATED)
u_memory.g_read[0].g_bank[1].g_slice[0].u_sram/dout[10]    0.013000    0.016068   -0.003068 (VIOLATED)
u_memory.g_read[0].g_bank[1].g_slice[0].u_sram/dout[3]    0.013000    0.015978   -0.002978 (VIOLATED)
u_memory.g_read[1].g_bank[1].g_slice[0].u_sram/dout[26]    0.013000    0.015808   -0.002808 (VIOLATED)
u_memory.g_read[0].g_bank[1].g_slice[0].u_sram/dout[5]    0.013000    0.015788   -0.002788 (VIOLATED)
u_memory.g_read[1].g_bank[2].g_slice[0].u_sram/dout[17]    0.013000    0.015341   -0.002341 (VIOLATED)
u_memory.g_read[0].g_bank[1].g_slice[0].u_sram/dout[11]    0.013000    0.015217   -0.002217 (VIOLATED)
u_memory.g_read[1].g_bank[1].g_slice[0].u_sram/dout[24]    0.013000    0.015145   -0.002145 (VIOLATED)
u_memory.g_read[0].g_bank[1].g_slice[0].u_sram/dout[4]    0.013000    0.015043   -0.002043 (VIOLATED)
u_memory.g_read[0].g_bank[1].g_slice[0].u_sram/dout[1]    0.013000    0.014948   -0.001948 (VIOLATED)
u_memory.g_read[0].g_bank[1].g_slice[0].u_sram/dout[9]    0.013000    0.014917   -0.001917 (VIOLATED)
u_memory.g_read[0].g_bank[1].g_slice[0].u_sram/dout[8]    0.013000    0.014802   -0.001802 (VIOLATED)
u_memory.g_read[1].g_bank[1].g_slice[0].u_sram/dout[22]    0.013000    0.014727   -0.001727 (VIOLATED)
u_memory.g_read[1].g_bank[2].g_slice[0].u_sram/dout[19]    0.013000    0.014697   -0.001697 (VIOLATED)
u_memory.g_read[1].g_bank[1].g_slice[0].u_sram/dout[25]    0.013000    0.014679   -0.001679 (VIOLATED)
u_memory.g_read[1].g_bank[1].g_slice[0].u_sram/dout[21]    0.013000    0.014624   -0.001624 (VIOLATED)
u_memory.g_read[1].g_bank[1].g_slice[0].u_sram/dout[20]    0.013000    0.014504   -0.001504 (VIOLATED)
u_memory.g_read[1].g_bank[1].g_slice[0].u_sram/dout[19]    0.013000    0.014413   -0.001413 (VIOLATED)
u_memory.g_read[1].g_bank[1].g_slice[0].u_sram/dout[28]    0.013000    0.014391   -0.001391 (VIOLATED)
u_memory.g_read[1].g_bank[0].g_slice[0].u_sram/dout[24]    0.013000    0.014369   -0.001369 (VIOLATED)
u_memory.g_read[1].g_bank[1].g_slice[0].u_sram/dout[29]    0.013000    0.014332   -0.001332 (VIOLATED)
u_memory.g_read[1].g_bank[1].g_slice[0].u_sram/dout[27]    0.013000    0.014315   -0.001315 (VIOLATED)
u_memory.g_read[1].g_bank[3].g_slice[0].u_sram/dout[5]    0.013000    0.014290   -0.001290 (VIOLATED)
u_memory.g_read[0].g_bank[1].g_slice[0].u_sram/dout[6]    0.013000    0.014220   -0.001220 (VIOLATED)
u_memory.g_read[1].g_bank[2].g_slice[0].u_sram/dout[16]    0.013000    0.014199   -0.001199 (VIOLATED)
u_memory.g_read[1].g_bank[2].g_slice[0].u_sram/dout[15]    0.013000    0.014185   -0.001185 (VIOLATED)
u_memory.g_read[1].g_bank[2].g_slice[0].u_sram/dout[27]    0.013000    0.014132   -0.001132 (VIOLATED)
u_memory.g_read[0].g_bank[1].g_slice[0].u_sram/dout[15]    0.013000    0.014105   -0.001105 (VIOLATED)
u_memory.g_read[1].g_bank[3].g_slice[0].u_sram/dout[6]    0.013000    0.014096   -0.001096 (VIOLATED)
u_memory.g_read[1].g_bank[0].g_slice[0].u_sram/dout[21]    0.013000    0.014071   -0.001071 (VIOLATED)
u_memory.g_read[1].g_bank[1].g_slice[0].u_sram/dout[15]    0.013000    0.013979   -0.000979 (VIOLATED)
u_memory.g_read[1].g_bank[2].g_slice[0].u_sram/dout[18]    0.013000    0.013922   -0.000922 (VIOLATED)
u_memory.g_read[1].g_bank[2].g_slice[0].u_sram/dout[22]    0.013000    0.013914   -0.000914 (VIOLATED)
u_memory.g_read[0].g_bank[3].g_slice[0].u_sram/dout[6]    0.013000    0.013890   -0.000890 (VIOLATED)
u_memory.g_read[1].g_bank[2].g_slice[0].u_sram/dout[14]    0.013000    0.013882   -0.000882 (VIOLATED)
u_memory.g_read[1].g_bank[1].g_slice[0].u_sram/dout[13]    0.013000    0.013849   -0.000849 (VIOLATED)
u_memory.g_read[1].g_bank[3].g_slice[0].u_sram/dout[14]    0.013000    0.013846   -0.000846 (VIOLATED)
u_memory.g_read[0].g_bank[3].g_slice[0].u_sram/dout[8]    0.013000    0.013842   -0.000842 (VIOLATED)
u_memory.g_read[1].g_bank[3].g_slice[0].u_sram/dout[8]    0.013000    0.013803   -0.000803 (VIOLATED)
u_memory.g_read[1].g_bank[1].g_slice[0].u_sram/dout[14]    0.013000    0.013796   -0.000796 (VIOLATED)
u_memory.g_read[1].g_bank[2].g_slice[0].u_sram/dout[26]    0.013000    0.013786   -0.000786 (VIOLATED)
u_memory.g_read[1].g_bank[3].g_slice[0].u_sram/dout[9]    0.013000    0.013768   -0.000768 (VIOLATED)
u_memory.g_read[1].g_bank[0].g_slice[0].u_sram/dout[16]    0.013000    0.013741   -0.000741 (VIOLATED)
u_memory.g_read[1].g_bank[0].g_slice[0].u_sram/dout[7]    0.013000    0.013729   -0.000729 (VIOLATED)
u_memory.g_read[0].g_bank[0].g_slice[0].u_sram/dout[25]    0.013000    0.013722   -0.000722 (VIOLATED)
u_memory.g_read[1].g_bank[2].g_slice[0].u_sram/dout[30]    0.013000    0.013708   -0.000708 (VIOLATED)
u_memory.g_read[1].g_bank[3].g_slice[0].u_sram/dout[26]    0.013000    0.013692   -0.000692 (VIOLATED)
u_memory.g_read[1].g_bank[2].g_slice[0].u_sram/dout[9]    0.013000    0.013673   -0.000673 (VIOLATED)
u_memory.g_read[1].g_bank[2].g_slice[0].u_sram/dout[20]    0.013000    0.013631   -0.000631 (VIOLATED)
u_memory.g_read[0].g_bank[3].g_slice[0].u_sram/dout[4]    0.013000    0.013609   -0.000609 (VIOLATED)
u_memory.g_read[0].g_bank[1].g_slice[0].u_sram/dout[7]    0.013000    0.013603   -0.000603 (VIOLATED)
u_memory.g_read[1].g_bank[0].g_slice[0].u_sram/dout[15]    0.013000    0.013584   -0.000584 (VIOLATED)
u_memory.g_read[1].g_bank[0].g_slice[0].u_sram/dout[27]    0.013000    0.013565   -0.000565 (VIOLATED)
u_memory.g_read[1].g_bank[3].g_slice[0].u_sram/dout[24]    0.013000    0.013556   -0.000556 (VIOLATED)
u_memory.g_read[0].g_bank[0].g_slice[0].u_sram/dout[23]    0.013000    0.013555   -0.000555 (VIOLATED)
u_memory.g_read[1].g_bank[3].g_slice[0].u_sram/dout[17]    0.013000    0.013523   -0.000523 (VIOLATED)
u_memory.g_read[1].g_bank[3].g_slice[0].u_sram/dout[16]    0.013000    0.013516   -0.000516 (VIOLATED)
u_memory.g_read[1].g_bank[0].g_slice[0].u_sram/dout[19]    0.013000    0.013500   -0.000500 (VIOLATED)
u_memory.g_read[1].g_bank[3].g_slice[0].u_sram/dout[28]    0.013000    0.013484   -0.000484 (VIOLATED)
u_memory.g_read[1].g_bank[0].g_slice[0].u_sram/dout[25]    0.013000    0.013469   -0.000469 (VIOLATED)
u_memory.g_read[0].g_bank[0].g_slice[0].u_sram/dout[19]    0.013000    0.013464   -0.000464 (VIOLATED)
u_memory.g_read[0].g_bank[1].g_slice[0].u_sram/dout[13]    0.013000    0.013458   -0.000458 (VIOLATED)
u_memory.g_read[1].g_bank[0].g_slice[0].u_sram/dout[6]    0.013000    0.013458   -0.000458 (VIOLATED)
u_memory.g_read[1].g_bank[3].g_slice[0].u_sram/dout[13]    0.013000    0.013434   -0.000434 (VIOLATED)
u_memory.g_read[0].g_bank[0].g_slice[0].u_sram/dout[2]    0.013000    0.013327   -0.000327 (VIOLATED)
u_memory.g_read[1].g_bank[3].g_slice[0].u_sram/dout[29]    0.013000    0.013261   -0.000261 (VIOLATED)
u_memory.g_read[1].g_bank[2].g_slice[0].u_sram/dout[21]    0.013000    0.013236   -0.000236 (VIOLATED)
u_memory.g_read[1].g_bank[2].g_slice[0].u_sram/dout[13]    0.013000    0.013226   -0.000226 (VIOLATED)
u_memory.g_read[0].g_bank[1].g_slice[0].u_sram/dout[14]    0.013000    0.013224   -0.000224 (VIOLATED)
u_memory.g_read[0].g_bank[0].g_slice[0].u_sram/dout[8]    0.013000    0.013222   -0.000222 (VIOLATED)
u_memory.g_read[0].g_bank[3].g_slice[0].u_sram/dout[27]    0.013000    0.013194   -0.000194 (VIOLATED)
u_memory.g_read[1].g_bank[0].g_slice[0].u_sram/dout[20]    0.013000    0.013180   -0.000180 (VIOLATED)
u_memory.g_read[0].g_bank[3].g_slice[0].u_sram/dout[20]    0.013000    0.013158   -0.000158 (VIOLATED)
u_memory.g_read[0].g_bank[0].g_slice[0].u_sram/dout[26]    0.013000    0.013108   -0.000108 (VIOLATED)
u_memory.g_read[1].g_bank[3].g_slice[0].u_sram/dout[12]    0.013000    0.013102   -0.000102 (VIOLATED)
u_memory.g_read[1].g_bank[0].g_slice[0].u_sram/dout[26]    0.013000    0.013088   -0.000088 (VIOLATED)
u_memory.g_read[1].g_bank[3].g_slice[0].u_sram/dout[25]    0.013000    0.013085   -0.000085 (VIOLATED)
u_memory.g_read[1].g_bank[3].g_slice[0].u_sram/dout[7]    0.013000    0.013066   -0.000066 (VIOLATED)
u_memory.g_read[1].g_bank[0].g_slice[0].u_sram/dout[17]    0.013000    0.013062   -0.000062 (VIOLATED)
u_memory.g_read[1].g_bank[1].g_slice[0].u_sram/dout[30]    0.013000    0.013053   -0.000053 (VIOLATED)
u_memory.g_read[1].g_bank[3].g_slice[0].u_sram/dout[15]    0.013000    0.013039   -0.000039 (VIOLATED)
u_memory.g_read[0].g_bank[3].g_slice[0].u_sram/dout[28]    0.013000    0.013025   -0.000025 (VIOLATED)
u_memory.g_read[1].g_bank[0].g_slice[0].u_sram/dout[8]    0.013000    0.013007   -0.000007 (VIOLATED)
u_memory.g_read[1].g_bank[2].g_slice[0].u_sram/dout[24]    0.013000    0.013003   -0.000003 (VIOLATED)



===========================================================================
report_parasitic_annotation -report_unannotated
============================================================================
Found 16 unannotated drivers.
 clkload0/X
 clkload1/X
 clkload2/X
 clkload3/X
 clkload4/X
 clkload5/Y
 clkload6/Y
 clkload7/X
 u_memory.g_read\[0\].g_bank\[0\].g_slice\[0\].u_sram_649/LO
 u_memory.g_read\[0\].g_bank\[1\].g_slice\[0\].u_sram_650/LO
 u_memory.g_read\[0\].g_bank\[2\].g_slice\[0\].u_sram_651/LO
 u_memory.g_read\[0\].g_bank\[3\].g_slice\[0\].u_sram_652/LO
 u_memory.g_read\[1\].g_bank\[0\].g_slice\[0\].u_sram_653/LO
 u_memory.g_read\[1\].g_bank\[1\].g_slice\[0\].u_sram_654/LO
 u_memory.g_read\[1\].g_bank\[2\].g_slice\[0\].u_sram_655/LO
 u_memory.g_read\[1\].g_bank\[3\].g_slice\[0\].u_sram_656/LO
Found 0 partially unannotated drivers.

===========================================================================
max slew violation count 1824
max fanout violation count 0
max cap violation count 86
============================================================================

===========================================================================
check_setup -verbose -unconstrained_endpoints -multiple_clock -no_clock -no_input_delay -loops -generated_clocks
===========================================================================
Warning: There are 8 unconstrained endpoints.
  u_memory.g_read[0].g_bank[0].g_slice[0].u_sram/rstb
  u_memory.g_read[0].g_bank[1].g_slice[0].u_sram/rstb
  u_memory.g_read[0].g_bank[2].g_slice[0].u_sram/rstb
  u_memory.g_read[0].g_bank[3].g_slice[0].u_sram/rstb
  u_memory.g_read[1].g_bank[0].g_slice[0].u_sram/rstb
  u_memory.g_read[1].g_bank[1].g_slice[0].u_sram/rstb
  u_memory.g_read[1].g_bank[2].g_slice[0].u_sram/rstb
  u_memory.g_read[1].g_bank[3].g_slice[0].u_sram/rstb
