
===========================================================================
report_checks -unconstrained
===========================================================================
======================= max_ss_100C_1v60 Corner ===================================

Startpoint: rst_n (input port clocked by sys_clk)
Endpoint: u_memory._428_ (recovery check against rising-edge clock sys_clk)
Path Group: asynchronous
Path Type: max

Fanout         Cap        Slew       Delay        Time   Description
---------------------------------------------------------------------------------------------
                                  0.000000    0.000000   clock sys_clk (rise edge)
                                  0.000000    0.000000   clock network delay (propagated)
                                  2.000000    2.000000 ^ input external delay
     1    0.002183    0.150000    0.000000    2.000000 ^ rst_n (in)
                                                         rst_n (net)
                      0.150131    0.000066    2.000066 ^ hold213/A (sky130_fd_sc_hd__dlygate4sd3_1)
     1    0.001832    0.080682    1.057967    3.058033 ^ hold213/X (sky130_fd_sc_hd__dlygate4sd3_1)
                                                         net869 (net)
                      0.080682    0.000131    3.058163 ^ hold1/A (sky130_fd_sc_hd__dlygate4sd3_1)
     1    0.002966    0.093598    1.047900    4.106063 ^ hold1/X (sky130_fd_sc_hd__dlygate4sd3_1)
                                                         net657 (net)
                      0.093598    0.000204    4.106267 ^ input25/A (sky130_fd_sc_hd__clkbuf_2)
     1    0.003797    0.054216    0.183935    4.290202 ^ input25/X (sky130_fd_sc_hd__clkbuf_2)
                                                         net25 (net)
                      0.054216    0.000281    4.290483 ^ hold2/A (sky130_fd_sc_hd__dlygate4sd3_1)
     1    0.006318    0.138894    1.081360    5.371843 ^ hold2/X (sky130_fd_sc_hd__dlygate4sd3_1)
                                                         net658 (net)
                      0.138894    0.000499    5.372342 ^ wire647/A (sky130_fd_sc_hd__buf_6)
     8    0.141476    0.445042    0.437126    5.809469 ^ wire647/X (sky130_fd_sc_hd__buf_6)
                                                         net647 (net)
                      0.467116    0.077511    5.886980 ^ u_memory._428_/RESET_B (sky130_fd_sc_hd__dfrtp_1)
                                              5.886980   data arrival time

                                 10.000000   10.000000   clock sys_clk (rise edge)
                                  0.000000   10.000000   clock source latency
     2    0.164657    0.150000    0.000000   10.000000 ^ clk (in)
                                                         clk (net)
                      0.314342    0.082171   10.082170 ^ clkbuf_0_clk/A (sky130_fd_sc_hd__clkbuf_16)
     2    0.113734    0.198414    0.429143   10.511313 ^ clkbuf_0_clk/X (sky130_fd_sc_hd__clkbuf_16)
                                                         clknet_0_clk (net)
                      0.203183    0.024303   10.535617 ^ clkbuf_1_1_0_clk/A (sky130_fd_sc_hd__clkbuf_16)
     4    0.132384    0.222950    0.406648   10.942266 ^ clkbuf_1_1_0_clk/X (sky130_fd_sc_hd__clkbuf_16)
                                                         clknet_1_1_0_clk (net)
                      0.223675    0.009574   10.951838 ^ clkbuf_3_5_0_clk/A (sky130_fd_sc_hd__clkbuf_16)
     2    0.070901    0.135777    0.348818   11.300656 ^ clkbuf_3_5_0_clk/X (sky130_fd_sc_hd__clkbuf_16)
                                                         clknet_3_5_0_clk (net)
                      0.138281    0.014418   11.315075 ^ clkbuf_4_10__f_clk/A (sky130_fd_sc_hd__clkbuf_16)
    11    0.128660    0.217905    0.372006   11.687080 ^ clkbuf_4_10__f_clk/X (sky130_fd_sc_hd__clkbuf_16)
                                                         clknet_4_10__leaf_clk (net)
                      0.219187    0.013463   11.700543 ^ u_memory._428_/CLK (sky130_fd_sc_hd__dfrtp_1)
                                 -0.250000   11.450543   clock uncertainty
                                  0.000000   11.450543   clock reconvergence pessimism
                                  0.366619   11.817162   library recovery time
                                             11.817162   data required time
---------------------------------------------------------------------------------------------
                                             11.817162   data required time
                                             -5.886980   data arrival time
---------------------------------------------------------------------------------------------
                                              5.930182   slack (MET)


Startpoint: u_memory.g_read[0].g_bank[3].g_slice[0].u_sram
            (rising edge-triggered flip-flop clocked by sys_clk)
Endpoint: _010_ (rising edge-triggered flip-flop clocked by sys_clk)
Path Group: sys_clk
Path Type: max

Fanout         Cap        Slew       Delay        Time   Description
---------------------------------------------------------------------------------------------
                                  0.000000    0.000000   clock sys_clk (rise edge)
                                  0.000000    0.000000   clock source latency
     2    0.164657    0.150000    0.000000    0.000000 ^ clk (in)
                                                         clk (net)
                      0.314342    0.082171    0.082171 ^ clkbuf_0_clk/A (sky130_fd_sc_hd__clkbuf_16)
     2    0.113734    0.198414    0.429143    0.511313 ^ clkbuf_0_clk/X (sky130_fd_sc_hd__clkbuf_16)
                                                         clknet_0_clk (net)
                      0.203183    0.024304    0.535617 ^ clkbuf_1_1_0_clk/A (sky130_fd_sc_hd__clkbuf_16)
     4    0.132384    0.222950    0.406648    0.942265 ^ clkbuf_1_1_0_clk/X (sky130_fd_sc_hd__clkbuf_16)
                                                         clknet_1_1_0_clk (net)
                      0.223788    0.010380    0.952645 ^ clkbuf_3_4_0_clk/A (sky130_fd_sc_hd__clkbuf_16)
     2    0.067344    0.130713    0.345001    1.297646 ^ clkbuf_3_4_0_clk/X (sky130_fd_sc_hd__clkbuf_16)
                                                         clknet_3_4_0_clk (net)
                      0.133428    0.014671    1.312317 ^ clkbuf_4_8__f_clk/A (sky130_fd_sc_hd__clkbuf_16)
     9    0.602849    0.903870    0.825157    2.137474 ^ clkbuf_4_8__f_clk/X (sky130_fd_sc_hd__clkbuf_16)
                                                         clknet_4_8__leaf_clk (net)
                      1.216720    0.071796    2.209270 ^ u_memory.g_read[0].g_bank[3].g_slice[0].u_sram/clk (sram22_512x32m4w8)
     1    0.059665    0.501445    7.056247    9.265517 v u_memory.g_read[0].g_bank[3].g_slice[0].u_sram/dout[9] (sram22_512x32m4w8)
                                                         u_memory.g_read[0].bank_data[3][9] (net)
                      0.379881    0.018193    9.283710 v u_memory._235_/B (sky130_fd_sc_hd__and3_4)
     1    0.057546    0.166474    0.562242    9.845952 v u_memory._235_/X (sky130_fd_sc_hd__and3_4)
                                                         u_memory._049_ (net)
                      0.169977    0.018726    9.864678 v u_memory._236_/C1 (sky130_fd_sc_hd__a211o_4)
     5    0.097926    0.259940    0.738997   10.603676 v u_memory._236_/X (sky130_fd_sc_hd__a211o_4)
                                                         u_memory._050_ (net)
                      0.261073    0.014495   10.618171 v u_memory._237_/B2 (sky130_fd_sc_hd__o22a_2)
     2    0.038140    0.232449    0.614498   11.232669 v u_memory._237_/X (sky130_fd_sc_hd__o22a_2)
                                                         result[9] (net)
                      0.232676    0.006525   11.239194 v _010_/D (sky130_fd_sc_hd__dfxtp_1)
                                             11.239194   data arrival time

                                 10.000000   10.000000   clock sys_clk (rise edge)
                                  0.000000   10.000000   clock source latency
     2    0.164657    0.150000    0.000000   10.000000 ^ clk (in)
                                                         clk (net)
                      0.314342    0.082171   10.082170 ^ clkbuf_0_clk/A (sky130_fd_sc_hd__clkbuf_16)
     2    0.113734    0.198414    0.429143   10.511313 ^ clkbuf_0_clk/X (sky130_fd_sc_hd__clkbuf_16)
                                                         clknet_0_clk (net)
                      0.199693    0.012809   10.524123 ^ clkbuf_1_0_0_clk/A (sky130_fd_sc_hd__clkbuf_16)
     4    0.103040    0.182721    0.368829   10.892952 ^ clkbuf_1_0_0_clk/X (sky130_fd_sc_hd__clkbuf_16)
                                                         clknet_1_0_0_clk (net)
                      0.185905    0.019099   10.912051 ^ clkbuf_3_1_0_clk/A (sky130_fd_sc_hd__clkbuf_16)
     2    0.060303    0.120843    0.320289   11.232340 ^ clkbuf_3_1_0_clk/X (sky130_fd_sc_hd__clkbuf_16)
                                                         clknet_3_1_0_clk (net)
                      0.123852    0.014778   11.247117 ^ clkbuf_4_2__f_clk/A (sky130_fd_sc_hd__clkbuf_16)
    10    0.047176    0.103006    0.281153   11.528270 ^ clkbuf_4_2__f_clk/X (sky130_fd_sc_hd__clkbuf_16)
                                                         clknet_4_2__leaf_clk (net)
                      0.103915    0.006217   11.534488 ^ _010_/CLK (sky130_fd_sc_hd__dfxtp_1)
                                 -0.250000   11.284488   clock uncertainty
                                  0.000000   11.284488   clock reconvergence pessimism
                                 -0.327426   10.957062   library setup time
                                             10.957062   data required time
---------------------------------------------------------------------------------------------
                                             10.957062   data required time
                                            -11.239194   data arrival time
---------------------------------------------------------------------------------------------
                                             -0.282133   slack (VIOLATED)




===========================================================================
report_checks --slack_max -0.01
============================================================================
======================= max_ss_100C_1v60 Corner ===================================

Startpoint: u_memory.g_read[0].g_bank[3].g_slice[0].u_sram
            (rising edge-triggered flip-flop clocked by sys_clk)
Endpoint: _010_ (rising edge-triggered flip-flop clocked by sys_clk)
Path Group: sys_clk
Path Type: max

Fanout         Cap        Slew       Delay        Time   Description
---------------------------------------------------------------------------------------------
                                  0.000000    0.000000   clock sys_clk (rise edge)
                                  0.000000    0.000000   clock source latency
     2    0.164657    0.150000    0.000000    0.000000 ^ clk (in)
                                                         clk (net)
                      0.314342    0.082171    0.082171 ^ clkbuf_0_clk/A (sky130_fd_sc_hd__clkbuf_16)
     2    0.113734    0.198414    0.429143    0.511313 ^ clkbuf_0_clk/X (sky130_fd_sc_hd__clkbuf_16)
                                                         clknet_0_clk (net)
                      0.203183    0.024304    0.535617 ^ clkbuf_1_1_0_clk/A (sky130_fd_sc_hd__clkbuf_16)
     4    0.132384    0.222950    0.406648    0.942265 ^ clkbuf_1_1_0_clk/X (sky130_fd_sc_hd__clkbuf_16)
                                                         clknet_1_1_0_clk (net)
                      0.223788    0.010380    0.952645 ^ clkbuf_3_4_0_clk/A (sky130_fd_sc_hd__clkbuf_16)
     2    0.067344    0.130713    0.345001    1.297646 ^ clkbuf_3_4_0_clk/X (sky130_fd_sc_hd__clkbuf_16)
                                                         clknet_3_4_0_clk (net)
                      0.133428    0.014671    1.312317 ^ clkbuf_4_8__f_clk/A (sky130_fd_sc_hd__clkbuf_16)
     9    0.602849    0.903870    0.825157    2.137474 ^ clkbuf_4_8__f_clk/X (sky130_fd_sc_hd__clkbuf_16)
                                                         clknet_4_8__leaf_clk (net)
                      1.216720    0.071796    2.209270 ^ u_memory.g_read[0].g_bank[3].g_slice[0].u_sram/clk (sram22_512x32m4w8)
     1    0.059665    0.501445    7.056247    9.265517 v u_memory.g_read[0].g_bank[3].g_slice[0].u_sram/dout[9] (sram22_512x32m4w8)
                                                         u_memory.g_read[0].bank_data[3][9] (net)
                      0.379881    0.018193    9.283710 v u_memory._235_/B (sky130_fd_sc_hd__and3_4)
     1    0.057546    0.166474    0.562242    9.845952 v u_memory._235_/X (sky130_fd_sc_hd__and3_4)
                                                         u_memory._049_ (net)
                      0.169977    0.018726    9.864678 v u_memory._236_/C1 (sky130_fd_sc_hd__a211o_4)
     5    0.097926    0.259940    0.738997   10.603676 v u_memory._236_/X (sky130_fd_sc_hd__a211o_4)
                                                         u_memory._050_ (net)
                      0.261073    0.014495   10.618171 v u_memory._237_/B2 (sky130_fd_sc_hd__o22a_2)
     2    0.038140    0.232449    0.614498   11.232669 v u_memory._237_/X (sky130_fd_sc_hd__o22a_2)
                                                         result[9] (net)
                      0.232676    0.006525   11.239194 v _010_/D (sky130_fd_sc_hd__dfxtp_1)
                                             11.239194   data arrival time

                                 10.000000   10.000000   clock sys_clk (rise edge)
                                  0.000000   10.000000   clock source latency
     2    0.164657    0.150000    0.000000   10.000000 ^ clk (in)
                                                         clk (net)
                      0.314342    0.082171   10.082170 ^ clkbuf_0_clk/A (sky130_fd_sc_hd__clkbuf_16)
     2    0.113734    0.198414    0.429143   10.511313 ^ clkbuf_0_clk/X (sky130_fd_sc_hd__clkbuf_16)
                                                         clknet_0_clk (net)
                      0.199693    0.012809   10.524123 ^ clkbuf_1_0_0_clk/A (sky130_fd_sc_hd__clkbuf_16)
     4    0.103040    0.182721    0.368829   10.892952 ^ clkbuf_1_0_0_clk/X (sky130_fd_sc_hd__clkbuf_16)
                                                         clknet_1_0_0_clk (net)
                      0.185905    0.019099   10.912051 ^ clkbuf_3_1_0_clk/A (sky130_fd_sc_hd__clkbuf_16)
     2    0.060303    0.120843    0.320289   11.232340 ^ clkbuf_3_1_0_clk/X (sky130_fd_sc_hd__clkbuf_16)
                                                         clknet_3_1_0_clk (net)
                      0.123852    0.014778   11.247117 ^ clkbuf_4_2__f_clk/A (sky130_fd_sc_hd__clkbuf_16)
    10    0.047176    0.103006    0.281153   11.528270 ^ clkbuf_4_2__f_clk/X (sky130_fd_sc_hd__clkbuf_16)
                                                         clknet_4_2__leaf_clk (net)
                      0.103915    0.006217   11.534488 ^ _010_/CLK (sky130_fd_sc_hd__dfxtp_1)
                                 -0.250000   11.284488   clock uncertainty
                                  0.000000   11.284488   clock reconvergence pessimism
                                 -0.327426   10.957062   library setup time
                                             10.957062   data required time
---------------------------------------------------------------------------------------------
                                             10.957062   data required time
                                            -11.239194   data arrival time
---------------------------------------------------------------------------------------------
                                             -0.282133   slack (VIOLATED)




===========================================================================
 report_check_types -max_slew -max_cap -max_fanout -violators
============================================================================
======================= max_ss_100C_1v60 Corner ===================================

max slew

Pin                                        Limit        Slew       Slack
------------------------------------------------------------------------
wire179/A                               0.350000    1.391385   -1.041385 (VIOLATED)
u_memory._322_/Y                        0.350000    1.391277   -1.041277 (VIOLATED)
u_memory.g_read[0].g_bank[3].g_slice[0].u_sram/clk    0.350000    1.216720   -0.866720 (VIOLATED)
u_memory.g_read[0].g_bank[2].g_slice[0].u_sram/clk    0.350000    1.209150   -0.859150 (VIOLATED)
u_memory.g_read[0].g_bank[0].g_slice[0].u_sram/we    0.350000    1.144769   -0.794769 (VIOLATED)
u_memory.g_read[0].g_bank[1].g_slice[0].u_sram/we    0.350000    1.141764   -0.791764 (VIOLATED)
u_memory.g_read[0].g_bank[3].g_slice[0].u_sram/we    0.350000    1.133094   -0.783094 (VIOLATED)
u_memory.g_read[1].g_bank[0].g_slice[0].u_sram/we    0.350000    1.128031   -0.778031 (VIOLATED)
u_memory.g_read[1].g_bank[3].g_slice[0].u_sram/clk    0.350000    1.124625   -0.774625 (VIOLATED)
u_memory.g_read[1].g_bank[1].g_slice[0].u_sram/we    0.350000    1.124488   -0.774488 (VIOLATED)
u_memory.g_read[1].g_bank[3].g_slice[0].u_sram/we    0.350000    1.115533   -0.765533 (VIOLATED)
u_memory.g_read[1].g_bank[2].g_slice[0].u_sram/clk    0.350000    1.112274   -0.762274 (VIOLATED)
hold158/A                               0.350000    1.111197   -0.761197 (VIOLATED)
hold201/X                               0.350000    1.110417   -0.760417 (VIOLATED)
u_memory.g_read[1].g_bank[2].g_slice[0].u_sram/we    0.350000    1.108117   -0.758117 (VIOLATED)
u_memory.g_read[1].g_bank[2].g_slice[0].u_sram/dout[20]    0.350000    1.098060   -0.748060 (VIOLATED)
hold156/A                               0.350000    1.084874   -0.734874 (VIOLATED)
hold199/X                               0.350000    1.084104   -0.734104 (VIOLATED)
u_memory._236_/B1                       0.350000    1.042194   -0.692194 (VIOLATED)
max_cap187/A                            0.350000    1.041825   -0.691825 (VIOLATED)
u_memory._206_/Y                        0.350000    1.041822   -0.691822 (VIOLATED)
u_memory.g_read[0].g_bank[2].g_slice[0].u_sram/dout[24]    0.350000    1.029364   -0.679364 (VIOLATED)
u_memory.g_read[1].g_bank[2].g_slice[0].u_sram/dout[19]    0.350000    0.969294   -0.619294 (VIOLATED)
u_memory.g_read[0].g_bank[2].g_slice[0].u_sram/dout[31]    0.350000    0.954305   -0.604305 (VIOLATED)
u_memory.g_read[1].g_bank[2].g_slice[0].u_sram/dout[25]    0.350000    0.932552   -0.582552 (VIOLATED)
hold169/A                               0.350000    0.931841   -0.581841 (VIOLATED)
hold205/X                               0.350000    0.931350   -0.581350 (VIOLATED)
_102_/CLK                               0.350000    0.906494   -0.556494 (VIOLATED)
_097_/CLK                               0.350000    0.905811   -0.555811 (VIOLATED)
_070_/CLK                               0.350000    0.905739   -0.555739 (VIOLATED)
_067_/CLK                               0.350000    0.905738   -0.555738 (VIOLATED)
_090_/CLK                               0.350000    0.905727   -0.555727 (VIOLATED)
u_memory.g_read[1].g_bank[1].g_slice[0].u_sram/dout[18]    0.350000    0.905718   -0.555718 (VIOLATED)
_071_/CLK                               0.350000    0.905715   -0.555716 (VIOLATED)
_091_/CLK                               0.350000    0.905675   -0.555674 (VIOLATED)
clkbuf_4_8__f_clk/X                     0.350000    0.903870   -0.553870 (VIOLATED)
u_memory.g_read[0].g_bank[2].g_slice[0].u_sram/dout[22]    0.350000    0.892022   -0.542022 (VIOLATED)
u_memory.g_read[0].g_bank[2].g_slice[0].u_sram/dout[27]    0.350000    0.867423   -0.517423 (VIOLATED)
ANTENNA_2802/DIODE                      0.350000    0.855060   -0.505060 (VIOLATED)
ANTENNA_606/DIODE                       0.350000    0.855019   -0.505019 (VIOLATED)
u_memory.g_read[0].g_bank[2].g_slice[0].u_sram/dout[26]    0.350000    0.854919   -0.504919 (VIOLATED)
ANTENNA_607/DIODE                       0.350000    0.849705   -0.499705 (VIOLATED)
u_memory.g_read[0].g_bank[2].g_slice[0].u_sram/dout[28]    0.350000    0.848729   -0.498729 (VIOLATED)
u_memory.g_read[1].g_bank[0].g_slice[0].u_sram/clk    0.350000    0.848399   -0.498399 (VIOLATED)
u_memory.g_read[1].g_bank[3].g_slice[0].u_sram/dout[31]    0.350000    0.845120   -0.495120 (VIOLATED)
ANTENNA_608/DIODE                       0.350000    0.844249   -0.494249 (VIOLATED)
ANTENNA_2803/DIODE                      0.350000    0.844246   -0.494246 (VIOLATED)
ANTENNA_2815/DIODE                      0.350000    0.844245   -0.494245 (VIOLATED)
ANTENNA_609/DIODE                       0.350000    0.837107   -0.487107 (VIOLATED)
u_memory.g_read[0].g_bank[2].g_slice[0].u_sram/dout[29]    0.350000    0.834310   -0.484310 (VIOLATED)
u_memory._429_/CLK                      0.350000    0.832634   -0.482634 (VIOLATED)
u_memory._430_/CLK                      0.350000    0.832626   -0.482626 (VIOLATED)
_019_/CLK                               0.350000    0.832571   -0.482571 (VIOLATED)
clkbuf_4_11__f_clk/X                    0.350000    0.831805   -0.481805 (VIOLATED)
ANTENNA_207/DIODE                       0.350000    0.823545   -0.473545 (VIOLATED)
u_memory._386_/A2                       0.350000    0.823545   -0.473545 (VIOLATED)
u_memory.g_read[1].g_bank[3].g_slice[0].u_sram/dout[26]    0.350000    0.821932   -0.471932 (VIOLATED)
fanout169/A                             0.350000    0.814669   -0.464669 (VIOLATED)
fanout170/X                             0.350000    0.814128   -0.464128 (VIOLATED)
max_cap196/A                            0.350000    0.807897   -0.457897 (VIOLATED)
max_cap202/A                            0.350000    0.807897   -0.457897 (VIOLATED)
u_memory._175_/Y                        0.350000    0.807897   -0.457897 (VIOLATED)
wire195/A                               0.350000    0.807897   -0.457897 (VIOLATED)
u_memory.g_read[1].g_bank[3].g_slice[0].u_sram/dout[28]    0.350000    0.798586   -0.448586 (VIOLATED)
u_memory.g_read[0].g_bank[2].g_slice[0].u_sram/dout[18]    0.350000    0.778576   -0.428576 (VIOLATED)
u_memory.g_read[1].g_bank[1].g_slice[0].u_sram/dout[23]    0.350000    0.778382   -0.428382 (VIOLATED)
u_memory.g_read[1].g_bank[2].g_slice[0].u_sram/dout[24]    0.350000    0.776625   -0.426625 (VIOLATED)
u_memory.g_read[0].g_bank[2].g_slice[0].u_sram/din[10]    0.350000    0.775361   -0.425361 (VIOLATED)
u_memory.g_read[1].g_bank[2].g_slice[0].u_sram/dout[28]    0.350000    0.773272   -0.423272 (VIOLATED)
u_memory._281_/A2                       0.350000    0.772023   -0.422023 (VIOLATED)
u_memory.g_read[1].g_bank[3].g_slice[0].u_sram/dout[23]    0.350000    0.754609   -0.404609 (VIOLATED)
u_memory.g_read[1].g_bank[3].g_slice[0].u_sram/dout[18]    0.350000    0.750247   -0.400247 (VIOLATED)
u_memory.g_read[0].g_bank[2].g_slice[0].u_sram/addr[3]    0.350000    0.738894   -0.388894 (VIOLATED)
u_memory.g_read[0].g_bank[3].g_slice[0].u_sram/addr[3]    0.350000    0.738861   -0.388861 (VIOLATED)
u_memory.g_read[0].g_bank[2].g_slice[0].u_sram/din[24]    0.350000    0.733008   -0.383008 (VIOLATED)
u_memory._383_/A2                       0.350000    0.726970   -0.376970 (VIOLATED)
u_memory.g_read[1].g_bank[3].g_slice[0].u_sram/din[15]    0.350000    0.720353   -0.370353 (VIOLATED)
u_memory.g_read[1].g_bank[2].g_slice[0].u_sram/dout[22]    0.350000    0.719062   -0.369062 (VIOLATED)
u_memory.g_read[0].g_bank[2].g_slice[0].u_sram/din[26]    0.350000    0.715908   -0.365908 (VIOLATED)
u_memory._302_/A2                       0.350000    0.715729   -0.365729 (VIOLATED)
u_memory.g_read[1].g_bank[2].g_slice[0].u_sram/dout[23]    0.350000    0.714289   -0.364289 (VIOLATED)
u_memory.g_read[1].g_bank[3].g_slice[0].u_sram/dout[30]    0.350000    0.712864   -0.362864 (VIOLATED)
u_memory.g_read[0].g_bank[2].g_slice[0].u_sram/dout[30]    0.350000    0.712541   -0.362541 (VIOLATED)
u_memory.g_read[1].g_bank[1].g_slice[0].u_sram/clk    0.350000    0.711105   -0.361105 (VIOLATED)
u_memory.g_read[1].g_bank[0].g_slice[0].u_sram/wmask[0]    0.350000    0.709175   -0.359175 (VIOLATED)
u_memory.g_read[1].g_bank[1].g_slice[0].u_sram/wmask[0]    0.350000    0.709140   -0.359140 (VIOLATED)
u_memory.g_read[0].g_bank[0].g_slice[0].u_sram/clk    0.350000    0.707094   -0.357094 (VIOLATED)
u_memory.g_read[0].g_bank[2].g_slice[0].u_sram/din[29]    0.350000    0.705446   -0.355446 (VIOLATED)
u_memory._401_/A2                       0.350000    0.704479   -0.354479 (VIOLATED)
u_memory.g_read[0].g_bank[2].g_slice[0].u_sram/din[31]    0.350000    0.704211   -0.354211 (VIOLATED)
ANTENNA_824/DIODE                       0.350000    0.703046   -0.353046 (VIOLATED)
ANTENNA_823/DIODE                       0.350000    0.703045   -0.353045 (VIOLATED)
ANTENNA_822/DIODE                       0.350000    0.703044   -0.353044 (VIOLATED)
ANTENNA_821/DIODE                       0.350000    0.703041   -0.353041 (VIOLATED)
ANTENNA_820/DIODE                       0.350000    0.703038   -0.353038 (VIOLATED)
u_memory._405_/A1                       0.350000    0.703037   -0.353037 (VIOLATED)
ANTENNA_818/DIODE                       0.350000    0.703035   -0.353035 (VIOLATED)
ANTENNA_817/DIODE                       0.350000    0.703024   -0.353024 (VIOLATED)
ANTENNA_819/DIODE                       0.350000    0.703019   -0.353019 (VIOLATED)
wire266/X                               0.350000    0.701180   -0.351180 (VIOLATED)
u_memory.g_read[0].g_bank[2].g_slice[0].u_sram/din[28]    0.350000    0.694594   -0.344594 (VIOLATED)
u_memory.g_read[1].g_bank[2].g_slice[0].u_sram/dout[26]    0.350000    0.691936   -0.341936 (VIOLATED)
u_memory.g_read[1].g_bank[0].g_slice[0].u_sram/wmask[1]    0.350000    0.684936   -0.334936 (VIOLATED)
u_memory.g_read[1].g_bank[1].g_slice[0].u_sram/wmask[1]    0.350000    0.684922   -0.334922 (VIOLATED)
u_memory.g_read[1].g_bank[3].g_slice[0].u_sram/addr[8]    0.350000    0.684283   -0.334283 (VIOLATED)
u_memory.g_read[1].g_bank[2].g_slice[0].u_sram/addr[8]    0.350000    0.684246   -0.334246 (VIOLATED)
u_memory._380_/B1                       0.350000    0.683888   -0.333888 (VIOLATED)
u_memory.g_read[0].g_bank[3].g_slice[0].u_sram/dout[9]    0.350000    0.683049   -0.333049 (VIOLATED)
u_memory.g_read[1].g_bank[2].g_slice[0].u_sram/dout[18]    0.350000    0.678132   -0.328132 (VIOLATED)
u_memory.g_read[0].g_bank[3].g_slice[0].u_sram/addr[0]    0.350000    0.676203   -0.326203 (VIOLATED)
u_memory.g_read[0].g_bank[2].g_slice[0].u_sram/addr[0]    0.350000    0.676185   -0.326185 (VIOLATED)
u_memory.g_read[1].g_bank[2].g_slice[0].u_sram/dout[27]    0.350000    0.675821   -0.325821 (VIOLATED)
u_memory.g_read[0].g_bank[3].g_slice[0].u_sram/din[24]    0.350000    0.674052   -0.324052 (VIOLATED)
u_memory._275_/B2                       0.350000    0.674013   -0.324013 (VIOLATED)
u_memory.g_read[1].g_bank[2].g_slice[0].u_sram/din[2]    0.350000    0.673419   -0.323419 (VIOLATED)
u_memory.g_read[1].g_bank[2].g_slice[0].u_sram/dout[31]    0.350000    0.667318   -0.317318 (VIOLATED)
wire167/A                               0.350000    0.665968   -0.315968 (VIOLATED)
ANTENNA_423/DIODE                       0.350000    0.664836   -0.314836 (VIOLATED)
wire146/A                               0.350000    0.664836   -0.314836 (VIOLATED)
ANTENNA_425/DIODE                       0.350000    0.664836   -0.314836 (VIOLATED)
ANTENNA_427/DIODE                       0.350000    0.664834   -0.314834 (VIOLATED)
ANTENNA_422/DIODE                       0.350000    0.664834   -0.314834 (VIOLATED)
ANTENNA_428/DIODE                       0.350000    0.664834   -0.314834 (VIOLATED)
ANTENNA_426/DIODE                       0.350000    0.664834   -0.314834 (VIOLATED)
ANTENNA_424/DIODE                       0.350000    0.664833   -0.314833 (VIOLATED)
wire147/X                               0.350000    0.664597   -0.314597 (VIOLATED)
wire168/X                               0.350000    0.664194   -0.314194 (VIOLATED)
u_memory.g_read[0].g_bank[3].g_slice[0].u_sram/din[0]    0.350000    0.656765   -0.306765 (VIOLATED)
u_memory._290_/A2                       0.350000    0.656090   -0.306090 (VIOLATED)
u_memory.g_read[1].g_bank[2].g_slice[0].u_sram/dout[29]    0.350000    0.654398   -0.304398 (VIOLATED)
u_memory.g_read[0].g_bank[0].g_slice[0].u_sram/din[24]    0.350000    0.651985   -0.301985 (VIOLATED)
u_memory.g_read[1].g_bank[0].g_slice[0].u_sram/wmask[2]    0.350000    0.647700   -0.297700 (VIOLATED)
u_memory._287_/B2                       0.350000    0.646132   -0.296132 (VIOLATED)
u_memory.g_read[1].g_bank[1].g_slice[0].u_sram/wmask[2]    0.350000    0.643913   -0.293913 (VIOLATED)
u_memory.g_read[0].g_bank[0].g_slice[0].u_sram/wmask[2]    0.350000    0.642310   -0.292310 (VIOLATED)
u_memory._293_/A2                       0.350000    0.641788   -0.291788 (VIOLATED)
u_memory.g_read[0].g_bank[1].g_slice[0].u_sram/din[26]    0.350000    0.640883   -0.290883 (VIOLATED)
u_memory._418_/C                        0.350000    0.638912   -0.288912 (VIOLATED)
u_memory.g_read[0].g_bank[1].g_slice[0].u_sram/wmask[2]    0.350000    0.638490   -0.288490 (VIOLATED)
u_memory.g_read[0].g_bank[1].g_slice[0].u_sram/din[16]    0.350000    0.636187   -0.286187 (VIOLATED)
u_memory._296_/A2                       0.350000    0.631133   -0.281133 (VIOLATED)
u_memory.g_read[0].g_bank[3].g_slice[0].u_sram/din[14]    0.350000    0.629751   -0.279751 (VIOLATED)
u_memory.g_read[1].g_bank[1].g_slice[0].u_sram/dout[19]    0.350000    0.629505   -0.279505 (VIOLATED)
u_memory.g_read[0].g_bank[2].g_slice[0].u_sram/din[18]    0.350000    0.629485   -0.279485 (VIOLATED)
u_memory.g_read[1].g_bank[3].g_slice[0].u_sram/din[3]    0.350000    0.629336   -0.279336 (VIOLATED)
ANTENNA_813/DIODE                       0.350000    0.628008   -0.278008 (VIOLATED)
ANTENNA_811/DIODE                       0.350000    0.627997   -0.277997 (VIOLATED)
u_memory._414_/A1                       0.350000    0.627970   -0.277970 (VIOLATED)
ANTENNA_809/DIODE                       0.350000    0.627958   -0.277958 (VIOLATED)
ANTENNA_808/DIODE                       0.350000    0.627881   -0.277881 (VIOLATED)
ANTENNA_810/DIODE                       0.350000    0.627865   -0.277865 (VIOLATED)
ANTENNA_812/DIODE                       0.350000    0.627849   -0.277849 (VIOLATED)
ANTENNA_814/DIODE                       0.350000    0.627838   -0.277838 (VIOLATED)
ANTENNA_815/DIODE                       0.350000    0.627742   -0.277742 (VIOLATED)
ANTENNA_816/DIODE                       0.350000    0.627712   -0.277712 (VIOLATED)
u_memory._411_/A1                       0.350000    0.622907   -0.272907 (VIOLATED)
u_memory.g_read[1].g_bank[3].g_slice[0].u_sram/addr[7]    0.350000    0.622526   -0.272526 (VIOLATED)
u_memory.g_read[1].g_bank[2].g_slice[0].u_sram/addr[7]    0.350000    0.622458   -0.272458 (VIOLATED)
wire264/X                               0.350000    0.621586   -0.271586 (VIOLATED)
u_memory._403_/C                        0.350000    0.621532   -0.271532 (VIOLATED)
u_memory.g_read[1].g_bank[0].g_slice[0].u_sram/din[27]    0.350000    0.620329   -0.270329 (VIOLATED)
u_memory.g_read[1].g_bank[0].g_slice[0].u_sram/wmask[3]    0.350000    0.619652   -0.269652 (VIOLATED)
u_memory.g_read[0].g_bank[3].g_slice[0].u_sram/dout[18]    0.350000    0.614263   -0.264263 (VIOLATED)
max_cap194/A                            0.350000    0.612381   -0.262381 (VIOLATED)
wire193/A                               0.350000    0.612364   -0.262364 (VIOLATED)
u_memory.g_read[0].g_bank[0].g_slice[0].u_sram/din[10]    0.350000    0.611875   -0.261875 (VIOLATED)
wire195/X                               0.350000    0.610107   -0.260107 (VIOLATED)
wire263/X                               0.350000    0.609850   -0.259850 (VIOLATED)
u_memory.g_read[1].g_bank[0].g_slice[0].u_sram/din[18]    0.350000    0.607438   -0.257438 (VIOLATED)
u_memory.g_read[0].g_bank[1].g_slice[0].u_sram/dout[18]    0.350000    0.606163   -0.256163 (VIOLATED)
u_memory.g_read[1].g_bank[3].g_slice[0].u_sram/wmask[3]    0.350000    0.605908   -0.255908 (VIOLATED)
u_memory._409_/C                        0.350000    0.603412   -0.253412 (VIOLATED)
u_memory.g_read[0].g_bank[3].g_slice[0].u_sram/addr[4]    0.350000    0.599995   -0.249995 (VIOLATED)
u_memory.g_read[0].g_bank[2].g_slice[0].u_sram/addr[4]    0.350000    0.599973   -0.249973 (VIOLATED)
u_memory._393_/A1                       0.350000    0.599746   -0.249746 (VIOLATED)
ANTENNA_845/DIODE                       0.350000    0.599743   -0.249743 (VIOLATED)
ANTENNA_843/DIODE                       0.350000    0.599741   -0.249741 (VIOLATED)
ANTENNA_844/DIODE                       0.350000    0.599736   -0.249736 (VIOLATED)
ANTENNA_846/DIODE                       0.350000    0.599733   -0.249733 (VIOLATED)
ANTENNA_847/DIODE                       0.350000    0.599730   -0.249730 (VIOLATED)
ANTENNA_848/DIODE                       0.350000    0.599727   -0.249727 (VIOLATED)
wire270/X                               0.350000    0.598614   -0.248614 (VIOLATED)
u_memory.g_read[0].g_bank[2].g_slice[0].u_sram/we    0.350000    0.598556   -0.248556 (VIOLATED)
ANTENNA_21/DIODE                        0.350000    0.597180   -0.247180 (VIOLATED)
_003_/D                                 0.350000    0.597179   -0.247179 (VIOLATED)
u_memory.g_read[1].g_bank[3].g_slice[0].u_sram/addr[0]    0.350000    0.596901   -0.246901 (VIOLATED)
u_memory._215_/X                        0.350000    0.596891   -0.246891 (VIOLATED)
u_memory.g_read[1].g_bank[2].g_slice[0].u_sram/addr[0]    0.350000    0.596888   -0.246888 (VIOLATED)
u_memory.g_read[0].g_bank[1].g_slice[0].u_sram/clk    0.350000    0.596653   -0.246653 (VIOLATED)
u_memory.g_read[0].g_bank[3].g_slice[0].u_sram/din[17]    0.350000    0.595019   -0.245019 (VIOLATED)
u_memory.g_read[1].g_bank[3].g_slice[0].u_sram/addr[1]    0.350000    0.594835   -0.244835 (VIOLATED)
u_memory.g_read[1].g_bank[2].g_slice[0].u_sram/addr[1]    0.350000    0.594813   -0.244812 (VIOLATED)
u_memory.g_read[0].g_bank[3].g_slice[0].u_sram/din[25]    0.350000    0.594510   -0.244510 (VIOLATED)
u_memory.g_read[1].g_bank[3].g_slice[0].u_sram/din[19]    0.350000    0.594427   -0.244427 (VIOLATED)
u_memory.g_read[1].g_bank[3].g_slice[0].u_sram/din[20]    0.350000    0.594380   -0.244380 (VIOLATED)
u_memory.g_read[0].g_bank[3].g_slice[0].u_sram/din[4]    0.350000    0.593918   -0.243918 (VIOLATED)
u_memory.g_read[1].g_bank[3].g_slice[0].u_sram/din[26]    0.350000    0.593493   -0.243493 (VIOLATED)
u_memory.g_read[1].g_bank[3].g_slice[0].u_sram/din[6]    0.350000    0.593152   -0.243152 (VIOLATED)
u_memory.g_read[0].g_bank[0].g_slice[0].u_sram/din[16]    0.350000    0.592537   -0.242537 (VIOLATED)
u_memory.g_read[0].g_bank[3].g_slice[0].u_sram/din[6]    0.350000    0.591245   -0.241245 (VIOLATED)
u_memory.g_read[1].g_bank[3].g_slice[0].u_sram/addr[3]    0.350000    0.589872   -0.239872 (VIOLATED)
u_memory.g_read[1].g_bank[2].g_slice[0].u_sram/addr[3]    0.350000    0.589861   -0.239861 (VIOLATED)
u_memory.g_read[0].g_bank[3].g_slice[0].u_sram/din[11]    0.350000    0.589412   -0.239412 (VIOLATED)
u_memory._263_/B2                       0.350000    0.587735   -0.237735 (VIOLATED)
u_memory.g_read[0].g_bank[3].g_slice[0].u_sram/din[12]    0.350000    0.587612   -0.237612 (VIOLATED)
u_memory.g_read[1].g_bank[3].g_slice[0].u_sram/din[30]    0.350000    0.586286   -0.236286 (VIOLATED)
u_memory.g_read[0].g_bank[3].g_slice[0].u_sram/din[7]    0.350000    0.586184   -0.236184 (VIOLATED)
u_memory.g_read[1].g_bank[3].g_slice[0].u_sram/din[28]    0.350000    0.585912   -0.235912 (VIOLATED)
u_memory.g_read[0].g_bank[3].g_slice[0].u_sram/din[15]    0.350000    0.585895   -0.235895 (VIOLATED)
u_memory.g_read[0].g_bank[3].g_slice[0].u_sram/ce    0.350000    0.585361   -0.235361 (VIOLATED)
u_memory.g_read[1].g_bank[3].g_slice[0].u_sram/din[5]    0.350000    0.584901   -0.234901 (VIOLATED)
u_memory._395_/B1                       0.350000    0.584510   -0.234510 (VIOLATED)
u_memory.g_read[0].g_bank[3].g_slice[0].u_sram/din[23]    0.350000    0.584494   -0.234494 (VIOLATED)
u_memory._410_/A2                       0.350000    0.583854   -0.233854 (VIOLATED)
u_memory.g_read[0].g_bank[3].g_slice[0].u_sram/din[29]    0.350000    0.583495   -0.233495 (VIOLATED)
u_memory._398_/A2                       0.350000    0.583446   -0.233446 (VIOLATED)
u_memory.g_read[0].g_bank[0].g_slice[0].u_sram/din[8]    0.350000    0.581919   -0.231919 (VIOLATED)
u_memory.g_read[1].g_bank[3].g_slice[0].u_sram/addr[5]    0.350000    0.581717   -0.231717 (VIOLATED)
u_memory.g_read[1].g_bank[2].g_slice[0].u_sram/addr[5]    0.350000    0.581716   -0.231716 (VIOLATED)
u_memory.g_read[1].g_bank[3].g_slice[0].u_sram/din[11]    0.350000    0.581640   -0.231640 (VIOLATED)
u_memory.g_read[0].g_bank[3].g_slice[0].u_sram/din[27]    0.350000    0.581631   -0.231631 (VIOLATED)
u_memory._408_/A1                       0.350000    0.581536   -0.231536 (VIOLATED)
max_cap552/A                            0.350000    0.581482   -0.231482 (VIOLATED)
max_cap553/A                            0.350000    0.581476   -0.231476 (VIOLATED)
u_memory._194_/A                        0.350000    0.581313   -0.231313 (VIOLATED)
ANTENNA_2704/DIODE                      0.350000    0.581311   -0.231311 (VIOLATED)
u_memory.g_read[1].g_bank[3].g_slice[0].u_sram/din[23]    0.350000    0.581311   -0.231311 (VIOLATED)
u_memory.g_read[1].g_bank[0].g_slice[0].u_sram/din[16]    0.350000    0.581296   -0.231296 (VIOLATED)
ANTENNA_2705/DIODE                      0.350000    0.581284   -0.231284 (VIOLATED)
u_memory._196_/A_N                      0.350000    0.581283   -0.231283 (VIOLATED)
u_memory._198_/B                        0.350000    0.581260   -0.231260 (VIOLATED)
ANTENNA_2706/DIODE                      0.350000    0.581254   -0.231254 (VIOLATED)
u_memory.g_read[1].g_bank[0].g_slice[0].u_sram/din[15]    0.350000    0.580814   -0.230814 (VIOLATED)
wire265/X                               0.350000    0.580423   -0.230423 (VIOLATED)
wire628/X                               0.350000    0.580136   -0.230136 (VIOLATED)
wire554/X                               0.350000    0.579928   -0.229928 (VIOLATED)
u_memory.g_read[0].g_bank[3].g_slice[0].u_sram/din[2]    0.350000    0.579474   -0.229474 (VIOLATED)
u_memory.g_read[1].g_bank[3].g_slice[0].u_sram/din[22]    0.350000    0.579202   -0.229202 (VIOLATED)
u_memory.g_read[1].g_bank[3].g_slice[0].u_sram/din[18]    0.350000    0.579188   -0.229188 (VIOLATED)
u_memory.g_read[1].g_bank[0].g_slice[0].u_sram/din[28]    0.350000    0.578372   -0.228372 (VIOLATED)
u_memory.g_read[1].g_bank[3].g_slice[0].u_sram/din[1]    0.350000    0.577965   -0.227965 (VIOLATED)
u_memory.g_read[1].g_bank[0].g_slice[0].u_sram/din[23]    0.350000    0.577913   -0.227913 (VIOLATED)
u_memory.g_read[0].g_bank[0].g_slice[0].u_sram/din[9]    0.350000    0.577155   -0.227155 (VIOLATED)
u_memory.g_read[1].g_bank[0].g_slice[0].u_sram/din[24]    0.350000    0.576727   -0.226727 (VIOLATED)
u_memory._181_/A_N                      0.350000    0.576671   -0.226671 (VIOLATED)
u_memory._185_/B                        0.350000    0.576665   -0.226665 (VIOLATED)
u_memory._190_/A                        0.350000    0.576662   -0.226662 (VIOLATED)
u_memory._177_/A                        0.350000    0.576629   -0.226629 (VIOLATED)
u_memory.g_read[0].g_bank[3].g_slice[0].u_sram/din[20]    0.350000    0.576548   -0.226548 (VIOLATED)
u_memory.g_read[1].g_bank[1].g_slice[0].u_sram/dout[22]    0.350000    0.576369   -0.226369 (VIOLATED)
u_memory.g_read[0].g_bank[3].g_slice[0].u_sram/din[10]    0.350000    0.575990   -0.225990 (VIOLATED)
wire627/X                               0.350000    0.575336   -0.225336 (VIOLATED)
u_memory.g_read[0].g_bank[3].g_slice[0].u_sram/din[9]    0.350000    0.573963   -0.223963 (VIOLATED)
u_memory.g_read[0].g_bank[0].g_slice[0].u_sram/din[0]    0.350000    0.572571   -0.222571 (VIOLATED)
u_memory.g_read[1].g_bank[1].g_slice[0].u_sram/dout[15]    0.350000    0.571547   -0.221547 (VIOLATED)
u_memory.g_read[0].g_bank[1].g_slice[0].u_sram/din[28]    0.350000    0.571175   -0.221175 (VIOLATED)
u_memory.g_read[0].g_bank[0].g_slice[0].u_sram/din[12]    0.350000    0.570637   -0.220637 (VIOLATED)
u_memory.g_read[0].g_bank[0].g_slice[0].u_sram/din[13]    0.350000    0.570517   -0.220517 (VIOLATED)
u_memory.g_read[1].g_bank[0].g_slice[0].u_sram/din[17]    0.350000    0.570274   -0.220274 (VIOLATED)
u_memory._394_/C                        0.350000    0.570250   -0.220250 (VIOLATED)
u_memory.g_read[0].g_bank[0].g_slice[0].u_sram/din[22]    0.350000    0.569884   -0.219884 (VIOLATED)
u_memory.g_read[0].g_bank[0].g_slice[0].u_sram/din[23]    0.350000    0.568033   -0.218033 (VIOLATED)
u_memory.g_read[1].g_bank[3].g_slice[0].u_sram/addr[2]    0.350000    0.566694   -0.216694 (VIOLATED)
u_memory.g_read[1].g_bank[2].g_slice[0].u_sram/addr[2]    0.350000    0.566675   -0.216675 (VIOLATED)
u_memory._379_/C                        0.350000    0.566549   -0.216549 (VIOLATED)
u_memory.g_read[0].g_bank[0].g_slice[0].u_sram/din[18]    0.350000    0.565558   -0.215558 (VIOLATED)
u_memory.g_read[1].g_bank[0].g_slice[0].u_sram/din[7]    0.350000    0.565032   -0.215032 (VIOLATED)
u_memory.g_read[0].g_bank[0].g_slice[0].u_sram/din[30]    0.350000    0.564805   -0.214805 (VIOLATED)
u_memory.g_read[0].g_bank[0].g_slice[0].u_sram/din[19]    0.350000    0.563509   -0.213509 (VIOLATED)
u_memory.g_read[1].g_bank[0].g_slice[0].u_sram/din[26]    0.350000    0.561062   -0.211062 (VIOLATED)
u_memory.g_read[0].g_bank[0].g_slice[0].u_sram/din[26]    0.350000    0.560576   -0.210576 (VIOLATED)
u_memory.g_read[1].g_bank[0].g_slice[0].u_sram/din[2]    0.350000    0.559694   -0.209694 (VIOLATED)
u_memory.g_read[0].g_bank[0].g_slice[0].u_sram/din[31]    0.350000    0.559507   -0.209507 (VIOLATED)
hold209/A                               0.350000    0.559068   -0.209068 (VIOLATED)
ANTENNA_2788/DIODE                      0.350000    0.559067   -0.209067 (VIOLATED)
hold210/X                               0.350000    0.558993   -0.208993 (VIOLATED)
ANTENNA_2775/DIODE                      0.350000    0.554181   -0.204181 (VIOLATED)
ANTENNA_2774/DIODE                      0.350000    0.554181   -0.204181 (VIOLATED)
ANTENNA_2777/DIODE                      0.350000    0.554127   -0.204127 (VIOLATED)
ANTENNA_2776/DIODE                      0.350000    0.554125   -0.204125 (VIOLATED)
u_memory._177_/B                        0.350000    0.554027   -0.204027 (VIOLATED)
u_memory._185_/A_N                      0.350000    0.554027   -0.204027 (VIOLATED)
hold192/X                               0.350000    0.553645   -0.203645 (VIOLATED)
hold23/A                                0.350000    0.553336   -0.203336 (VIOLATED)
hold223/A                               0.350000    0.553334   -0.203333 (VIOLATED)
ANTENNA_220/DIODE                       0.350000    0.553333   -0.203333 (VIOLATED)
_098_/Q                                 0.350000    0.552805   -0.202805 (VIOLATED)
u_memory._371_/A2                       0.350000    0.551836   -0.201836 (VIOLATED)
u_memory.g_read[0].g_bank[1].g_slice[0].u_sram/din[19]    0.350000    0.551404   -0.201404 (VIOLATED)
wire246/X                               0.350000    0.551093   -0.201093 (VIOLATED)
u_memory.g_read[1].g_bank[1].g_slice[0].u_sram/dout[29]    0.350000    0.549849   -0.199849 (VIOLATED)
max_cap455/A                            0.350000    0.549497   -0.199497 (VIOLATED)
u_memory._202_/B                        0.350000    0.547889   -0.197889 (VIOLATED)
u_memory._201_/X                        0.350000    0.546574   -0.196574 (VIOLATED)
u_memory._288_/B2                       0.350000    0.545497   -0.195497 (VIOLATED)
u_memory._287_/X                        0.350000    0.544361   -0.194361 (VIOLATED)
u_memory.g_read[1].g_bank[3].g_slice[0].u_sram/addr[6]    0.350000    0.543370   -0.193370 (VIOLATED)
u_memory.g_read[1].g_bank[2].g_slice[0].u_sram/addr[6]    0.350000    0.543343   -0.193343 (VIOLATED)
_014_/D                                 0.350000    0.541061   -0.191061 (VIOLATED)
u_memory._249_/X                        0.350000    0.540992   -0.190992 (VIOLATED)
ANTENNA_2042/DIODE                      0.350000    0.540230   -0.190230 (VIOLATED)
ANTENNA_2035/DIODE                      0.350000    0.540229   -0.190229 (VIOLATED)
ANTENNA_2036/DIODE                      0.350000    0.540229   -0.190229 (VIOLATED)
ANTENNA_2037/DIODE                      0.350000    0.540229   -0.190229 (VIOLATED)
ANTENNA_2038/DIODE                      0.350000    0.540228   -0.190228 (VIOLATED)
ANTENNA_2041/DIODE                      0.350000    0.540228   -0.190228 (VIOLATED)
ANTENNA_2039/DIODE                      0.350000    0.540228   -0.190228 (VIOLATED)
ANTENNA_2040/DIODE                      0.350000    0.540228   -0.190228 (VIOLATED)
ANTENNA_2034/DIODE                      0.350000    0.540227   -0.190227 (VIOLATED)
ANTENNA_2033/DIODE                      0.350000    0.540227   -0.190227 (VIOLATED)
ANTENNA_2043/DIODE                      0.350000    0.540212   -0.190212 (VIOLATED)
u_memory._392_/A2                       0.350000    0.540103   -0.190103 (VIOLATED)
max_cap520/X                            0.350000    0.539296   -0.189296 (VIOLATED)
u_memory._415_/C                        0.350000    0.538502   -0.188502 (VIOLATED)
u_memory._299_/B2                       0.350000    0.537910   -0.187910 (VIOLATED)
wire456/X                               0.350000    0.537754   -0.187754 (VIOLATED)
u_memory.g_read[0].g_bank[1].g_slice[0].u_sram/dout[22]    0.350000    0.537376   -0.187376 (VIOLATED)
u_memory._395_/A2                       0.350000    0.537223   -0.187223 (VIOLATED)
max_cap441/A                            0.350000    0.536806   -0.186806 (VIOLATED)
ANTENNA_2807/DIODE                      0.350000    0.536675   -0.186675 (VIOLATED)
ANTENNA_2806/DIODE                      0.350000    0.536625   -0.186625 (VIOLATED)
wire166/A                               0.350000    0.536010   -0.186010 (VIOLATED)
u_memory.g_read[0].g_bank[1].g_slice[0].u_sram/din[8]    0.350000    0.535270   -0.185270 (VIOLATED)
u_memory._419_/A1                       0.350000    0.535266   -0.185266 (VIOLATED)
fanout204/A                             0.350000    0.535035   -0.185035 (VIOLATED)
wire165/A                               0.350000    0.534778   -0.184778 (VIOLATED)
u_memory.g_read[0].g_bank[2].g_slice[0].u_sram/ce    0.350000    0.534747   -0.184747 (VIOLATED)
wire167/X                               0.350000    0.534598   -0.184598 (VIOLATED)
u_memory.g_read[1].g_bank[2].g_slice[0].u_sram/addr[4]    0.350000    0.534158   -0.184158 (VIOLATED)
u_memory.g_read[1].g_bank[3].g_slice[0].u_sram/addr[4]    0.350000    0.534150   -0.184150 (VIOLATED)
u_memory.g_read[1].g_bank[0].g_slice[0].u_sram/din[0]    0.350000    0.534130   -0.184130 (VIOLATED)
u_memory._174_/Y                        0.350000    0.533756   -0.183756 (VIOLATED)
u_memory.g_read[1].g_bank[2].g_slice[0].u_sram/din[26]    0.350000    0.533626   -0.183626 (VIOLATED)
u_memory.g_read[0].g_bank[1].g_slice[0].u_sram/din[22]    0.350000    0.533244   -0.183244 (VIOLATED)
ANTENNA_2783/DIODE                      0.350000    0.531887   -0.181887 (VIOLATED)
ANTENNA_2782/DIODE                      0.350000    0.531886   -0.181886 (VIOLATED)
ANTENNA_2784/DIODE                      0.350000    0.531850   -0.181850 (VIOLATED)
ANTENNA_2785/DIODE                      0.350000    0.531850   -0.181850 (VIOLATED)
hold196/X                               0.350000    0.531303   -0.181303 (VIOLATED)
u_memory.g_read[1].g_bank[0].g_slice[0].u_sram/din[8]    0.350000    0.530829   -0.180829 (VIOLATED)
u_memory.g_read[0].g_bank[1].g_slice[0].u_sram/din[9]    0.350000    0.530448   -0.180448 (VIOLATED)
u_memory.g_read[1].g_bank[1].g_slice[0].u_sram/dout[24]    0.350000    0.530279   -0.180279 (VIOLATED)
max_cap420/A                            0.350000    0.529022   -0.179022 (VIOLATED)
u_memory.g_read[0].g_bank[0].g_slice[0].u_sram/din[29]    0.350000    0.528978   -0.178978 (VIOLATED)
max_cap405/A                            0.350000    0.528108   -0.178108 (VIOLATED)
max_cap406/A                            0.350000    0.528104   -0.178104 (VIOLATED)
_036_/CLK                               0.350000    0.527783   -0.177783 (VIOLATED)
_033_/CLK                               0.350000    0.527777   -0.177777 (VIOLATED)
_035_/CLK                               0.350000    0.527772   -0.177772 (VIOLATED)
_045_/CLK                               0.350000    0.527670   -0.177670 (VIOLATED)
ANTENNA_22/DIODE                        0.350000    0.527355   -0.177355 (VIOLATED)
_039_/D                                 0.350000    0.527354   -0.177354 (VIOLATED)
u_memory._345_/X                        0.350000    0.527282   -0.177282 (VIOLATED)
wire407/X                               0.350000    0.527242   -0.177242 (VIOLATED)
clkbuf_4_4__f_clk/X                     0.350000    0.527117   -0.177117 (VIOLATED)
u_memory._372_/B2                       0.350000    0.526489   -0.176489 (VIOLATED)
u_memory._371_/X                        0.350000    0.526429   -0.176429 (VIOLATED)
wire421/X                               0.350000    0.526395   -0.176395 (VIOLATED)
wire442/X                               0.350000    0.526000   -0.176000 (VIOLATED)
u_memory.g_read[0].g_bank[1].g_slice[0].u_sram/din[13]    0.350000    0.524952   -0.174952 (VIOLATED)
_023_/CLK                               0.350000    0.524864   -0.174864 (VIOLATED)
u_memory._315_/A1                       0.350000    0.523878   -0.173878 (VIOLATED)
hold186/X                               0.350000    0.523831   -0.173831 (VIOLATED)
ANTENNA_14/DIODE                        0.350000    0.523479   -0.173479 (VIOLATED)
_002_/D                                 0.350000    0.523479   -0.173479 (VIOLATED)
u_memory._212_/X                        0.350000    0.523415   -0.173415 (VIOLATED)
u_memory.g_read[1].g_bank[1].g_slice[0].u_sram/dout[28]    0.350000    0.522682   -0.172682 (VIOLATED)
u_memory.g_read[0].g_bank[1].g_slice[0].u_sram/din[4]    0.350000    0.522592   -0.172592 (VIOLATED)
u_memory.g_read[0].g_bank[1].g_slice[0].u_sram/din[18]    0.350000    0.521933   -0.171933 (VIOLATED)
u_memory.g_read[0].g_bank[1].g_slice[0].u_sram/din[3]    0.350000    0.521932   -0.171932 (VIOLATED)
u_memory.g_read[1].g_bank[1].g_slice[0].u_sram/din[10]    0.350000    0.521690   -0.171690 (VIOLATED)
_022_/CLK                               0.350000    0.521645   -0.171645 (VIOLATED)
_021_/CLK                               0.350000    0.521643   -0.171643 (VIOLATED)
_032_/CLK                               0.350000    0.521622   -0.171622 (VIOLATED)
_028_/CLK                               0.350000    0.521604   -0.171604 (VIOLATED)
_030_/CLK                               0.350000    0.521582   -0.171582 (VIOLATED)
clkload0/A                              0.350000    0.521518   -0.171518 (VIOLATED)
u_memory._404_/A2                       0.350000    0.521488   -0.171488 (VIOLATED)
clkbuf_4_1__f_clk/X                     0.350000    0.521081   -0.171081 (VIOLATED)
max_cap427/A                            0.350000    0.520805   -0.170805 (VIOLATED)
u_memory._201_/A2                       0.350000    0.520246   -0.170246 (VIOLATED)
u_memory._199_/B                        0.350000    0.520214   -0.170214 (VIOLATED)
u_memory._426_/A2                       0.350000    0.520159   -0.170159 (VIOLATED)
wire191/X                               0.350000    0.520124   -0.170124 (VIOLATED)
u_memory.g_read[1].g_bank[1].g_slice[0].u_sram/din[18]    0.350000    0.519954   -0.169954 (VIOLATED)
u_memory.g_read[0].g_bank[3].g_slice[0].u_sram/din[8]    0.350000    0.517944   -0.167944 (VIOLATED)
u_memory.g_read[1].g_bank[3].g_slice[0].u_sram/wmask[1]    0.350000    0.516323   -0.166323 (VIOLATED)
u_memory.g_read[0].g_bank[1].g_slice[0].u_sram/din[2]    0.350000    0.515992   -0.165992 (VIOLATED)
u_memory.g_read[0].g_bank[3].g_slice[0].u_sram/din[22]    0.350000    0.515872   -0.165872 (VIOLATED)
u_memory.g_read[1].g_bank[2].g_slice[0].u_sram/wmask[1]    0.350000    0.515498   -0.165498 (VIOLATED)
u_memory.g_read[1].g_bank[2].g_slice[0].u_sram/din[31]    0.350000    0.515383   -0.165383 (VIOLATED)
u_memory._235_/B                        0.350000    0.515184   -0.165184 (VIOLATED)
u_memory.g_read[0].g_bank[3].g_slice[0].u_sram/wmask[0]    0.350000    0.514789   -0.164789 (VIOLATED)
u_memory.g_read[0].g_bank[1].g_slice[0].u_sram/din[7]    0.350000    0.514370   -0.164370 (VIOLATED)
u_memory.g_read[0].g_bank[2].g_slice[0].u_sram/wmask[0]    0.350000    0.514158   -0.164158 (VIOLATED)
ANTENNA_2779/DIODE                      0.350000    0.513705   -0.163705 (VIOLATED)
ANTENNA_2778/DIODE                      0.350000    0.513705   -0.163705 (VIOLATED)
ANTENNA_2781/DIODE                      0.350000    0.513683   -0.163683 (VIOLATED)
ANTENNA_2780/DIODE                      0.350000    0.513683   -0.163683 (VIOLATED)
ANTENNA_2752/DIODE                      0.350000    0.513203   -0.163203 (VIOLATED)
ANTENNA_2753/DIODE                      0.350000    0.513203   -0.163203 (VIOLATED)
hold194/X                               0.350000    0.513194   -0.163194 (VIOLATED)
ANTENNA_2751/DIODE                      0.350000    0.513186   -0.163186 (VIOLATED)
ANTENNA_2750/DIODE                      0.350000    0.513185   -0.163185 (VIOLATED)
u_memory.g_read[1].g_bank[0].g_slice[0].u_sram/din[12]    0.350000    0.512998   -0.162998 (VIOLATED)
u_memory._387_/B2                       0.350000    0.512731   -0.162731 (VIOLATED)
hold178/X                               0.350000    0.512679   -0.162679 (VIOLATED)
u_memory._386_/X                        0.350000    0.512674   -0.162674 (VIOLATED)
u_memory.g_read[0].g_bank[1].g_slice[0].u_sram/din[20]    0.350000    0.512380   -0.162380 (VIOLATED)
u_memory.g_read[0].g_bank[0].g_slice[0].u_sram/din[25]    0.350000    0.511910   -0.161910 (VIOLATED)
u_memory._288_/B1                       0.350000    0.511649   -0.161649 (VIOLATED)
ANTENNA_107/DIODE                       0.350000    0.511645   -0.161645 (VIOLATED)
ANTENNA_105/DIODE                       0.350000    0.511644   -0.161644 (VIOLATED)
ANTENNA_106/DIODE                       0.350000    0.511642   -0.161642 (VIOLATED)
u_memory._360_/B1                       0.350000    0.511573   -0.161573 (VIOLATED)
ANTENNA_167/DIODE                       0.350000    0.511567   -0.161567 (VIOLATED)
ANTENNA_165/DIODE                       0.350000    0.511566   -0.161566 (VIOLATED)
ANTENNA_166/DIODE                       0.350000    0.511563   -0.161563 (VIOLATED)
ANTENNA_168/DIODE                       0.350000    0.511560   -0.161560 (VIOLATED)
u_memory._380_/A2                       0.350000    0.511106   -0.161106 (VIOLATED)
wire428/X                               0.350000    0.510815   -0.160815 (VIOLATED)
u_memory._286_/X                        0.350000    0.510719   -0.160719 (VIOLATED)
u_memory._358_/X                        0.350000    0.510663   -0.160663 (VIOLATED)
u_memory.g_read[0].g_bank[3].g_slice[0].u_sram/din[5]    0.350000    0.509880   -0.159880 (VIOLATED)
u_memory._333_/B1                       0.350000    0.509769   -0.159769 (VIOLATED)
ANTENNA_134/DIODE                       0.350000    0.509764   -0.159764 (VIOLATED)
ANTENNA_132/DIODE                       0.350000    0.509762   -0.159762 (VIOLATED)
ANTENNA_133/DIODE                       0.350000    0.509759   -0.159759 (VIOLATED)
ANTENNA_135/DIODE                       0.350000    0.509757   -0.159757 (VIOLATED)
u_memory._331_/X                        0.350000    0.508723   -0.158723 (VIOLATED)
u_memory._407_/A2                       0.350000    0.508637   -0.158637 (VIOLATED)
u_memory.g_read[1].g_bank[3].g_slice[0].u_sram/din[8]    0.350000    0.508395   -0.158395 (VIOLATED)
u_memory._417_/A1                       0.350000    0.507803   -0.157803 (VIOLATED)
ANTENNA_803/DIODE                       0.350000    0.507802   -0.157802 (VIOLATED)
ANTENNA_801/DIODE                       0.350000    0.507798   -0.157798 (VIOLATED)
ANTENNA_799/DIODE                       0.350000    0.507797   -0.157797 (VIOLATED)
ANTENNA_798/DIODE                       0.350000    0.507792   -0.157792 (VIOLATED)
ANTENNA_800/DIODE                       0.350000    0.507788   -0.157788 (VIOLATED)
ANTENNA_802/DIODE                       0.350000    0.507786   -0.157786 (VIOLATED)
u_memory.g_read[1].g_bank[3].g_slice[0].u_sram/din[0]    0.350000    0.507402   -0.157402 (VIOLATED)
u_memory.g_read[1].g_bank[0].g_slice[0].u_sram/din[14]    0.350000    0.507174   -0.157174 (VIOLATED)
ANTENNA_2730/DIODE                      0.350000    0.507144   -0.157144 (VIOLATED)
ANTENNA_2732/DIODE                      0.350000    0.507142   -0.157143 (VIOLATED)
ANTENNA_2731/DIODE                      0.350000    0.507142   -0.157142 (VIOLATED)
ANTENNA_2729/DIODE                      0.350000    0.507142   -0.157141 (VIOLATED)
hold165/X                               0.350000    0.506550   -0.156550 (VIOLATED)
wire261/X                               0.350000    0.506415   -0.156415 (VIOLATED)
u_memory.g_read[1].g_bank[0].g_slice[0].u_sram/din[10]    0.350000    0.506246   -0.156246 (VIOLATED)
u_memory.g_read[0].g_bank[3].g_slice[0].u_sram/addr[5]    0.350000    0.505583   -0.155583 (VIOLATED)
u_memory.g_read[0].g_bank[2].g_slice[0].u_sram/addr[5]    0.350000    0.505571   -0.155571 (VIOLATED)
ANTENNA_1636/DIODE                      0.350000    0.505503   -0.155503 (VIOLATED)
ANTENNA_1626/DIODE                      0.350000    0.505501   -0.155501 (VIOLATED)
ANTENNA_1635/DIODE                      0.350000    0.505466   -0.155466 (VIOLATED)
ANTENNA_1633/DIODE                      0.350000    0.505465   -0.155465 (VIOLATED)
ANTENNA_1631/DIODE                      0.350000    0.505465   -0.155465 (VIOLATED)
ANTENNA_1630/DIODE                      0.350000    0.505463   -0.155463 (VIOLATED)
ANTENNA_1627/DIODE                      0.350000    0.505460   -0.155460 (VIOLATED)
ANTENNA_1629/DIODE                      0.350000    0.505457   -0.155457 (VIOLATED)
ANTENNA_1628/DIODE                      0.350000    0.505457   -0.155457 (VIOLATED)
ANTENNA_1632/DIODE                      0.350000    0.505417   -0.155417 (VIOLATED)
ANTENNA_1634/DIODE                      0.350000    0.505417   -0.155417 (VIOLATED)
max_cap609/A                            0.350000    0.505084   -0.155084 (VIOLATED)
max_cap610/A                            0.350000    0.505063   -0.155063 (VIOLATED)
u_memory.g_read[0].g_bank[3].g_slice[0].u_sram/addr[6]    0.350000    0.504826   -0.154826 (VIOLATED)
u_memory.g_read[0].g_bank[2].g_slice[0].u_sram/addr[6]    0.350000    0.504812   -0.154812 (VIOLATED)
u_memory.g_read[0].g_bank[3].g_slice[0].u_sram/din[16]    0.350000    0.504755   -0.154755 (VIOLATED)
u_memory.g_read[0].g_bank[3].g_slice[0].u_sram/din[13]    0.350000    0.504750   -0.154750 (VIOLATED)
u_memory.g_read[1].g_bank[3].g_slice[0].u_sram/din[17]    0.350000    0.504707   -0.154707 (VIOLATED)
max_cap455/X                            0.350000    0.504533   -0.154533 (VIOLATED)
u_memory.g_read[0].g_bank[0].g_slice[0].u_sram/din[3]    0.350000    0.503603   -0.153603 (VIOLATED)
u_memory.g_read[0].g_bank[0].g_slice[0].u_sram/din[2]    0.350000    0.503530   -0.153530 (VIOLATED)
u_memory.g_read[1].g_bank[1].g_slice[0].u_sram/din[6]    0.350000    0.503421   -0.153421 (VIOLATED)
u_memory.g_read[1].g_bank[1].g_slice[0].u_sram/dout[26]    0.350000    0.503195   -0.153195 (VIOLATED)
u_memory._419_/A2                       0.350000    0.503182   -0.153182 (VIOLATED)
u_memory._240_/B1                       0.350000    0.502394   -0.152394 (VIOLATED)
ANTENNA_62/DIODE                        0.350000    0.502390   -0.152390 (VIOLATED)
ANTENNA_60/DIODE                        0.350000    0.502389   -0.152389 (VIOLATED)
ANTENNA_61/DIODE                        0.350000    0.502386   -0.152386 (VIOLATED)
ANTENNA_27/DIODE                        0.350000    0.501870   -0.151870 (VIOLATED)
_007_/D                                 0.350000    0.501869   -0.151869 (VIOLATED)
u_memory._227_/X                        0.350000    0.501807   -0.151807 (VIOLATED)
u_memory._238_/X                        0.350000    0.501333   -0.151333 (VIOLATED)
u_memory.g_read[1].g_bank[1].g_slice[0].u_sram/din[2]    0.350000    0.501282   -0.151282 (VIOLATED)
u_memory.g_read[0].g_bank[3].g_slice[0].u_sram/addr[7]    0.350000    0.500530   -0.150530 (VIOLATED)
u_memory.g_read[0].g_bank[2].g_slice[0].u_sram/addr[7]    0.350000    0.500522   -0.150522 (VIOLATED)
u_memory._359_/A2                       0.350000    0.500390   -0.150390 (VIOLATED)
ANTENNA_765/DIODE                       0.350000    0.500388   -0.150388 (VIOLATED)
ANTENNA_763/DIODE                       0.350000    0.500386   -0.150386 (VIOLATED)
ANTENNA_764/DIODE                       0.350000    0.500371   -0.150371 (VIOLATED)
ANTENNA_766/DIODE                       0.350000    0.500358   -0.150358 (VIOLATED)
u_memory.g_read[1].g_bank[3].g_slice[0].u_sram/din[2]    0.350000    0.500101   -0.150101 (VIOLATED)
u_memory._399_/A1                       0.350000    0.499932   -0.149932 (VIOLATED)
ANTENNA_825/DIODE                       0.350000    0.499880   -0.149880 (VIOLATED)
ANTENNA_826/DIODE                       0.350000    0.499874   -0.149874 (VIOLATED)
ANTENNA_827/DIODE                       0.350000    0.499866   -0.149866 (VIOLATED)
ANTENNA_828/DIODE                       0.350000    0.499857   -0.149857 (VIOLATED)
ANTENNA_829/DIODE                       0.350000    0.499846   -0.149846 (VIOLATED)
ANTENNA_830/DIODE                       0.350000    0.499833   -0.149833 (VIOLATED)
ANTENNA_831/DIODE                       0.350000    0.499819   -0.149819 (VIOLATED)
u_memory.g_read[0].g_bank[1].g_slice[0].u_sram/dout[26]    0.350000    0.499815   -0.149815 (VIOLATED)
ANTENNA_832/DIODE                       0.350000    0.499803   -0.149803 (VIOLATED)
ANTENNA_833/DIODE                       0.350000    0.499785   -0.149785 (VIOLATED)
wire250/X                               0.350000    0.499669   -0.149669 (VIOLATED)
u_memory._319_/A1                       0.350000    0.499510   -0.149510 (VIOLATED)
hold184/X                               0.350000    0.499455   -0.149455 (VIOLATED)
u_memory.g_read[1].g_bank[1].g_slice[0].u_sram/din[28]    0.350000    0.499331   -0.149331 (VIOLATED)
u_memory._241_/C                        0.350000    0.499269   -0.149269 (VIOLATED)
ANTENNA_1023/DIODE                      0.350000    0.499264   -0.149264 (VIOLATED)
ANTENNA_1021/DIODE                      0.350000    0.499262   -0.149262 (VIOLATED)
ANTENNA_1022/DIODE                      0.350000    0.499259   -0.149259 (VIOLATED)
ANTENNA_1024/DIODE                      0.350000    0.499257   -0.149257 (VIOLATED)
wire312/X                               0.350000    0.498542   -0.148542 (VIOLATED)
u_memory.g_read[0].g_bank[0].g_slice[0].u_sram/din[6]    0.350000    0.498449   -0.148449 (VIOLATED)
wire611/X                               0.350000    0.497785   -0.147785 (VIOLATED)
u_memory._393_/B1                       0.350000    0.496938   -0.146938 (VIOLATED)
ANTENNA_203/DIODE                       0.350000    0.496932   -0.146932 (VIOLATED)
u_memory._391_/X                        0.350000    0.496162   -0.146162 (VIOLATED)
u_memory._194_/C_N                      0.350000    0.496073   -0.146073 (VIOLATED)
u_memory._424_/A                        0.350000    0.496071   -0.146071 (VIOLATED)
u_memory._196_/C                        0.350000    0.496046   -0.146046 (VIOLATED)
u_memory._198_/A                        0.350000    0.495963   -0.145963 (VIOLATED)
wire392/A                               0.350000    0.495509   -0.145509 (VIOLATED)
u_memory.g_read[0].g_bank[1].g_slice[0].u_sram/ce    0.350000    0.495328   -0.145328 (VIOLATED)
u_memory._326_/C1                       0.350000    0.495303   -0.145303 (VIOLATED)
u_memory._329_/C1                       0.350000    0.495298   -0.145298 (VIOLATED)
u_memory._332_/C1                       0.350000    0.495292   -0.145292 (VIOLATED)
u_memory._335_/C1                       0.350000    0.495280   -0.145280 (VIOLATED)
u_memory.g_read[1].g_bank[0].g_slice[0].u_sram/din[25]    0.350000    0.495163   -0.145163 (VIOLATED)
u_memory._341_/C1                       0.350000    0.495131   -0.145131 (VIOLATED)
u_memory._347_/C1                       0.350000    0.495038   -0.145038 (VIOLATED)
u_memory._338_/C1                       0.350000    0.495036   -0.145036 (VIOLATED)
u_memory._344_/C1                       0.350000    0.495033   -0.145033 (VIOLATED)
wire632/X                               0.350000    0.495016   -0.145016 (VIOLATED)
u_memory._350_/C1                       0.350000    0.494960   -0.144960 (VIOLATED)
u_memory._356_/C1                       0.350000    0.494746   -0.144746 (VIOLATED)
u_memory._353_/C1                       0.350000    0.494311   -0.144311 (VIOLATED)
u_memory._362_/C1                       0.350000    0.494077   -0.144077 (VIOLATED)
max_cap393/A                            0.350000    0.494029   -0.144029 (VIOLATED)
u_memory._359_/C1                       0.350000    0.494017   -0.144017 (VIOLATED)
ANTENNA_10/DIODE                        0.350000    0.493870   -0.143870 (VIOLATED)
_012_/D                                 0.350000    0.493869   -0.143869 (VIOLATED)
u_memory._243_/X                        0.350000    0.493815   -0.143815 (VIOLATED)
ANTENNA_1115/DIODE                      0.350000    0.493783   -0.143783 (VIOLATED)
u_memory._239_/B2                       0.350000    0.493783   -0.143783 (VIOLATED)
ANTENNA_1112/DIODE                      0.350000    0.493770   -0.143770 (VIOLATED)
u_memory.g_read[0].g_bank[3].g_slice[0].u_sram/din[21]    0.350000    0.493757   -0.143757 (VIOLATED)
ANTENNA_1114/DIODE                      0.350000    0.493753   -0.143753 (VIOLATED)
ANTENNA_1113/DIODE                      0.350000    0.493753   -0.143753 (VIOLATED)
ANTENNA_1116/DIODE                      0.350000    0.493748   -0.143748 (VIOLATED)
u_memory._368_/C1                       0.350000    0.493671   -0.143671 (VIOLATED)
wire385/A                               0.350000    0.493466   -0.143466 (VIOLATED)
u_memory._314_/A0                       0.350000    0.493272   -0.143272 (VIOLATED)
u_memory._365_/C1                       0.350000    0.493252   -0.143252 (VIOLATED)
wire335/X                               0.350000    0.493041   -0.143041 (VIOLATED)
ANTENNA_2692/DIODE                      0.350000    0.492547   -0.142547 (VIOLATED)
ANTENNA_2687/DIODE                      0.350000    0.492546   -0.142546 (VIOLATED)
ANTENNA_2685/DIODE                      0.350000    0.492546   -0.142546 (VIOLATED)
ANTENNA_2683/DIODE                      0.350000    0.492546   -0.142546 (VIOLATED)
ANTENNA_2682/DIODE                      0.350000    0.492545   -0.142545 (VIOLATED)
ANTENNA_2689/DIODE                      0.350000    0.492542   -0.142542 (VIOLATED)
ANTENNA_2688/DIODE                      0.350000    0.492542   -0.142542 (VIOLATED)
ANTENNA_2686/DIODE                      0.350000    0.492542   -0.142542 (VIOLATED)
ANTENNA_2684/DIODE                      0.350000    0.492542   -0.142542 (VIOLATED)
ANTENNA_2691/DIODE                      0.350000    0.492541   -0.142541 (VIOLATED)
ANTENNA_2690/DIODE                      0.350000    0.492541   -0.142541 (VIOLATED)
u_memory._389_/A2                       0.350000    0.492376   -0.142376 (VIOLATED)
ANTENNA_2711/DIODE                      0.350000    0.492363   -0.142363 (VIOLATED)
_034_/CLK                               0.350000    0.492231   -0.142231 (VIOLATED)
u_memory.g_read[1].g_bank[1].g_slice[0].u_sram/dout[30]    0.350000    0.492172   -0.142172 (VIOLATED)
u_memory.g_read[0].g_bank[0].g_slice[0].u_sram/din[20]    0.350000    0.492107   -0.142107 (VIOLATED)
max_cap623/X                            0.350000    0.491851   -0.141851 (VIOLATED)
u_memory.g_read[0].g_bank[0].g_slice[0].u_sram/din[4]    0.350000    0.491836   -0.141836 (VIOLATED)
u_memory._413_/A2                       0.350000    0.491551   -0.141551 (VIOLATED)
u_memory._371_/C1                       0.350000    0.490955   -0.140955 (VIOLATED)
fanout177/X                             0.350000    0.490897   -0.140897 (VIOLATED)
max_cap386/A                            0.350000    0.490876   -0.140876 (VIOLATED)
u_memory.g_read[0].g_bank[0].g_slice[0].u_sram/din[11]    0.350000    0.490652   -0.140652 (VIOLATED)
wire394/X                               0.350000    0.490219   -0.140219 (VIOLATED)
wire387/X                               0.350000    0.489480   -0.139480 (VIOLATED)
u_memory.g_read[1].g_bank[0].g_slice[0].u_sram/din[4]    0.350000    0.489423   -0.139423 (VIOLATED)
ANTENNA_2712/DIODE                      0.350000    0.489222   -0.139222 (VIOLATED)
_038_/CLK                               0.350000    0.489110   -0.139110 (VIOLATED)
u_memory.g_read[0].g_bank[1].g_slice[0].u_sram/din[29]    0.350000    0.489015   -0.139015 (VIOLATED)
ANTENNA_1610/DIODE                      0.350000    0.488995   -0.138995 (VIOLATED)
ANTENNA_1609/DIODE                      0.350000    0.488994   -0.138994 (VIOLATED)
ANTENNA_1607/DIODE                      0.350000    0.488994   -0.138994 (VIOLATED)
ANTENNA_1614/DIODE                      0.350000    0.488994   -0.138994 (VIOLATED)
ANTENNA_1611/DIODE                      0.350000    0.488994   -0.138994 (VIOLATED)
ANTENNA_1612/DIODE                      0.350000    0.488994   -0.138994 (VIOLATED)
ANTENNA_1604/DIODE                      0.350000    0.488988   -0.138988 (VIOLATED)
ANTENNA_1608/DIODE                      0.350000    0.488988   -0.138988 (VIOLATED)
ANTENNA_1605/DIODE                      0.350000    0.488988   -0.138988 (VIOLATED)
ANTENNA_1606/DIODE                      0.350000    0.488988   -0.138988 (VIOLATED)
ANTENNA_1613/DIODE                      0.350000    0.488988   -0.138988 (VIOLATED)
wire268/X                               0.350000    0.488931   -0.138931 (VIOLATED)
u_memory.g_read[1].g_bank[2].g_slice[0].u_sram/dout[30]    0.350000    0.488781   -0.138781 (VIOLATED)
fanout176/A                             0.350000    0.488517   -0.138517 (VIOLATED)
u_memory.g_read[1].g_bank[3].g_slice[0].u_sram/din[14]    0.350000    0.488473   -0.138473 (VIOLATED)
u_memory._417_/A2                       0.350000    0.488438   -0.138438 (VIOLATED)
u_memory._420_/A2                       0.350000    0.488360   -0.138360 (VIOLATED)
u_memory.g_read[1].g_bank[0].g_slice[0].u_sram/din[6]    0.350000    0.488294   -0.138294 (VIOLATED)
max_cap452/X                            0.350000    0.488285   -0.138285 (VIOLATED)
u_memory._405_/A2                       0.350000    0.488235   -0.138235 (VIOLATED)
output80/A                              0.350000    0.488009   -0.138009 (VIOLATED)
u_memory._179_/C_N                      0.350000    0.488008   -0.138008 (VIOLATED)
ANTENNA_2810/DIODE                      0.350000    0.488008   -0.138008 (VIOLATED)
ANTENNA_4/DIODE                         0.350000    0.488005   -0.138005 (VIOLATED)
ANTENNA_5/DIODE                         0.350000    0.487986   -0.137986 (VIOLATED)
u_memory._183_/C                        0.350000    0.487985   -0.137985 (VIOLATED)
_017_/Q                                 0.350000    0.487916   -0.137916 (VIOLATED)
u_memory._421_/A                        0.350000    0.487912   -0.137912 (VIOLATED)
u_memory._411_/A2                       0.350000    0.487910   -0.137910 (VIOLATED)
ANTENNA_7/DIODE                         0.350000    0.487910   -0.137910 (VIOLATED)
u_memory._187_/A                        0.350000    0.487848   -0.137848 (VIOLATED)
ANTENNA_6/DIODE                         0.350000    0.487842   -0.137842 (VIOLATED)
u_memory.g_read[0].g_bank[0].g_slice[0].u_sram/din[21]    0.350000    0.487758   -0.137758 (VIOLATED)
_065_/Q                                 0.350000    0.487346   -0.137345 (VIOLATED)
hold221/A                               0.350000    0.487306   -0.137306 (VIOLATED)
_090_/Q                                 0.350000    0.486586   -0.136586 (VIOLATED)
u_memory._396_/A2                       0.350000    0.486349   -0.136349 (VIOLATED)
_057_/CLK                               0.350000    0.486005   -0.136005 (VIOLATED)
_055_/CLK                               0.350000    0.485996   -0.135996 (VIOLATED)
_058_/CLK                               0.350000    0.485996   -0.135996 (VIOLATED)
u_memory.g_read[1].g_bank[1].g_slice[0].u_sram/din[31]    0.350000    0.485954   -0.135954 (VIOLATED)
clkbuf_4_6__f_clk/X                     0.350000    0.485853   -0.135853 (VIOLATED)
ANTENNA_1258/DIODE                      0.350000    0.485833   -0.135833 (VIOLATED)
ANTENNA_1257/DIODE                      0.350000    0.485830   -0.135830 (VIOLATED)
ANTENNA_1256/DIODE                      0.350000    0.485829   -0.135829 (VIOLATED)
ANTENNA_1255/DIODE                      0.350000    0.485828   -0.135828 (VIOLATED)
ANTENNA_1254/DIODE                      0.350000    0.485824   -0.135824 (VIOLATED)
u_memory._348_/A1                       0.350000    0.485640   -0.135640 (VIOLATED)
ANTENNA_780/DIODE                       0.350000    0.485638   -0.135638 (VIOLATED)
ANTENNA_781/DIODE                       0.350000    0.485631   -0.135631 (VIOLATED)
ANTENNA_782/DIODE                       0.350000    0.485629   -0.135629 (VIOLATED)
u_memory._381_/A2                       0.350000    0.485480   -0.135480 (VIOLATED)
wire242/X                               0.350000    0.485449   -0.135449 (VIOLATED)
u_memory._220_/A2                       0.350000    0.485259   -0.135259 (VIOLATED)
ANTENNA_1051/DIODE                      0.350000    0.485257   -0.135257 (VIOLATED)
ANTENNA_1048/DIODE                      0.350000    0.485248   -0.135248 (VIOLATED)
ANTENNA_1049/DIODE                      0.350000    0.485245   -0.135245 (VIOLATED)
ANTENNA_1050/DIODE                      0.350000    0.485243   -0.135243 (VIOLATED)
wire255/X                               0.350000    0.484951   -0.134951 (VIOLATED)
wire319/X                               0.350000    0.484359   -0.134359 (VIOLATED)
u_memory.g_read[1].g_bank[0].g_slice[0].u_sram/din[1]    0.350000    0.484347   -0.134347 (VIOLATED)
_075_/D                                 0.350000    0.483284   -0.133284 (VIOLATED)
ANTENNA_228/DIODE                       0.350000    0.483283   -0.133283 (VIOLATED)
input21/X                               0.350000    0.483248   -0.133247 (VIOLATED)
u_memory._332_/A2                       0.350000    0.482871   -0.132871 (VIOLATED)
ANTENNA_740/DIODE                       0.350000    0.482865   -0.132865 (VIOLATED)
ANTENNA_738/DIODE                       0.350000    0.482864   -0.132864 (VIOLATED)
ANTENNA_739/DIODE                       0.350000    0.482861   -0.132861 (VIOLATED)
ANTENNA_1260/DIODE                      0.350000    0.482442   -0.132442 (VIOLATED)
ANTENNA_1264/DIODE                      0.350000    0.482441   -0.132441 (VIOLATED)
ANTENNA_1263/DIODE                      0.350000    0.482439   -0.132439 (VIOLATED)
ANTENNA_1261/DIODE                      0.350000    0.482438   -0.132438 (VIOLATED)
ANTENNA_1262/DIODE                      0.350000    0.482389   -0.132389 (VIOLATED)
u_memory._323_/X                        0.350000    0.482147   -0.132147 (VIOLATED)
wire241/X                               0.350000    0.482011   -0.132011 (VIOLATED)
u_memory.g_read[1].g_bank[1].g_slice[0].u_sram/dout[20]    0.350000    0.482009   -0.132009 (VIOLATED)
ANTENNA_1243/DIODE                      0.350000    0.481830   -0.131830 (VIOLATED)
ANTENNA_1241/DIODE                      0.350000    0.481828   -0.131828 (VIOLATED)
ANTENNA_1242/DIODE                      0.350000    0.481795   -0.131795 (VIOLATED)
ANTENNA_1240/DIODE                      0.350000    0.481793   -0.131793 (VIOLATED)
ANTENNA_1239/DIODE                      0.350000    0.481776   -0.131776 (VIOLATED)
ANTENNA_1259/DIODE                      0.350000    0.481600   -0.131600 (VIOLATED)
u_memory._184_/B1                       0.350000    0.481482   -0.131482 (VIOLATED)
u_memory._326_/A1                       0.350000    0.481425   -0.131425 (VIOLATED)
u_memory._329_/A1                       0.350000    0.481391   -0.131391 (VIOLATED)
u_memory._332_/A1                       0.350000    0.481382   -0.131382 (VIOLATED)
u_memory._335_/A1                       0.350000    0.481371   -0.131371 (VIOLATED)
u_memory.g_read[1].g_bank[2].g_slice[0].u_sram/din[0]    0.350000    0.481288   -0.131288 (VIOLATED)
u_memory._341_/A1                       0.350000    0.481216   -0.131216 (VIOLATED)
u_memory._347_/A1                       0.350000    0.481163   -0.131163 (VIOLATED)
u_memory._338_/A1                       0.350000    0.481139   -0.131139 (VIOLATED)
u_memory._344_/A1                       0.350000    0.481111   -0.131110 (VIOLATED)
u_memory._350_/A1                       0.350000    0.480841   -0.130841 (VIOLATED)
u_memory._356_/A1                       0.350000    0.480684   -0.130684 (VIOLATED)
max_cap438/A                            0.350000    0.480547   -0.130547 (VIOLATED)
max_cap164/X                            0.350000    0.480546   -0.130546 (VIOLATED)
u_memory._353_/A1                       0.350000    0.480363   -0.130363 (VIOLATED)
u_memory._362_/A1                       0.350000    0.480207   -0.130207 (VIOLATED)
u_memory._422_/A0                       0.350000    0.479896   -0.129896 (VIOLATED)
hold211/X                               0.350000    0.479859   -0.129859 (VIOLATED)
u_memory._359_/A1                       0.350000    0.479712   -0.129711 (VIOLATED)
u_memory._368_/A1                       0.350000    0.479550   -0.129550 (VIOLATED)
u_memory._365_/A1                       0.350000    0.479135   -0.129135 (VIOLATED)
ANTENNA_1245/DIODE                      0.350000    0.478941   -0.128941 (VIOLATED)
ANTENNA_1249/DIODE                      0.350000    0.478939   -0.128939 (VIOLATED)
ANTENNA_1247/DIODE                      0.350000    0.478938   -0.128938 (VIOLATED)
ANTENNA_1248/DIODE                      0.350000    0.478839   -0.128839 (VIOLATED)
ANTENNA_1246/DIODE                      0.350000    0.478834   -0.128834 (VIOLATED)
_081_/D                                 0.350000    0.478484   -0.128484 (VIOLATED)
wire644/X                               0.350000    0.478413   -0.128413 (VIOLATED)
u_memory.g_read[0].g_bank[2].g_slice[0].u_sram/din[25]    0.350000    0.478016   -0.128016 (VIOLATED)
ANTENNA_1244/DIODE                      0.350000    0.477962   -0.127962 (VIOLATED)
u_memory.g_read[0].g_bank[3].g_slice[0].u_sram/din[18]    0.350000    0.477950   -0.127950 (VIOLATED)
u_memory.g_read[0].g_bank[1].g_slice[0].u_sram/dout[28]    0.350000    0.477849   -0.127849 (VIOLATED)
u_memory.g_read[0].g_bank[1].g_slice[0].u_sram/din[11]    0.350000    0.477197   -0.127197 (VIOLATED)
max_cap508/A                            0.350000    0.477138   -0.127138 (VIOLATED)
u_memory._371_/A1                       0.350000    0.476852   -0.126852 (VIOLATED)
fanout203/X                             0.350000    0.476833   -0.126833 (VIOLATED)
u_memory._181_/B                        0.350000    0.476775   -0.126775 (VIOLATED)
hold223/X                               0.350000    0.476718   -0.126718 (VIOLATED)
output77/A                              0.350000    0.476702   -0.126702 (VIOLATED)
ANTENNA_246/DIODE                       0.350000    0.476700   -0.126700 (VIOLATED)
_014_/Q                                 0.350000    0.476630   -0.126630 (VIOLATED)
max_cap509/X                            0.350000    0.476402   -0.126402 (VIOLATED)
hold164/A                               0.350000    0.476130   -0.126130 (VIOLATED)
hold203/X                               0.350000    0.476089   -0.126089 (VIOLATED)
_111_/D                                 0.350000    0.475957   -0.125957 (VIOLATED)
ANTENNA_233/DIODE                       0.350000    0.475956   -0.125956 (VIOLATED)
input39/X                               0.350000    0.475937   -0.125937 (VIOLATED)
u_memory._178_/A2                       0.350000    0.475838   -0.125838 (VIOLATED)
u_memory._177_/Y                        0.350000    0.475829   -0.125829 (VIOLATED)
u_memory._326_/B2                       0.350000    0.475810   -0.125810 (VIOLATED)
u_memory._329_/B2                       0.350000    0.475801   -0.125801 (VIOLATED)
u_memory._332_/B2                       0.350000    0.475789   -0.125789 (VIOLATED)
u_memory._335_/B2                       0.350000    0.475714   -0.125714 (VIOLATED)
u_memory._341_/B2                       0.350000    0.475645   -0.125645 (VIOLATED)
u_memory._347_/B2                       0.350000    0.475591   -0.125591 (VIOLATED)
u_memory.g_read[1].g_bank[3].g_slice[0].u_sram/din[21]    0.350000    0.475378   -0.125378 (VIOLATED)
u_memory._338_/B2                       0.350000    0.475377   -0.125377 (VIOLATED)
u_memory._344_/B2                       0.350000    0.475345   -0.125345 (VIOLATED)
u_memory.g_read[1].g_bank[3].g_slice[0].u_sram/din[24]    0.350000    0.475297   -0.125297 (VIOLATED)
u_memory._350_/B2                       0.350000    0.475190   -0.125190 (VIOLATED)
u_memory._356_/B2                       0.350000    0.475006   -0.125006 (VIOLATED)
u_memory._353_/B2                       0.350000    0.474959   -0.124959 (VIOLATED)
u_memory._362_/B2                       0.350000    0.474855   -0.124855 (VIOLATED)
u_memory._359_/B2                       0.350000    0.474791   -0.124791 (VIOLATED)
u_memory.g_read[0].g_bank[1].g_slice[0].u_sram/din[24]    0.350000    0.474522   -0.124522 (VIOLATED)
u_memory._368_/B2                       0.350000    0.474381   -0.124381 (VIOLATED)
wire388/X                               0.350000    0.474350   -0.124350 (VIOLATED)
u_memory.g_read[0].g_bank[1].g_slice[0].u_sram/din[21]    0.350000    0.474313   -0.124313 (VIOLATED)
u_memory._365_/B2                       0.350000    0.473699   -0.123699 (VIOLATED)
wire439/X                               0.350000    0.473682   -0.123682 (VIOLATED)
u_memory.g_read[0].g_bank[3].g_slice[0].u_sram/din[28]    0.350000    0.473273   -0.123273 (VIOLATED)
u_memory.g_read[1].g_bank[2].g_slice[0].u_sram/din[27]    0.350000    0.473260   -0.123260 (VIOLATED)
u_memory.g_read[1].g_bank[3].g_slice[0].u_sram/din[9]    0.350000    0.473110   -0.123110 (VIOLATED)
ANTENNA_2074/DIODE                      0.350000    0.472280   -0.122280 (VIOLATED)
ANTENNA_2075/DIODE                      0.350000    0.472280   -0.122280 (VIOLATED)
ANTENNA_2072/DIODE                      0.350000    0.472280   -0.122280 (VIOLATED)
ANTENNA_2070/DIODE                      0.350000    0.472279   -0.122279 (VIOLATED)
ANTENNA_2066/DIODE                      0.350000    0.472279   -0.122279 (VIOLATED)
ANTENNA_2069/DIODE                      0.350000    0.472279   -0.122279 (VIOLATED)
ANTENNA_2067/DIODE                      0.350000    0.472279   -0.122279 (VIOLATED)
ANTENNA_2068/DIODE                      0.350000    0.472267   -0.122267 (VIOLATED)
ANTENNA_2071/DIODE                      0.350000    0.472264   -0.122264 (VIOLATED)
ANTENNA_2073/DIODE                      0.350000    0.472212   -0.122212 (VIOLATED)
ANTENNA_2076/DIODE                      0.350000    0.472209   -0.122209 (VIOLATED)
u_memory._383_/B1                       0.350000    0.472128   -0.122128 (VIOLATED)
max_cap496/A                            0.350000    0.472029   -0.122029 (VIOLATED)
ANTENNA_2556/DIODE                      0.350000    0.471965   -0.121965 (VIOLATED)
ANTENNA_2554/DIODE                      0.350000    0.471965   -0.121965 (VIOLATED)
ANTENNA_2550/DIODE                      0.350000    0.471964   -0.121964 (VIOLATED)
ANTENNA_2557/DIODE                      0.350000    0.471926   -0.121926 (VIOLATED)
ANTENNA_2555/DIODE                      0.350000    0.471926   -0.121926 (VIOLATED)
ANTENNA_2553/DIODE                      0.350000    0.471923   -0.121923 (VIOLATED)
ANTENNA_2552/DIODE                      0.350000    0.471921   -0.121921 (VIOLATED)
ANTENNA_2558/DIODE                      0.350000    0.471915   -0.121915 (VIOLATED)
ANTENNA_2551/DIODE                      0.350000    0.471915   -0.121915 (VIOLATED)
max_cap495/A                            0.350000    0.471903   -0.121903 (VIOLATED)
ANTENNA_2560/DIODE                      0.350000    0.471874   -0.121874 (VIOLATED)
ANTENNA_2559/DIODE                      0.350000    0.471869   -0.121869 (VIOLATED)
max_cap525/X                            0.350000    0.471425   -0.121425 (VIOLATED)
u_memory.g_read[1].g_bank[3].g_slice[0].u_sram/din[29]    0.350000    0.471243   -0.121243 (VIOLATED)
max_cap603/X                            0.350000    0.471118   -0.121118 (VIOLATED)
u_memory.g_read[1].g_bank[1].g_slice[0].u_sram/din[16]    0.350000    0.470780   -0.120780 (VIOLATED)
u_memory._371_/B2                       0.350000    0.470716   -0.120716 (VIOLATED)
ANTENNA_8/DIODE                         0.350000    0.470675   -0.120675 (VIOLATED)
_001_/D                                 0.350000    0.470674   -0.120674 (VIOLATED)
fanout173/X                             0.350000    0.470664   -0.120664 (VIOLATED)
u_memory._209_/X                        0.350000    0.470636   -0.120636 (VIOLATED)
wire385/X                               0.350000    0.470365   -0.120365 (VIOLATED)
u_memory._321_/A0                       0.350000    0.469604   -0.119604 (VIOLATED)
u_memory.g_read[1].g_bank[3].g_slice[0].u_sram/din[7]    0.350000    0.469097   -0.119097 (VIOLATED)
u_memory.g_read[1].g_bank[3].g_slice[0].u_sram/din[13]    0.350000    0.468057   -0.118057 (VIOLATED)
fanout189/A                             0.350000    0.467721   -0.117721 (VIOLATED)
u_memory.g_read[1].g_bank[0].g_slice[0].u_sram/din[11]    0.350000    0.467697   -0.117697 (VIOLATED)
fanout190/A                             0.350000    0.467456   -0.117456 (VIOLATED)
u_memory._203_/X                        0.350000    0.467219   -0.117219 (VIOLATED)
u_memory._428_/RESET_B                  0.350000    0.467116   -0.117116 (VIOLATED)
u_memory._427_/RESET_B                  0.350000    0.467010   -0.117010 (VIOLATED)
ANTENNA_2748/DIODE                      0.350000    0.466886   -0.116886 (VIOLATED)
ANTENNA_2749/DIODE                      0.350000    0.466886   -0.116886 (VIOLATED)
ANTENNA_2747/DIODE                      0.350000    0.466844   -0.116844 (VIOLATED)
ANTENNA_2746/DIODE                      0.350000    0.466844   -0.116844 (VIOLATED)
u_memory.g_read[1].g_bank[0].g_slice[0].u_sram/din[21]    0.350000    0.466731   -0.116731 (VIOLATED)
u_memory.g_read[1].g_bank[0].g_slice[0].u_sram/din[20]    0.350000    0.466718   -0.116718 (VIOLATED)
u_memory.g_read[1].g_bank[1].g_slice[0].u_sram/din[23]    0.350000    0.466684   -0.116684 (VIOLATED)
u_memory.g_read[1].g_bank[2].g_slice[0].u_sram/din[8]    0.350000    0.466660   -0.116660 (VIOLATED)
u_memory._191_/B1                       0.350000    0.466589   -0.116589 (VIOLATED)
hold176/X                               0.350000    0.466393   -0.116393 (VIOLATED)
u_memory.g_read[0].g_bank[1].g_slice[0].u_sram/din[0]    0.350000    0.466256   -0.116256 (VIOLATED)
u_memory._186_/B1                       0.350000    0.466036   -0.116036 (VIOLATED)
u_memory.g_read[0].g_bank[2].g_slice[0].u_sram/din[7]    0.350000    0.466003   -0.116003 (VIOLATED)
wire497/X                               0.350000    0.465929   -0.115929 (VIOLATED)
u_memory._402_/B1                       0.350000    0.465757   -0.115757 (VIOLATED)
ANTENNA_204/DIODE                       0.350000    0.465735   -0.115735 (VIOLATED)
output89/A                              0.350000    0.465573   -0.115573 (VIOLATED)
ANTENNA_2811/DIODE                      0.350000    0.465563   -0.115563 (VIOLATED)
_006_/D                                 0.350000    0.465549   -0.115549 (VIOLATED)
u_memory._224_/X                        0.350000    0.465507   -0.115507 (VIOLATED)
u_memory._182_/B1                       0.350000    0.465473   -0.115473 (VIOLATED)
ANTENNA_1494/DIODE                      0.350000    0.465264   -0.115264 (VIOLATED)
ANTENNA_1504/DIODE                      0.350000    0.465264   -0.115264 (VIOLATED)
ANTENNA_1503/DIODE                      0.350000    0.465257   -0.115257 (VIOLATED)
ANTENNA_1497/DIODE                      0.350000    0.465257   -0.115257 (VIOLATED)
ANTENNA_1498/DIODE                      0.350000    0.465256   -0.115256 (VIOLATED)
ANTENNA_1499/DIODE                      0.350000    0.465255   -0.115255 (VIOLATED)
ANTENNA_1502/DIODE                      0.350000    0.465255   -0.115255 (VIOLATED)
ANTENNA_1501/DIODE                      0.350000    0.465255   -0.115255 (VIOLATED)
ANTENNA_1500/DIODE                      0.350000    0.465244   -0.115244 (VIOLATED)
ANTENNA_1496/DIODE                      0.350000    0.465243   -0.115243 (VIOLATED)
ANTENNA_1495/DIODE                      0.350000    0.465243   -0.115243 (VIOLATED)
_025_/Q                                 0.350000    0.464899   -0.114899 (VIOLATED)
u_memory._178_/B1                       0.350000    0.464877   -0.114877 (VIOLATED)
u_memory.g_read[1].g_bank[1].g_slice[0].u_sram/dout[21]    0.350000    0.464800   -0.114800 (VIOLATED)
hold225/A                               0.350000    0.464789   -0.114789 (VIOLATED)
_097_/Q                                 0.350000    0.464627   -0.114627 (VIOLATED)
_013_/D                                 0.350000    0.464520   -0.114520 (VIOLATED)
max_cap435/X                            0.350000    0.464486   -0.114486 (VIOLATED)
u_memory._246_/X                        0.350000    0.464476   -0.114476 (VIOLATED)
u_memory.g_read[1].g_bank[1].g_slice[0].u_sram/dout[31]    0.350000    0.463962   -0.113962 (VIOLATED)
max_cap380/A                            0.350000    0.463418   -0.113418 (VIOLATED)
u_memory.g_read[1].g_bank[2].g_slice[0].u_sram/din[5]    0.350000    0.463409   -0.113409 (VIOLATED)
u_memory.g_read[1].g_bank[0].g_slice[0].u_sram/din[22]    0.350000    0.462605   -0.112605 (VIOLATED)
wire381/X                               0.350000    0.462570   -0.112570 (VIOLATED)
u_memory._321_/A1                       0.350000    0.462486   -0.112486 (VIOLATED)
hold177/X                               0.350000    0.462445   -0.112445 (VIOLATED)
u_memory._430_/RESET_B                  0.350000    0.462162   -0.112162 (VIOLATED)
u_memory._429_/RESET_B                  0.350000    0.461785   -0.111785 (VIOLATED)
_005_/D                                 0.350000    0.461044   -0.111044 (VIOLATED)
u_memory._221_/X                        0.350000    0.461007   -0.111007 (VIOLATED)
u_memory.g_read[1].g_bank[3].g_slice[0].u_sram/din[10]    0.350000    0.460705   -0.110705 (VIOLATED)
u_memory._262_/C                        0.350000    0.460697   -0.110697 (VIOLATED)
ANTENNA_1166/DIODE                      0.350000    0.459576   -0.109576 (VIOLATED)
ANTENNA_1164/DIODE                      0.350000    0.459575   -0.109575 (VIOLATED)
ANTENNA_1163/DIODE                      0.350000    0.459575   -0.109575 (VIOLATED)
u_memory._291_/A1                       0.350000    0.459575   -0.109575 (VIOLATED)
ANTENNA_1165/DIODE                      0.350000    0.459540   -0.109540 (VIOLATED)
u_memory.g_read[1].g_bank[1].g_slice[0].u_sram/dout[25]    0.350000    0.459158   -0.109158 (VIOLATED)
ANTENNA_2237/DIODE                      0.350000    0.458919   -0.108919 (VIOLATED)
ANTENNA_2241/DIODE                      0.350000    0.458919   -0.108919 (VIOLATED)
ANTENNA_2235/DIODE                      0.350000    0.458919   -0.108919 (VIOLATED)
ANTENNA_2234/DIODE                      0.350000    0.458919   -0.108919 (VIOLATED)
ANTENNA_2239/DIODE                      0.350000    0.458919   -0.108919 (VIOLATED)
ANTENNA_2238/DIODE                      0.350000    0.458918   -0.108918 (VIOLATED)
ANTENNA_2233/DIODE                      0.350000    0.458918   -0.108918 (VIOLATED)
ANTENNA_2231/DIODE                      0.350000    0.458911   -0.108911 (VIOLATED)
ANTENNA_2240/DIODE                      0.350000    0.458910   -0.108910 (VIOLATED)
u_memory.g_read[0].g_bank[0].g_slice[0].u_sram/din[17]    0.350000    0.458910   -0.108910 (VIOLATED)
ANTENNA_2236/DIODE                      0.350000    0.458908   -0.108908 (VIOLATED)
ANTENNA_2232/DIODE                      0.350000    0.458907   -0.108907 (VIOLATED)
wire349/X                               0.350000    0.458880   -0.108880 (VIOLATED)
u_memory._400_/X                        0.350000    0.458779   -0.108779 (VIOLATED)
u_memory.g_read[1].g_bank[0].g_slice[0].u_sram/din[9]    0.350000    0.458529   -0.108529 (VIOLATED)
u_memory.g_read[0].g_bank[0].g_slice[0].u_sram/din[27]    0.350000    0.458525   -0.108525 (VIOLATED)
u_memory._402_/A1                       0.350000    0.458311   -0.108311 (VIOLATED)
max_cap551/X                            0.350000    0.458159   -0.108159 (VIOLATED)
u_memory.g_read[1].g_bank[3].g_slice[0].u_sram/din[12]    0.350000    0.458107   -0.108107 (VIOLATED)
u_memory._343_/C                        0.350000    0.457755   -0.107755 (VIOLATED)
ANTENNA_624/DIODE                       0.350000    0.457752   -0.107752 (VIOLATED)
ANTENNA_623/DIODE                       0.350000    0.457750   -0.107750 (VIOLATED)
ANTENNA_621/DIODE                       0.350000    0.457749   -0.107749 (VIOLATED)
ANTENNA_622/DIODE                       0.350000    0.457746   -0.107746 (VIOLATED)
u_memory.g_read[1].g_bank[3].g_slice[0].u_sram/din[31]    0.350000    0.457640   -0.107640 (VIOLATED)
wire211/X                               0.350000    0.457077   -0.107077 (VIOLATED)
ANTENNA_23/DIODE                        0.350000    0.456858   -0.106858 (VIOLATED)
_004_/D                                 0.350000    0.456858   -0.106858 (VIOLATED)
ANTENNA_234/DIODE                       0.350000    0.456810   -0.106810 (VIOLATED)
_112_/D                                 0.350000    0.456809   -0.106809 (VIOLATED)
u_memory._218_/X                        0.350000    0.456794   -0.106794 (VIOLATED)
input40/X                               0.350000    0.456774   -0.106774 (VIOLATED)
u_memory.g_read[1].g_bank[3].g_slice[0].u_sram/din[4]    0.350000    0.456756   -0.106756 (VIOLATED)
u_memory.g_read[0].g_bank[3].g_slice[0].u_sram/din[30]    0.350000    0.456540   -0.106540 (VIOLATED)
u_memory.g_read[1].g_bank[0].g_slice[0].u_sram/din[13]    0.350000    0.456387   -0.106387 (VIOLATED)
_072_/D                                 0.350000    0.456161   -0.106161 (VIOLATED)
ANTENNA_226/DIODE                       0.350000    0.456160   -0.106160 (VIOLATED)
input18/X                               0.350000    0.456124   -0.106124 (VIOLATED)
u_memory._279_/B1                       0.350000    0.456066   -0.106066 (VIOLATED)
ANTENNA_98/DIODE                        0.350000    0.456063   -0.106063 (VIOLATED)
ANTENNA_96/DIODE                        0.350000    0.456062   -0.106062 (VIOLATED)
ANTENNA_97/DIODE                        0.350000    0.456060   -0.106060 (VIOLATED)
u_memory.g_read[0].g_bank[3].g_slice[0].u_sram/din[19]    0.350000    0.455890   -0.105890 (VIOLATED)
ANTENNA_1900/DIODE                      0.350000    0.455593   -0.105593 (VIOLATED)
ANTENNA_1895/DIODE                      0.350000    0.455593   -0.105593 (VIOLATED)
ANTENNA_1894/DIODE                      0.350000    0.455592   -0.105592 (VIOLATED)
ANTENNA_1893/DIODE                      0.350000    0.455592   -0.105592 (VIOLATED)
ANTENNA_1892/DIODE                      0.350000    0.455592   -0.105592 (VIOLATED)
ANTENNA_1891/DIODE                      0.350000    0.455591   -0.105591 (VIOLATED)
ANTENNA_1896/DIODE                      0.350000    0.455590   -0.105590 (VIOLATED)
ANTENNA_1890/DIODE                      0.350000    0.455588   -0.105588 (VIOLATED)
ANTENNA_1899/DIODE                      0.350000    0.455588   -0.105588 (VIOLATED)
ANTENNA_1898/DIODE                      0.350000    0.455588   -0.105588 (VIOLATED)
ANTENNA_1897/DIODE                      0.350000    0.455587   -0.105587 (VIOLATED)
u_memory._277_/X                        0.350000    0.455259   -0.105259 (VIOLATED)
_100_/D                                 0.350000    0.455135   -0.105135 (VIOLATED)
wire645/X                               0.350000    0.455113   -0.105113 (VIOLATED)
max_cap498/X                            0.350000    0.454673   -0.104673 (VIOLATED)
u_memory._263_/A2                       0.350000    0.454622   -0.104622 (VIOLATED)
ANTENNA_649/DIODE                       0.350000    0.454504   -0.104504 (VIOLATED)
ANTENNA_650/DIODE                       0.350000    0.454500   -0.104500 (VIOLATED)
u_memory._412_/C                        0.350000    0.454499   -0.104499 (VIOLATED)
ANTENNA_646/DIODE                       0.350000    0.454498   -0.104498 (VIOLATED)
ANTENNA_648/DIODE                       0.350000    0.454498   -0.104498 (VIOLATED)
ANTENNA_644/DIODE                       0.350000    0.454496   -0.104495 (VIOLATED)
ANTENNA_642/DIODE                       0.350000    0.454483   -0.104483 (VIOLATED)
ANTENNA_645/DIODE                       0.350000    0.454443   -0.104443 (VIOLATED)
ANTENNA_643/DIODE                       0.350000    0.454443   -0.104443 (VIOLATED)
ANTENNA_647/DIODE                       0.350000    0.454441   -0.104441 (VIOLATED)
ANTENNA_641/DIODE                       0.350000    0.454439   -0.104439 (VIOLATED)
ANTENNA_651/DIODE                       0.350000    0.454437   -0.104437 (VIOLATED)
u_memory.g_read[0].g_bank[0].g_slice[0].u_sram/din[14]    0.350000    0.454064   -0.104064 (VIOLATED)
u_memory.g_read[0].g_bank[3].g_slice[0].u_sram/din[3]    0.350000    0.453803   -0.103803 (VIOLATED)
hold174/X                               0.350000    0.453697   -0.103697 (VIOLATED)
wire216/X                               0.350000    0.453649   -0.103649 (VIOLATED)
u_memory._318_/A1                       0.350000    0.453583   -0.103583 (VIOLATED)
hold179/X                               0.350000    0.453533   -0.103533 (VIOLATED)
u_memory._318_/A0                       0.350000    0.453002   -0.103002 (VIOLATED)
u_memory.g_read[0].g_bank[0].g_slice[0].u_sram/wmask[1]    0.350000    0.452238   -0.102238 (VIOLATED)
_114_/D                                 0.350000    0.452007   -0.102007 (VIOLATED)
ANTENNA_2797/DIODE                      0.350000    0.452006   -0.102006 (VIOLATED)
input42/X                               0.350000    0.451979   -0.101979 (VIOLATED)
ANTENNA_2796/DIODE                      0.350000    0.451950   -0.101950 (VIOLATED)
_113_/D                                 0.350000    0.451949   -0.101949 (VIOLATED)
input41/X                               0.350000    0.451923   -0.101923 (VIOLATED)
u_memory.g_read[1].g_bank[0].g_slice[0].u_sram/din[31]    0.350000    0.451837   -0.101837 (VIOLATED)
u_memory.g_read[0].g_bank[2].g_slice[0].u_sram/din[5]    0.350000    0.451754   -0.101754 (VIOLATED)
u_memory.g_read[0].g_bank[3].g_slice[0].u_sram/din[1]    0.350000    0.451446   -0.101446 (VIOLATED)
u_memory.g_read[1].g_bank[0].g_slice[0].u_sram/din[29]    0.350000    0.451211   -0.101211 (VIOLATED)
u_memory.g_read[0].g_bank[1].g_slice[0].u_sram/wmask[1]    0.350000    0.451191   -0.101191 (VIOLATED)
u_memory.g_read[1].g_bank[0].g_slice[0].u_sram/din[30]    0.350000    0.451138   -0.101138 (VIOLATED)
u_memory._282_/A1                       0.350000    0.450915   -0.100915 (VIOLATED)
ANTENNA_1176/DIODE                      0.350000    0.450911   -0.100911 (VIOLATED)
ANTENNA_1174/DIODE                      0.350000    0.450910   -0.100910 (VIOLATED)
ANTENNA_1175/DIODE                      0.350000    0.450901   -0.100901 (VIOLATED)
ANTENNA_1177/DIODE                      0.350000    0.450898   -0.100898 (VIOLATED)
u_memory._307_/A1                       0.350000    0.450639   -0.100639 (VIOLATED)
u_memory.g_read[0].g_bank[0].g_slice[0].u_sram/din[15]    0.350000    0.450567   -0.100567 (VIOLATED)
u_memory.g_read[1].g_bank[2].g_slice[0].u_sram/din[12]    0.350000    0.450522   -0.100522 (VIOLATED)
wire352/X                               0.350000    0.450310   -0.100310 (VIOLATED)
output97/A                              0.350000    0.450244   -0.100244 (VIOLATED)
u_memory._316_/A0                       0.350000    0.450019   -0.100019 (VIOLATED)
u_memory._312_/S                        0.350000    0.450017   -0.100017 (VIOLATED)
u_memory._294_/B2                       0.350000    0.449988   -0.099988 (VIOLATED)
ANTENNA_2773/DIODE                      0.350000    0.449987   -0.099987 (VIOLATED)
ANTENNA_2772/DIODE                      0.350000    0.449987   -0.099987 (VIOLATED)
ANTENNA_116/DIODE                       0.350000    0.449986   -0.099986 (VIOLATED)
ANTENNA_2770/DIODE                      0.350000    0.449979   -0.099979 (VIOLATED)
ANTENNA_2771/DIODE                      0.350000    0.449979   -0.099979 (VIOLATED)
u_memory._309_/S                        0.350000    0.449935   -0.099935 (VIOLATED)
hold191/X                               0.350000    0.449919   -0.099919 (VIOLATED)
u_memory.g_read[0].g_bank[0].g_slice[0].u_sram/din[1]    0.350000    0.449901   -0.099901 (VIOLATED)
u_memory._306_/S                        0.350000    0.449897   -0.099897 (VIOLATED)
u_memory._311_/S                        0.350000    0.449878   -0.099878 (VIOLATED)
u_memory._310_/S                        0.350000    0.449812   -0.099812 (VIOLATED)
wire267/X                               0.350000    0.449728   -0.099728 (VIOLATED)
_032_/Q                                 0.350000    0.449569   -0.099569 (VIOLATED)
u_memory._305_/S                        0.350000    0.449490   -0.099490 (VIOLATED)
hold190/X                               0.350000    0.449464   -0.099464 (VIOLATED)
u_memory._293_/X                        0.350000    0.449288   -0.099288 (VIOLATED)
u_memory.g_read[0].g_bank[0].g_slice[0].u_sram/din[5]    0.350000    0.448859   -0.098859 (VIOLATED)
u_memory.g_read[1].g_bank[0].g_slice[0].u_sram/din[5]    0.350000    0.448717   -0.098717 (VIOLATED)
u_memory._309_/A1                       0.350000    0.448605   -0.098605 (VIOLATED)
wire391/A                               0.350000    0.448573   -0.098573 (VIOLATED)
max_cap396/A                            0.350000    0.448554   -0.098554 (VIOLATED)
u_memory.g_read[1].g_bank[0].g_slice[0].u_sram/din[19]    0.350000    0.448329   -0.098329 (VIOLATED)
hold204/X                               0.350000    0.448241   -0.098241 (VIOLATED)
hold193/X                               0.350000    0.448123   -0.098123 (VIOLATED)
u_memory._195_/A1                       0.350000    0.448048   -0.098048 (VIOLATED)
ANTENNA_2742/DIODE                      0.350000    0.447668   -0.097668 (VIOLATED)
ANTENNA_2741/DIODE                      0.350000    0.447667   -0.097667 (VIOLATED)
ANTENNA_2743/DIODE                      0.350000    0.447666   -0.097666 (VIOLATED)
ANTENNA_2744/DIODE                      0.350000    0.447666   -0.097666 (VIOLATED)
hold171/X                               0.350000    0.447082   -0.097082 (VIOLATED)
u_memory.g_read[0].g_bank[1].g_slice[0].u_sram/din[14]    0.350000    0.446974   -0.096974 (VIOLATED)
wire193/X                               0.350000    0.446868   -0.096868 (VIOLATED)
u_memory.g_read[0].g_bank[0].g_slice[0].u_sram/din[7]    0.350000    0.446659   -0.096659 (VIOLATED)
u_memory.g_read[0].g_bank[3].g_slice[0].u_sram/din[26]    0.350000    0.446364   -0.096364 (VIOLATED)
ANTENNA_1934/DIODE                      0.350000    0.446237   -0.096237 (VIOLATED)
ANTENNA_1937/DIODE                      0.350000    0.446236   -0.096236 (VIOLATED)
ANTENNA_1936/DIODE                      0.350000    0.446236   -0.096236 (VIOLATED)
ANTENNA_1935/DIODE                      0.350000    0.446236   -0.096235 (VIOLATED)
ANTENNA_1940/DIODE                      0.350000    0.446233   -0.096233 (VIOLATED)
ANTENNA_1939/DIODE                      0.350000    0.446233   -0.096233 (VIOLATED)
ANTENNA_1944/DIODE                      0.350000    0.446233   -0.096233 (VIOLATED)
ANTENNA_1938/DIODE                      0.350000    0.446233   -0.096233 (VIOLATED)
ANTENNA_1942/DIODE                      0.350000    0.446233   -0.096233 (VIOLATED)
ANTENNA_1941/DIODE                      0.350000    0.446233   -0.096233 (VIOLATED)
ANTENNA_1943/DIODE                      0.350000    0.446217   -0.096217 (VIOLATED)
u_memory.g_read[0].g_bank[3].g_slice[0].u_sram/din[31]    0.350000    0.446190   -0.096190 (VIOLATED)
ANTENNA_2761/DIODE                      0.350000    0.446116   -0.096116 (VIOLATED)
ANTENNA_2760/DIODE                      0.350000    0.446115   -0.096115 (VIOLATED)
ANTENNA_2759/DIODE                      0.350000    0.446110   -0.096110 (VIOLATED)
ANTENNA_2758/DIODE                      0.350000    0.446110   -0.096110 (VIOLATED)
ANTENNA_1581/DIODE                      0.350000    0.445851   -0.095851 (VIOLATED)
ANTENNA_1571/DIODE                      0.350000    0.445849   -0.095849 (VIOLATED)
ANTENNA_1580/DIODE                      0.350000    0.445847   -0.095847 (VIOLATED)
ANTENNA_1578/DIODE                      0.350000    0.445847   -0.095847 (VIOLATED)
ANTENNA_1576/DIODE                      0.350000    0.445846   -0.095846 (VIOLATED)
ANTENNA_1577/DIODE                      0.350000    0.445846   -0.095846 (VIOLATED)
ANTENNA_1575/DIODE                      0.350000    0.445846   -0.095846 (VIOLATED)
ANTENNA_1574/DIODE                      0.350000    0.445846   -0.095846 (VIOLATED)
ANTENNA_1573/DIODE                      0.350000    0.445846   -0.095846 (VIOLATED)
ANTENNA_1572/DIODE                      0.350000    0.445845   -0.095845 (VIOLATED)
ANTENNA_1579/DIODE                      0.350000    0.445830   -0.095830 (VIOLATED)
u_memory.g_read[1].g_bank[1].g_slice[0].u_sram/din[24]    0.350000    0.445810   -0.095810 (VIOLATED)
ANTENNA_1867/DIODE                      0.350000    0.445781   -0.095781 (VIOLATED)
ANTENNA_1866/DIODE                      0.350000    0.445781   -0.095781 (VIOLATED)
ANTENNA_1865/DIODE                      0.350000    0.445779   -0.095779 (VIOLATED)
ANTENNA_1820/DIODE                      0.350000    0.445752   -0.095752 (VIOLATED)
ANTENNA_1818/DIODE                      0.350000    0.445752   -0.095752 (VIOLATED)
ANTENNA_1821/DIODE                      0.350000    0.445752   -0.095752 (VIOLATED)
ANTENNA_1814/DIODE                      0.350000    0.445751   -0.095751 (VIOLATED)
ANTENNA_1816/DIODE                      0.350000    0.445751   -0.095751 (VIOLATED)
ANTENNA_1815/DIODE                      0.350000    0.445751   -0.095751 (VIOLATED)
ANTENNA_1819/DIODE                      0.350000    0.445751   -0.095750 (VIOLATED)
ANTENNA_1862/DIODE                      0.350000    0.445751   -0.095751 (VIOLATED)
ANTENNA_1817/DIODE                      0.350000    0.445750   -0.095750 (VIOLATED)
ANTENNA_1858/DIODE                      0.350000    0.445750   -0.095750 (VIOLATED)
ANTENNA_1813/DIODE                      0.350000    0.445750   -0.095750 (VIOLATED)
ANTENNA_1857/DIODE                      0.350000    0.445750   -0.095750 (VIOLATED)
ANTENNA_1859/DIODE                      0.350000    0.445747   -0.095747 (VIOLATED)
ANTENNA_1860/DIODE                      0.350000    0.445745   -0.095745 (VIOLATED)
ANTENNA_1861/DIODE                      0.350000    0.445743   -0.095743 (VIOLATED)
ANTENNA_1863/DIODE                      0.350000    0.445740   -0.095740 (VIOLATED)
ANTENNA_1822/DIODE                      0.350000    0.445737   -0.095737 (VIOLATED)
ANTENNA_1823/DIODE                      0.350000    0.445737   -0.095737 (VIOLATED)
ANTENNA_1864/DIODE                      0.350000    0.445737   -0.095737 (VIOLATED)
u_memory.g_read[1].g_bank[0].g_slice[0].u_sram/din[3]    0.350000    0.445599   -0.095599 (VIOLATED)
hold182/X                               0.350000    0.445537   -0.095537 (VIOLATED)
max_cap504/X                            0.350000    0.445521   -0.095521 (VIOLATED)
ANTENNA_2507/DIODE                      0.350000    0.445378   -0.095378 (VIOLATED)
ANTENNA_2506/DIODE                      0.350000    0.445378   -0.095378 (VIOLATED)
ANTENNA_2516/DIODE                      0.350000    0.445359   -0.095359 (VIOLATED)
ANTENNA_2514/DIODE                      0.350000    0.445359   -0.095359 (VIOLATED)
ANTENNA_2512/DIODE                      0.350000    0.445359   -0.095359 (VIOLATED)
ANTENNA_2511/DIODE                      0.350000    0.445359   -0.095359 (VIOLATED)
ANTENNA_2508/DIODE                      0.350000    0.445358   -0.095358 (VIOLATED)
ANTENNA_2510/DIODE                      0.350000    0.445358   -0.095358 (VIOLATED)
ANTENNA_2509/DIODE                      0.350000    0.445357   -0.095357 (VIOLATED)
ANTENNA_2513/DIODE                      0.350000    0.445342   -0.095342 (VIOLATED)
ANTENNA_2515/DIODE                      0.350000    0.445342   -0.095342 (VIOLATED)
ANTENNA_1554/DIODE                      0.350000    0.445093   -0.095093 (VIOLATED)
ANTENNA_1550/DIODE                      0.350000    0.445092   -0.095092 (VIOLATED)
ANTENNA_1549/DIODE                      0.350000    0.445091   -0.095091 (VIOLATED)
ANTENNA_1559/DIODE                      0.350000    0.445085   -0.095085 (VIOLATED)
ANTENNA_1558/DIODE                      0.350000    0.445084   -0.095084 (VIOLATED)
max_cap485/X                            0.350000    0.445050   -0.095050 (VIOLATED)
ANTENNA_1557/DIODE                      0.350000    0.445049   -0.095049 (VIOLATED)
ANTENNA_1551/DIODE                      0.350000    0.445048   -0.095048 (VIOLATED)
ANTENNA_1552/DIODE                      0.350000    0.445045   -0.095045 (VIOLATED)
ANTENNA_1553/DIODE                      0.350000    0.445042   -0.095042 (VIOLATED)
wire647/X                               0.350000    0.445042   -0.095042 (VIOLATED)
ANTENNA_1555/DIODE                      0.350000    0.445040   -0.095040 (VIOLATED)
ANTENNA_1556/DIODE                      0.350000    0.445037   -0.095037 (VIOLATED)
max_cap447/X                            0.350000    0.445021   -0.095021 (VIOLATED)
max_cap492/X                            0.350000    0.444937   -0.094937 (VIOLATED)
u_memory.g_read[1].g_bank[2].g_slice[0].u_sram/din[15]    0.350000    0.444930   -0.094930 (VIOLATED)
u_memory.g_read[0].g_bank[0].g_slice[0].u_sram/din[28]    0.350000    0.444874   -0.094874 (VIOLATED)
ANTENNA_2437/DIODE                      0.350000    0.444830   -0.094830 (VIOLATED)
ANTENNA_2431/DIODE                      0.350000    0.444830   -0.094830 (VIOLATED)
ANTENNA_2432/DIODE                      0.350000    0.444830   -0.094830 (VIOLATED)
ANTENNA_2433/DIODE                      0.350000    0.444829   -0.094829 (VIOLATED)
ANTENNA_2436/DIODE                      0.350000    0.444829   -0.094829 (VIOLATED)
ANTENNA_2435/DIODE                      0.350000    0.444829   -0.094829 (VIOLATED)
ANTENNA_2434/DIODE                      0.350000    0.444826   -0.094826 (VIOLATED)
ANTENNA_2430/DIODE                      0.350000    0.444826   -0.094826 (VIOLATED)
ANTENNA_2429/DIODE                      0.350000    0.444826   -0.094826 (VIOLATED)
ANTENNA_2438/DIODE                      0.350000    0.444816   -0.094816 (VIOLATED)
ANTENNA_2439/DIODE                      0.350000    0.444815   -0.094815 (VIOLATED)
max_cap595/X                            0.350000    0.444654   -0.094654 (VIOLATED)
_009_/D                                 0.350000    0.444414   -0.094414 (VIOLATED)
ANTENNA_1961/DIODE                      0.350000    0.444413   -0.094413 (VIOLATED)
ANTENNA_1965/DIODE                      0.350000    0.444413   -0.094413 (VIOLATED)
ANTENNA_1960/DIODE                      0.350000    0.444413   -0.094413 (VIOLATED)
ANTENNA_1958/DIODE                      0.350000    0.444412   -0.094412 (VIOLATED)
ANTENNA_1963/DIODE                      0.350000    0.444412   -0.094412 (VIOLATED)
ANTENNA_1962/DIODE                      0.350000    0.444412   -0.094412 (VIOLATED)
ANTENNA_1966/DIODE                      0.350000    0.444407   -0.094407 (VIOLATED)
ANTENNA_1964/DIODE                      0.350000    0.444407   -0.094407 (VIOLATED)
ANTENNA_1959/DIODE                      0.350000    0.444405   -0.094405 (VIOLATED)
ANTENNA_1957/DIODE                      0.350000    0.444404   -0.094404 (VIOLATED)
ANTENNA_1956/DIODE                      0.350000    0.444404   -0.094404 (VIOLATED)
u_memory._233_/X                        0.350000    0.444375   -0.094375 (VIOLATED)
max_cap443/X                            0.350000    0.444136   -0.094136 (VIOLATED)
max_cap582/X                            0.350000    0.444123   -0.094123 (VIOLATED)
_008_/CLK                               0.350000    0.443780   -0.093780 (VIOLATED)
_018_/CLK                               0.350000    0.443771   -0.093771 (VIOLATED)
_027_/CLK                               0.350000    0.443759   -0.093759 (VIOLATED)
_024_/CLK                               0.350000    0.443758   -0.093758 (VIOLATED)
_026_/CLK                               0.350000    0.443756   -0.093756 (VIOLATED)
_025_/CLK                               0.350000    0.443754   -0.093754 (VIOLATED)
_029_/CLK                               0.350000    0.443753   -0.093753 (VIOLATED)
max_cap508/X                            0.350000    0.443519   -0.093519 (VIOLATED)
clkbuf_4_0__f_clk/X                     0.350000    0.443515   -0.093515 (VIOLATED)
u_memory.g_read[1].g_bank[3].g_slice[0].u_sram/ce    0.350000    0.443429   -0.093429 (VIOLATED)
ANTENNA_2417/DIODE                      0.350000    0.443402   -0.093402 (VIOLATED)
ANTENNA_2408/DIODE                      0.350000    0.443401   -0.093401 (VIOLATED)
ANTENNA_2407/DIODE                      0.350000    0.443400   -0.093400 (VIOLATED)
ANTENNA_2416/DIODE                      0.350000    0.443400   -0.093400 (VIOLATED)
ANTENNA_2414/DIODE                      0.350000    0.443400   -0.093400 (VIOLATED)
ANTENNA_2412/DIODE                      0.350000    0.443399   -0.093399 (VIOLATED)
ANTENNA_2411/DIODE                      0.350000    0.443399   -0.093399 (VIOLATED)
ANTENNA_2409/DIODE                      0.350000    0.443399   -0.093399 (VIOLATED)
ANTENNA_2410/DIODE                      0.350000    0.443398   -0.093398 (VIOLATED)
ANTENNA_2413/DIODE                      0.350000    0.443385   -0.093385 (VIOLATED)
ANTENNA_2415/DIODE                      0.350000    0.443385   -0.093385 (VIOLATED)
max_cap579/X                            0.350000    0.442733   -0.092733 (VIOLATED)
u_memory._267_/A1                       0.350000    0.442722   -0.092722 (VIOLATED)
ANTENNA_1193/DIODE                      0.350000    0.442722   -0.092722 (VIOLATED)
ANTENNA_1196/DIODE                      0.350000    0.442722   -0.092722 (VIOLATED)
ANTENNA_1194/DIODE                      0.350000    0.442706   -0.092706 (VIOLATED)
ANTENNA_1195/DIODE                      0.350000    0.442706   -0.092706 (VIOLATED)
ANTENNA_2726/DIODE                      0.350000    0.442399   -0.092399 (VIOLATED)
ANTENNA_2725/DIODE                      0.350000    0.442399   -0.092399 (VIOLATED)
u_memory._374_/A2                       0.350000    0.442397   -0.092397 (VIOLATED)
ANTENNA_751/DIODE                       0.350000    0.442395   -0.092395 (VIOLATED)
ANTENNA_2727/DIODE                      0.350000    0.442394   -0.092394 (VIOLATED)
ANTENNA_2728/DIODE                      0.350000    0.442394   -0.092394 (VIOLATED)
ANTENNA_749/DIODE                       0.350000    0.442393   -0.092393 (VIOLATED)
ANTENNA_750/DIODE                       0.350000    0.442390   -0.092390 (VIOLATED)
ANTENNA_748/DIODE                       0.350000    0.442389   -0.092389 (VIOLATED)
u_memory.g_read[0].g_bank[3].g_slice[0].u_sram/wmask[1]    0.350000    0.442154   -0.092154 (VIOLATED)
wire358/X                               0.350000    0.442152   -0.092152 (VIOLATED)
ANTENNA_2208/DIODE                      0.350000    0.442032   -0.092032 (VIOLATED)
ANTENNA_2198/DIODE                      0.350000    0.442032   -0.092032 (VIOLATED)
ANTENNA_2199/DIODE                      0.350000    0.442030   -0.092030 (VIOLATED)
ANTENNA_2207/DIODE                      0.350000    0.442029   -0.092029 (VIOLATED)
ANTENNA_2201/DIODE                      0.350000    0.442028   -0.092028 (VIOLATED)
ANTENNA_2205/DIODE                      0.350000    0.442028   -0.092028 (VIOLATED)
ANTENNA_2200/DIODE                      0.350000    0.442028   -0.092028 (VIOLATED)
ANTENNA_2203/DIODE                      0.350000    0.442028   -0.092028 (VIOLATED)
ANTENNA_2202/DIODE                      0.350000    0.442028   -0.092028 (VIOLATED)
ANTENNA_2206/DIODE                      0.350000    0.442015   -0.092015 (VIOLATED)
ANTENNA_2204/DIODE                      0.350000    0.442014   -0.092014 (VIOLATED)
hold163/X                               0.350000    0.441837   -0.091837 (VIOLATED)
wire245/X                               0.350000    0.441779   -0.091779 (VIOLATED)
u_memory._236_/A1                       0.350000    0.441770   -0.091770 (VIOLATED)
ANTENNA_2812/DIODE                      0.350000    0.441498   -0.091498 (VIOLATED)
output93/A                              0.350000    0.441498   -0.091498 (VIOLATED)
max_cap546/X                            0.350000    0.441382   -0.091382 (VIOLATED)
u_memory.g_read[0].g_bank[2].g_slice[0].u_sram/wmask[1]    0.350000    0.441308   -0.091308 (VIOLATED)
u_memory._339_/B1                       0.350000    0.440894   -0.090894 (VIOLATED)
ANTENNA_143/DIODE                       0.350000    0.440890   -0.090890 (VIOLATED)
ANTENNA_141/DIODE                       0.350000    0.440889   -0.090889 (VIOLATED)
ANTENNA_140/DIODE                       0.350000    0.440888   -0.090888 (VIOLATED)
_029_/Q                                 0.350000    0.440882   -0.090882 (VIOLATED)
ANTENNA_142/DIODE                       0.350000    0.440881   -0.090881 (VIOLATED)
u_memory._190_/B                        0.350000    0.440768   -0.090768 (VIOLATED)
hold23/X                                0.350000    0.440725   -0.090725 (VIOLATED)
max_cap207/X                            0.350000    0.440719   -0.090719 (VIOLATED)
ANTENNA_2154/DIODE                      0.350000    0.440680   -0.090680 (VIOLATED)
ANTENNA_2163/DIODE                      0.350000    0.440680   -0.090680 (VIOLATED)
ANTENNA_2157/DIODE                      0.350000    0.440679   -0.090679 (VIOLATED)
ANTENNA_2161/DIODE                      0.350000    0.440679   -0.090679 (VIOLATED)
ANTENNA_2156/DIODE                      0.350000    0.440679   -0.090679 (VIOLATED)
ANTENNA_2159/DIODE                      0.350000    0.440679   -0.090679 (VIOLATED)
ANTENNA_2158/DIODE                      0.350000    0.440679   -0.090679 (VIOLATED)
ANTENNA_2155/DIODE                      0.350000    0.440678   -0.090678 (VIOLATED)
ANTENNA_2164/DIODE                      0.350000    0.440676   -0.090676 (VIOLATED)
ANTENNA_2162/DIODE                      0.350000    0.440666   -0.090666 (VIOLATED)
ANTENNA_2160/DIODE                      0.350000    0.440665   -0.090665 (VIOLATED)
u_memory._396_/B1                       0.350000    0.440636   -0.090636 (VIOLATED)
u_memory._308_/S                        0.350000    0.440500   -0.090500 (VIOLATED)
u_memory._249_/A1                       0.350000    0.440489   -0.090489 (VIOLATED)
ANTENNA_1211/DIODE                      0.350000    0.440478   -0.090478 (VIOLATED)
ANTENNA_1214/DIODE                      0.350000    0.440475   -0.090475 (VIOLATED)
ANTENNA_1212/DIODE                      0.350000    0.440475   -0.090475 (VIOLATED)
ANTENNA_1213/DIODE                      0.350000    0.440466   -0.090466 (VIOLATED)
u_memory.g_read[1].g_bank[3].g_slice[0].u_sram/din[27]    0.350000    0.440444   -0.090444 (VIOLATED)
u_memory._295_/C                        0.350000    0.440408   -0.090408 (VIOLATED)
ANTENNA_952/DIODE                       0.350000    0.440406   -0.090406 (VIOLATED)
ANTENNA_950/DIODE                       0.350000    0.440404   -0.090404 (VIOLATED)
ANTENNA_951/DIODE                       0.350000    0.440400   -0.090400 (VIOLATED)
ANTENNA_953/DIODE                       0.350000    0.440398   -0.090398 (VIOLATED)
max_cap539/X                            0.350000    0.440033   -0.090033 (VIOLATED)
u_memory._365_/A2                       0.350000    0.440015   -0.090015 (VIOLATED)
ANTENNA_759/DIODE                       0.350000    0.440011   -0.090011 (VIOLATED)
u_memory._337_/X                        0.350000    0.440008   -0.090008 (VIOLATED)
ANTENNA_758/DIODE                       0.350000    0.440006   -0.090006 (VIOLATED)
ANTENNA_756/DIODE                       0.350000    0.440004   -0.090004 (VIOLATED)
ANTENNA_757/DIODE                       0.350000    0.440002   -0.090002 (VIOLATED)
wire364/X                               0.350000    0.439899   -0.089899 (VIOLATED)
wire294/X                               0.350000    0.439766   -0.089766 (VIOLATED)
ANTENNA_1382/DIODE                      0.350000    0.439689   -0.089689 (VIOLATED)
ANTENNA_1381/DIODE                      0.350000    0.439689   -0.089689 (VIOLATED)
ANTENNA_1378/DIODE                      0.350000    0.439688   -0.089688 (VIOLATED)
ANTENNA_1374/DIODE                      0.350000    0.439688   -0.089688 (VIOLATED)
ANTENNA_1373/DIODE                      0.350000    0.439687   -0.089687 (VIOLATED)
ANTENNA_1383/DIODE                      0.350000    0.439682   -0.089682 (VIOLATED)
ANTENNA_1380/DIODE                      0.350000    0.439682   -0.089682 (VIOLATED)
ANTENNA_1375/DIODE                      0.350000    0.439682   -0.089682 (VIOLATED)
ANTENNA_1376/DIODE                      0.350000    0.439681   -0.089681 (VIOLATED)
ANTENNA_1379/DIODE                      0.350000    0.439681   -0.089681 (VIOLATED)
ANTENNA_1377/DIODE                      0.350000    0.439681   -0.089681 (VIOLATED)
u_memory.g_read[1].g_bank[2].g_slice[0].u_sram/din[21]    0.350000    0.439624   -0.089624 (VIOLATED)
ANTENNA_2384/DIODE                      0.350000    0.439610   -0.089610 (VIOLATED)
ANTENNA_2383/DIODE                      0.350000    0.439609   -0.089609 (VIOLATED)
ANTENNA_2381/DIODE                      0.350000    0.439609   -0.089609 (VIOLATED)
ANTENNA_2375/DIODE                      0.350000    0.439609   -0.089609 (VIOLATED)
ANTENNA_2379/DIODE                      0.350000    0.439609   -0.089608 (VIOLATED)
ANTENNA_2378/DIODE                      0.350000    0.439608   -0.089608 (VIOLATED)
ANTENNA_2374/DIODE                      0.350000    0.439608   -0.089608 (VIOLATED)
ANTENNA_2377/DIODE                      0.350000    0.439608   -0.089608 (VIOLATED)
ANTENNA_2376/DIODE                      0.350000    0.439608   -0.089608 (VIOLATED)
ANTENNA_2382/DIODE                      0.350000    0.439594   -0.089594 (VIOLATED)
ANTENNA_2380/DIODE                      0.350000    0.439594   -0.089594 (VIOLATED)
wire172/X                               0.350000    0.439551   -0.089551 (VIOLATED)
u_memory.g_read[0].g_bank[2].g_slice[0].u_sram/din[9]    0.350000    0.439417   -0.089417 (VIOLATED)
ANTENNA_1468/DIODE                      0.350000    0.439409   -0.089409 (VIOLATED)
ANTENNA_1466/DIODE                      0.350000    0.439408   -0.089408 (VIOLATED)
ANTENNA_1462/DIODE                      0.350000    0.439408   -0.089408 (VIOLATED)
ANTENNA_1461/DIODE                      0.350000    0.439407   -0.089407 (VIOLATED)
ANTENNA_1469/DIODE                      0.350000    0.439405   -0.089405 (VIOLATED)
ANTENNA_1467/DIODE                      0.350000    0.439405   -0.089405 (VIOLATED)
ANTENNA_1465/DIODE                      0.350000    0.439405   -0.089405 (VIOLATED)
ANTENNA_1464/DIODE                      0.350000    0.439404   -0.089404 (VIOLATED)
ANTENNA_1470/DIODE                      0.350000    0.439404   -0.089404 (VIOLATED)
ANTENNA_1463/DIODE                      0.350000    0.439404   -0.089404 (VIOLATED)
ANTENNA_2032/DIODE                      0.350000    0.439392   -0.089392 (VIOLATED)
ANTENNA_2031/DIODE                      0.350000    0.439391   -0.089391 (VIOLATED)
ANTENNA_2025/DIODE                      0.350000    0.439391   -0.089391 (VIOLATED)
ANTENNA_2029/DIODE                      0.350000    0.439391   -0.089391 (VIOLATED)
ANTENNA_2024/DIODE                      0.350000    0.439391   -0.089391 (VIOLATED)
ANTENNA_2027/DIODE                      0.350000    0.439391   -0.089390 (VIOLATED)
ANTENNA_2026/DIODE                      0.350000    0.439390   -0.089390 (VIOLATED)
ANTENNA_2023/DIODE                      0.350000    0.439390   -0.089390 (VIOLATED)
ANTENNA_1471/DIODE                      0.350000    0.439388   -0.089388 (VIOLATED)
ANTENNA_2022/DIODE                      0.350000    0.439388   -0.089388 (VIOLATED)
ANTENNA_2030/DIODE                      0.350000    0.439377   -0.089377 (VIOLATED)
ANTENNA_2028/DIODE                      0.350000    0.439377   -0.089377 (VIOLATED)
u_memory._243_/A1                       0.350000    0.439276   -0.089276 (VIOLATED)
ANTENNA_1218/DIODE                      0.350000    0.439276   -0.089275 (VIOLATED)
ANTENNA_1221/DIODE                      0.350000    0.439273   -0.089273 (VIOLATED)
ANTENNA_1219/DIODE                      0.350000    0.439272   -0.089272 (VIOLATED)
ANTENNA_1220/DIODE                      0.350000    0.439264   -0.089264 (VIOLATED)
wire248/X                               0.350000    0.439176   -0.089176 (VIOLATED)
max_cap415/X                            0.350000    0.439040   -0.089040 (VIOLATED)
max_cap574/X                            0.350000    0.438924   -0.088924 (VIOLATED)
max_cap429/X                            0.350000    0.438755   -0.088755 (VIOLATED)
max_cap518/X                            0.350000    0.438744   -0.088744 (VIOLATED)
wire366/X                               0.350000    0.438698   -0.088698 (VIOLATED)
ANTENNA_2481/DIODE                      0.350000    0.438640   -0.088640 (VIOLATED)
ANTENNA_2475/DIODE                      0.350000    0.438640   -0.088640 (VIOLATED)
ANTENNA_2476/DIODE                      0.350000    0.438639   -0.088639 (VIOLATED)
ANTENNA_2477/DIODE                      0.350000    0.438639   -0.088639 (VIOLATED)
ANTENNA_2478/DIODE                      0.350000    0.438639   -0.088639 (VIOLATED)
ANTENNA_2479/DIODE                      0.350000    0.438639   -0.088639 (VIOLATED)
ANTENNA_2473/DIODE                      0.350000    0.438638   -0.088638 (VIOLATED)
ANTENNA_2474/DIODE                      0.350000    0.438638   -0.088638 (VIOLATED)
ANTENNA_2480/DIODE                      0.350000    0.438638   -0.088638 (VIOLATED)
ANTENNA_2482/DIODE                      0.350000    0.438632   -0.088632 (VIOLATED)
ANTENNA_2483/DIODE                      0.350000    0.438632   -0.088632 (VIOLATED)
ANTENNA_1671/DIODE                      0.350000    0.438313   -0.088313 (VIOLATED)
ANTENNA_1670/DIODE                      0.350000    0.438311   -0.088311 (VIOLATED)
ANTENNA_1680/DIODE                      0.350000    0.438293   -0.088293 (VIOLATED)
ANTENNA_1678/DIODE                      0.350000    0.438293   -0.088292 (VIOLATED)
ANTENNA_1676/DIODE                      0.350000    0.438292   -0.088292 (VIOLATED)
ANTENNA_1675/DIODE                      0.350000    0.438292   -0.088292 (VIOLATED)
ANTENNA_1672/DIODE                      0.350000    0.438291   -0.088291 (VIOLATED)
ANTENNA_1674/DIODE                      0.350000    0.438291   -0.088291 (VIOLATED)
ANTENNA_1673/DIODE                      0.350000    0.438291   -0.088291 (VIOLATED)
ANTENNA_1677/DIODE                      0.350000    0.438276   -0.088276 (VIOLATED)
ANTENNA_1679/DIODE                      0.350000    0.438276   -0.088276 (VIOLATED)
hold19/X                                0.350000    0.437963   -0.087963 (VIOLATED)
u_memory._294_/B1                       0.350000    0.437949   -0.087949 (VIOLATED)
ANTENNA_115/DIODE                       0.350000    0.437945   -0.087945 (VIOLATED)
ANTENNA_114/DIODE                       0.350000    0.437944   -0.087944 (VIOLATED)
ANTENNA_112/DIODE                       0.350000    0.437943   -0.087943 (VIOLATED)
ANTENNA_113/DIODE                       0.350000    0.437940   -0.087940 (VIOLATED)
max_cap589/X                            0.350000    0.437849   -0.087849 (VIOLATED)
ANTENNA_2791/DIODE                      0.350000    0.437846   -0.087846 (VIOLATED)
_079_/D                                 0.350000    0.437845   -0.087845 (VIOLATED)
max_cap462/X                            0.350000    0.437654   -0.087654 (VIOLATED)
u_memory._340_/C                        0.350000    0.437623   -0.087623 (VIOLATED)
ANTENNA_627/DIODE                       0.350000    0.437618   -0.087618 (VIOLATED)
ANTENNA_625/DIODE                       0.350000    0.437617   -0.087617 (VIOLATED)
ANTENNA_626/DIODE                       0.350000    0.437614   -0.087614 (VIOLATED)
u_memory._356_/A2                       0.350000    0.437613   -0.087613 (VIOLATED)
ANTENNA_628/DIODE                       0.350000    0.437612   -0.087612 (VIOLATED)
ANTENNA_769/DIODE                       0.350000    0.437607   -0.087607 (VIOLATED)
ANTENNA_767/DIODE                       0.350000    0.437606   -0.087606 (VIOLATED)
ANTENNA_768/DIODE                       0.350000    0.437604   -0.087604 (VIOLATED)
ANTENNA_1411/DIODE                      0.350000    0.437594   -0.087594 (VIOLATED)
ANTENNA_1406/DIODE                      0.350000    0.437594   -0.087594 (VIOLATED)
ANTENNA_1412/DIODE                      0.350000    0.437594   -0.087594 (VIOLATED)
ANTENNA_1416/DIODE                      0.350000    0.437593   -0.087593 (VIOLATED)
ANTENNA_1410/DIODE                      0.350000    0.437593   -0.087593 (VIOLATED)
ANTENNA_1409/DIODE                      0.350000    0.437593   -0.087593 (VIOLATED)
ANTENNA_1414/DIODE                      0.350000    0.437593   -0.087593 (VIOLATED)
ANTENNA_1413/DIODE                      0.350000    0.437593   -0.087593 (VIOLATED)
ANTENNA_1407/DIODE                      0.350000    0.437593   -0.087593 (VIOLATED)
ANTENNA_1408/DIODE                      0.350000    0.437593   -0.087593 (VIOLATED)
u_memory._414_/B1                       0.350000    0.437582   -0.087582 (VIOLATED)
ANTENNA_1415/DIODE                      0.350000    0.437575   -0.087575 (VIOLATED)
u_memory._192_/A2                       0.350000    0.437469   -0.087469 (VIOLATED)
input4/X                                0.350000    0.437276   -0.087276 (VIOLATED)
u_memory._188_/B                        0.350000    0.437267   -0.087267 (VIOLATED)
u_memory._292_/X                        0.350000    0.437195   -0.087195 (VIOLATED)
wire251/X                               0.350000    0.437130   -0.087130 (VIOLATED)
u_memory._423_/A2                       0.350000    0.437097   -0.087097 (VIOLATED)
u_memory.g_read[1].g_bank[1].g_slice[0].u_sram/ce    0.350000    0.437031   -0.087031 (VIOLATED)
wire212/X                               0.350000    0.437000   -0.087000 (VIOLATED)
u_memory._307_/S                        0.350000    0.436800   -0.086800 (VIOLATED)
max_cap420/X                            0.350000    0.436786   -0.086786 (VIOLATED)
u_memory._187_/X                        0.350000    0.436756   -0.086756 (VIOLATED)
wire171/X                               0.350000    0.436615   -0.086615 (VIOLATED)
u_memory._324_/C                        0.350000    0.436527   -0.086527 (VIOLATED)
ANTENNA_710/DIODE                       0.350000    0.436523   -0.086523 (VIOLATED)
ANTENNA_708/DIODE                       0.350000    0.436522   -0.086522 (VIOLATED)
ANTENNA_707/DIODE                       0.350000    0.436521   -0.086521 (VIOLATED)
ANTENNA_709/DIODE                       0.350000    0.436514   -0.086514 (VIOLATED)
ANTENNA_2323/DIODE                      0.350000    0.436450   -0.086450 (VIOLATED)
ANTENNA_2327/DIODE                      0.350000    0.436450   -0.086450 (VIOLATED)
ANTENNA_2322/DIODE                      0.350000    0.436449   -0.086449 (VIOLATED)
ANTENNA_2321/DIODE                      0.350000    0.436449   -0.086449 (VIOLATED)
ANTENNA_2325/DIODE                      0.350000    0.436449   -0.086449 (VIOLATED)
ANTENNA_2324/DIODE                      0.350000    0.436449   -0.086449 (VIOLATED)
ANTENNA_2329/DIODE                      0.350000    0.436444   -0.086444 (VIOLATED)
ANTENNA_2326/DIODE                      0.350000    0.436443   -0.086443 (VIOLATED)
ANTENNA_2328/DIODE                      0.350000    0.436443   -0.086443 (VIOLATED)
ANTENNA_2320/DIODE                      0.350000    0.436441   -0.086441 (VIOLATED)
ANTENNA_2319/DIODE                      0.350000    0.436441   -0.086441 (VIOLATED)
ANTENNA_2755/DIODE                      0.350000    0.436288   -0.086288 (VIOLATED)
ANTENNA_2754/DIODE                      0.350000    0.436288   -0.086288 (VIOLATED)
ANTENNA_2757/DIODE                      0.350000    0.436279   -0.086279 (VIOLATED)
ANTENNA_2756/DIODE                      0.350000    0.436279   -0.086279 (VIOLATED)
u_memory._214_/B1                       0.350000    0.436201   -0.086201 (VIOLATED)
ANTENNA_2214/DIODE                      0.350000    0.436197   -0.086197 (VIOLATED)
ANTENNA_2216/DIODE                      0.350000    0.436198   -0.086197 (VIOLATED)
ANTENNA_2210/DIODE                      0.350000    0.436197   -0.086197 (VIOLATED)
ANTENNA_2215/DIODE                      0.350000    0.436197   -0.086197 (VIOLATED)
ANTENNA_2209/DIODE                      0.350000    0.436197   -0.086197 (VIOLATED)
ANTENNA_2213/DIODE                      0.350000    0.436197   -0.086197 (VIOLATED)
ANTENNA_2212/DIODE                      0.350000    0.436197   -0.086197 (VIOLATED)
ANTENNA_2211/DIODE                      0.350000    0.436196   -0.086196 (VIOLATED)
ANTENNA_1491/DIODE                      0.350000    0.436191   -0.086191 (VIOLATED)
ANTENNA_1484/DIODE                      0.350000    0.436190   -0.086190 (VIOLATED)
ANTENNA_1483/DIODE                      0.350000    0.436190   -0.086190 (VIOLATED)
ANTENNA_2217/DIODE                      0.350000    0.436186   -0.086186 (VIOLATED)
ANTENNA_2219/DIODE                      0.350000    0.436184   -0.086184 (VIOLATED)
ANTENNA_2218/DIODE                      0.350000    0.436184   -0.086184 (VIOLATED)
ANTENNA_1492/DIODE                      0.350000    0.436181   -0.086181 (VIOLATED)
ANTENNA_1493/DIODE                      0.350000    0.436150   -0.086150 (VIOLATED)
ANTENNA_1490/DIODE                      0.350000    0.436150   -0.086150 (VIOLATED)
ANTENNA_1489/DIODE                      0.350000    0.436150   -0.086150 (VIOLATED)
ANTENNA_1485/DIODE                      0.350000    0.436148   -0.086148 (VIOLATED)
ANTENNA_1486/DIODE                      0.350000    0.436146   -0.086146 (VIOLATED)
ANTENNA_1487/DIODE                      0.350000    0.436143   -0.086143 (VIOLATED)
ANTENNA_1488/DIODE                      0.350000    0.436140   -0.086140 (VIOLATED)
u_memory._226_/B1                       0.350000    0.436063   -0.086063 (VIOLATED)
ANTENNA_1978/DIODE                      0.350000    0.435993   -0.085993 (VIOLATED)
ANTENNA_1988/DIODE                      0.350000    0.435990   -0.085990 (VIOLATED)
ANTENNA_1986/DIODE                      0.350000    0.435989   -0.085989 (VIOLATED)
ANTENNA_1984/DIODE                      0.350000    0.435989   -0.085989 (VIOLATED)
ANTENNA_1979/DIODE                      0.350000    0.435989   -0.085989 (VIOLATED)
ANTENNA_1980/DIODE                      0.350000    0.435986   -0.085986 (VIOLATED)
ANTENNA_1987/DIODE                      0.350000    0.435986   -0.085986 (VIOLATED)
ANTENNA_1985/DIODE                      0.350000    0.435986   -0.085985 (VIOLATED)
ANTENNA_1983/DIODE                      0.350000    0.435985   -0.085985 (VIOLATED)
ANTENNA_1982/DIODE                      0.350000    0.435985   -0.085985 (VIOLATED)
ANTENNA_1981/DIODE                      0.350000    0.435984   -0.085984 (VIOLATED)
ANTENNA_1688/DIODE                      0.350000    0.435957   -0.085957 (VIOLATED)
ANTENNA_1686/DIODE                      0.350000    0.435957   -0.085957 (VIOLATED)
ANTENNA_1682/DIODE                      0.350000    0.435956   -0.085956 (VIOLATED)
ANTENNA_1681/DIODE                      0.350000    0.435955   -0.085955 (VIOLATED)
ANTENNA_1691/DIODE                      0.350000    0.435944   -0.085944 (VIOLATED)
u_memory._239_/B1                       0.350000    0.435920   -0.085920 (VIOLATED)
ANTENNA_1690/DIODE                      0.350000    0.435912   -0.085912 (VIOLATED)
ANTENNA_1683/DIODE                      0.350000    0.435912   -0.085912 (VIOLATED)
ANTENNA_1684/DIODE                      0.350000    0.435909   -0.085909 (VIOLATED)
ANTENNA_1685/DIODE                      0.350000    0.435907   -0.085907 (VIOLATED)
ANTENNA_1687/DIODE                      0.350000    0.435904   -0.085904 (VIOLATED)
ANTENNA_1689/DIODE                      0.350000    0.435901   -0.085901 (VIOLATED)
hold180/X                               0.350000    0.435856   -0.085856 (VIOLATED)
u_memory.g_read[0].g_bank[3].g_slice[0].u_sram/wmask[2]    0.350000    0.435754   -0.085754 (VIOLATED)
wire233/X                               0.350000    0.435717   -0.085717 (VIOLATED)
ANTENNA_2010/DIODE                      0.350000    0.435657   -0.085657 (VIOLATED)
ANTENNA_2008/DIODE                      0.350000    0.435657   -0.085657 (VIOLATED)
ANTENNA_2006/DIODE                      0.350000    0.435656   -0.085656 (VIOLATED)
ANTENNA_2002/DIODE                      0.350000    0.435656   -0.085656 (VIOLATED)
ANTENNA_2001/DIODE                      0.350000    0.435655   -0.085655 (VIOLATED)
u_memory._251_/B1                       0.350000    0.435641   -0.085641 (VIOLATED)
ANTENNA_2009/DIODE                      0.350000    0.435635   -0.085635 (VIOLATED)
ANTENNA_2007/DIODE                      0.350000    0.435635   -0.085635 (VIOLATED)
ANTENNA_2005/DIODE                      0.350000    0.435634   -0.085634 (VIOLATED)
ANTENNA_2004/DIODE                      0.350000    0.435633   -0.085633 (VIOLATED)
ANTENNA_2000/DIODE                      0.350000    0.435631   -0.085631 (VIOLATED)
ANTENNA_2003/DIODE                      0.350000    0.435631   -0.085631 (VIOLATED)
u_memory.g_read[0].g_bank[2].g_slice[0].u_sram/din[11]    0.350000    0.435556   -0.085556 (VIOLATED)
max_cap548/X                            0.350000    0.435536   -0.085536 (VIOLATED)
max_cap565/X                            0.350000    0.435484   -0.085484 (VIOLATED)
max_cap433/X                            0.350000    0.435464   -0.085464 (VIOLATED)
max_cap464/X                            0.350000    0.435242   -0.085242 (VIOLATED)
max_cap512/X                            0.350000    0.435173   -0.085173 (VIOLATED)
ANTENNA_1150/DIODE                      0.350000    0.435120   -0.085120 (VIOLATED)
ANTENNA_1148/DIODE                      0.350000    0.435118   -0.085118 (VIOLATED)
u_memory._303_/A1                       0.350000    0.435108   -0.085108 (VIOLATED)
ANTENNA_1147/DIODE                      0.350000    0.435107   -0.085107 (VIOLATED)
u_memory.g_read[0].g_bank[2].g_slice[0].u_sram/wmask[2]    0.350000    0.435087   -0.085087 (VIOLATED)
ANTENNA_1149/DIODE                      0.350000    0.435075   -0.085075 (VIOLATED)
u_memory._304_/S                        0.350000    0.435030   -0.085030 (VIOLATED)
u_memory.g_read[1].g_bank[3].g_slice[0].u_sram/wmask[0]    0.350000    0.434871   -0.084871 (VIOLATED)
max_cap515/X                            0.350000    0.434754   -0.084754 (VIOLATED)
ANTENNA_2609/DIODE                      0.350000    0.434581   -0.084581 (VIOLATED)
ANTENNA_2615/DIODE                      0.350000    0.434581   -0.084581 (VIOLATED)
ANTENNA_2608/DIODE                      0.350000    0.434581   -0.084581 (VIOLATED)
ANTENNA_2607/DIODE                      0.350000    0.434581   -0.084581 (VIOLATED)
ANTENNA_2613/DIODE                      0.350000    0.434581   -0.084581 (VIOLATED)
ANTENNA_2611/DIODE                      0.350000    0.434580   -0.084580 (VIOLATED)
ANTENNA_2610/DIODE                      0.350000    0.434580   -0.084580 (VIOLATED)
ANTENNA_2605/DIODE                      0.350000    0.434579   -0.084579 (VIOLATED)
ANTENNA_2606/DIODE                      0.350000    0.434577   -0.084577 (VIOLATED)
ANTENNA_2614/DIODE                      0.350000    0.434566   -0.084566 (VIOLATED)
ANTENNA_2612/DIODE                      0.350000    0.434565   -0.084565 (VIOLATED)
wire344/X                               0.350000    0.434497   -0.084497 (VIOLATED)
u_memory.g_read[1].g_bank[2].g_slice[0].u_sram/din[1]    0.350000    0.434442   -0.084442 (VIOLATED)
ANTENNA_1733/DIODE                      0.350000    0.434372   -0.084372 (VIOLATED)
ANTENNA_1732/DIODE                      0.350000    0.434372   -0.084372 (VIOLATED)
ANTENNA_1731/DIODE                      0.350000    0.434371   -0.084371 (VIOLATED)
ANTENNA_1729/DIODE                      0.350000    0.434371   -0.084371 (VIOLATED)
ANTENNA_1725/DIODE                      0.350000    0.434370   -0.084370 (VIOLATED)
ANTENNA_1734/DIODE                      0.350000    0.434368   -0.084368 (VIOLATED)
ANTENNA_1726/DIODE                      0.350000    0.434367   -0.084367 (VIOLATED)
ANTENNA_1727/DIODE                      0.350000    0.434367   -0.084367 (VIOLATED)
ANTENNA_1728/DIODE                      0.350000    0.434367   -0.084367 (VIOLATED)
ANTENNA_1730/DIODE                      0.350000    0.434367   -0.084367 (VIOLATED)
ANTENNA_1906/DIODE                      0.350000    0.434365   -0.084365 (VIOLATED)
ANTENNA_1903/DIODE                      0.350000    0.434364   -0.084364 (VIOLATED)
ANTENNA_1902/DIODE                      0.350000    0.434364   -0.084364 (VIOLATED)
ANTENNA_1901/DIODE                      0.350000    0.434363   -0.084363 (VIOLATED)
ANTENNA_1908/DIODE                      0.350000    0.434359   -0.084359 (VIOLATED)
ANTENNA_1907/DIODE                      0.350000    0.434358   -0.084358 (VIOLATED)
ANTENNA_1905/DIODE                      0.350000    0.434358   -0.084358 (VIOLATED)
ANTENNA_1904/DIODE                      0.350000    0.434358   -0.084358 (VIOLATED)
ANTENNA_1735/DIODE                      0.350000    0.434354   -0.084354 (VIOLATED)
ANTENNA_1909/DIODE                      0.350000    0.434350   -0.084350 (VIOLATED)
ANTENNA_1911/DIODE                      0.350000    0.434350   -0.084350 (VIOLATED)
ANTENNA_1910/DIODE                      0.350000    0.434349   -0.084349 (VIOLATED)
ANTENNA_2710/DIODE                      0.350000    0.434328   -0.084328 (VIOLATED)
_104_/D                                 0.350000    0.434327   -0.084327 (VIOLATED)
u_memory.g_read[1].g_bank[2].g_slice[0].u_sram/wmask[0]    0.350000    0.434306   -0.084306 (VIOLATED)
u_memory._392_/B1                       0.350000    0.434252   -0.084252 (VIOLATED)
wire643/X                               0.350000    0.434247   -0.084247 (VIOLATED)
u_memory._348_/B1                       0.350000    0.434187   -0.084187 (VIOLATED)
ANTENNA_152/DIODE                       0.350000    0.434182   -0.084182 (VIOLATED)
ANTENNA_150/DIODE                       0.350000    0.434181   -0.084181 (VIOLATED)
ANTENNA_151/DIODE                       0.350000    0.434168   -0.084168 (VIOLATED)
u_memory.g_read[1].g_bank[2].g_slice[0].u_sram/din[14]    0.350000    0.434061   -0.084061 (VIOLATED)
ANTENNA_2798/DIODE                      0.350000    0.433994   -0.083994 (VIOLATED)
_117_/D                                 0.350000    0.433994   -0.083994 (VIOLATED)
input45/X                               0.350000    0.433969   -0.083969 (VIOLATED)
max_cap612/X                            0.350000    0.433931   -0.083931 (VIOLATED)
_074_/D                                 0.350000    0.433876   -0.083876 (VIOLATED)
input20/X                               0.350000    0.433857   -0.083857 (VIOLATED)
u_memory._320_/A1                       0.350000    0.433803   -0.083803 (VIOLATED)
ANTENNA_1447/DIODE                      0.350000    0.433790   -0.083790 (VIOLATED)
ANTENNA_1446/DIODE                      0.350000    0.433790   -0.083790 (VIOLATED)
ANTENNA_1444/DIODE                      0.350000    0.433790   -0.083790 (VIOLATED)
ANTENNA_1443/DIODE                      0.350000    0.433789   -0.083789 (VIOLATED)
ANTENNA_1442/DIODE                      0.350000    0.433789   -0.083789 (VIOLATED)
ANTENNA_1448/DIODE                      0.350000    0.433789   -0.083789 (VIOLATED)
ANTENNA_1445/DIODE                      0.350000    0.433784   -0.083784 (VIOLATED)
ANTENNA_1441/DIODE                      0.350000    0.433784   -0.083784 (VIOLATED)
ANTENNA_1440/DIODE                      0.350000    0.433784   -0.083784 (VIOLATED)
ANTENNA_1439/DIODE                      0.350000    0.433783   -0.083783 (VIOLATED)
ANTENNA_1449/DIODE                      0.350000    0.433783   -0.083783 (VIOLATED)
hold175/X                               0.350000    0.433770   -0.083770 (VIOLATED)
max_cap471/X                            0.350000    0.433739   -0.083739 (VIOLATED)
max_cap500/X                            0.350000    0.433728   -0.083728 (VIOLATED)
ANTENNA_2655/DIODE                      0.350000    0.433464   -0.083464 (VIOLATED)
ANTENNA_2653/DIODE                      0.350000    0.433464   -0.083464 (VIOLATED)
ANTENNA_2649/DIODE                      0.350000    0.433463   -0.083463 (VIOLATED)
ANTENNA_2656/DIODE                      0.350000    0.433453   -0.083453 (VIOLATED)
ANTENNA_2654/DIODE                      0.350000    0.433452   -0.083452 (VIOLATED)
ANTENNA_2652/DIODE                      0.350000    0.433452   -0.083452 (VIOLATED)
ANTENNA_2651/DIODE                      0.350000    0.433451   -0.083451 (VIOLATED)
ANTENNA_2657/DIODE                      0.350000    0.433450   -0.083450 (VIOLATED)
ANTENNA_2650/DIODE                      0.350000    0.433450   -0.083450 (VIOLATED)
ANTENNA_1654/DIODE                      0.350000    0.433446   -0.083446 (VIOLATED)
ANTENNA_1652/DIODE                      0.350000    0.433446   -0.083446 (VIOLATED)
ANTENNA_1651/DIODE                      0.350000    0.433445   -0.083445 (VIOLATED)
ANTENNA_1650/DIODE                      0.350000    0.433445   -0.083445 (VIOLATED)
ANTENNA_1655/DIODE                      0.350000    0.433445   -0.083445 (VIOLATED)
ANTENNA_1649/DIODE                      0.350000    0.433444   -0.083444 (VIOLATED)
ANTENNA_1648/DIODE                      0.350000    0.433444   -0.083444 (VIOLATED)
ANTENNA_1658/DIODE                      0.350000    0.433443   -0.083443 (VIOLATED)
ANTENNA_1657/DIODE                      0.350000    0.433443   -0.083443 (VIOLATED)
ANTENNA_1656/DIODE                      0.350000    0.433443   -0.083443 (VIOLATED)
ANTENNA_1653/DIODE                      0.350000    0.433436   -0.083436 (VIOLATED)
ANTENNA_2659/DIODE                      0.350000    0.433432   -0.083432 (VIOLATED)
ANTENNA_2658/DIODE                      0.350000    0.433432   -0.083432 (VIOLATED)
u_memory._346_/X                        0.350000    0.433399   -0.083399 (VIOLATED)
u_memory.g_read[1].g_bank[1].g_slice[0].u_sram/din[26]    0.350000    0.433252   -0.083252 (VIOLATED)
max_cap426/X                            0.350000    0.432993   -0.082993 (VIOLATED)
ANTENNA_2285/DIODE                      0.350000    0.432873   -0.082873 (VIOLATED)
ANTENNA_2281/DIODE                      0.350000    0.432872   -0.082872 (VIOLATED)
ANTENNA_2283/DIODE                      0.350000    0.432872   -0.082872 (VIOLATED)
ANTENNA_2279/DIODE                      0.350000    0.432872   -0.082872 (VIOLATED)
ANTENNA_2282/DIODE                      0.350000    0.432872   -0.082872 (VIOLATED)
ANTENNA_2275/DIODE                      0.350000    0.432868   -0.082868 (VIOLATED)
ANTENNA_2280/DIODE                      0.350000    0.432868   -0.082868 (VIOLATED)
ANTENNA_2278/DIODE                      0.350000    0.432868   -0.082868 (VIOLATED)
ANTENNA_2276/DIODE                      0.350000    0.432868   -0.082868 (VIOLATED)
ANTENNA_2284/DIODE                      0.350000    0.432868   -0.082868 (VIOLATED)
ANTENNA_2277/DIODE                      0.350000    0.432868   -0.082868 (VIOLATED)
max_cap618/X                            0.350000    0.432817   -0.082817 (VIOLATED)
max_cap459/X                            0.350000    0.432628   -0.082628 (VIOLATED)
ANTENNA_1623/DIODE                      0.350000    0.432554   -0.082554 (VIOLATED)
ANTENNA_1621/DIODE                      0.350000    0.432553   -0.082553 (VIOLATED)
ANTENNA_1620/DIODE                      0.350000    0.432553   -0.082553 (VIOLATED)
ANTENNA_1619/DIODE                      0.350000    0.432553   -0.082553 (VIOLATED)
ANTENNA_1624/DIODE                      0.350000    0.432552   -0.082552 (VIOLATED)
ANTENNA_1618/DIODE                      0.350000    0.432552   -0.082552 (VIOLATED)
ANTENNA_1622/DIODE                      0.350000    0.432548   -0.082548 (VIOLATED)
ANTENNA_1617/DIODE                      0.350000    0.432547   -0.082547 (VIOLATED)
ANTENNA_1616/DIODE                      0.350000    0.432547   -0.082547 (VIOLATED)
ANTENNA_1615/DIODE                      0.350000    0.432547   -0.082547 (VIOLATED)
ANTENNA_1625/DIODE                      0.350000    0.432546   -0.082546 (VIOLATED)
u_memory._375_/B1                       0.350000    0.432517   -0.082517 (VIOLATED)
ANTENNA_186/DIODE                       0.350000    0.432512   -0.082512 (VIOLATED)
ANTENNA_184/DIODE                       0.350000    0.432511   -0.082511 (VIOLATED)
ANTENNA_185/DIODE                       0.350000    0.432508   -0.082508 (VIOLATED)
ANTENNA_1802/DIODE                      0.350000    0.432354   -0.082354 (VIOLATED)
ANTENNA_1803/DIODE                      0.350000    0.432350   -0.082350 (VIOLATED)
ANTENNA_1804/DIODE                      0.350000    0.432349   -0.082349 (VIOLATED)
ANTENNA_1806/DIODE                      0.350000    0.432328   -0.082328 (VIOLATED)
ANTENNA_1805/DIODE                      0.350000    0.432328   -0.082328 (VIOLATED)
ANTENNA_1812/DIODE                      0.350000    0.432328   -0.082328 (VIOLATED)
ANTENNA_1807/DIODE                      0.350000    0.432328   -0.082328 (VIOLATED)
ANTENNA_1810/DIODE                      0.350000    0.432328   -0.082328 (VIOLATED)
ANTENNA_1808/DIODE                      0.350000    0.432328   -0.082328 (VIOLATED)
ANTENNA_1811/DIODE                      0.350000    0.432315   -0.082315 (VIOLATED)
ANTENNA_1809/DIODE                      0.350000    0.432314   -0.082314 (VIOLATED)
u_memory._299_/B1                       0.350000    0.432221   -0.082221 (VIOLATED)
u_memory._287_/B1                       0.350000    0.432133   -0.082133 (VIOLATED)
u_memory._275_/B1                       0.350000    0.432088   -0.082088 (VIOLATED)
u_memory.g_read[1].g_bank[2].g_slice[0].u_sram/din[7]    0.350000    0.432015   -0.082015 (VIOLATED)
ANTENNA_2242/DIODE                      0.350000    0.431936   -0.081936 (VIOLATED)
ANTENNA_2243/DIODE                      0.350000    0.431931   -0.081931 (VIOLATED)
ANTENNA_2248/DIODE                      0.350000    0.431931   -0.081931 (VIOLATED)
ANTENNA_2246/DIODE                      0.350000    0.431931   -0.081931 (VIOLATED)
ANTENNA_2244/DIODE                      0.350000    0.431930   -0.081930 (VIOLATED)
max_cap558/X                            0.350000    0.431928   -0.081927 (VIOLATED)
wire188/X                               0.350000    0.431877   -0.081877 (VIOLATED)
u_memory.g_read[1].g_bank[1].g_slice[0].u_sram/din[3]    0.350000    0.431866   -0.081866 (VIOLATED)
ANTENNA_2252/DIODE                      0.350000    0.431866   -0.081865 (VIOLATED)
ANTENNA_2250/DIODE                      0.350000    0.431864   -0.081864 (VIOLATED)
ANTENNA_2249/DIODE                      0.350000    0.431862   -0.081862 (VIOLATED)
ANTENNA_2247/DIODE                      0.350000    0.431859   -0.081859 (VIOLATED)
ANTENNA_2245/DIODE                      0.350000    0.431859   -0.081859 (VIOLATED)
u_memory._245_/A2                       0.350000    0.431837   -0.081837 (VIOLATED)
ANTENNA_1107/DIODE                      0.350000    0.431832   -0.081832 (VIOLATED)
ANTENNA_1105/DIODE                      0.350000    0.431831   -0.081831 (VIOLATED)
ANTENNA_1106/DIODE                      0.350000    0.431828   -0.081828 (VIOLATED)
ANTENNA_1108/DIODE                      0.350000    0.431825   -0.081825 (VIOLATED)
ANTENNA_2251/DIODE                      0.350000    0.431817   -0.081817 (VIOLATED)
u_memory._373_/X                        0.350000    0.431793   -0.081793 (VIOLATED)
max_cap454/X                            0.350000    0.431742   -0.081742 (VIOLATED)
max_cap483/X                            0.350000    0.431681   -0.081681 (VIOLATED)
u_memory._192_/A1                       0.350000    0.431632   -0.081632 (VIOLATED)
u_memory._188_/A_N                      0.350000    0.431486   -0.081486 (VIOLATED)
ANTENNA_1042/DIODE                      0.350000    0.431272   -0.081272 (VIOLATED)
u_memory._226_/B2                       0.350000    0.431271   -0.081271 (VIOLATED)
ANTENNA_1039/DIODE                      0.350000    0.431244   -0.081244 (VIOLATED)
ANTENNA_1040/DIODE                      0.350000    0.431228   -0.081228 (VIOLATED)
u_memory._315_/A0                       0.350000    0.431226   -0.081226 (VIOLATED)
ANTENNA_1041/DIODE                      0.350000    0.431225   -0.081225 (VIOLATED)
ANTENNA_219/DIODE                       0.350000    0.431116   -0.081116 (VIOLATED)
hold17/X                                0.350000    0.431117   -0.081117 (VIOLATED)
wire333/X                               0.350000    0.431059   -0.081059 (VIOLATED)
max_cap553/X                            0.350000    0.431037   -0.081037 (VIOLATED)
u_memory.g_read[0].g_bank[1].g_slice[0].u_sram/din[1]    0.350000    0.430960   -0.080960 (VIOLATED)
u_memory._419_/B2                       0.350000    0.430766   -0.080766 (VIOLATED)
u_memory._371_/B1                       0.350000    0.430654   -0.080654 (VIOLATED)
fanout174/A                             0.350000    0.430580   -0.080580 (VIOLATED)
wire317/X                               0.350000    0.430491   -0.080491 (VIOLATED)
ANTENNA_2286/DIODE                      0.350000    0.430439   -0.080439 (VIOLATED)
ANTENNA_2287/DIODE                      0.350000    0.430438   -0.080438 (VIOLATED)
ANTENNA_2288/DIODE                      0.350000    0.430438   -0.080438 (VIOLATED)
ANTENNA_2290/DIODE                      0.350000    0.430438   -0.080438 (VIOLATED)
ANTENNA_2296/DIODE                      0.350000    0.430398   -0.080398 (VIOLATED)
ANTENNA_2294/DIODE                      0.350000    0.430396   -0.080396 (VIOLATED)
ANTENNA_2293/DIODE                      0.350000    0.430394   -0.080394 (VIOLATED)
ANTENNA_2292/DIODE                      0.350000    0.430392   -0.080392 (VIOLATED)
ANTENNA_2291/DIODE                      0.350000    0.430391   -0.080391 (VIOLATED)
ANTENNA_2289/DIODE                      0.350000    0.430391   -0.080391 (VIOLATED)
ANTENNA_2295/DIODE                      0.350000    0.430349   -0.080349 (VIOLATED)
u_memory._325_/X                        0.350000    0.430104   -0.080104 (VIOLATED)
u_memory._333_/A1                       0.350000    0.430084   -0.080084 (VIOLATED)
ANTENNA_806/DIODE                       0.350000    0.430084   -0.080084 (VIOLATED)
ANTENNA_804/DIODE                       0.350000    0.430080   -0.080080 (VIOLATED)
ANTENNA_805/DIODE                       0.350000    0.430074   -0.080074 (VIOLATED)
ANTENNA_807/DIODE                       0.350000    0.430072   -0.080072 (VIOLATED)
u_memory._364_/C                        0.350000    0.429846   -0.079846 (VIOLATED)
ANTENNA_692/DIODE                       0.350000    0.429840   -0.079840 (VIOLATED)
ANTENNA_693/DIODE                       0.350000    0.429837   -0.079837 (VIOLATED)
ANTENNA_694/DIODE                       0.350000    0.429835   -0.079835 (VIOLATED)
ANTENNA_695/DIODE                       0.350000    0.429832   -0.079832 (VIOLATED)
max_cap560/X                            0.350000    0.429746   -0.079746 (VIOLATED)
ANTENNA_1100/DIODE                      0.350000    0.429636   -0.079636 (VIOLATED)
ANTENNA_1098/DIODE                      0.350000    0.429634   -0.079634 (VIOLATED)
ANTENNA_1096/DIODE                      0.350000    0.429627   -0.079627 (VIOLATED)
u_memory._251_/B2                       0.350000    0.429625   -0.079625 (VIOLATED)
ANTENNA_1097/DIODE                      0.350000    0.429591   -0.079591 (VIOLATED)
ANTENNA_1099/DIODE                      0.350000    0.429588   -0.079588 (VIOLATED)
wire262/X                               0.350000    0.429545   -0.079545 (VIOLATED)
ANTENNA_2681/DIODE                      0.350000    0.429436   -0.079436 (VIOLATED)
ANTENNA_2677/DIODE                      0.350000    0.429435   -0.079435 (VIOLATED)
ANTENNA_2675/DIODE                      0.350000    0.429435   -0.079435 (VIOLATED)
ANTENNA_2673/DIODE                      0.350000    0.429435   -0.079435 (VIOLATED)
ANTENNA_2678/DIODE                      0.350000    0.429435   -0.079435 (VIOLATED)
ANTENNA_2680/DIODE                      0.350000    0.429435   -0.079434 (VIOLATED)
ANTENNA_2672/DIODE                      0.350000    0.429434   -0.079434 (VIOLATED)
ANTENNA_2676/DIODE                      0.350000    0.429434   -0.079434 (VIOLATED)
ANTENNA_2679/DIODE                      0.350000    0.429434   -0.079434 (VIOLATED)
ANTENNA_2674/DIODE                      0.350000    0.429434   -0.079434 (VIOLATED)
ANTENNA_2671/DIODE                      0.350000    0.429434   -0.079434 (VIOLATED)
u_memory.g_read[1].g_bank[2].g_slice[0].u_sram/din[6]    0.350000    0.429213   -0.079213 (VIOLATED)
wire229/X                               0.350000    0.429062   -0.079062 (VIOLATED)
wire331/X                               0.350000    0.429007   -0.079007 (VIOLATED)
u_memory._267_/B1                       0.350000    0.428912   -0.078912 (VIOLATED)
ANTENNA_89/DIODE                        0.350000    0.428908   -0.078908 (VIOLATED)
ANTENNA_87/DIODE                        0.350000    0.428907   -0.078907 (VIOLATED)
ANTENNA_86/DIODE                        0.350000    0.428906   -0.078906 (VIOLATED)
ANTENNA_88/DIODE                        0.350000    0.428901   -0.078901 (VIOLATED)
max_cap621/X                            0.350000    0.428651   -0.078651 (VIOLATED)
max_cap424/A                            0.350000    0.428251   -0.078251 (VIOLATED)
u_memory.g_read[1].g_bank[1].g_slice[0].u_sram/din[29]    0.350000    0.428223   -0.078223 (VIOLATED)
u_memory._265_/X                        0.350000    0.428112   -0.078112 (VIOLATED)
ANTENNA_2794/DIODE                      0.350000    0.428029   -0.078029 (VIOLATED)
_086_/D                                 0.350000    0.428027   -0.078027 (VIOLATED)
ANTENNA_2152/DIODE                      0.350000    0.427984   -0.077984 (VIOLATED)
ANTENNA_2148/DIODE                      0.350000    0.427984   -0.077984 (VIOLATED)
ANTENNA_2150/DIODE                      0.350000    0.427984   -0.077984 (VIOLATED)
ANTENNA_2147/DIODE                      0.350000    0.427984   -0.077984 (VIOLATED)
ANTENNA_2149/DIODE                      0.350000    0.427984   -0.077984 (VIOLATED)
ANTENNA_2143/DIODE                      0.350000    0.427983   -0.077983 (VIOLATED)
ANTENNA_2153/DIODE                      0.350000    0.427982   -0.077982 (VIOLATED)
ANTENNA_2151/DIODE                      0.350000    0.427982   -0.077982 (VIOLATED)
ANTENNA_2146/DIODE                      0.350000    0.427978   -0.077978 (VIOLATED)
ANTENNA_2145/DIODE                      0.350000    0.427978   -0.077978 (VIOLATED)
ANTENNA_2144/DIODE                      0.350000    0.427978   -0.077978 (VIOLATED)
ANTENNA_2109/DIODE                      0.350000    0.427896   -0.077896 (VIOLATED)
ANTENNA_2107/DIODE                      0.350000    0.427896   -0.077896 (VIOLATED)
ANTENNA_2103/DIODE                      0.350000    0.427896   -0.077896 (VIOLATED)
ANTENNA_2105/DIODE                      0.350000    0.427896   -0.077896 (VIOLATED)
ANTENNA_2102/DIODE                      0.350000    0.427896   -0.077896 (VIOLATED)
ANTENNA_2104/DIODE                      0.350000    0.427895   -0.077895 (VIOLATED)
ANTENNA_2099/DIODE                      0.350000    0.427893   -0.077893 (VIOLATED)
ANTENNA_2108/DIODE                      0.350000    0.427892   -0.077892 (VIOLATED)
ANTENNA_2106/DIODE                      0.350000    0.427892   -0.077892 (VIOLATED)
ANTENNA_2101/DIODE                      0.350000    0.427886   -0.077886 (VIOLATED)
ANTENNA_2100/DIODE                      0.350000    0.427886   -0.077886 (VIOLATED)
u_memory._246_/B1                       0.350000    0.427779   -0.077779 (VIOLATED)
ANTENNA_69/DIODE                        0.350000    0.427777   -0.077777 (VIOLATED)
ANTENNA_67/DIODE                        0.350000    0.427775   -0.077775 (VIOLATED)
ANTENNA_66/DIODE                        0.350000    0.427774   -0.077774 (VIOLATED)
ANTENNA_68/DIODE                        0.350000    0.427768   -0.077768 (VIOLATED)
ANTENNA_1921/DIODE                      0.350000    0.427744   -0.077744 (VIOLATED)
ANTENNA_1920/DIODE                      0.350000    0.427744   -0.077744 (VIOLATED)
ANTENNA_1918/DIODE                      0.350000    0.427743   -0.077743 (VIOLATED)
ANTENNA_1916/DIODE                      0.350000    0.427743   -0.077743 (VIOLATED)
ANTENNA_1913/DIODE                      0.350000    0.427742   -0.077742 (VIOLATED)
ANTENNA_1919/DIODE                      0.350000    0.427724   -0.077724 (VIOLATED)
ANTENNA_1917/DIODE                      0.350000    0.427723   -0.077723 (VIOLATED)
ANTENNA_1915/DIODE                      0.350000    0.427722   -0.077722 (VIOLATED)
ANTENNA_1914/DIODE                      0.350000    0.427721   -0.077721 (VIOLATED)
ANTENNA_1912/DIODE                      0.350000    0.427709   -0.077709 (VIOLATED)
ANTENNA_1922/DIODE                      0.350000    0.427709   -0.077709 (VIOLATED)
input11/X                               0.350000    0.427547   -0.077547 (VIOLATED)
u_memory._255_/B1                       0.350000    0.427497   -0.077497 (VIOLATED)
ANTENNA_79/DIODE                        0.350000    0.427495   -0.077495 (VIOLATED)
ANTENNA_77/DIODE                        0.350000    0.427493   -0.077493 (VIOLATED)
ANTENNA_76/DIODE                        0.350000    0.427492   -0.077492 (VIOLATED)
ANTENNA_78/DIODE                        0.350000    0.427486   -0.077486 (VIOLATED)
ANTENNA_1709/DIODE                      0.350000    0.427420   -0.077420 (VIOLATED)
ANTENNA_1708/DIODE                      0.350000    0.427420   -0.077420 (VIOLATED)
ANTENNA_1712/DIODE                      0.350000    0.427420   -0.077420 (VIOLATED)
ANTENNA_1707/DIODE                      0.350000    0.427419   -0.077419 (VIOLATED)
ANTENNA_1711/DIODE                      0.350000    0.427419   -0.077419 (VIOLATED)
ANTENNA_1710/DIODE                      0.350000    0.427419   -0.077419 (VIOLATED)
ANTENNA_1703/DIODE                      0.350000    0.427414   -0.077414 (VIOLATED)
ANTENNA_1713/DIODE                      0.350000    0.427413   -0.077413 (VIOLATED)
ANTENNA_1706/DIODE                      0.350000    0.427412   -0.077412 (VIOLATED)
ANTENNA_1705/DIODE                      0.350000    0.427411   -0.077411 (VIOLATED)
ANTENNA_1704/DIODE                      0.350000    0.427411   -0.077411 (VIOLATED)
max_cap537/X                            0.350000    0.427338   -0.077338 (VIOLATED)
_083_/D                                 0.350000    0.427131   -0.077131 (VIOLATED)
ANTENNA_2792/DIODE                      0.350000    0.427128   -0.077128 (VIOLATED)
u_memory._249_/B1                       0.350000    0.427122   -0.077122 (VIOLATED)
ANTENNA_72/DIODE                        0.350000    0.427118   -0.077118 (VIOLATED)
ANTENNA_70/DIODE                        0.350000    0.427117   -0.077117 (VIOLATED)
ANTENNA_71/DIODE                        0.350000    0.427114   -0.077114 (VIOLATED)
u_memory.g_read[0].g_bank[1].g_slice[0].u_sram/din[15]    0.350000    0.427114   -0.077114 (VIOLATED)
max_cap530/X                            0.350000    0.427097   -0.077097 (VIOLATED)
max_cap501/X                            0.350000    0.427063   -0.077063 (VIOLATED)
u_memory._244_/X                        0.350000    0.426940   -0.076940 (VIOLATED)
ANTENNA_1180/DIODE                      0.350000    0.426882   -0.076882 (VIOLATED)
u_memory._279_/A1                       0.350000    0.426882   -0.076882 (VIOLATED)
ANTENNA_1179/DIODE                      0.350000    0.426871   -0.076871 (VIOLATED)
ANTENNA_1178/DIODE                      0.350000    0.426871   -0.076871 (VIOLATED)
u_memory._253_/X                        0.350000    0.426697   -0.076697 (VIOLATED)
u_memory.g_read[0].g_bank[2].g_slice[0].u_sram/din[22]    0.350000    0.426661   -0.076661 (VIOLATED)
ANTENNA_224/DIODE                       0.350000    0.426630   -0.076630 (VIOLATED)
ANTENNA_222/DIODE                       0.350000    0.426630   -0.076630 (VIOLATED)
_080_/D                                 0.350000    0.426630   -0.076630 (VIOLATED)
ANTENNA_223/DIODE                       0.350000    0.426629   -0.076629 (VIOLATED)
input8/X                                0.350000    0.426627   -0.076627 (VIOLATED)
max_cap467/X                            0.350000    0.426610   -0.076610 (VIOLATED)
u_memory._243_/B1                       0.350000    0.426583   -0.076583 (VIOLATED)
ANTENNA_65/DIODE                        0.350000    0.426569   -0.076569 (VIOLATED)
input5/X                                0.350000    0.426568   -0.076568 (VIOLATED)
ANTENNA_63/DIODE                        0.350000    0.426561   -0.076561 (VIOLATED)
ANTENNA_64/DIODE                        0.350000    0.426543   -0.076543 (VIOLATED)
wire353/X                               0.350000    0.426369   -0.076369 (VIOLATED)
u_memory._247_/X                        0.350000    0.426275   -0.076275 (VIOLATED)
ANTENNA_1666/DIODE                      0.350000    0.426034   -0.076034 (VIOLATED)
ANTENNA_1665/DIODE                      0.350000    0.426034   -0.076034 (VIOLATED)
ANTENNA_1668/DIODE                      0.350000    0.426033   -0.076033 (VIOLATED)
ANTENNA_1664/DIODE                      0.350000    0.426033   -0.076033 (VIOLATED)
ANTENNA_1667/DIODE                      0.350000    0.426033   -0.076033 (VIOLATED)
ANTENNA_1663/DIODE                      0.350000    0.426033   -0.076033 (VIOLATED)
ANTENNA_1659/DIODE                      0.350000    0.426027   -0.076027 (VIOLATED)
ANTENNA_1669/DIODE                      0.350000    0.426027   -0.076027 (VIOLATED)
ANTENNA_1662/DIODE                      0.350000    0.426026   -0.076026 (VIOLATED)
ANTENNA_1661/DIODE                      0.350000    0.426025   -0.076025 (VIOLATED)
ANTENNA_1660/DIODE                      0.350000    0.426025   -0.076025 (VIOLATED)
u_memory._241_/X                        0.350000    0.425877   -0.075877 (VIOLATED)
u_memory.g_read[0].g_bank[1].g_slice[0].u_sram/din[10]    0.350000    0.425812   -0.075812 (VIOLATED)
u_memory._197_/A1                       0.350000    0.425790   -0.075790 (VIOLATED)
u_memory._314_/A1                       0.350000    0.425709   -0.075709 (VIOLATED)
hold181/X                               0.350000    0.425684   -0.075684 (VIOLATED)
u_memory._201_/B1                       0.350000    0.425561   -0.075561 (VIOLATED)
hold224/A                               0.350000    0.425453   -0.075453 (VIOLATED)
u_memory._200_/A1                       0.350000    0.425445   -0.075445 (VIOLATED)
max_cap460/X                            0.350000    0.425329   -0.075329 (VIOLATED)
_077_/D                                 0.350000    0.425312   -0.075312 (VIOLATED)
ANTENNA_221/DIODE                       0.350000    0.425307   -0.075307 (VIOLATED)
_091_/Q                                 0.350000    0.425168   -0.075168 (VIOLATED)
u_memory._254_/A2                       0.350000    0.425098   -0.075098 (VIOLATED)
ANTENNA_1095/DIODE                      0.350000    0.425094   -0.075094 (VIOLATED)
ANTENNA_1093/DIODE                      0.350000    0.425092   -0.075092 (VIOLATED)
ANTENNA_1094/DIODE                      0.350000    0.425089   -0.075089 (VIOLATED)
u_memory.g_read[1].g_bank[2].g_slice[0].u_sram/din[28]    0.350000    0.425063   -0.075063 (VIOLATED)
ANTENNA_2768/DIODE                      0.350000    0.425011   -0.075011 (VIOLATED)
ANTENNA_2769/DIODE                      0.350000    0.425011   -0.075011 (VIOLATED)
ANTENNA_2767/DIODE                      0.350000    0.425009   -0.075009 (VIOLATED)
ANTENNA_2766/DIODE                      0.350000    0.425008   -0.075008 (VIOLATED)
u_memory._242_/A2                       0.350000    0.424690   -0.074690 (VIOLATED)
ANTENNA_1110/DIODE                      0.350000    0.424688   -0.074688 (VIOLATED)
ANTENNA_1109/DIODE                      0.350000    0.424682   -0.074682 (VIOLATED)
ANTENNA_1111/DIODE                      0.350000    0.424680   -0.074680 (VIOLATED)
input2/X                                0.350000    0.424526   -0.074526 (VIOLATED)
u_memory._366_/B1                       0.350000    0.424521   -0.074521 (VIOLATED)
ANTENNA_175/DIODE                       0.350000    0.424517   -0.074517 (VIOLATED)
ANTENNA_173/DIODE                       0.350000    0.424516   -0.074516 (VIOLATED)
ANTENNA_174/DIODE                       0.350000    0.424514   -0.074514 (VIOLATED)
ANTENNA_176/DIODE                       0.350000    0.424512   -0.074512 (VIOLATED)
hold187/X                               0.350000    0.424451   -0.074451 (VIOLATED)
u_memory._189_/A1                       0.350000    0.424420   -0.074420 (VIOLATED)
wire330/X                               0.350000    0.424313   -0.074313 (VIOLATED)
ANTENNA_1868/DIODE                      0.350000    0.424234   -0.074234 (VIOLATED)
ANTENNA_1878/DIODE                      0.350000    0.424234   -0.074234 (VIOLATED)
ANTENNA_1876/DIODE                      0.350000    0.424234   -0.074234 (VIOLATED)
ANTENNA_1874/DIODE                      0.350000    0.424223   -0.074223 (VIOLATED)
ANTENNA_1873/DIODE                      0.350000    0.424222   -0.074222 (VIOLATED)
ANTENNA_1871/DIODE                      0.350000    0.424222   -0.074222 (VIOLATED)
ANTENNA_1875/DIODE                      0.350000    0.424221   -0.074221 (VIOLATED)
ANTENNA_1877/DIODE                      0.350000    0.424220   -0.074220 (VIOLATED)
ANTENNA_1872/DIODE                      0.350000    0.424189   -0.074189 (VIOLATED)
ANTENNA_1870/DIODE                      0.350000    0.424188   -0.074188 (VIOLATED)
ANTENNA_1869/DIODE                      0.350000    0.424186   -0.074186 (VIOLATED)
wire334/X                               0.350000    0.424111   -0.074111 (VIOLATED)
u_memory._364_/X                        0.350000    0.424026   -0.074026 (VIOLATED)
u_memory.g_read[1].g_bank[2].g_slice[0].u_sram/din[16]    0.350000    0.423964   -0.073964 (VIOLATED)
u_memory.g_read[1].g_bank[2].g_slice[0].u_sram/din[9]    0.350000    0.423928   -0.073928 (VIOLATED)
u_memory.g_read[1].g_bank[2].g_slice[0].u_sram/din[4]    0.350000    0.423867   -0.073867 (VIOLATED)
ANTENNA_2354/DIODE                      0.350000    0.423795   -0.073795 (VIOLATED)
ANTENNA_2353/DIODE                      0.350000    0.423794   -0.073794 (VIOLATED)
ANTENNA_2359/DIODE                      0.350000    0.423788   -0.073788 (VIOLATED)
ANTENNA_2358/DIODE                      0.350000    0.423787   -0.073787 (VIOLATED)
ANTENNA_2357/DIODE                      0.350000    0.423787   -0.073787 (VIOLATED)
ANTENNA_2356/DIODE                      0.350000    0.423786   -0.073786 (VIOLATED)
ANTENNA_2360/DIODE                      0.350000    0.423786   -0.073786 (VIOLATED)
ANTENNA_2355/DIODE                      0.350000    0.423785   -0.073785 (VIOLATED)
ANTENNA_2352/DIODE                      0.350000    0.423779   -0.073779 (VIOLATED)
ANTENNA_2362/DIODE                      0.350000    0.423779   -0.073779 (VIOLATED)
ANTENNA_2361/DIODE                      0.350000    0.423778   -0.073778 (VIOLATED)
u_memory.g_read[1].g_bank[3].g_slice[0].u_sram/din[16]    0.350000    0.423710   -0.073710 (VIOLATED)
ANTENNA_1358/DIODE                      0.350000    0.423614   -0.073614 (VIOLATED)
ANTENNA_1357/DIODE                      0.350000    0.423613   -0.073613 (VIOLATED)
ANTENNA_1356/DIODE                      0.350000    0.423613   -0.073613 (VIOLATED)
ANTENNA_1360/DIODE                      0.350000    0.423613   -0.073613 (VIOLATED)
ANTENNA_1359/DIODE                      0.350000    0.423613   -0.073613 (VIOLATED)
ANTENNA_1355/DIODE                      0.350000    0.423613   -0.073612 (VIOLATED)
ANTENNA_1351/DIODE                      0.350000    0.423607   -0.073607 (VIOLATED)
ANTENNA_1361/DIODE                      0.350000    0.423607   -0.073607 (VIOLATED)
ANTENNA_1354/DIODE                      0.350000    0.423605   -0.073605 (VIOLATED)
ANTENNA_1353/DIODE                      0.350000    0.423605   -0.073605 (VIOLATED)
ANTENNA_1352/DIODE                      0.350000    0.423601   -0.073601 (VIOLATED)
ANTENNA_887/DIODE                       0.350000    0.423410   -0.073410 (VIOLATED)
u_memory._369_/A1                       0.350000    0.423409   -0.073409 (VIOLATED)
ANTENNA_885/DIODE                       0.350000    0.423408   -0.073408 (VIOLATED)
ANTENNA_886/DIODE                       0.350000    0.423397   -0.073397 (VIOLATED)
ANTENNA_888/DIODE                       0.350000    0.423395   -0.073395 (VIOLATED)
max_cap494/X                            0.350000    0.423386   -0.073386 (VIOLATED)
u_memory.g_read[0].g_bank[2].g_slice[0].u_sram/din[15]    0.350000    0.423377   -0.073377 (VIOLATED)
max_cap571/X                            0.350000    0.423136   -0.073136 (VIOLATED)
u_memory._289_/C                        0.350000    0.422994   -0.072994 (VIOLATED)
ANTENNA_960/DIODE                       0.350000    0.422990   -0.072990 (VIOLATED)
ANTENNA_958/DIODE                       0.350000    0.422988   -0.072988 (VIOLATED)
ANTENNA_959/DIODE                       0.350000    0.422986   -0.072986 (VIOLATED)
ANTENNA_961/DIODE                       0.350000    0.422984   -0.072984 (VIOLATED)
u_memory._192_/B1                       0.350000    0.422974   -0.072974 (VIOLATED)
max_cap411/X                            0.350000    0.422966   -0.072966 (VIOLATED)
u_memory._258_/B1                       0.350000    0.422905   -0.072905 (VIOLATED)
ANTENNA_81/DIODE                        0.350000    0.422903   -0.072903 (VIOLATED)
ANTENNA_80/DIODE                        0.350000    0.422902   -0.072902 (VIOLATED)
wire279/X                               0.350000    0.422900   -0.072900 (VIOLATED)
ANTENNA_82/DIODE                        0.350000    0.422897   -0.072897 (VIOLATED)
u_memory.g_read[0].g_bank[2].g_slice[0].u_sram/din[17]    0.350000    0.422696   -0.072696 (VIOLATED)
ANTENNA_1841/DIODE                      0.350000    0.422645   -0.072645 (VIOLATED)
ANTENNA_1840/DIODE                      0.350000    0.422644   -0.072644 (VIOLATED)
ANTENNA_1839/DIODE                      0.350000    0.422644   -0.072644 (VIOLATED)
ANTENNA_1845/DIODE                      0.350000    0.422644   -0.072644 (VIOLATED)
ANTENNA_1838/DIODE                      0.350000    0.422644   -0.072644 (VIOLATED)
ANTENNA_1843/DIODE                      0.350000    0.422644   -0.072644 (VIOLATED)
ANTENNA_1842/DIODE                      0.350000    0.422643   -0.072643 (VIOLATED)
ANTENNA_1837/DIODE                      0.350000    0.422643   -0.072643 (VIOLATED)
ANTENNA_1835/DIODE                      0.350000    0.422634   -0.072634 (VIOLATED)
ANTENNA_1844/DIODE                      0.350000    0.422634   -0.072634 (VIOLATED)
ANTENNA_1836/DIODE                      0.350000    0.422628   -0.072628 (VIOLATED)
u_memory._291_/B1                       0.350000    0.422488   -0.072488 (VIOLATED)
ANTENNA_110/DIODE                       0.350000    0.422485   -0.072485 (VIOLATED)
ANTENNA_109/DIODE                       0.350000    0.422484   -0.072484 (VIOLATED)
ANTENNA_108/DIODE                       0.350000    0.422483   -0.072483 (VIOLATED)
u_memory._256_/X                        0.350000    0.422480   -0.072480 (VIOLATED)
u_memory._390_/B1                       0.350000    0.422456   -0.072456 (VIOLATED)
ANTENNA_201/DIODE                       0.350000    0.422454   -0.072454 (VIOLATED)
ANTENNA_199/DIODE                       0.350000    0.422452   -0.072452 (VIOLATED)
ANTENNA_202/DIODE                       0.350000    0.422442   -0.072442 (VIOLATED)
ANTENNA_200/DIODE                       0.350000    0.422439   -0.072439 (VIOLATED)
wire296/X                               0.350000    0.422432   -0.072432 (VIOLATED)
_034_/D                                 0.350000    0.422425   -0.072425 (VIOLATED)
u_memory._330_/X                        0.350000    0.422369   -0.072369 (VIOLATED)
u_memory._357_/B1                       0.350000    0.422341   -0.072341 (VIOLATED)
ANTENNA_161/DIODE                       0.350000    0.422336   -0.072336 (VIOLATED)
ANTENNA_162/DIODE                       0.350000    0.422333   -0.072333 (VIOLATED)
ANTENNA_163/DIODE                       0.350000    0.422332   -0.072332 (VIOLATED)
ANTENNA_164/DIODE                       0.350000    0.422330   -0.072330 (VIOLATED)
wire425/X                               0.350000    0.422241   -0.072241 (VIOLATED)
u_memory._387_/B1                       0.350000    0.422094   -0.072094 (VIOLATED)
ANTENNA_196/DIODE                       0.350000    0.422081   -0.072081 (VIOLATED)
ANTENNA_197/DIODE                       0.350000    0.422080   -0.072080 (VIOLATED)
ANTENNA_195/DIODE                       0.350000    0.422078   -0.072078 (VIOLATED)
ANTENNA_198/DIODE                       0.350000    0.422074   -0.072074 (VIOLATED)
ANTENNA_190/DIODE                       0.350000    0.422042   -0.072042 (VIOLATED)
u_memory._378_/B1                       0.350000    0.422042   -0.072042 (VIOLATED)
ANTENNA_189/DIODE                       0.350000    0.422035   -0.072035 (VIOLATED)
ANTENNA_187/DIODE                       0.350000    0.422033   -0.072033 (VIOLATED)
ANTENNA_188/DIODE                       0.350000    0.422029   -0.072029 (VIOLATED)
u_memory._388_/X                        0.350000    0.422023   -0.072023 (VIOLATED)
u_memory._289_/X                        0.350000    0.422017   -0.072017 (VIOLATED)
u_memory._355_/X                        0.350000    0.421912   -0.071912 (VIOLATED)
max_cap488/X                            0.350000    0.421845   -0.071845 (VIOLATED)
u_memory.g_read[1].g_bank[1].g_slice[0].u_sram/dout[27]    0.350000    0.421637   -0.071637 (VIOLATED)
ANTENNA_1173/DIODE                      0.350000    0.421522   -0.071522 (VIOLATED)
ANTENNA_1171/DIODE                      0.350000    0.421518   -0.071518 (VIOLATED)
u_memory._285_/A1                       0.350000    0.421517   -0.071517 (VIOLATED)
ANTENNA_1172/DIODE                      0.350000    0.421492   -0.071492 (VIOLATED)
u_memory._384_/B1                       0.350000    0.421489   -0.071489 (VIOLATED)
ANTENNA_192/DIODE                       0.350000    0.421480   -0.071480 (VIOLATED)
ANTENNA_191/DIODE                       0.350000    0.421479   -0.071479 (VIOLATED)
ANTENNA_194/DIODE                       0.350000    0.421478   -0.071478 (VIOLATED)
ANTENNA_193/DIODE                       0.350000    0.421473   -0.071473 (VIOLATED)
u_memory._385_/X                        0.350000    0.421443   -0.071443 (VIOLATED)
u_memory._175_/D                        0.350000    0.421434   -0.071434 (VIOLATED)
u_memory.g_read[0].g_bank[2].g_slice[0].u_sram/din[20]    0.350000    0.421354   -0.071354 (VIOLATED)
u_memory._336_/B1                       0.350000    0.421306   -0.071306 (VIOLATED)
ANTENNA_139/DIODE                       0.350000    0.421303   -0.071303 (VIOLATED)
ANTENNA_138/DIODE                       0.350000    0.421302   -0.071302 (VIOLATED)
ANTENNA_136/DIODE                       0.350000    0.421301   -0.071301 (VIOLATED)
ANTENNA_137/DIODE                       0.350000    0.421298   -0.071298 (VIOLATED)
u_memory._376_/X                        0.350000    0.421242   -0.071242 (VIOLATED)
u_memory._382_/X                        0.350000    0.421089   -0.071089 (VIOLATED)
wire351/X                               0.350000    0.420970   -0.070970 (VIOLATED)
u_memory._204_/A_N                      0.350000    0.420940   -0.070940 (VIOLATED)
u_memory.g_read[0].g_bank[1].g_slice[0].u_sram/dout[24]    0.350000    0.420933   -0.070933 (VIOLATED)
u_memory._172_/A                        0.350000    0.420859   -0.070859 (VIOLATED)
u_memory._334_/X                        0.350000    0.420841   -0.070841 (VIOLATED)
ANTENNA_1529/DIODE                      0.350000    0.420819   -0.070819 (VIOLATED)
ANTENNA_1528/DIODE                      0.350000    0.420819   -0.070819 (VIOLATED)
hold117/A                               0.350000    0.420816   -0.070816 (VIOLATED)
ANTENNA_1534/DIODE                      0.350000    0.420812   -0.070812 (VIOLATED)
ANTENNA_1533/DIODE                      0.350000    0.420812   -0.070812 (VIOLATED)
ANTENNA_1532/DIODE                      0.350000    0.420811   -0.070811 (VIOLATED)
ANTENNA_1531/DIODE                      0.350000    0.420811   -0.070811 (VIOLATED)
ANTENNA_1535/DIODE                      0.350000    0.420810   -0.070810 (VIOLATED)
ANTENNA_1530/DIODE                      0.350000    0.420810   -0.070810 (VIOLATED)
ANTENNA_1527/DIODE                      0.350000    0.420803   -0.070803 (VIOLATED)
ANTENNA_1537/DIODE                      0.350000    0.420803   -0.070803 (VIOLATED)
ANTENNA_1536/DIODE                      0.350000    0.420803   -0.070803 (VIOLATED)
u_memory._270_/B1                       0.350000    0.420770   -0.070770 (VIOLATED)
ANTENNA_92/DIODE                        0.350000    0.420768   -0.070768 (VIOLATED)
ANTENNA_90/DIODE                        0.350000    0.420766   -0.070766 (VIOLATED)
ANTENNA_91/DIODE                        0.350000    0.420760   -0.070760 (VIOLATED)
u_memory._203_/B                        0.350000    0.420743   -0.070743 (VIOLATED)
u_memory.g_read[0].g_bank[2].g_slice[0].u_sram/din[8]    0.350000    0.420564   -0.070564 (VIOLATED)
u_memory._207_/A                        0.350000    0.420461   -0.070461 (VIOLATED)
ANTENNA_1524/DIODE                      0.350000    0.420442   -0.070442 (VIOLATED)
ANTENNA_1523/DIODE                      0.350000    0.420442   -0.070442 (VIOLATED)
ANTENNA_1522/DIODE                      0.350000    0.420442   -0.070442 (VIOLATED)
ANTENNA_1526/DIODE                      0.350000    0.420442   -0.070442 (VIOLATED)
ANTENNA_1525/DIODE                      0.350000    0.420442   -0.070442 (VIOLATED)
ANTENNA_1520/DIODE                      0.350000    0.420441   -0.070441 (VIOLATED)
ANTENNA_1521/DIODE                      0.350000    0.420436   -0.070436 (VIOLATED)
ANTENNA_1519/DIODE                      0.350000    0.420436   -0.070436 (VIOLATED)
ANTENNA_1518/DIODE                      0.350000    0.420436   -0.070436 (VIOLATED)
ANTENNA_1517/DIODE                      0.350000    0.420436   -0.070435 (VIOLATED)
ANTENNA_1516/DIODE                      0.350000    0.420434   -0.070434 (VIOLATED)
u_memory.g_read[0].g_bank[3].g_slice[0].u_sram/wmask[3]    0.350000    0.420372   -0.070372 (VIOLATED)
u_memory._206_/A                        0.350000    0.420231   -0.070231 (VIOLATED)
u_memory._268_/X                        0.350000    0.420096   -0.070096 (VIOLATED)
u_memory._328_/C                        0.350000    0.420085   -0.070085 (VIOLATED)
ANTENNA_674/DIODE                       0.350000    0.420083   -0.070083 (VIOLATED)
ANTENNA_671/DIODE                       0.350000    0.420075   -0.070075 (VIOLATED)
ANTENNA_672/DIODE                       0.350000    0.420072   -0.070072 (VIOLATED)
ANTENNA_673/DIODE                       0.350000    0.420071   -0.070071 (VIOLATED)
hold147/X                               0.350000    0.420043   -0.070042 (VIOLATED)
max_cap440/X                            0.350000    0.420020   -0.070020 (VIOLATED)
_099_/D                                 0.350000    0.419813   -0.069812 (VIOLATED)
ANTENNA_229/DIODE                       0.350000    0.419812   -0.069812 (VIOLATED)
ANTENNA_2591/DIODE                      0.350000    0.419783   -0.069783 (VIOLATED)
ANTENNA_2590/DIODE                      0.350000    0.419783   -0.069783 (VIOLATED)
ANTENNA_2588/DIODE                      0.350000    0.419783   -0.069783 (VIOLATED)
ANTENNA_2587/DIODE                      0.350000    0.419782   -0.069782 (VIOLATED)
input27/X                               0.350000    0.419782   -0.069782 (VIOLATED)
ANTENNA_2586/DIODE                      0.350000    0.419782   -0.069782 (VIOLATED)
ANTENNA_2593/DIODE                      0.350000    0.419782   -0.069782 (VIOLATED)
ANTENNA_2592/DIODE                      0.350000    0.419781   -0.069781 (VIOLATED)
ANTENNA_2589/DIODE                      0.350000    0.419774   -0.069774 (VIOLATED)
ANTENNA_2585/DIODE                      0.350000    0.419774   -0.069774 (VIOLATED)
ANTENNA_2584/DIODE                      0.350000    0.419774   -0.069774 (VIOLATED)
ANTENNA_2583/DIODE                      0.350000    0.419773   -0.069773 (VIOLATED)
u_memory._235_/A                        0.350000    0.419706   -0.069706 (VIOLATED)
ANTENNA_1307/DIODE                      0.350000    0.419642   -0.069642 (VIOLATED)
ANTENNA_1316/DIODE                      0.350000    0.419642   -0.069642 (VIOLATED)
ANTENNA_1309/DIODE                      0.350000    0.419641   -0.069641 (VIOLATED)
ANTENNA_1308/DIODE                      0.350000    0.419641   -0.069641 (VIOLATED)
ANTENNA_1312/DIODE                      0.350000    0.419639   -0.069639 (VIOLATED)
ANTENNA_1311/DIODE                      0.350000    0.419639   -0.069639 (VIOLATED)
ANTENNA_1310/DIODE                      0.350000    0.419639   -0.069639 (VIOLATED)
ANTENNA_1317/DIODE                      0.350000    0.419637   -0.069637 (VIOLATED)
ANTENNA_1315/DIODE                      0.350000    0.419636   -0.069636 (VIOLATED)
ANTENNA_1314/DIODE                      0.350000    0.419636   -0.069636 (VIOLATED)
ANTENNA_1313/DIODE                      0.350000    0.419636   -0.069636 (VIOLATED)
max_cap438/X                            0.350000    0.419632   -0.069632 (VIOLATED)
output94/A                              0.350000    0.419618   -0.069618 (VIOLATED)
_093_/D                                 0.350000    0.419555   -0.069555 (VIOLATED)
wire223/X                               0.350000    0.419534   -0.069534 (VIOLATED)
_008_/D                                 0.350000    0.419441   -0.069441 (VIOLATED)
output91/A                              0.350000    0.419404   -0.069404 (VIOLATED)
u_memory._230_/X                        0.350000    0.419396   -0.069396 (VIOLATED)
u_memory._262_/A                        0.350000    0.419313   -0.069313 (VIOLATED)
u_memory._300_/A1                       0.350000    0.419223   -0.069223 (VIOLATED)
input31/X                               0.350000    0.419137   -0.069137 (VIOLATED)
u_memory.g_read[1].g_bank[2].g_slice[0].u_sram/din[13]    0.350000    0.419094   -0.069094 (VIOLATED)
u_memory._261_/B1                       0.350000    0.419088   -0.069088 (VIOLATED)
ANTENNA_84/DIODE                        0.350000    0.419086   -0.069086 (VIOLATED)
ANTENNA_83/DIODE                        0.350000    0.419081   -0.069081 (VIOLATED)
ANTENNA_85/DIODE                        0.350000    0.419079   -0.069079 (VIOLATED)
_030_/Q                                 0.350000    0.419060   -0.069060 (VIOLATED)
max_cap404/X                            0.350000    0.419000   -0.069000 (VIOLATED)
max_cap608/X                            0.350000    0.418991   -0.068991 (VIOLATED)
u_memory.g_read[0].g_bank[2].g_slice[0].u_sram/din[13]    0.350000    0.418867   -0.068867 (VIOLATED)
_027_/Q                                 0.350000    0.418813   -0.068813 (VIOLATED)
wire345/X                               0.350000    0.418699   -0.068699 (VIOLATED)
u_memory._259_/X                        0.350000    0.418660   -0.068660 (VIOLATED)
u_memory._283_/C                        0.350000    0.418628   -0.068628 (VIOLATED)
ANTENNA_969/DIODE                       0.350000    0.418623   -0.068623 (VIOLATED)
ANTENNA_967/DIODE                       0.350000    0.418623   -0.068623 (VIOLATED)
ANTENNA_968/DIODE                       0.350000    0.418618   -0.068618 (VIOLATED)
ANTENNA_970/DIODE                       0.350000    0.418617   -0.068617 (VIOLATED)
u_memory.g_read[0].g_bank[2].g_slice[0].u_sram/din[3]    0.350000    0.418517   -0.068517 (VIOLATED)
_133_/D                                 0.350000    0.418362   -0.068362 (VIOLATED)
input70/X                               0.350000    0.418347   -0.068347 (VIOLATED)
ANTENNA_1126/DIODE                      0.350000    0.418187   -0.068187 (VIOLATED)
ANTENNA_1124/DIODE                      0.350000    0.418184   -0.068184 (VIOLATED)
u_memory._233_/A1                       0.350000    0.418184   -0.068184 (VIOLATED)
ANTENNA_1125/DIODE                      0.350000    0.418161   -0.068161 (VIOLATED)
ANTENNA_1127/DIODE                      0.350000    0.418147   -0.068147 (VIOLATED)
u_memory.g_read[0].g_bank[2].g_slice[0].u_sram/din[0]    0.350000    0.418065   -0.068065 (VIOLATED)
u_memory.g_read[1].g_bank[2].g_slice[0].u_sram/din[3]    0.350000    0.418047   -0.068047 (VIOLATED)
fanout377/A                             0.350000    0.418008   -0.068008 (VIOLATED)
ANTENNA_1230/DIODE                      0.350000    0.417999   -0.067999 (VIOLATED)
u_memory.g_read[0].g_bank[2].g_slice[0].u_sram/wmask[3]    0.350000    0.417941   -0.067941 (VIOLATED)
wire298/X                               0.350000    0.417932   -0.067932 (VIOLATED)
u_memory._273_/B1                       0.350000    0.417695   -0.067695 (VIOLATED)
ANTENNA_94/DIODE                        0.350000    0.417692   -0.067692 (VIOLATED)
ANTENNA_93/DIODE                        0.350000    0.417692   -0.067692 (VIOLATED)
ANTENNA_95/DIODE                        0.350000    0.417683   -0.067683 (VIOLATED)
wire338/X                               0.350000    0.417639   -0.067639 (VIOLATED)
u_memory._271_/X                        0.350000    0.417290   -0.067290 (VIOLATED)
u_memory.g_read[0].g_bank[0].g_slice[0].u_sram/wmask[0]    0.350000    0.417067   -0.067067 (VIOLATED)
u_memory._304_/A0                       0.350000    0.416925   -0.066925 (VIOLATED)
u_memory._291_/B2                       0.350000    0.416655   -0.066655 (VIOLATED)
ANTENNA_111/DIODE                       0.350000    0.416654   -0.066654 (VIOLATED)
u_memory.g_read[0].g_bank[1].g_slice[0].u_sram/din[17]    0.350000    0.416627   -0.066627 (VIOLATED)
_067_/Q                                 0.350000    0.416573   -0.066573 (VIOLATED)
u_memory.g_read[0].g_bank[1].g_slice[0].u_sram/wmask[0]    0.350000    0.416329   -0.066329 (VIOLATED)
u_memory._290_/X                        0.350000    0.416327   -0.066327 (VIOLATED)
_108_/D                                 0.350000    0.416149   -0.066149 (VIOLATED)
u_memory.g_read[0].g_bank[2].g_slice[0].u_sram/din[27]    0.350000    0.416132   -0.066132 (VIOLATED)
input67/X                               0.350000    0.416131   -0.066131 (VIOLATED)
u_memory._244_/C                        0.350000    0.416112   -0.066112 (VIOLATED)
ANTENNA_1019/DIODE                      0.350000    0.416109   -0.066109 (VIOLATED)
ANTENNA_1017/DIODE                      0.350000    0.416107   -0.066107 (VIOLATED)
ANTENNA_1018/DIODE                      0.350000    0.416105   -0.066105 (VIOLATED)
ANTENNA_1020/DIODE                      0.350000    0.416102   -0.066102 (VIOLATED)
u_memory.g_read[0].g_bank[2].g_slice[0].u_sram/din[6]    0.350000    0.416021   -0.066021 (VIOLATED)
u_memory._184_/A1                       0.350000    0.415813   -0.065813 (VIOLATED)
u_memory._297_/B1                       0.350000    0.415737   -0.065737 (VIOLATED)
ANTENNA_119/DIODE                       0.350000    0.415733   -0.065733 (VIOLATED)
ANTENNA_117/DIODE                       0.350000    0.415732   -0.065732 (VIOLATED)
ANTENNA_118/DIODE                       0.350000    0.415730   -0.065730 (VIOLATED)
fanout169/X                             0.350000    0.415671   -0.065671 (VIOLATED)
wire311/X                               0.350000    0.415568   -0.065568 (VIOLATED)
u_memory._384_/B2                       0.350000    0.415413   -0.065413 (VIOLATED)
u_memory._295_/X                        0.350000    0.415336   -0.065336 (VIOLATED)
u_memory._383_/X                        0.350000    0.415109   -0.065109 (VIOLATED)
ANTENNA_171/DIODE                       0.350000    0.415080   -0.065080 (VIOLATED)
u_memory._363_/B1                       0.350000    0.415078   -0.065078 (VIOLATED)
ANTENNA_169/DIODE                       0.350000    0.415077   -0.065077 (VIOLATED)
ANTENNA_170/DIODE                       0.350000    0.415063   -0.065063 (VIOLATED)
ANTENNA_172/DIODE                       0.350000    0.415053   -0.065053 (VIOLATED)
u_memory._300_/B2                       0.350000    0.415048   -0.065048 (VIOLATED)
ANTENNA_776/DIODE                       0.350000    0.414768   -0.064768 (VIOLATED)
ANTENNA_774/DIODE                       0.350000    0.414766   -0.064766 (VIOLATED)
u_memory._354_/A1                       0.350000    0.414763   -0.064763 (VIOLATED)
ANTENNA_773/DIODE                       0.350000    0.414762   -0.064762 (VIOLATED)
ANTENNA_775/DIODE                       0.350000    0.414745   -0.064745 (VIOLATED)
u_memory._361_/X                        0.350000    0.414685   -0.064685 (VIOLATED)
u_memory._413_/B1                       0.350000    0.414374   -0.064374 (VIOLATED)
u_memory._299_/X                        0.350000    0.414318   -0.064318 (VIOLATED)
wire253/X                               0.350000    0.414258   -0.064258 (VIOLATED)
u_memory._334_/C                        0.350000    0.414165   -0.064165 (VIOLATED)
ANTENNA_636/DIODE                       0.350000    0.414163   -0.064163 (VIOLATED)
ANTENNA_634/DIODE                       0.350000    0.414161   -0.064161 (VIOLATED)
ANTENNA_633/DIODE                       0.350000    0.414157   -0.064157 (VIOLATED)
ANTENNA_635/DIODE                       0.350000    0.414144   -0.064144 (VIOLATED)
output74/A                              0.350000    0.414122   -0.064122 (VIOLATED)
_011_/Q                                 0.350000    0.414072   -0.064072 (VIOLATED)
u_memory.g_read[1].g_bank[2].g_slice[0].u_sram/din[11]    0.350000    0.414021   -0.064021 (VIOLATED)
u_memory._422_/A1                       0.350000    0.413951   -0.063951 (VIOLATED)
fanout378/X                             0.350000    0.413868   -0.063868 (VIOLATED)
output117/A                             0.350000    0.413860   -0.063860 (VIOLATED)
u_memory._411_/B1                       0.350000    0.413851   -0.063851 (VIOLATED)
ANTENNA_205/DIODE                       0.350000    0.413849   -0.063849 (VIOLATED)
_005_/Q                                 0.350000    0.413836   -0.063836 (VIOLATED)
u_memory._229_/A2                       0.350000    0.413802   -0.063802 (VIOLATED)
ANTENNA_1038/DIODE                      0.350000    0.413797   -0.063797 (VIOLATED)
ANTENNA_1036/DIODE                      0.350000    0.413796   -0.063796 (VIOLATED)
ANTENNA_1037/DIODE                      0.350000    0.413793   -0.063793 (VIOLATED)
wire214/X                               0.350000    0.413591   -0.063591 (VIOLATED)
u_memory.g_read[1].g_bank[3].g_slice[0].u_sram/wmask[2]    0.350000    0.413549   -0.063549 (VIOLATED)
max_cap488/A                            0.350000    0.413547   -0.063547 (VIOLATED)
u_memory._253_/C                        0.350000    0.413524   -0.063524 (VIOLATED)
ANTENNA_1008/DIODE                      0.350000    0.413520   -0.063520 (VIOLATED)
ANTENNA_1006/DIODE                      0.350000    0.413519   -0.063519 (VIOLATED)
ANTENNA_1005/DIODE                      0.350000    0.413518   -0.063518 (VIOLATED)
u_memory._409_/X                        0.350000    0.413516   -0.063516 (VIOLATED)
ANTENNA_1007/DIODE                      0.350000    0.413511   -0.063511 (VIOLATED)
_109_/D                                 0.350000    0.413125   -0.063125 (VIOLATED)
wire642/X                               0.350000    0.413088   -0.063088 (VIOLATED)
wire316/X                               0.350000    0.413034   -0.063034 (VIOLATED)
max_cap489/X                            0.350000    0.412789   -0.062789 (VIOLATED)
wire308/X                               0.350000    0.412788   -0.062788 (VIOLATED)
u_memory._358_/C                        0.350000    0.412728   -0.062728 (VIOLATED)
ANTENNA_701/DIODE                       0.350000    0.412724   -0.062724 (VIOLATED)
ANTENNA_699/DIODE                       0.350000    0.412721   -0.062721 (VIOLATED)
ANTENNA_700/DIODE                       0.350000    0.412719   -0.062719 (VIOLATED)
ANTENNA_702/DIODE                       0.350000    0.412716   -0.062716 (VIOLATED)
u_memory._184_/A2                       0.350000    0.412482   -0.062482 (VIOLATED)
u_memory._196_/B                        0.350000    0.412206   -0.062206 (VIOLATED)
hold20/A                                0.350000    0.412186   -0.062186 (VIOLATED)
hold89/X                                0.350000    0.412186   -0.062186 (VIOLATED)
u_memory.g_read[0].g_bank[2].g_slice[0].u_sram/din[16]    0.350000    0.412174   -0.062174 (VIOLATED)
u_memory._211_/A2                       0.350000    0.412135   -0.062135 (VIOLATED)
ANTENNA_1079/DIODE                      0.350000    0.412132   -0.062132 (VIOLATED)
ANTENNA_1077/DIODE                      0.350000    0.412131   -0.062131 (VIOLATED)
ANTENNA_1078/DIODE                      0.350000    0.412128   -0.062128 (VIOLATED)
ANTENNA_1080/DIODE                      0.350000    0.412126   -0.062126 (VIOLATED)
u_memory._183_/X                        0.350000    0.412061   -0.062061 (VIOLATED)
wire231/X                               0.350000    0.412005   -0.062005 (VIOLATED)
wire326/X                               0.350000    0.411573   -0.061573 (VIOLATED)
u_memory._232_/A2                       0.350000    0.409869   -0.059869 (VIOLATED)
ANTENNA_1035/DIODE                      0.350000    0.409864   -0.059864 (VIOLATED)
ANTENNA_1033/DIODE                      0.350000    0.409863   -0.059863 (VIOLATED)
ANTENNA_1034/DIODE                      0.350000    0.409860   -0.059860 (VIOLATED)
u_memory._277_/C                        0.350000    0.409828   -0.059828 (VIOLATED)
ANTENNA_976/DIODE                       0.350000    0.409824   -0.059824 (VIOLATED)
ANTENNA_974/DIODE                       0.350000    0.409822   -0.059822 (VIOLATED)
ANTENNA_975/DIODE                       0.350000    0.409819   -0.059819 (VIOLATED)
ANTENNA_977/DIODE                       0.350000    0.409817   -0.059817 (VIOLATED)
output84/A                              0.350000    0.409738   -0.059738 (VIOLATED)
_002_/Q                                 0.350000    0.409686   -0.059686 (VIOLATED)
u_memory._373_/C                        0.350000    0.409657   -0.059657 (VIOLATED)
ANTENNA_684/DIODE                       0.350000    0.409653   -0.059653 (VIOLATED)
ANTENNA_682/DIODE                       0.350000    0.409652   -0.059652 (VIOLATED)
ANTENNA_681/DIODE                       0.350000    0.409651   -0.059651 (VIOLATED)
ANTENNA_683/DIODE                       0.350000    0.409645   -0.059645 (VIOLATED)
wire300/X                               0.350000    0.409248   -0.059248 (VIOLATED)
wire315/X                               0.350000    0.409119   -0.059119 (VIOLATED)
wire226/X                               0.350000    0.408943   -0.058943 (VIOLATED)
u_memory.g_read[0].g_bank[2].g_slice[0].u_sram/din[14]    0.350000    0.408932   -0.058932 (VIOLATED)
ANTENNA_2793/DIODE                      0.350000    0.408652   -0.058652 (VIOLATED)
_085_/D                                 0.350000    0.408650   -0.058650 (VIOLATED)
u_memory._352_/C                        0.350000    0.408387   -0.058387 (VIOLATED)
ANTENNA_611/DIODE                       0.350000    0.408382   -0.058382 (VIOLATED)
ANTENNA_610/DIODE                       0.350000    0.408381   -0.058381 (VIOLATED)
ANTENNA_612/DIODE                       0.350000    0.408377   -0.058377 (VIOLATED)
ANTENNA_1224/DIODE                      0.350000    0.408192   -0.058192 (VIOLATED)
ANTENNA_1222/DIODE                      0.350000    0.408188   -0.058188 (VIOLATED)
u_memory._240_/A1                       0.350000    0.408179   -0.058179 (VIOLATED)
ANTENNA_1223/DIODE                      0.350000    0.408145   -0.058145 (VIOLATED)
ANTENNA_1225/DIODE                      0.350000    0.408131   -0.058131 (VIOLATED)
input10/X                               0.350000    0.408049   -0.058049 (VIOLATED)
u_memory._319_/A0                       0.350000    0.407990   -0.057990 (VIOLATED)
ANTENNA_2787/DIODE                      0.350000    0.407967   -0.057967 (VIOLATED)
wire208/X                               0.350000    0.407740   -0.057740 (VIOLATED)
wire367/X                               0.350000    0.407654   -0.057654 (VIOLATED)
u_memory._368_/A2                       0.350000    0.407599   -0.057599 (VIOLATED)
ANTENNA_754/DIODE                       0.350000    0.407586   -0.057586 (VIOLATED)
ANTENNA_752/DIODE                       0.350000    0.407583   -0.057583 (VIOLATED)
ANTENNA_753/DIODE                       0.350000    0.407580   -0.057580 (VIOLATED)
ANTENNA_755/DIODE                       0.350000    0.407575   -0.057575 (VIOLATED)
ANTENNA_2764/DIODE                      0.350000    0.407519   -0.057519 (VIOLATED)
ANTENNA_2765/DIODE                      0.350000    0.407519   -0.057519 (VIOLATED)
ANTENNA_2763/DIODE                      0.350000    0.407508   -0.057508 (VIOLATED)
ANTENNA_2762/DIODE                      0.350000    0.407508   -0.057508 (VIOLATED)
output92/A                              0.350000    0.407306   -0.057306 (VIOLATED)
hold185/X                               0.350000    0.407113   -0.057113 (VIOLATED)
wire247/X                               0.350000    0.407074   -0.057074 (VIOLATED)
u_memory._256_/C                        0.350000    0.406995   -0.056995 (VIOLATED)
ANTENNA_1003/DIODE                      0.350000    0.406990   -0.056990 (VIOLATED)
ANTENNA_1001/DIODE                      0.350000    0.406988   -0.056988 (VIOLATED)
ANTENNA_1002/DIODE                      0.350000    0.406985   -0.056985 (VIOLATED)
ANTENNA_1004/DIODE                      0.350000    0.406983   -0.056983 (VIOLATED)
_028_/Q                                 0.350000    0.406873   -0.056873 (VIOLATED)
wire307/X                               0.350000    0.406346   -0.056346 (VIOLATED)
u_memory._345_/B1                       0.350000    0.406342   -0.056342 (VIOLATED)
ANTENNA_148/DIODE                       0.350000    0.406341   -0.056341 (VIOLATED)
ANTENNA_149/DIODE                       0.350000    0.406339   -0.056338 (VIOLATED)
ANTENNA_147/DIODE                       0.350000    0.406333   -0.056333 (VIOLATED)
u_memory.g_read[0].g_bank[2].g_slice[0].u_sram/din[23]    0.350000    0.406309   -0.056309 (VIOLATED)
u_memory._343_/X                        0.350000    0.405919   -0.055919 (VIOLATED)
u_memory._327_/A1                       0.350000    0.405647   -0.055647 (VIOLATED)
ANTENNA_905/DIODE                       0.350000    0.405646   -0.055646 (VIOLATED)
ANTENNA_903/DIODE                       0.350000    0.405645   -0.055645 (VIOLATED)
ANTENNA_904/DIODE                       0.350000    0.405632   -0.055632 (VIOLATED)
u_memory._375_/A1                       0.350000    0.405529   -0.055529 (VIOLATED)
ANTENNA_879/DIODE                       0.350000    0.405526   -0.055526 (VIOLATED)
ANTENNA_877/DIODE                       0.350000    0.405526   -0.055526 (VIOLATED)
ANTENNA_878/DIODE                       0.350000    0.405515   -0.055515 (VIOLATED)
ANTENNA_880/DIODE                       0.350000    0.405513   -0.055513 (VIOLATED)
u_memory.g_read[1].g_bank[1].g_slice[0].u_sram/din[4]    0.350000    0.405203   -0.055203 (VIOLATED)
wire284/X                               0.350000    0.405130   -0.055130 (VIOLATED)
u_memory._216_/C                        0.350000    0.405087   -0.055087 (VIOLATED)
ANTENNA_929/DIODE                       0.350000    0.405086   -0.055086 (VIOLATED)
ANTENNA_927/DIODE                       0.350000    0.405085   -0.055085 (VIOLATED)
ANTENNA_926/DIODE                       0.350000    0.405080   -0.055080 (VIOLATED)
ANTENNA_928/DIODE                       0.350000    0.405077   -0.055077 (VIOLATED)
ANTENNA_883/DIODE                       0.350000    0.404947   -0.054947 (VIOLATED)
u_memory._372_/A1                       0.350000    0.404944   -0.054944 (VIOLATED)
ANTENNA_881/DIODE                       0.350000    0.404941   -0.054941 (VIOLATED)
u_memory._201_/A1                       0.350000    0.404934   -0.054934 (VIOLATED)
ANTENNA_882/DIODE                       0.350000    0.404932   -0.054932 (VIOLATED)
ANTENNA_884/DIODE                       0.350000    0.404929   -0.054929 (VIOLATED)
u_memory._275_/A2                       0.350000    0.404875   -0.054875 (VIOLATED)
ANTENNA_2713/DIODE                      0.350000    0.404861   -0.054861 (VIOLATED)
u_memory._199_/A_N                      0.350000    0.404858   -0.054858 (VIOLATED)
ANTENNA_1130/DIODE                      0.350000    0.404831   -0.054831 (VIOLATED)
ANTENNA_1128/DIODE                      0.350000    0.404828   -0.054828 (VIOLATED)
u_memory._230_/A1                       0.350000    0.404828   -0.054828 (VIOLATED)
wire277/X                               0.350000    0.404815   -0.054815 (VIOLATED)
ANTENNA_1129/DIODE                      0.350000    0.404805   -0.054805 (VIOLATED)
ANTENNA_1131/DIODE                      0.350000    0.404792   -0.054792 (VIOLATED)
_032_/D                                 0.350000    0.404717   -0.054717 (VIOLATED)
ANTENNA_2714/DIODE                      0.350000    0.404692   -0.054692 (VIOLATED)
u_memory._425_/A0                       0.350000    0.404692   -0.054692 (VIOLATED)
wire290/X                               0.350000    0.404566   -0.054566 (VIOLATED)
ANTENNA_948/DIODE                       0.350000    0.404528   -0.054528 (VIOLATED)
ANTENNA_946/DIODE                       0.350000    0.404524   -0.054524 (VIOLATED)
u_memory._213_/C                        0.350000    0.404517   -0.054517 (VIOLATED)
ANTENNA_947/DIODE                       0.350000    0.404504   -0.054504 (VIOLATED)
ANTENNA_949/DIODE                       0.350000    0.404488   -0.054488 (VIOLATED)
hold20/X                                0.350000    0.404440   -0.054440 (VIOLATED)
wire278/X                               0.350000    0.404429   -0.054428 (VIOLATED)
u_memory._303_/X                        0.350000    0.404389   -0.054389 (VIOLATED)
wire339/X                               0.350000    0.404312   -0.054312 (VIOLATED)
u_memory._308_/A1                       0.350000    0.404152   -0.054152 (VIOLATED)
wire293/X                               0.350000    0.403947   -0.053947 (VIOLATED)
u_memory._317_/A0                       0.350000    0.403819   -0.053819 (VIOLATED)
_110_/D                                 0.350000    0.403732   -0.053732 (VIOLATED)
input38/X                               0.350000    0.403701   -0.053701 (VIOLATED)
hold189/X                               0.350000    0.403551   -0.053551 (VIOLATED)
u_memory._351_/B1                       0.350000    0.403541   -0.053541 (VIOLATED)
ANTENNA_155/DIODE                       0.350000    0.403539   -0.053539 (VIOLATED)
ANTENNA_153/DIODE                       0.350000    0.403538   -0.053538 (VIOLATED)
ANTENNA_154/DIODE                       0.350000    0.403534   -0.053534 (VIOLATED)
ANTENNA_156/DIODE                       0.350000    0.403533   -0.053533 (VIOLATED)
output128/A                             0.350000    0.403499   -0.053499 (VIOLATED)
_006_/Q                                 0.350000    0.403440   -0.053440 (VIOLATED)
ANTENNA_855/DIODE                       0.350000    0.403434   -0.053434 (VIOLATED)
ANTENNA_853/DIODE                       0.350000    0.403434   -0.053434 (VIOLATED)
u_memory._387_/A1                       0.350000    0.403433   -0.053433 (VIOLATED)
ANTENNA_852/DIODE                       0.350000    0.403423   -0.053423 (VIOLATED)
ANTENNA_854/DIODE                       0.350000    0.403421   -0.053421 (VIOLATED)
ANTENNA_2789/DIODE                      0.350000    0.403215   -0.053215 (VIOLATED)
_030_/D                                 0.350000    0.403213   -0.053213 (VIOLATED)
ANTENNA_2790/DIODE                      0.350000    0.403207   -0.053207 (VIOLATED)
u_memory._349_/X                        0.350000    0.403114   -0.053114 (VIOLATED)
wire272/X                               0.350000    0.402952   -0.052952 (VIOLATED)
u_memory._310_/A1                       0.350000    0.402895   -0.052895 (VIOLATED)
u_memory.g_read[1].g_bank[2].g_slice[0].u_sram/din[23]    0.350000    0.402878   -0.052878 (VIOLATED)
u_memory._297_/X                        0.350000    0.402824   -0.052824 (VIOLATED)
hold200/X                               0.350000    0.402773   -0.052773 (VIOLATED)
u_memory._346_/C                        0.350000    0.402351   -0.052351 (VIOLATED)
ANTENNA_620/DIODE                       0.350000    0.402348   -0.052348 (VIOLATED)
ANTENNA_618/DIODE                       0.350000    0.402346   -0.052346 (VIOLATED)
ANTENNA_617/DIODE                       0.350000    0.402342   -0.052342 (VIOLATED)
ANTENNA_619/DIODE                       0.350000    0.402340   -0.052340 (VIOLATED)
u_memory._335_/A2                       0.350000    0.402260   -0.052260 (VIOLATED)
ANTENNA_736/DIODE                       0.350000    0.402254   -0.052254 (VIOLATED)
ANTENNA_734/DIODE                       0.350000    0.402254   -0.052254 (VIOLATED)
ANTENNA_735/DIODE                       0.350000    0.402251   -0.052251 (VIOLATED)
ANTENNA_737/DIODE                       0.350000    0.402249   -0.052249 (VIOLATED)
u_memory._257_/A2                       0.350000    0.402153   -0.052153 (VIOLATED)
ANTENNA_1091/DIODE                      0.350000    0.402151   -0.052151 (VIOLATED)
ANTENNA_1089/DIODE                      0.350000    0.402147   -0.052147 (VIOLATED)
ANTENNA_1090/DIODE                      0.350000    0.402143   -0.052143 (VIOLATED)
ANTENNA_1092/DIODE                      0.350000    0.402139   -0.052139 (VIOLATED)
u_memory.g_read[1].g_bank[1].g_slice[0].u_sram/din[7]    0.350000    0.402086   -0.052086 (VIOLATED)
u_memory._362_/A2                       0.350000    0.401875   -0.051875 (VIOLATED)
ANTENNA_760/DIODE                       0.350000    0.401862   -0.051862 (VIOLATED)
ANTENNA_762/DIODE                       0.350000    0.401860   -0.051860 (VIOLATED)
u_memory.g_read[0].g_bank[2].g_slice[0].u_sram/din[1]    0.350000    0.401856   -0.051856 (VIOLATED)
ANTENNA_761/DIODE                       0.350000    0.401856   -0.051856 (VIOLATED)
wire240/X                               0.350000    0.401724   -0.051724 (VIOLATED)
wire210/X                               0.350000    0.401717   -0.051717 (VIOLATED)
wire329/X                               0.350000    0.401476   -0.051476 (VIOLATED)
output136/A                             0.350000    0.401466   -0.051466 (VIOLATED)
max_cap565/A                            0.350000    0.401458   -0.051458 (VIOLATED)
_010_/Q                                 0.350000    0.401420   -0.051420 (VIOLATED)
wire249/X                               0.350000    0.401352   -0.051352 (VIOLATED)
u_memory.g_read[1].g_bank[2].g_slice[0].u_sram/din[22]    0.350000    0.401327   -0.051327 (VIOLATED)
u_memory._385_/C                        0.350000    0.401204   -0.051204 (VIOLATED)
ANTENNA_670/DIODE                       0.350000    0.401202   -0.051202 (VIOLATED)
ANTENNA_668/DIODE                       0.350000    0.401200   -0.051200 (VIOLATED)
u_memory._344_/A2                       0.350000    0.401196   -0.051196 (VIOLATED)
ANTENNA_669/DIODE                       0.350000    0.401191   -0.051191 (VIOLATED)
ANTENNA_723/DIODE                       0.350000    0.401182   -0.051182 (VIOLATED)
ANTENNA_724/DIODE                       0.350000    0.401180   -0.051180 (VIOLATED)
ANTENNA_722/DIODE                       0.350000    0.401179   -0.051179 (VIOLATED)
ANTENNA_725/DIODE                       0.350000    0.401176   -0.051176 (VIOLATED)
ANTENNA_131/DIODE                       0.350000    0.401110   -0.051110 (VIOLATED)
ANTENNA_130/DIODE                       0.350000    0.401108   -0.051108 (VIOLATED)
ANTENNA_128/DIODE                       0.350000    0.401103   -0.051103 (VIOLATED)
u_memory._330_/B1                       0.350000    0.401102   -0.051102 (VIOLATED)
ANTENNA_129/DIODE                       0.350000    0.401084   -0.051084 (VIOLATED)
output82/A                              0.350000    0.400770   -0.050770 (VIOLATED)
max_cap566/X                            0.350000    0.400694   -0.050694 (VIOLATED)
u_memory.g_read[1].g_bank[2].g_slice[0].u_sram/din[29]    0.350000    0.400679   -0.050679 (VIOLATED)
wire237/X                               0.350000    0.400665   -0.050665 (VIOLATED)
u_memory._328_/X                        0.350000    0.400655   -0.050655 (VIOLATED)
ANTENNA_2733/DIODE                      0.350000    0.400619   -0.050619 (VIOLATED)
ANTENNA_2734/DIODE                      0.350000    0.400619   -0.050619 (VIOLATED)
ANTENNA_2668/DIODE                      0.350000    0.400616   -0.050616 (VIOLATED)
ANTENNA_2661/DIODE                      0.350000    0.400616   -0.050616 (VIOLATED)
ANTENNA_2670/DIODE                      0.350000    0.400609   -0.050609 (VIOLATED)
ANTENNA_2669/DIODE                      0.350000    0.400609   -0.050609 (VIOLATED)
ANTENNA_2667/DIODE                      0.350000    0.400608   -0.050608 (VIOLATED)
ANTENNA_2665/DIODE                      0.350000    0.400607   -0.050607 (VIOLATED)
ANTENNA_2664/DIODE                      0.350000    0.400607   -0.050607 (VIOLATED)
ANTENNA_2660/DIODE                      0.350000    0.400606   -0.050606 (VIOLATED)
ANTENNA_2735/DIODE                      0.350000    0.400605   -0.050605 (VIOLATED)
ANTENNA_2736/DIODE                      0.350000    0.400604   -0.050604 (VIOLATED)
ANTENNA_2666/DIODE                      0.350000    0.400595   -0.050595 (VIOLATED)
ANTENNA_2663/DIODE                      0.350000    0.400595   -0.050595 (VIOLATED)
ANTENNA_2662/DIODE                      0.350000    0.400595   -0.050595 (VIOLATED)
ANTENNA_745/DIODE                       0.350000    0.400567   -0.050567 (VIOLATED)
ANTENNA_747/DIODE                       0.350000    0.400566   -0.050566 (VIOLATED)
ANTENNA_746/DIODE                       0.350000    0.400566   -0.050566 (VIOLATED)
wire222/X                               0.350000    0.400564   -0.050564 (VIOLATED)
u_memory._377_/A2                       0.350000    0.400564   -0.050563 (VIOLATED)
u_memory.g_read[0].g_bank[1].g_slice[0].u_sram/din[23]    0.350000    0.400518   -0.050518 (VIOLATED)
u_memory._369_/B1                       0.350000    0.400508   -0.050508 (VIOLATED)
ANTENNA_179/DIODE                       0.350000    0.400504   -0.050504 (VIOLATED)
ANTENNA_177/DIODE                       0.350000    0.400503   -0.050503 (VIOLATED)
ANTENNA_178/DIODE                       0.350000    0.400501   -0.050501 (VIOLATED)
wire148/X                               0.350000    0.400414   -0.050414 (VIOLATED)
u_memory._303_/B1                       0.350000    0.400294   -0.050294 (VIOLATED)
ANTENNA_122/DIODE                       0.350000    0.400290   -0.050290 (VIOLATED)
ANTENNA_120/DIODE                       0.350000    0.400289   -0.050289 (VIOLATED)
ANTENNA_121/DIODE                       0.350000    0.400287   -0.050287 (VIOLATED)
wire442/A                               0.350000    0.400275   -0.050275 (VIOLATED)
ANTENNA_1145/DIODE                      0.350000    0.400234   -0.050234 (VIOLATED)
u_memory._218_/A1                       0.350000    0.400232   -0.050232 (VIOLATED)
ANTENNA_1143/DIODE                      0.350000    0.400230   -0.050230 (VIOLATED)
hold167/X                               0.350000    0.400213   -0.050213 (VIOLATED)
ANTENNA_1144/DIODE                      0.350000    0.400209   -0.050209 (VIOLATED)
ANTENNA_1146/DIODE                      0.350000    0.400196   -0.050196 (VIOLATED)
max_cap444/A                            0.350000    0.400154   -0.050154 (VIOLATED)
u_memory._367_/X                        0.350000    0.400141   -0.050141 (VIOLATED)
max_cap443/A                            0.350000    0.400119   -0.050119 (VIOLATED)
wire244/X                               0.350000    0.400083   -0.050083 (VIOLATED)
max_cap620/X                            0.350000    0.399997   -0.049997 (VIOLATED)
hold98/X                                0.350000    0.399964   -0.049964 (VIOLATED)
max_cap467/A                            0.350000    0.399926   -0.049926 (VIOLATED)
u_memory._301_/X                        0.350000    0.399855   -0.049855 (VIOLATED)
wire343/X                               0.350000    0.399730   -0.049730 (VIOLATED)
u_memory.g_read[0].g_bank[2].g_slice[0].u_sram/din[12]    0.350000    0.399481   -0.049481 (VIOLATED)
u_memory._370_/C                        0.350000    0.399454   -0.049454 (VIOLATED)
ANTENNA_687/DIODE                       0.350000    0.399450   -0.049450 (VIOLATED)
ANTENNA_685/DIODE                       0.350000    0.399448   -0.049448 (VIOLATED)
ANTENNA_686/DIODE                       0.350000    0.399445   -0.049445 (VIOLATED)
u_memory._394_/A                        0.350000    0.399267   -0.049267 (VIOLATED)
u_memory._313_/A0                       0.350000    0.399250   -0.049250 (VIOLATED)
u_memory._379_/A                        0.350000    0.399236   -0.049236 (VIOLATED)
u_memory._304_/A1                       0.350000    0.399233   -0.049233 (VIOLATED)
u_memory._409_/A                        0.350000    0.399216   -0.049216 (VIOLATED)
max_cap468/X                            0.350000    0.399177   -0.049177 (VIOLATED)
u_memory._418_/A                        0.350000    0.399163   -0.049163 (VIOLATED)
u_memory._403_/A                        0.350000    0.399109   -0.049109 (VIOLATED)
u_memory._415_/A                        0.350000    0.399051   -0.049051 (VIOLATED)
u_memory.g_read[0].g_bank[2].g_slice[0].u_sram/din[4]    0.350000    0.399013   -0.049013 (VIOLATED)
hold164/X                               0.350000    0.398947   -0.048947 (VIOLATED)
u_memory.g_read[1].g_bank[2].g_slice[0].u_sram/din[17]    0.350000    0.398905   -0.048905 (VIOLATED)
wire227/X                               0.350000    0.398839   -0.048839 (VIOLATED)
u_memory.g_read[0].g_bank[1].g_slice[0].u_sram/din[6]    0.350000    0.398666   -0.048666 (VIOLATED)
u_memory._238_/C                        0.350000    0.398632   -0.048632 (VIOLATED)
ANTENNA_1027/DIODE                      0.350000    0.398629   -0.048629 (VIOLATED)
ANTENNA_1025/DIODE                      0.350000    0.398628   -0.048628 (VIOLATED)
ANTENNA_1026/DIODE                      0.350000    0.398625   -0.048625 (VIOLATED)
ANTENNA_1028/DIODE                      0.350000    0.398622   -0.048622 (VIOLATED)
_033_/D                                 0.350000    0.398398   -0.048398 (VIOLATED)
u_memory._327_/X                        0.350000    0.398356   -0.048356 (VIOLATED)
u_memory._398_/B1                       0.350000    0.398345   -0.048345 (VIOLATED)
ANTENNA_2312/DIODE                      0.350000    0.398143   -0.048143 (VIOLATED)
ANTENNA_2309/DIODE                      0.350000    0.398142   -0.048142 (VIOLATED)
wire313/X                               0.350000    0.398140   -0.048140 (VIOLATED)
ANTENNA_2314/DIODE                      0.350000    0.398134   -0.048134 (VIOLATED)
ANTENNA_2313/DIODE                      0.350000    0.398134   -0.048134 (VIOLATED)
ANTENNA_2311/DIODE                      0.350000    0.398134   -0.048133 (VIOLATED)
ANTENNA_2310/DIODE                      0.350000    0.398133   -0.048133 (VIOLATED)
ANTENNA_2315/DIODE                      0.350000    0.398131   -0.048131 (VIOLATED)
ANTENNA_2308/DIODE                      0.350000    0.398129   -0.048129 (VIOLATED)
ANTENNA_2318/DIODE                      0.350000    0.398128   -0.048128 (VIOLATED)
ANTENNA_2317/DIODE                      0.350000    0.398128   -0.048128 (VIOLATED)
ANTENNA_2316/DIODE                      0.350000    0.398128   -0.048128 (VIOLATED)
u_memory._214_/B2                       0.350000    0.397846   -0.047846 (VIOLATED)
ANTENNA_1057/DIODE                      0.350000    0.397831   -0.047831 (VIOLATED)
ANTENNA_1058/DIODE                      0.350000    0.397830   -0.047830 (VIOLATED)
max_cap558/A                            0.350000    0.397830   -0.047830 (VIOLATED)
ANTENNA_1059/DIODE                      0.350000    0.397822   -0.047822 (VIOLATED)
u_memory._231_/C                        0.350000    0.397707   -0.047707 (VIOLATED)
ANTENNA_908/DIODE                       0.350000    0.397702   -0.047702 (VIOLATED)
ANTENNA_906/DIODE                       0.350000    0.397700   -0.047700 (VIOLATED)
ANTENNA_907/DIODE                       0.350000    0.397697   -0.047697 (VIOLATED)
ANTENNA_909/DIODE                       0.350000    0.397695   -0.047695 (VIOLATED)
fanout372/A                             0.350000    0.397552   -0.047552 (VIOLATED)
u_memory._429_/Q                        0.350000    0.397533   -0.047533 (VIOLATED)
max_cap564/X                            0.350000    0.397445   -0.047445 (VIOLATED)
u_memory.g_read[0].g_bank[1].g_slice[0].u_sram/din[25]    0.350000    0.397416   -0.047416 (VIOLATED)
_019_/Q                                 0.350000    0.397193   -0.047193 (VIOLATED)
wire321/X                               0.350000    0.397149   -0.047149 (VIOLATED)
wire285/X                               0.350000    0.397096   -0.047096 (VIOLATED)
max_cap559/X                            0.350000    0.397091   -0.047091 (VIOLATED)
ANTENNA_1390/DIODE                      0.350000    0.396745   -0.046745 (VIOLATED)
ANTENNA_1394/DIODE                      0.350000    0.396745   -0.046745 (VIOLATED)
ANTENNA_1388/DIODE                      0.350000    0.396745   -0.046745 (VIOLATED)
ANTENNA_1392/DIODE                      0.350000    0.396744   -0.046744 (VIOLATED)
ANTENNA_1387/DIODE                      0.350000    0.396744   -0.046744 (VIOLATED)
ANTENNA_1391/DIODE                      0.350000    0.396744   -0.046744 (VIOLATED)
ANTENNA_1386/DIODE                      0.350000    0.396744   -0.046744 (VIOLATED)
ANTENNA_1384/DIODE                      0.350000    0.396737   -0.046737 (VIOLATED)
ANTENNA_1393/DIODE                      0.350000    0.396736   -0.046736 (VIOLATED)
ANTENNA_1389/DIODE                      0.350000    0.396735   -0.046735 (VIOLATED)
ANTENNA_1385/DIODE                      0.350000    0.396733   -0.046733 (VIOLATED)
u_memory.g_read[0].g_bank[1].g_slice[0].u_sram/din[12]    0.350000    0.396587   -0.046587 (VIOLATED)
output133/A                             0.350000    0.396332   -0.046332 (VIOLATED)
ANTENNA_2813/DIODE                      0.350000    0.396331   -0.046331 (VIOLATED)
_007_/Q                                 0.350000    0.396292   -0.046292 (VIOLATED)
max_cap417/X                            0.350000    0.395954   -0.045954 (VIOLATED)
u_memory._341_/A2                       0.350000    0.395520   -0.045520 (VIOLATED)
ANTENNA_726/DIODE                       0.350000    0.395508   -0.045508 (VIOLATED)
ANTENNA_728/DIODE                       0.350000    0.395505   -0.045505 (VIOLATED)
ANTENNA_727/DIODE                       0.350000    0.395500   -0.045500 (VIOLATED)
ANTENNA_729/DIODE                       0.350000    0.395498   -0.045498 (VIOLATED)
u_memory.g_read[1].g_bank[0].g_slice[0].u_sram/addr[8]    0.350000    0.395402   -0.045402 (VIOLATED)
u_memory._405_/B1                       0.350000    0.395049   -0.045049 (VIOLATED)
wire238/X                               0.350000    0.395011   -0.045011 (VIOLATED)
u_memory._403_/X                        0.350000    0.394764   -0.044764 (VIOLATED)
u_memory._329_/A2                       0.350000    0.394642   -0.044642 (VIOLATED)
ANTENNA_741/DIODE                       0.350000    0.394630   -0.044630 (VIOLATED)
ANTENNA_743/DIODE                       0.350000    0.394627   -0.044627 (VIOLATED)
ANTENNA_742/DIODE                       0.350000    0.394623   -0.044623 (VIOLATED)
ANTENNA_744/DIODE                       0.350000    0.394621   -0.044621 (VIOLATED)
u_memory.g_read[0].g_bank[2].g_slice[0].u_sram/din[2]    0.350000    0.394542   -0.044542 (VIOLATED)
hold193/A                               0.350000    0.394399   -0.044399 (VIOLATED)
hold197/X                               0.350000    0.394373   -0.044373 (VIOLATED)
wire243/X                               0.350000    0.394152   -0.044152 (VIOLATED)
max_cap530/A                            0.350000    0.393711   -0.043711 (VIOLATED)
u_memory._361_/C                        0.350000    0.392991   -0.042991 (VIOLATED)
ANTENNA_698/DIODE                       0.350000    0.392986   -0.042986 (VIOLATED)
ANTENNA_696/DIODE                       0.350000    0.392985   -0.042985 (VIOLATED)
ANTENNA_697/DIODE                       0.350000    0.392983   -0.042983 (VIOLATED)
max_cap531/X                            0.350000    0.392976   -0.042976 (VIOLATED)
ANTENNA_1161/DIODE                      0.350000    0.392864   -0.042864 (VIOLATED)
u_memory._294_/A1                       0.350000    0.392862   -0.042862 (VIOLATED)
ANTENNA_1159/DIODE                      0.350000    0.392859   -0.042859 (VIOLATED)
_066_/D                                 0.350000    0.392856   -0.042856 (VIOLATED)
ANTENNA_1160/DIODE                      0.350000    0.392829   -0.042829 (VIOLATED)
ANTENNA_1162/DIODE                      0.350000    0.392828   -0.042828 (VIOLATED)
input24/X                               0.350000    0.392812   -0.042812 (VIOLATED)
u_memory._410_/B1                       0.350000    0.392655   -0.042655 (VIOLATED)
ANTENNA_225/DIODE                       0.350000    0.392626   -0.042626 (VIOLATED)
_084_/D                                 0.350000    0.392624   -0.042624 (VIOLATED)
u_memory.g_read[1].g_bank[1].g_slice[0].u_sram/addr[8]    0.350000    0.392617   -0.042617 (VIOLATED)
u_memory._180_/A2                       0.350000    0.392616   -0.042616 (VIOLATED)
wire230/X                               0.350000    0.392390   -0.042390 (VIOLATED)
wire348/X                               0.350000    0.392237   -0.042237 (VIOLATED)
input9/X                                0.350000    0.392140   -0.042140 (VIOLATED)
max_cap593/A                            0.350000    0.391941   -0.041941 (VIOLATED)
u_memory.g_read[1].g_bank[1].g_slice[0].u_sram/din[14]    0.350000    0.391833   -0.041833 (VIOLATED)
u_memory._266_/A2                       0.350000    0.391556   -0.041556 (VIOLATED)
ANTENNA_1083/DIODE                      0.350000    0.391553   -0.041553 (VIOLATED)
ANTENNA_1081/DIODE                      0.350000    0.391552   -0.041552 (VIOLATED)
ANTENNA_1082/DIODE                      0.350000    0.391550   -0.041550 (VIOLATED)
ANTENNA_1084/DIODE                      0.350000    0.391548   -0.041548 (VIOLATED)
max_cap494/A                            0.350000    0.391447   -0.041447 (VIOLATED)
max_cap599/A                            0.350000    0.391446   -0.041446 (VIOLATED)
max_cap550/A                            0.350000    0.391289   -0.041289 (VIOLATED)
max_cap594/X                            0.350000    0.391230   -0.041230 (VIOLATED)
u_memory._189_/B1                       0.350000    0.391124   -0.041124 (VIOLATED)
wire327/X                               0.350000    0.391090   -0.041090 (VIOLATED)
ANTENNA_239/DIODE                       0.350000    0.391005   -0.041005 (VIOLATED)
_120_/D                                 0.350000    0.391005   -0.041005 (VIOLATED)
input49/X                               0.350000    0.390984   -0.040984 (VIOLATED)
u_memory._186_/X                        0.350000    0.390859   -0.040859 (VIOLATED)
u_memory._200_/B1                       0.350000    0.390859   -0.040859 (VIOLATED)
max_cap495/X                            0.350000    0.390740   -0.040740 (VIOLATED)
max_cap600/X                            0.350000    0.390736   -0.040736 (VIOLATED)
u_memory.g_read[0].g_bank[2].g_slice[0].u_sram/din[21]    0.350000    0.390724   -0.040724 (VIOLATED)
u_memory.g_read[1].g_bank[2].g_slice[0].u_sram/din[10]    0.350000    0.390490   -0.040490 (VIOLATED)
max_cap556/X                            0.350000    0.390421   -0.040421 (VIOLATED)
wire397/A                               0.350000    0.389996   -0.039996 (VIOLATED)
max_cap402/A                            0.350000    0.389980   -0.039980 (VIOLATED)
_089_/D                                 0.350000    0.389971   -0.039971 (VIOLATED)
max_cap498/A                            0.350000    0.389962   -0.039962 (VIOLATED)
ANTENNA_56/DIODE                        0.350000    0.389958   -0.039958 (VIOLATED)
ANTENNA_59/DIODE                        0.350000    0.389956   -0.039956 (VIOLATED)
ANTENNA_57/DIODE                        0.350000    0.389944   -0.039944 (VIOLATED)
u_memory._237_/B2                       0.350000    0.389941   -0.039941 (VIOLATED)
ANTENNA_58/DIODE                        0.350000    0.389931   -0.039931 (VIOLATED)
input26/X                               0.350000    0.389654   -0.039654 (VIOLATED)
hold195/X                               0.350000    0.389567   -0.039567 (VIOLATED)
u_memory._179_/X                        0.350000    0.389522   -0.039522 (VIOLATED)
u_memory._381_/B1                       0.350000    0.389514   -0.039514 (VIOLATED)
max_cap499/X                            0.350000    0.389289   -0.039289 (VIOLATED)
u_memory._379_/X                        0.350000    0.389139   -0.039139 (VIOLATED)
u_memory._236_/X                        0.350000    0.389128   -0.039128 (VIOLATED)
u_memory._406_/C                        0.350000    0.389084   -0.039084 (VIOLATED)
ANTENNA_653/DIODE                       0.350000    0.389082   -0.039082 (VIOLATED)
ANTENNA_654/DIODE                       0.350000    0.389079   -0.039079 (VIOLATED)
ANTENNA_652/DIODE                       0.350000    0.389078   -0.039078 (VIOLATED)
u_memory._351_/A1                       0.350000    0.388673   -0.038673 (VIOLATED)
ANTENNA_777/DIODE                       0.350000    0.388668   -0.038668 (VIOLATED)
ANTENNA_778/DIODE                       0.350000    0.388667   -0.038667 (VIOLATED)
ANTENNA_779/DIODE                       0.350000    0.388667   -0.038667 (VIOLATED)
u_memory.g_read[1].g_bank[1].g_slice[0].u_sram/din[5]    0.350000    0.388583   -0.038583 (VIOLATED)
wire217/X                               0.350000    0.388494   -0.038494 (VIOLATED)
ANTENNA_2333/DIODE                      0.350000    0.388429   -0.038429 (VIOLATED)
ANTENNA_2340/DIODE                      0.350000    0.388428   -0.038428 (VIOLATED)
ANTENNA_2332/DIODE                      0.350000    0.388428   -0.038428 (VIOLATED)
ANTENNA_2337/DIODE                      0.350000    0.388428   -0.038428 (VIOLATED)
ANTENNA_2331/DIODE                      0.350000    0.388428   -0.038428 (VIOLATED)
ANTENNA_2335/DIODE                      0.350000    0.388428   -0.038428 (VIOLATED)
ANTENNA_2334/DIODE                      0.350000    0.388428   -0.038428 (VIOLATED)
ANTENNA_2338/DIODE                      0.350000    0.388426   -0.038426 (VIOLATED)
ANTENNA_2330/DIODE                      0.350000    0.388424   -0.038424 (VIOLATED)
ANTENNA_2339/DIODE                      0.350000    0.388413   -0.038413 (VIOLATED)
ANTENNA_2336/DIODE                      0.350000    0.388412   -0.038412 (VIOLATED)
wire254/X                               0.350000    0.388243   -0.038243 (VIOLATED)
_087_/D                                 0.350000    0.388192   -0.038192 (VIOLATED)
ANTENNA_2795/DIODE                      0.350000    0.388192   -0.038192 (VIOLATED)
input13/X                               0.350000    0.388125   -0.038125 (VIOLATED)
u_memory.g_read[0].g_bank[1].g_slice[0].u_sram/din[30]    0.350000    0.387882   -0.037882 (VIOLATED)
u_memory._417_/B1                       0.350000    0.387876   -0.037876 (VIOLATED)
max_cap567/X                            0.350000    0.387696   -0.037696 (VIOLATED)
u_memory._415_/X                        0.350000    0.387623   -0.037623 (VIOLATED)
u_memory.g_read[0].g_bank[1].g_slice[0].u_sram/dout[30]    0.350000    0.387557   -0.037557 (VIOLATED)
u_memory.g_read[1].g_bank[2].g_slice[0].u_sram/din[19]    0.350000    0.387468   -0.037468 (VIOLATED)
u_memory._342_/B1                       0.350000    0.387262   -0.037262 (VIOLATED)
ANTENNA_146/DIODE                       0.350000    0.387261   -0.037261 (VIOLATED)
ANTENNA_144/DIODE                       0.350000    0.387257   -0.037257 (VIOLATED)
ANTENNA_145/DIODE                       0.350000    0.387252   -0.037252 (VIOLATED)
ANTENNA_1284/DIODE                      0.350000    0.387231   -0.037231 (VIOLATED)
ANTENNA_1285/DIODE                      0.350000    0.387227   -0.037227 (VIOLATED)
max_cap606/A                            0.350000    0.386990   -0.036990 (VIOLATED)
ANTENNA_1724/DIODE                      0.350000    0.386846   -0.036846 (VIOLATED)
ANTENNA_1716/DIODE                      0.350000    0.386843   -0.036843 (VIOLATED)
ANTENNA_1715/DIODE                      0.350000    0.386842   -0.036842 (VIOLATED)
ANTENNA_1714/DIODE                      0.350000    0.386839   -0.036839 (VIOLATED)
u_memory._340_/X                        0.350000    0.386821   -0.036821 (VIOLATED)
ANTENNA_1723/DIODE                      0.350000    0.386815   -0.036815 (VIOLATED)
ANTENNA_1721/DIODE                      0.350000    0.386814   -0.036814 (VIOLATED)
ANTENNA_1720/DIODE                      0.350000    0.386814   -0.036814 (VIOLATED)
ANTENNA_1719/DIODE                      0.350000    0.386814   -0.036814 (VIOLATED)
ANTENNA_1717/DIODE                      0.350000    0.386813   -0.036813 (VIOLATED)
ANTENNA_1718/DIODE                      0.350000    0.386813   -0.036813 (VIOLATED)
u_memory.g_read[1].g_bank[2].g_slice[0].u_sram/din[25]    0.350000    0.386802   -0.036802 (VIOLATED)
ANTENNA_1722/DIODE                      0.350000    0.386797   -0.036797 (VIOLATED)
u_memory._374_/B2                       0.350000    0.386613   -0.036613 (VIOLATED)
wire407/A                               0.350000    0.386604   -0.036604 (VIOLATED)
max_cap408/A                            0.350000    0.386536   -0.036536 (VIOLATED)
max_cap409/A                            0.350000    0.386534   -0.036534 (VIOLATED)
u_memory._377_/B2                       0.350000    0.386528   -0.036528 (VIOLATED)
ANTENNA_1282/DIODE                      0.350000    0.386512   -0.036512 (VIOLATED)
ANTENNA_1283/DIODE                      0.350000    0.386503   -0.036503 (VIOLATED)
hold85/X                                0.350000    0.386502   -0.036502 (VIOLATED)
max_cap395/X                            0.350000    0.386405   -0.036405 (VIOLATED)
max_cap607/X                            0.350000    0.386277   -0.036277 (VIOLATED)
u_memory.g_read[0].g_bank[1].g_slice[0].u_sram/din[27]    0.350000    0.386231   -0.036231 (VIOLATED)
u_memory.g_read[0].g_bank[1].g_slice[0].u_sram/din[31]    0.350000    0.386226   -0.036226 (VIOLATED)
u_memory._214_/A1                       0.350000    0.386202   -0.036202 (VIOLATED)
u_memory._226_/A1                       0.350000    0.386130   -0.036130 (VIOLATED)
max_cap469/X                            0.350000    0.386084   -0.036084 (VIOLATED)
ANTENNA_1290/DIODE                      0.350000    0.386082   -0.036082 (VIOLATED)
ANTENNA_1291/DIODE                      0.350000    0.386078   -0.036078 (VIOLATED)
u_memory.g_read[0].g_bank[2].g_slice[0].u_sram/din[19]    0.350000    0.386065   -0.036065 (VIOLATED)
u_memory._239_/A1                       0.350000    0.385985   -0.035985 (VIOLATED)
u_memory._251_/A1                       0.350000    0.385797   -0.035797 (VIOLATED)
max_cap572/A                            0.350000    0.385773   -0.035773 (VIOLATED)
ANTENNA_1288/DIODE                      0.350000    0.385583   -0.035583 (VIOLATED)
ANTENNA_1289/DIODE                      0.350000    0.385583   -0.035583 (VIOLATED)
max_cap399/X                            0.350000    0.385388   -0.035388 (VIOLATED)
max_cap573/X                            0.350000    0.385097   -0.035097 (VIOLATED)
u_memory._389_/B2                       0.350000    0.384771   -0.034771 (VIOLATED)
ANTENNA_2140/DIODE                      0.350000    0.384759   -0.034759 (VIOLATED)
ANTENNA_2138/DIODE                      0.350000    0.384758   -0.034758 (VIOLATED)
ANTENNA_2136/DIODE                      0.350000    0.384758   -0.034758 (VIOLATED)
ANTENNA_2135/DIODE                      0.350000    0.384758   -0.034758 (VIOLATED)
ANTENNA_2141/DIODE                      0.350000    0.384757   -0.034757 (VIOLATED)
ANTENNA_2134/DIODE                      0.350000    0.384757   -0.034757 (VIOLATED)
ANTENNA_2139/DIODE                      0.350000    0.384751   -0.034751 (VIOLATED)
ANTENNA_2137/DIODE                      0.350000    0.384751   -0.034751 (VIOLATED)
ANTENNA_2132/DIODE                      0.350000    0.384751   -0.034751 (VIOLATED)
ANTENNA_2133/DIODE                      0.350000    0.384751   -0.034751 (VIOLATED)
ANTENNA_2142/DIODE                      0.350000    0.384751   -0.034751 (VIOLATED)
u_memory._382_/C                        0.350000    0.384644   -0.034644 (VIOLATED)
ANTENNA_676/DIODE                       0.350000    0.384640   -0.034640 (VIOLATED)
ANTENNA_677/DIODE                       0.350000    0.384637   -0.034637 (VIOLATED)
ANTENNA_675/DIODE                       0.350000    0.384636   -0.034636 (VIOLATED)
_073_/D                                 0.350000    0.384481   -0.034481 (VIOLATED)
ANTENNA_227/DIODE                       0.350000    0.384480   -0.034480 (VIOLATED)
input19/X                               0.350000    0.384451   -0.034451 (VIOLATED)
u_memory._390_/B2                       0.350000    0.384295   -0.034295 (VIOLATED)
max_cap481/A                            0.350000    0.384281   -0.034281 (VIOLATED)
u_memory._389_/X                        0.350000    0.384263   -0.034263 (VIOLATED)
max_cap536/X                            0.350000    0.384053   -0.034053 (VIOLATED)
wire224/X                               0.350000    0.384047   -0.034047 (VIOLATED)
ANTENNA_1566/DIODE                      0.350000    0.383942   -0.033942 (VIOLATED)
ANTENNA_1570/DIODE                      0.350000    0.383942   -0.033942 (VIOLATED)
ANTENNA_1565/DIODE                      0.350000    0.383942   -0.033942 (VIOLATED)
ANTENNA_1568/DIODE                      0.350000    0.383941   -0.033941 (VIOLATED)
ANTENNA_1564/DIODE                      0.350000    0.383941   -0.033941 (VIOLATED)
ANTENNA_1567/DIODE                      0.350000    0.383941   -0.033941 (VIOLATED)
ANTENNA_1563/DIODE                      0.350000    0.383941   -0.033941 (VIOLATED)
ANTENNA_1560/DIODE                      0.350000    0.383935   -0.033935 (VIOLATED)
ANTENNA_1569/DIODE                      0.350000    0.383934   -0.033934 (VIOLATED)
ANTENNA_1562/DIODE                      0.350000    0.383931   -0.033931 (VIOLATED)
ANTENNA_1561/DIODE                      0.350000    0.383931   -0.033931 (VIOLATED)
fanout173/A                             0.350000    0.383801   -0.033801 (VIOLATED)
u_memory._327_/B1                       0.350000    0.383692   -0.033692 (VIOLATED)
ANTENNA_127/DIODE                       0.350000    0.383691   -0.033691 (VIOLATED)
ANTENNA_126/DIODE                       0.350000    0.383690   -0.033690 (VIOLATED)
ANTENNA_124/DIODE                       0.350000    0.383689   -0.033689 (VIOLATED)
ANTENNA_125/DIODE                       0.350000    0.383685   -0.033685 (VIOLATED)
max_cap482/X                            0.350000    0.383635   -0.033635 (VIOLATED)
u_memory._386_/B2                       0.350000    0.383433   -0.033433 (VIOLATED)
max_cap445/X                            0.350000    0.383344   -0.033344 (VIOLATED)
u_memory._324_/X                        0.350000    0.383313   -0.033313 (VIOLATED)
u_memory.g_read[0].g_bank[2].g_slice[0].u_sram/din[30]    0.350000    0.383243   -0.033243 (VIOLATED)
u_memory.g_read[0].g_bank[0].g_slice[0].u_sram/wmask[3]    0.350000    0.382517   -0.032517 (VIOLATED)
ANTENNA_2460/DIODE                      0.350000    0.382379   -0.032379 (VIOLATED)
ANTENNA_2454/DIODE                      0.350000    0.382379   -0.032379 (VIOLATED)
ANTENNA_2459/DIODE                      0.350000    0.382379   -0.032379 (VIOLATED)
ANTENNA_2451/DIODE                      0.350000    0.382378   -0.032378 (VIOLATED)
ANTENNA_2452/DIODE                      0.350000    0.382378   -0.032378 (VIOLATED)
ANTENNA_2455/DIODE                      0.350000    0.382378   -0.032378 (VIOLATED)
ANTENNA_2457/DIODE                      0.350000    0.382378   -0.032378 (VIOLATED)
ANTENNA_2453/DIODE                      0.350000    0.382378   -0.032378 (VIOLATED)
ANTENNA_2456/DIODE                      0.350000    0.382378   -0.032378 (VIOLATED)
ANTENNA_2458/DIODE                      0.350000    0.382321   -0.032321 (VIOLATED)
ANTENNA_2461/DIODE                      0.350000    0.382318   -0.032318 (VIOLATED)
u_memory._401_/B2                       0.350000    0.382245   -0.032245 (VIOLATED)
u_memory._374_/A1                       0.350000    0.382193   -0.032193 (VIOLATED)
u_memory._392_/B2                       0.350000    0.382155   -0.032155 (VIOLATED)
u_memory._377_/A1                       0.350000    0.382031   -0.032031 (VIOLATED)
u_memory._407_/B2                       0.350000    0.381644   -0.031644 (VIOLATED)
u_memory._383_/B2                       0.350000    0.381594   -0.031594 (VIOLATED)
max_cap586/X                            0.350000    0.381574   -0.031574 (VIOLATED)
ANTENNA_2345/DIODE                      0.350000    0.381275   -0.031275 (VIOLATED)
ANTENNA_2341/DIODE                      0.350000    0.381275   -0.031275 (VIOLATED)
ANTENNA_2347/DIODE                      0.350000    0.381268   -0.031268 (VIOLATED)
ANTENNA_2346/DIODE                      0.350000    0.381268   -0.031268 (VIOLATED)
ANTENNA_2344/DIODE                      0.350000    0.381267   -0.031267 (VIOLATED)
ANTENNA_2343/DIODE                      0.350000    0.381266   -0.031266 (VIOLATED)
ANTENNA_2348/DIODE                      0.350000    0.381266   -0.031266 (VIOLATED)
ANTENNA_2342/DIODE                      0.350000    0.381266   -0.031266 (VIOLATED)
ANTENNA_2351/DIODE                      0.350000    0.381251   -0.031250 (VIOLATED)
ANTENNA_2350/DIODE                      0.350000    0.381250   -0.031250 (VIOLATED)
ANTENNA_2349/DIODE                      0.350000    0.381250   -0.031250 (VIOLATED)
u_memory._299_/A1                       0.350000    0.380980   -0.030980 (VIOLATED)
u_memory._413_/B2                       0.350000    0.380896   -0.030896 (VIOLATED)
u_memory._287_/A1                       0.350000    0.380827   -0.030827 (VIOLATED)
u_memory._416_/B2                       0.350000    0.380682   -0.030682 (VIOLATED)
u_memory._398_/B2                       0.350000    0.380631   -0.030631 (VIOLATED)
u_memory._275_/A1                       0.350000    0.380619   -0.030619 (VIOLATED)
max_cap569/X                            0.350000    0.380568   -0.030568 (VIOLATED)
ANTENNA_2698/DIODE                      0.350000    0.380522   -0.030522 (VIOLATED)
ANTENNA_2700/DIODE                      0.350000    0.380522   -0.030522 (VIOLATED)
ANTENNA_2693/DIODE                      0.350000    0.380522   -0.030522 (VIOLATED)
ANTENNA_2695/DIODE                      0.350000    0.380522   -0.030522 (VIOLATED)
ANTENNA_2694/DIODE                      0.350000    0.380522   -0.030522 (VIOLATED)
ANTENNA_2702/DIODE                      0.350000    0.380519   -0.030519 (VIOLATED)
ANTENNA_2701/DIODE                      0.350000    0.380518   -0.030518 (VIOLATED)
ANTENNA_2699/DIODE                      0.350000    0.380518   -0.030518 (VIOLATED)
ANTENNA_2697/DIODE                      0.350000    0.380518   -0.030518 (VIOLATED)
ANTENNA_2703/DIODE                      0.350000    0.380518   -0.030518 (VIOLATED)
ANTENNA_2696/DIODE                      0.350000    0.380518   -0.030518 (VIOLATED)
ANTENNA_2051/DIODE                      0.350000    0.380394   -0.030394 (VIOLATED)
ANTENNA_2049/DIODE                      0.350000    0.380393   -0.030393 (VIOLATED)
ANTENNA_2047/DIODE                      0.350000    0.380393   -0.030393 (VIOLATED)
ANTENNA_2046/DIODE                      0.350000    0.380393   -0.030393 (VIOLATED)
ANTENNA_2045/DIODE                      0.350000    0.380392   -0.030392 (VIOLATED)
ANTENNA_2053/DIODE                      0.350000    0.380392   -0.030392 (VIOLATED)
ANTENNA_2052/DIODE                      0.350000    0.380392   -0.030392 (VIOLATED)
ANTENNA_2044/DIODE                      0.350000    0.380385   -0.030385 (VIOLATED)
ANTENNA_2054/DIODE                      0.350000    0.380384   -0.030384 (VIOLATED)
ANTENNA_2050/DIODE                      0.350000    0.380382   -0.030382 (VIOLATED)
ANTENNA_2048/DIODE                      0.350000    0.380382   -0.030382 (VIOLATED)
u_memory._263_/A1                       0.350000    0.380258   -0.030258 (VIOLATED)
u_memory._173_/Y                        0.350000    0.380229   -0.030229 (VIOLATED)
ANTENNA_1207/DIODE                      0.350000    0.380192   -0.030192 (VIOLATED)
u_memory._255_/A1                       0.350000    0.380190   -0.030190 (VIOLATED)
u_memory._404_/B2                       0.350000    0.380186   -0.030186 (VIOLATED)
ANTENNA_1206/DIODE                      0.350000    0.380177   -0.030177 (VIOLATED)
ANTENNA_1205/DIODE                      0.350000    0.380177   -0.030177 (VIOLATED)
hold195/A                               0.350000    0.379937   -0.029937 (VIOLATED)
u_memory.g_read[1].g_bank[0].g_slice[0].u_sram/addr[1]    0.350000    0.379930   -0.029930 (VIOLATED)
u_memory._410_/B2                       0.350000    0.379914   -0.029914 (VIOLATED)
hold202/X                               0.350000    0.379908   -0.029908 (VIOLATED)
max_cap625/X                            0.350000    0.379857   -0.029857 (VIOLATED)
fanout182/A                             0.350000    0.379831   -0.029831 (VIOLATED)
_040_/D                                 0.350000    0.379801   -0.029801 (VIOLATED)
wire388/A                               0.350000    0.379790   -0.029790 (VIOLATED)
u_memory._348_/X                        0.350000    0.379778   -0.029778 (VIOLATED)
ANTENNA_2805/DIODE                      0.350000    0.379741   -0.029741 (VIOLATED)
u_memory._389_/A1                       0.350000    0.379702   -0.029702 (VIOLATED)
ANTENNA_2220/DIODE                      0.350000    0.379700   -0.029700 (VIOLATED)
ANTENNA_2230/DIODE                      0.350000    0.379698   -0.029698 (VIOLATED)
ANTENNA_2229/DIODE                      0.350000    0.379697   -0.029697 (VIOLATED)
ANTENNA_2223/DIODE                      0.350000    0.379697   -0.029697 (VIOLATED)
ANTENNA_2224/DIODE                      0.350000    0.379697   -0.029697 (VIOLATED)
ANTENNA_2225/DIODE                      0.350000    0.379696   -0.029696 (VIOLATED)
ANTENNA_2228/DIODE                      0.350000    0.379696   -0.029695 (VIOLATED)
ANTENNA_2227/DIODE                      0.350000    0.379695   -0.029695 (VIOLATED)
ANTENNA_2226/DIODE                      0.350000    0.379686   -0.029686 (VIOLATED)
ANTENNA_2222/DIODE                      0.350000    0.379685   -0.029685 (VIOLATED)
ANTENNA_2221/DIODE                      0.350000    0.379685   -0.029685 (VIOLATED)
u_memory._297_/A1                       0.350000    0.379671   -0.029671 (VIOLATED)
ANTENNA_1155/DIODE                      0.350000    0.379667   -0.029667 (VIOLATED)
ANTENNA_1156/DIODE                      0.350000    0.379657   -0.029657 (VIOLATED)
ANTENNA_1157/DIODE                      0.350000    0.379655   -0.029655 (VIOLATED)
ANTENNA_1158/DIODE                      0.350000    0.379654   -0.029654 (VIOLATED)
wire362/X                               0.350000    0.379636   -0.029636 (VIOLATED)
max_cap522/X                            0.350000    0.379567   -0.029567 (VIOLATED)
u_memory.g_read[0].g_bank[1].g_slice[0].u_sram/wmask[3]    0.350000    0.379530   -0.029530 (VIOLATED)
fanout183/A                             0.350000    0.379490   -0.029490 (VIOLATED)
u_memory._300_/A2                       0.350000    0.379469   -0.029469 (VIOLATED)
u_memory.g_read[1].g_bank[2].g_slice[0].u_sram/din[18]    0.350000    0.379444   -0.029444 (VIOLATED)
u_memory._297_/A2                       0.350000    0.379384   -0.029384 (VIOLATED)
u_memory._395_/B2                       0.350000    0.379267   -0.029267 (VIOLATED)
u_memory._303_/A2                       0.350000    0.379215   -0.029215 (VIOLATED)
wire347/X                               0.350000    0.379197   -0.029197 (VIOLATED)
ANTENNA_2739/DIODE                      0.350000    0.379179   -0.029179 (VIOLATED)
ANTENNA_2738/DIODE                      0.350000    0.379179   -0.029179 (VIOLATED)
ANTENNA_2740/DIODE                      0.350000    0.379179   -0.029179 (VIOLATED)
ANTENNA_2737/DIODE                      0.350000    0.379179   -0.029179 (VIOLATED)
max_cap550/X                            0.350000    0.379115   -0.029115 (VIOLATED)
u_memory._380_/B2                       0.350000    0.379015   -0.029015 (VIOLATED)
fanout203/A                             0.350000    0.379000   -0.029000 (VIOLATED)
hold169/X                               0.350000    0.378955   -0.028955 (VIOLATED)
fanout174/X                             0.350000    0.378928   -0.028928 (VIOLATED)
ANTENNA_2724/DIODE                      0.350000    0.378611   -0.028611 (VIOLATED)
ANTENNA_2723/DIODE                      0.350000    0.378611   -0.028611 (VIOLATED)
ANTENNA_2722/DIODE                      0.350000    0.378610   -0.028610 (VIOLATED)
ANTENNA_2721/DIODE                      0.350000    0.378610   -0.028610 (VIOLATED)
u_memory._386_/A1                       0.350000    0.378595   -0.028595 (VIOLATED)
ANTENNA_1976/DIODE                      0.350000    0.378537   -0.028537 (VIOLATED)
ANTENNA_1970/DIODE                      0.350000    0.378535   -0.028535 (VIOLATED)
ANTENNA_1975/DIODE                      0.350000    0.378535   -0.028535 (VIOLATED)
ANTENNA_1969/DIODE                      0.350000    0.378535   -0.028535 (VIOLATED)
ANTENNA_1968/DIODE                      0.350000    0.378535   -0.028535 (VIOLATED)
ANTENNA_1973/DIODE                      0.350000    0.378535   -0.028535 (VIOLATED)
ANTENNA_1967/DIODE                      0.350000    0.378535   -0.028535 (VIOLATED)
ANTENNA_1971/DIODE                      0.350000    0.378535   -0.028535 (VIOLATED)
ANTENNA_2110/DIODE                      0.350000    0.378533   -0.028533 (VIOLATED)
ANTENNA_2111/DIODE                      0.350000    0.378531   -0.028531 (VIOLATED)
ANTENNA_2120/DIODE                      0.350000    0.378528   -0.028528 (VIOLATED)
ANTENNA_1977/DIODE                      0.350000    0.378525   -0.028525 (VIOLATED)
ANTENNA_1974/DIODE                      0.350000    0.378524   -0.028524 (VIOLATED)
ANTENNA_1972/DIODE                      0.350000    0.378524   -0.028524 (VIOLATED)
ANTENNA_2119/DIODE                      0.350000    0.378495   -0.028495 (VIOLATED)
ANTENNA_2117/DIODE                      0.350000    0.378494   -0.028494 (VIOLATED)
ANTENNA_1948/DIODE                      0.350000    0.378494   -0.028494 (VIOLATED)
ANTENNA_2115/DIODE                      0.350000    0.378494   -0.028494 (VIOLATED)
ANTENNA_2114/DIODE                      0.350000    0.378494   -0.028494 (VIOLATED)
ANTENNA_1945/DIODE                      0.350000    0.378492   -0.028492 (VIOLATED)
ANTENNA_2113/DIODE                      0.350000    0.378492   -0.028492 (VIOLATED)
ANTENNA_2112/DIODE                      0.350000    0.378491   -0.028491 (VIOLATED)
ANTENNA_1954/DIODE                      0.350000    0.378491   -0.028491 (VIOLATED)
ANTENNA_1952/DIODE                      0.350000    0.378490   -0.028490 (VIOLATED)
ANTENNA_1947/DIODE                      0.350000    0.378490   -0.028490 (VIOLATED)
ANTENNA_1946/DIODE                      0.350000    0.378490   -0.028490 (VIOLATED)
ANTENNA_2118/DIODE                      0.350000    0.378452   -0.028452 (VIOLATED)
ANTENNA_2116/DIODE                      0.350000    0.378451   -0.028451 (VIOLATED)
ANTENNA_1949/DIODE                      0.350000    0.378444   -0.028444 (VIOLATED)
ANTENNA_1950/DIODE                      0.350000    0.378444   -0.028444 (VIOLATED)
ANTENNA_1951/DIODE                      0.350000    0.378444   -0.028444 (VIOLATED)
ANTENNA_1953/DIODE                      0.350000    0.378443   -0.028443 (VIOLATED)
ANTENNA_1955/DIODE                      0.350000    0.378442   -0.028442 (VIOLATED)
u_memory._396_/A1                       0.350000    0.378435   -0.028435 (VIOLATED)
ANTENNA_841/DIODE                       0.350000    0.378430   -0.028430 (VIOLATED)
ANTENNA_839/DIODE                       0.350000    0.378425   -0.028425 (VIOLATED)
ANTENNA_837/DIODE                       0.350000    0.378420   -0.028420 (VIOLATED)
ANTENNA_835/DIODE                       0.350000    0.378413   -0.028412 (VIOLATED)
hold158/X                               0.350000    0.378397   -0.028397 (VIOLATED)
ANTENNA_834/DIODE                       0.350000    0.378387   -0.028387 (VIOLATED)
ANTENNA_836/DIODE                       0.350000    0.378368   -0.028368 (VIOLATED)
ANTENNA_838/DIODE                       0.350000    0.378347   -0.028347 (VIOLATED)
ANTENNA_840/DIODE                       0.350000    0.378323   -0.028323 (VIOLATED)
ANTENNA_842/DIODE                       0.350000    0.378279   -0.028279 (VIOLATED)
u_memory._420_/A1                       0.350000    0.378058   -0.028058 (VIOLATED)
u_memory._404_/B1                       0.350000    0.378007   -0.028007 (VIOLATED)
u_memory._308_/A0                       0.350000    0.377974   -0.027974 (VIOLATED)
max_cap510/X                            0.350000    0.377871   -0.027871 (VIOLATED)
max_cap532/X                            0.350000    0.377804   -0.027804 (VIOLATED)
max_cap506/X                            0.350000    0.377723   -0.027723 (VIOLATED)
ANTENNA_2532/DIODE                      0.350000    0.377711   -0.027711 (VIOLATED)
ANTENNA_2536/DIODE                      0.350000    0.377711   -0.027711 (VIOLATED)
ANTENNA_2535/DIODE                      0.350000    0.377711   -0.027711 (VIOLATED)
ANTENNA_2534/DIODE                      0.350000    0.377710   -0.027710 (VIOLATED)
ANTENNA_2533/DIODE                      0.350000    0.377710   -0.027710 (VIOLATED)
ANTENNA_2538/DIODE                      0.350000    0.377710   -0.027710 (VIOLATED)
ANTENNA_2531/DIODE                      0.350000    0.377707   -0.027707 (VIOLATED)
ANTENNA_2530/DIODE                      0.350000    0.377707   -0.027707 (VIOLATED)
ANTENNA_2529/DIODE                      0.350000    0.377706   -0.027706 (VIOLATED)
ANTENNA_2528/DIODE                      0.350000    0.377706   -0.027706 (VIOLATED)
ANTENNA_2537/DIODE                      0.350000    0.377706   -0.027706 (VIOLATED)
ANTENNA_2581/DIODE                      0.350000    0.377658   -0.027658 (VIOLATED)
ANTENNA_2577/DIODE                      0.350000    0.377658   -0.027658 (VIOLATED)
ANTENNA_2579/DIODE                      0.350000    0.377657   -0.027657 (VIOLATED)
ANTENNA_2576/DIODE                      0.350000    0.377657   -0.027657 (VIOLATED)
ANTENNA_2578/DIODE                      0.350000    0.377657   -0.027657 (VIOLATED)
ANTENNA_2575/DIODE                      0.350000    0.377657   -0.027657 (VIOLATED)
ANTENNA_2572/DIODE                      0.350000    0.377654   -0.027654 (VIOLATED)
ANTENNA_2582/DIODE                      0.350000    0.377653   -0.027653 (VIOLATED)
ANTENNA_2580/DIODE                      0.350000    0.377653   -0.027653 (VIOLATED)
ANTENNA_2574/DIODE                      0.350000    0.377648   -0.027648 (VIOLATED)
ANTENNA_2573/DIODE                      0.350000    0.377648   -0.027648 (VIOLATED)
u_memory._401_/A1                       0.350000    0.377613   -0.027613 (VIOLATED)
max_cap580/A                            0.350000    0.377560   -0.027560 (VIOLATED)
_071_/Q                                 0.350000    0.377555   -0.027555 (VIOLATED)
wire260/X                               0.350000    0.377382   -0.027382 (VIOLATED)
u_memory._392_/A1                       0.350000    0.377264   -0.027264 (VIOLATED)
max_cap599/X                            0.350000    0.377018   -0.027018 (VIOLATED)
ANTENNA_1170/DIODE                      0.350000    0.376998   -0.026998 (VIOLATED)
ANTENNA_1168/DIODE                      0.350000    0.376996   -0.026996 (VIOLATED)
u_memory._288_/A1                       0.350000    0.376992   -0.026992 (VIOLATED)
ANTENNA_1167/DIODE                      0.350000    0.376989   -0.026989 (VIOLATED)
ANTENNA_1169/DIODE                      0.350000    0.376971   -0.026971 (VIOLATED)
max_cap581/X                            0.350000    0.376930   -0.026930 (VIOLATED)
max_cap606/X                            0.350000    0.376926   -0.026926 (VIOLATED)
u_memory._276_/A2                       0.350000    0.376861   -0.026861 (VIOLATED)
u_memory._407_/A1                       0.350000    0.376763   -0.026763 (VIOLATED)
u_memory._383_/A1                       0.350000    0.376712   -0.026712 (VIOLATED)
u_memory.g_read[1].g_bank[1].g_slice[0].u_sram/din[20]    0.350000    0.376674   -0.026674 (VIOLATED)
u_memory._350_/A2                       0.350000    0.376619   -0.026619 (VIOLATED)
ANTENNA_714/DIODE                       0.350000    0.376605   -0.026605 (VIOLATED)
ANTENNA_717/DIODE                       0.350000    0.376601   -0.026601 (VIOLATED)
ANTENNA_716/DIODE                       0.350000    0.376600   -0.026600 (VIOLATED)
ANTENNA_715/DIODE                       0.350000    0.376599   -0.026599 (VIOLATED)
wire350/X                               0.350000    0.376464   -0.026464 (VIOLATED)
u_memory._287_/A2                       0.350000    0.376416   -0.026416 (VIOLATED)
u_memory._173_/A                        0.350000    0.376326   -0.026325 (VIOLATED)
u_memory._413_/A1                       0.350000    0.376258   -0.026258 (VIOLATED)
u_memory._204_/B                        0.350000    0.376195   -0.026195 (VIOLATED)
u_memory.g_read[1].g_bank[1].g_slice[0].u_sram/addr[1]    0.350000    0.376087   -0.026087 (VIOLATED)
wire184/X                               0.350000    0.376063   -0.026063 (VIOLATED)
wire235/X                               0.350000    0.375997   -0.025997 (VIOLATED)
max_cap608/A                            0.350000    0.375955   -0.025955 (VIOLATED)
u_memory._416_/A1                       0.350000    0.375536   -0.025536 (VIOLATED)
wire425/A                               0.350000    0.375522   -0.025522 (VIOLATED)
ANTENNA_1187/DIODE                      0.350000    0.375513   -0.025513 (VIOLATED)
ANTENNA_1186/DIODE                      0.350000    0.375512   -0.025512 (VIOLATED)
u_memory._203_/A_N                      0.350000    0.375512   -0.025512 (VIOLATED)
ANTENNA_1185/DIODE                      0.350000    0.375512   -0.025512 (VIOLATED)
u_memory._270_/A1                       0.350000    0.375507   -0.025507 (VIOLATED)
ANTENNA_1188/DIODE                      0.350000    0.375488   -0.025488 (VIOLATED)
ANTENNA_2718/DIODE                      0.350000    0.375392   -0.025392 (VIOLATED)
ANTENNA_2717/DIODE                      0.350000    0.375392   -0.025392 (VIOLATED)
ANTENNA_2720/DIODE                      0.350000    0.375389   -0.025389 (VIOLATED)
ANTENNA_2719/DIODE                      0.350000    0.375389   -0.025389 (VIOLATED)
u_memory.g_read[1].g_bank[1].g_slice[0].u_sram/din[25]    0.350000    0.375352   -0.025352 (VIOLATED)
max_cap609/X                            0.350000    0.375327   -0.025327 (VIOLATED)
u_memory._398_/A1                       0.350000    0.375297   -0.025297 (VIOLATED)
hold156/X                               0.350000    0.375183   -0.025183 (VIOLATED)
ANTENNA_2601/DIODE                      0.350000    0.375049   -0.025049 (VIOLATED)
ANTENNA_2600/DIODE                      0.350000    0.375048   -0.025048 (VIOLATED)
ANTENNA_2598/DIODE                      0.350000    0.375048   -0.025048 (VIOLATED)
ANTENNA_2602/DIODE                      0.350000    0.375048   -0.025048 (VIOLATED)
ANTENNA_2597/DIODE                      0.350000    0.375048   -0.025048 (VIOLATED)
ANTENNA_2596/DIODE                      0.350000    0.375047   -0.025047 (VIOLATED)
ANTENNA_2599/DIODE                      0.350000    0.375047   -0.025047 (VIOLATED)
ANTENNA_2595/DIODE                      0.350000    0.375047   -0.025047 (VIOLATED)
ANTENNA_2594/DIODE                      0.350000    0.375046   -0.025046 (VIOLATED)
ANTENNA_2604/DIODE                      0.350000    0.375034   -0.025034 (VIOLATED)
ANTENNA_2603/DIODE                      0.350000    0.375034   -0.025034 (VIOLATED)
u_memory._207_/B                        0.350000    0.374974   -0.024974 (VIOLATED)
u_memory._404_/A1                       0.350000    0.374949   -0.024949 (VIOLATED)
wire356/X                               0.350000    0.374917   -0.024917 (VIOLATED)
u_memory._206_/B                        0.350000    0.374879   -0.024879 (VIOLATED)
max_cap426/A                            0.350000    0.374756   -0.024756 (VIOLATED)
u_memory._410_/A1                       0.350000    0.374751   -0.024751 (VIOLATED)
max_cap389/X                            0.350000    0.374718   -0.024718 (VIOLATED)
_076_/D                                 0.350000    0.374698   -0.024698 (VIOLATED)
fanout185/A                             0.350000    0.374443   -0.024443 (VIOLATED)
u_memory.g_read[1].g_bank[1].g_slice[0].u_sram/din[21]    0.350000    0.374438   -0.024438 (VIOLATED)
u_memory._395_/A1                       0.350000    0.374405   -0.024405 (VIOLATED)
u_memory._260_/C1                       0.350000    0.374400   -0.024400 (VIOLATED)
max_cap610/X                            0.350000    0.374379   -0.024379 (VIOLATED)
u_memory._266_/C1                       0.350000    0.374377   -0.024377 (VIOLATED)
u_memory._272_/C1                       0.350000    0.374371   -0.024371 (VIOLATED)
_069_/D                                 0.350000    0.374318   -0.024318 (VIOLATED)
input15/X                               0.350000    0.374263   -0.024263 (VIOLATED)
u_memory._380_/A1                       0.350000    0.374246   -0.024246 (VIOLATED)
u_memory._278_/C1                       0.350000    0.374227   -0.024227 (VIOLATED)
ANTENNA_1183/DIODE                      0.350000    0.374226   -0.024226 (VIOLATED)
u_memory._273_/A1                       0.350000    0.374224   -0.024224 (VIOLATED)
ANTENNA_1181/DIODE                      0.350000    0.374221   -0.024221 (VIOLATED)
input22/X                               0.350000    0.374200   -0.024200 (VIOLATED)
ANTENNA_1182/DIODE                      0.350000    0.374197   -0.024197 (VIOLATED)
ANTENNA_1184/DIODE                      0.350000    0.374196   -0.024196 (VIOLATED)
u_memory._269_/C1                       0.350000    0.374142   -0.024142 (VIOLATED)
fanout204/X                             0.350000    0.374138   -0.024138 (VIOLATED)
u_memory._284_/C1                       0.350000    0.374067   -0.024067 (VIOLATED)
_068_/D                                 0.350000    0.374006   -0.024006 (VIOLATED)
wire648/X                               0.350000    0.373990   -0.023990 (VIOLATED)
ANTENNA_2402/DIODE                      0.350000    0.373848   -0.023848 (VIOLATED)
ANTENNA_2401/DIODE                      0.350000    0.373847   -0.023847 (VIOLATED)
ANTENNA_2406/DIODE                      0.350000    0.373847   -0.023847 (VIOLATED)
ANTENNA_2404/DIODE                      0.350000    0.373847   -0.023847 (VIOLATED)
ANTENNA_2400/DIODE                      0.350000    0.373847   -0.023847 (VIOLATED)
ANTENNA_2403/DIODE                      0.350000    0.373847   -0.023847 (VIOLATED)
ANTENNA_2399/DIODE                      0.350000    0.373846   -0.023846 (VIOLATED)
ANTENNA_2396/DIODE                      0.350000    0.373839   -0.023839 (VIOLATED)
ANTENNA_2405/DIODE                      0.350000    0.373839   -0.023839 (VIOLATED)
ANTENNA_2398/DIODE                      0.350000    0.373835   -0.023835 (VIOLATED)
ANTENNA_2397/DIODE                      0.350000    0.373835   -0.023835 (VIOLATED)
wire355/X                               0.350000    0.373728   -0.023728 (VIOLATED)
u_memory._261_/A1                       0.350000    0.373217   -0.023217 (VIOLATED)
ANTENNA_1200/DIODE                      0.350000    0.373214   -0.023214 (VIOLATED)
ANTENNA_1198/DIODE                      0.350000    0.373213   -0.023213 (VIOLATED)
u_memory._290_/C1                       0.350000    0.373212   -0.023212 (VIOLATED)
u_memory._374_/C1                       0.350000    0.373206   -0.023206 (VIOLATED)
ANTENNA_1197/DIODE                      0.350000    0.373204   -0.023204 (VIOLATED)
ANTENNA_1199/DIODE                      0.350000    0.373201   -0.023201 (VIOLATED)
u_memory._296_/C1                       0.350000    0.373192   -0.023192 (VIOLATED)
ANTENNA_794/DIODE                       0.350000    0.373185   -0.023185 (VIOLATED)
ANTENNA_792/DIODE                       0.350000    0.373184   -0.023184 (VIOLATED)
u_memory._281_/C1                       0.350000    0.373180   -0.023180 (VIOLATED)
u_memory._302_/C1                       0.350000    0.373175   -0.023175 (VIOLATED)
u_memory._264_/A1                       0.350000    0.373172   -0.023172 (VIOLATED)
ANTENNA_791/DIODE                       0.350000    0.373167   -0.023167 (VIOLATED)
u_memory._339_/A1                       0.350000    0.373165   -0.023165 (VIOLATED)
max_cap578/X                            0.350000    0.373156   -0.023156 (VIOLATED)
ANTENNA_793/DIODE                       0.350000    0.373150   -0.023150 (VIOLATED)
u_memory._377_/C1                       0.350000    0.373133   -0.023133 (VIOLATED)
fanout186/X                             0.350000    0.373132   -0.023132 (VIOLATED)
wire360/X                               0.350000    0.372667   -0.022667 (VIOLATED)
wire258/X                               0.350000    0.372590   -0.022590 (VIOLATED)
u_memory._235_/C                        0.350000    0.372344   -0.022344 (VIOLATED)
u_memory._262_/B                        0.350000    0.371967   -0.021967 (VIOLATED)
_045_/D                                 0.350000    0.371920   -0.021920 (VIOLATED)
u_memory._363_/X                        0.350000    0.371884   -0.021884 (VIOLATED)
u_memory._389_/C1                       0.350000    0.371748   -0.021748 (VIOLATED)
fanout374/A                             0.350000    0.371627   -0.021627 (VIOLATED)
ANTENNA_2801/DIODE                      0.350000    0.371461   -0.021461 (VIOLATED)
ANTENNA_429/DIODE                       0.350000    0.371459   -0.021459 (VIOLATED)
ANTENNA_2814/DIODE                      0.350000    0.371459   -0.021459 (VIOLATED)
ANTENNA_1588/DIODE                      0.350000    0.371400   -0.021400 (VIOLATED)
ANTENNA_1584/DIODE                      0.350000    0.371399   -0.021399 (VIOLATED)
ANTENNA_1583/DIODE                      0.350000    0.371399   -0.021399 (VIOLATED)
ANTENNA_1590/DIODE                      0.350000    0.371389   -0.021389 (VIOLATED)
ANTENNA_1589/DIODE                      0.350000    0.371389   -0.021389 (VIOLATED)
ANTENNA_1587/DIODE                      0.350000    0.371388   -0.021388 (VIOLATED)
ANTENNA_1586/DIODE                      0.350000    0.371387   -0.021387 (VIOLATED)
ANTENNA_1585/DIODE                      0.350000    0.371386   -0.021386 (VIOLATED)
ANTENNA_1591/DIODE                      0.350000    0.371386   -0.021386 (VIOLATED)
ANTENNA_1582/DIODE                      0.350000    0.371376   -0.021376 (VIOLATED)
ANTENNA_1592/DIODE                      0.350000    0.371376   -0.021375 (VIOLATED)
fanout177/A                             0.350000    0.371341   -0.021341 (VIOLATED)
output78/A                              0.350000    0.371283   -0.021283 (VIOLATED)
ANTENNA_2809/DIODE                      0.350000    0.371282   -0.021282 (VIOLATED)
_015_/Q                                 0.350000    0.371250   -0.021250 (VIOLATED)
u_memory._386_/C1                       0.350000    0.371014   -0.021014 (VIOLATED)
max_cap449/X                            0.350000    0.370709   -0.020709 (VIOLATED)
u_memory._416_/B1                       0.350000    0.370642   -0.020642 (VIOLATED)
u_memory._394_/B                        0.350000    0.370369   -0.020369 (VIOLATED)
u_memory._379_/B                        0.350000    0.370349   -0.020349 (VIOLATED)
u_memory._409_/B                        0.350000    0.370338   -0.020338 (VIOLATED)
ANTENNA_1767/DIODE                      0.350000    0.370280   -0.020280 (VIOLATED)
ANTENNA_1758/DIODE                      0.350000    0.370280   -0.020280 (VIOLATED)
ANTENNA_1765/DIODE                      0.350000    0.370280   -0.020280 (VIOLATED)
ANTENNA_1763/DIODE                      0.350000    0.370280   -0.020280 (VIOLATED)
ANTENNA_1762/DIODE                      0.350000    0.370280   -0.020280 (VIOLATED)
ANTENNA_1759/DIODE                      0.350000    0.370279   -0.020279 (VIOLATED)
ANTENNA_1761/DIODE                      0.350000    0.370279   -0.020279 (VIOLATED)
ANTENNA_1760/DIODE                      0.350000    0.370279   -0.020279 (VIOLATED)
output98/A                              0.350000    0.370237   -0.020237 (VIOLATED)
u_memory._403_/B                        0.350000    0.370226   -0.020226 (VIOLATED)
ANTENNA_1764/DIODE                      0.350000    0.370223   -0.020223 (VIOLATED)
ANTENNA_1766/DIODE                      0.350000    0.370221   -0.020221 (VIOLATED)
ANTENNA_1768/DIODE                      0.350000    0.370218   -0.020218 (VIOLATED)
_033_/Q                                 0.350000    0.370217   -0.020217 (VIOLATED)
u_memory._401_/C1                       0.350000    0.370180   -0.020180 (VIOLATED)
u_memory._415_/B                        0.350000    0.370125   -0.020125 (VIOLATED)
u_memory.g_read[1].g_bank[2].g_slice[0].u_sram/din[24]    0.350000    0.369879   -0.019879 (VIOLATED)
u_memory._392_/C1                       0.350000    0.369841   -0.019841 (VIOLATED)
_071_/D                                 0.350000    0.369732   -0.019732 (VIOLATED)
hold10/X                                0.350000    0.369712   -0.019712 (VIOLATED)
max_cap476/X                            0.350000    0.369499   -0.019499 (VIOLATED)
u_memory._407_/C1                       0.350000    0.369420   -0.019420 (VIOLATED)
u_memory.g_read[1].g_bank[2].g_slice[0].u_sram/din[20]    0.350000    0.369177   -0.019177 (VIOLATED)
output73/A                              0.350000    0.369144   -0.019144 (VIOLATED)
ANTENNA_245/DIODE                       0.350000    0.369143   -0.019143 (VIOLATED)
_001_/Q                                 0.350000    0.369138   -0.019138 (VIOLATED)
ANTENNA_1798/DIODE                      0.350000    0.369088   -0.019088 (VIOLATED)
ANTENNA_1797/DIODE                      0.350000    0.369088   -0.019088 (VIOLATED)
ANTENNA_1796/DIODE                      0.350000    0.369088   -0.019088 (VIOLATED)
ANTENNA_1800/DIODE                      0.350000    0.369088   -0.019088 (VIOLATED)
ANTENNA_1794/DIODE                      0.350000    0.369087   -0.019087 (VIOLATED)
ANTENNA_1799/DIODE                      0.350000    0.369087   -0.019087 (VIOLATED)
ANTENNA_1791/DIODE                      0.350000    0.369082   -0.019082 (VIOLATED)
ANTENNA_1801/DIODE                      0.350000    0.369082   -0.019082 (VIOLATED)
ANTENNA_1795/DIODE                      0.350000    0.369081   -0.019081 (VIOLATED)
ANTENNA_1793/DIODE                      0.350000    0.369080   -0.019080 (VIOLATED)
ANTENNA_1792/DIODE                      0.350000    0.369080   -0.019080 (VIOLATED)
ANTENNA_2502/DIODE                      0.350000    0.368888   -0.018888 (VIOLATED)
ANTENNA_2501/DIODE                      0.350000    0.368887   -0.018887 (VIOLATED)
ANTENNA_2500/DIODE                      0.350000    0.368887   -0.018887 (VIOLATED)
ANTENNA_2499/DIODE                      0.350000    0.368887   -0.018887 (VIOLATED)
ANTENNA_2504/DIODE                      0.350000    0.368887   -0.018887 (VIOLATED)
ANTENNA_2503/DIODE                      0.350000    0.368886   -0.018886 (VIOLATED)
ANTENNA_2498/DIODE                      0.350000    0.368886   -0.018886 (VIOLATED)
ANTENNA_2495/DIODE                      0.350000    0.368879   -0.018879 (VIOLATED)
ANTENNA_2505/DIODE                      0.350000    0.368879   -0.018879 (VIOLATED)
ANTENNA_2497/DIODE                      0.350000    0.368875   -0.018875 (VIOLATED)
ANTENNA_2496/DIODE                      0.350000    0.368875   -0.018875 (VIOLATED)
ANTENNA_872/DIODE                       0.350000    0.368797   -0.018797 (VIOLATED)
u_memory._381_/A1                       0.350000    0.368795   -0.018795 (VIOLATED)
ANTENNA_870/DIODE                       0.350000    0.368794   -0.018794 (VIOLATED)
ANTENNA_868/DIODE                       0.350000    0.368793   -0.018792 (VIOLATED)
ANTENNA_866/DIODE                       0.350000    0.368790   -0.018790 (VIOLATED)
ANTENNA_864/DIODE                       0.350000    0.368787   -0.018787 (VIOLATED)
ANTENNA_863/DIODE                       0.350000    0.368777   -0.018777 (VIOLATED)
ANTENNA_865/DIODE                       0.350000    0.368770   -0.018770 (VIOLATED)
ANTENNA_867/DIODE                       0.350000    0.368763   -0.018763 (VIOLATED)
fanout370/A                             0.350000    0.368761   -0.018761 (VIOLATED)
ANTENNA_869/DIODE                       0.350000    0.368754   -0.018754 (VIOLATED)
u_memory._430_/Q                        0.350000    0.368748   -0.018748 (VIOLATED)
ANTENNA_871/DIODE                       0.350000    0.368745   -0.018745 (VIOLATED)
ANTENNA_873/DIODE                       0.350000    0.368736   -0.018736 (VIOLATED)
u_memory._383_/C1                       0.350000    0.368684   -0.018684 (VIOLATED)
wire154/A                               0.350000    0.368603   -0.018603 (VIOLATED)
u_memory._180_/Y                        0.350000    0.368600   -0.018600 (VIOLATED)
max_cap481/X                            0.350000    0.368424   -0.018424 (VIOLATED)
u_memory._252_/B1                       0.350000    0.368409   -0.018409 (VIOLATED)
ANTENNA_74/DIODE                        0.350000    0.368405   -0.018405 (VIOLATED)
ANTENNA_73/DIODE                        0.350000    0.368403   -0.018403 (VIOLATED)
ANTENNA_75/DIODE                        0.350000    0.368399   -0.018399 (VIOLATED)
u_memory._413_/C1                       0.350000    0.368337   -0.018337 (VIOLATED)
max_cap593/X                            0.350000    0.368204   -0.018204 (VIOLATED)
u_memory._416_/C1                       0.350000    0.368172   -0.018172 (VIOLATED)
u_memory._398_/C1                       0.350000    0.368133   -0.018133 (VIOLATED)
ANTENNA_2194/DIODE                      0.350000    0.367997   -0.017997 (VIOLATED)
ANTENNA_2193/DIODE                      0.350000    0.367997   -0.017997 (VIOLATED)
ANTENNA_2196/DIODE                      0.350000    0.367997   -0.017997 (VIOLATED)
ANTENNA_2192/DIODE                      0.350000    0.367997   -0.017996 (VIOLATED)
ANTENNA_2195/DIODE                      0.350000    0.367996   -0.017996 (VIOLATED)
ANTENNA_2191/DIODE                      0.350000    0.367996   -0.017996 (VIOLATED)
ANTENNA_2187/DIODE                      0.350000    0.367991   -0.017991 (VIOLATED)
ANTENNA_2197/DIODE                      0.350000    0.367991   -0.017991 (VIOLATED)
ANTENNA_2190/DIODE                      0.350000    0.367989   -0.017989 (VIOLATED)
ANTENNA_2189/DIODE                      0.350000    0.367989   -0.017989 (VIOLATED)
ANTENNA_2188/DIODE                      0.350000    0.367989   -0.017989 (VIOLATED)
u_memory._250_/X                        0.350000    0.367943   -0.017943 (VIOLATED)
u_memory._404_/C1                       0.350000    0.367805   -0.017805 (VIOLATED)
u_memory._423_/B2                       0.350000    0.367804   -0.017804 (VIOLATED)
fanout375/X                             0.350000    0.367740   -0.017740 (VIOLATED)
u_memory._410_/C1                       0.350000    0.367636   -0.017636 (VIOLATED)
ANTENNA_20/DIODE                        0.350000    0.367412   -0.017412 (VIOLATED)
_029_/D                                 0.350000    0.367410   -0.017410 (VIOLATED)
max_cap544/X                            0.350000    0.367335   -0.017335 (VIOLATED)
u_memory._395_/C1                       0.350000    0.367274   -0.017274 (VIOLATED)
u_memory._416_/A2                       0.350000    0.367139   -0.017139 (VIOLATED)
u_memory._380_/C1                       0.350000    0.367128   -0.017128 (VIOLATED)
ANTENNA_2492/DIODE                      0.350000    0.367076   -0.017076 (VIOLATED)
ANTENNA_2491/DIODE                      0.350000    0.367076   -0.017076 (VIOLATED)
ANTENNA_2489/DIODE                      0.350000    0.367075   -0.017075 (VIOLATED)
ANTENNA_2488/DIODE                      0.350000    0.367075   -0.017075 (VIOLATED)
ANTENNA_2493/DIODE                      0.350000    0.367075   -0.017075 (VIOLATED)
ANTENNA_2487/DIODE                      0.350000    0.367075   -0.017075 (VIOLATED)
ANTENNA_2484/DIODE                      0.350000    0.367069   -0.017069 (VIOLATED)
ANTENNA_2490/DIODE                      0.350000    0.367069   -0.017069 (VIOLATED)
ANTENNA_2494/DIODE                      0.350000    0.367069   -0.017069 (VIOLATED)
ANTENNA_2486/DIODE                      0.350000    0.367069   -0.017069 (VIOLATED)
ANTENNA_2485/DIODE                      0.350000    0.367069   -0.017069 (VIOLATED)
u_memory.g_read[1].g_bank[2].g_slice[0].u_sram/din[30]    0.350000    0.367055   -0.017055 (VIOLATED)
fanout178/X                             0.350000    0.367028   -0.017028 (VIOLATED)
u_memory._294_/X                        0.350000    0.367020   -0.017020 (VIOLATED)
max_cap417/A                            0.350000    0.366680   -0.016680 (VIOLATED)
wire275/X                               0.350000    0.366586   -0.016586 (VIOLATED)
u_memory._307_/A0                       0.350000    0.366485   -0.016485 (VIOLATED)
max_cap592/X                            0.350000    0.366412   -0.016412 (VIOLATED)
ANTENNA_945/DIODE                       0.350000    0.366403   -0.016403 (VIOLATED)
ANTENNA_944/DIODE                       0.350000    0.366403   -0.016403 (VIOLATED)
ANTENNA_943/DIODE                       0.350000    0.366403   -0.016402 (VIOLATED)
ANTENNA_942/DIODE                       0.350000    0.366402   -0.016402 (VIOLATED)
ANTENNA_940/DIODE                       0.350000    0.366395   -0.016395 (VIOLATED)
ANTENNA_937/DIODE                       0.350000    0.366391   -0.016391 (VIOLATED)
ANTENNA_935/DIODE                       0.350000    0.366386   -0.016386 (VIOLATED)
u_memory._233_/B1                       0.350000    0.366370   -0.016370 (VIOLATED)
ANTENNA_55/DIODE                        0.350000    0.366367   -0.016367 (VIOLATED)
ANTENNA_53/DIODE                        0.350000    0.366366   -0.016366 (VIOLATED)
ANTENNA_54/DIODE                        0.350000    0.366364   -0.016364 (VIOLATED)
ANTENNA_934/DIODE                       0.350000    0.366363   -0.016363 (VIOLATED)
u_memory._298_/C                        0.350000    0.366362   -0.016362 (VIOLATED)
ANTENNA_936/DIODE                       0.350000    0.366358   -0.016358 (VIOLATED)
ANTENNA_939/DIODE                       0.350000    0.366332   -0.016332 (VIOLATED)
ANTENNA_938/DIODE                       0.350000    0.366332   -0.016332 (VIOLATED)
ANTENNA_941/DIODE                       0.350000    0.366332   -0.016332 (VIOLATED)
u_memory._354_/B1                       0.350000    0.366331   -0.016331 (VIOLATED)
ANTENNA_160/DIODE                       0.350000    0.366330   -0.016330 (VIOLATED)
ANTENNA_157/DIODE                       0.350000    0.366326   -0.016326 (VIOLATED)
ANTENNA_158/DIODE                       0.350000    0.366324   -0.016324 (VIOLATED)
ANTENNA_159/DIODE                       0.350000    0.366322   -0.016322 (VIOLATED)
ANTENNA_2077/DIODE                      0.350000    0.366295   -0.016295 (VIOLATED)
ANTENNA_2082/DIODE                      0.350000    0.366289   -0.016289 (VIOLATED)
ANTENNA_2080/DIODE                      0.350000    0.366289   -0.016289 (VIOLATED)
ANTENNA_2085/DIODE                      0.350000    0.366269   -0.016269 (VIOLATED)
ANTENNA_2084/DIODE                      0.350000    0.366269   -0.016269 (VIOLATED)
ANTENNA_2078/DIODE                      0.350000    0.366268   -0.016268 (VIOLATED)
ANTENNA_2079/DIODE                      0.350000    0.366268   -0.016268 (VIOLATED)
ANTENNA_2081/DIODE                      0.350000    0.366267   -0.016267 (VIOLATED)
ANTENNA_2083/DIODE                      0.350000    0.366267   -0.016267 (VIOLATED)
ANTENNA_2086/DIODE                      0.350000    0.366259   -0.016259 (VIOLATED)
ANTENNA_2087/DIODE                      0.350000    0.366258   -0.016258 (VIOLATED)
ANTENNA_2424/DIODE                      0.350000    0.366249   -0.016249 (VIOLATED)
ANTENNA_2420/DIODE                      0.350000    0.366249   -0.016249 (VIOLATED)
ANTENNA_2419/DIODE                      0.350000    0.366249   -0.016249 (VIOLATED)
_070_/Q                                 0.350000    0.366239   -0.016239 (VIOLATED)
ANTENNA_2426/DIODE                      0.350000    0.366239   -0.016238 (VIOLATED)
ANTENNA_2425/DIODE                      0.350000    0.366238   -0.016238 (VIOLATED)
ANTENNA_2423/DIODE                      0.350000    0.366238   -0.016238 (VIOLATED)
ANTENNA_2422/DIODE                      0.350000    0.366237   -0.016237 (VIOLATED)
ANTENNA_2421/DIODE                      0.350000    0.366236   -0.016236 (VIOLATED)
ANTENNA_2428/DIODE                      0.350000    0.366236   -0.016236 (VIOLATED)
ANTENNA_2427/DIODE                      0.350000    0.366235   -0.016235 (VIOLATED)
ANTENNA_2418/DIODE                      0.350000    0.366222   -0.016222 (VIOLATED)
wire149/X                               0.350000    0.366155   -0.016155 (VIOLATED)
u_memory._231_/X                        0.350000    0.366019   -0.016019 (VIOLATED)
u_memory._352_/X                        0.350000    0.365981   -0.015981 (VIOLATED)
wire292/X                               0.350000    0.365914   -0.015914 (VIOLATED)
ANTENNA_1754/DIODE                      0.350000    0.365827   -0.015827 (VIOLATED)
ANTENNA_1753/DIODE                      0.350000    0.365826   -0.015826 (VIOLATED)
ANTENNA_1756/DIODE                      0.350000    0.365826   -0.015826 (VIOLATED)
ANTENNA_1752/DIODE                      0.350000    0.365826   -0.015826 (VIOLATED)
ANTENNA_1755/DIODE                      0.350000    0.365826   -0.015826 (VIOLATED)
ANTENNA_1751/DIODE                      0.350000    0.365826   -0.015826 (VIOLATED)
ANTENNA_1747/DIODE                      0.350000    0.365820   -0.015820 (VIOLATED)
ANTENNA_1757/DIODE                      0.350000    0.365820   -0.015820 (VIOLATED)
ANTENNA_1750/DIODE                      0.350000    0.365819   -0.015819 (VIOLATED)
ANTENNA_1749/DIODE                      0.350000    0.365818   -0.015818 (VIOLATED)
ANTENNA_1748/DIODE                      0.350000    0.365818   -0.015818 (VIOLATED)
max_cap527/X                            0.350000    0.365580   -0.015580 (VIOLATED)
max_cap580/X                            0.350000    0.365566   -0.015566 (VIOLATED)
u_memory._320_/A0                       0.350000    0.365251   -0.015251 (VIOLATED)
ANTENNA_2786/DIODE                      0.350000    0.365220   -0.015220 (VIOLATED)
max_cap474/X                            0.350000    0.365163   -0.015163 (VIOLATED)
u_memory._237_/A1                       0.350000    0.365146   -0.015146 (VIOLATED)
ANTENNA_1120/DIODE                      0.350000    0.365141   -0.015141 (VIOLATED)
ANTENNA_1123/DIODE                      0.350000    0.365140   -0.015140 (VIOLATED)
ANTENNA_1121/DIODE                      0.350000    0.365139   -0.015139 (VIOLATED)
ANTENNA_1122/DIODE                      0.350000    0.365129   -0.015129 (VIOLATED)
output90/A                              0.350000    0.364719   -0.014719 (VIOLATED)
wire337/X                               0.350000    0.364562   -0.014562 (VIOLATED)
u_memory._258_/A1                       0.350000    0.364526   -0.014526 (VIOLATED)
ANTENNA_1203/DIODE                      0.350000    0.364524   -0.014524 (VIOLATED)
ANTENNA_1201/DIODE                      0.350000    0.364514   -0.014514 (VIOLATED)
ANTENNA_1202/DIODE                      0.350000    0.364481   -0.014481 (VIOLATED)
ANTENNA_1204/DIODE                      0.350000    0.364465   -0.014465 (VIOLATED)
max_cap403/A                            0.350000    0.364462   -0.014462 (VIOLATED)
_026_/Q                                 0.350000    0.364396   -0.014396 (VIOLATED)
wire361/X                               0.350000    0.363879   -0.013879 (VIOLATED)
max_cap409/X                            0.350000    0.363790   -0.013790 (VIOLATED)
u_memory.g_read[1].g_bank[1].g_slice[0].u_sram/din[13]    0.350000    0.363614   -0.013614 (VIOLATED)
ANTENNA_2623/DIODE                      0.350000    0.363288   -0.013288 (VIOLATED)
ANTENNA_2621/DIODE                      0.350000    0.363288   -0.013287 (VIOLATED)
ANTENNA_2617/DIODE                      0.350000    0.363287   -0.013287 (VIOLATED)
ANTENNA_2624/DIODE                      0.350000    0.363277   -0.013277 (VIOLATED)
ANTENNA_2622/DIODE                      0.350000    0.363276   -0.013276 (VIOLATED)
ANTENNA_2620/DIODE                      0.350000    0.363276   -0.013276 (VIOLATED)
ANTENNA_2619/DIODE                      0.350000    0.363275   -0.013275 (VIOLATED)
ANTENNA_2625/DIODE                      0.350000    0.363274   -0.013274 (VIOLATED)
ANTENNA_2618/DIODE                      0.350000    0.363274   -0.013274 (VIOLATED)
ANTENNA_2616/DIODE                      0.350000    0.363264   -0.013264 (VIOLATED)
ANTENNA_2626/DIODE                      0.350000    0.363263   -0.013263 (VIOLATED)
wire418/X                               0.350000    0.362872   -0.012872 (VIOLATED)
u_memory._386_/B1                       0.350000    0.362846   -0.012846 (VIOLATED)
max_cap613/X                            0.350000    0.362741   -0.012741 (VIOLATED)
u_memory._311_/A1                       0.350000    0.362033   -0.012033 (VIOLATED)
hold198/X                               0.350000    0.361922   -0.011922 (VIOLATED)
max_cap430/X                            0.350000    0.361920   -0.011920 (VIOLATED)
wire624/A                               0.350000    0.361291   -0.011291 (VIOLATED)
u_memory._345_/A1                       0.350000    0.361060   -0.011060 (VIOLATED)
ANTENNA_785/DIODE                       0.350000    0.361056   -0.011056 (VIOLATED)
ANTENNA_783/DIODE                       0.350000    0.361055   -0.011055 (VIOLATED)
ANTENNA_784/DIODE                       0.350000    0.361048   -0.011048 (VIOLATED)
ANTENNA_786/DIODE                       0.350000    0.361046   -0.011046 (VIOLATED)
max_cap626/A                            0.350000    0.360979   -0.010979 (VIOLATED)
max_cap625/A                            0.350000    0.360964   -0.010964 (VIOLATED)
hold118/X                               0.350000    0.360868   -0.010868 (VIOLATED)
wire256/X                               0.350000    0.360500   -0.010500 (VIOLATED)
ANTENNA_902/DIODE                       0.350000    0.359923   -0.009923 (VIOLATED)
ANTENNA_900/DIODE                       0.350000    0.359923   -0.009923 (VIOLATED)
ANTENNA_899/DIODE                       0.350000    0.359922   -0.009922 (VIOLATED)
ANTENNA_901/DIODE                       0.350000    0.359922   -0.009922 (VIOLATED)
u_memory._357_/A1                       0.350000    0.359919   -0.009919 (VIOLATED)
u_memory._293_/B1                       0.350000    0.359776   -0.009776 (VIOLATED)
wire283/X                               0.350000    0.359408   -0.009408 (VIOLATED)
u_memory._276_/A1                       0.350000    0.358816   -0.008816 (VIOLATED)
ANTENNA_1884/DIODE                      0.350000    0.358439   -0.008439 (VIOLATED)
ANTENNA_1888/DIODE                      0.350000    0.358438   -0.008438 (VIOLATED)
ANTENNA_1883/DIODE                      0.350000    0.358438   -0.008438 (VIOLATED)
ANTENNA_1886/DIODE                      0.350000    0.358438   -0.008438 (VIOLATED)
ANTENNA_1882/DIODE                      0.350000    0.358438   -0.008438 (VIOLATED)
ANTENNA_1885/DIODE                      0.350000    0.358438   -0.008438 (VIOLATED)
ANTENNA_1881/DIODE                      0.350000    0.358438   -0.008438 (VIOLATED)
ANTENNA_1880/DIODE                      0.350000    0.358434   -0.008434 (VIOLATED)
ANTENNA_1879/DIODE                      0.350000    0.358434   -0.008434 (VIOLATED)
ANTENNA_1889/DIODE                      0.350000    0.358423   -0.008423 (VIOLATED)
ANTENNA_1887/DIODE                      0.350000    0.358423   -0.008423 (VIOLATED)
max_cap447/A                            0.350000    0.358329   -0.008329 (VIOLATED)
ANTENNA_933/DIODE                       0.350000    0.358282   -0.008282 (VIOLATED)
ANTENNA_932/DIODE                       0.350000    0.358280   -0.008280 (VIOLATED)
ANTENNA_930/DIODE                       0.350000    0.358273   -0.008273 (VIOLATED)
u_memory._301_/C                        0.350000    0.358272   -0.008272 (VIOLATED)
ANTENNA_931/DIODE                       0.350000    0.358251   -0.008251 (VIOLATED)
max_cap446/A                            0.350000    0.358108   -0.008108 (VIOLATED)
u_memory._282_/B1                       0.350000    0.358107   -0.008107 (VIOLATED)
ANTENNA_101/DIODE                       0.350000    0.358105   -0.008105 (VIOLATED)
ANTENNA_99/DIODE                        0.350000    0.358104   -0.008104 (VIOLATED)
ANTENNA_100/DIODE                       0.350000    0.358101   -0.008101 (VIOLATED)
max_cap544/A                            0.350000    0.357893   -0.007893 (VIOLATED)
max_cap496/X                            0.350000    0.357771   -0.007771 (VIOLATED)
u_memory._280_/X                        0.350000    0.357767   -0.007767 (VIOLATED)
wire291/X                               0.350000    0.357741   -0.007741 (VIOLATED)
_038_/D                                 0.350000    0.357652   -0.007652 (VIOLATED)
u_memory._342_/X                        0.350000    0.357629   -0.007629 (VIOLATED)
ANTENNA_787/DIODE                       0.350000    0.357459   -0.007459 (VIOLATED)
ANTENNA_789/DIODE                       0.350000    0.357459   -0.007458 (VIOLATED)
u_memory._342_/A1                       0.350000    0.357457   -0.007457 (VIOLATED)
ANTENNA_790/DIODE                       0.350000    0.357444   -0.007444 (VIOLATED)
ANTENNA_788/DIODE                       0.350000    0.357444   -0.007443 (VIOLATED)
max_cap545/X                            0.350000    0.357236   -0.007236 (VIOLATED)
wire257/X                               0.350000    0.356954   -0.006954 (VIOLATED)
u_memory.g_read[1].g_bank[1].g_slice[0].u_sram/din[30]    0.350000    0.356719   -0.006719 (VIOLATED)
ANTENNA_1778/DIODE                      0.350000    0.356504   -0.006504 (VIOLATED)
ANTENNA_1776/DIODE                      0.350000    0.356504   -0.006504 (VIOLATED)
ANTENNA_1777/DIODE                      0.350000    0.356503   -0.006503 (VIOLATED)
ANTENNA_1775/DIODE                      0.350000    0.356503   -0.006503 (VIOLATED)
ANTENNA_1771/DIODE                      0.350000    0.356503   -0.006503 (VIOLATED)
ANTENNA_1773/DIODE                      0.350000    0.356503   -0.006503 (VIOLATED)
ANTENNA_1772/DIODE                      0.350000    0.356503   -0.006503 (VIOLATED)
ANTENNA_1774/DIODE                      0.350000    0.356500   -0.006500 (VIOLATED)
ANTENNA_1770/DIODE                      0.350000    0.356500   -0.006500 (VIOLATED)
ANTENNA_1769/DIODE                      0.350000    0.356500   -0.006500 (VIOLATED)
ANTENNA_1779/DIODE                      0.350000    0.356487   -0.006487 (VIOLATED)
ANTENNA_1644/DIODE                      0.350000    0.356442   -0.006442 (VIOLATED)
ANTENNA_1642/DIODE                      0.350000    0.356441   -0.006441 (VIOLATED)
ANTENNA_1641/DIODE                      0.350000    0.356441   -0.006441 (VIOLATED)
ANTENNA_1645/DIODE                      0.350000    0.356441   -0.006441 (VIOLATED)
ANTENNA_1640/DIODE                      0.350000    0.356441   -0.006441 (VIOLATED)
ANTENNA_1639/DIODE                      0.350000    0.356441   -0.006441 (VIOLATED)
ANTENNA_1643/DIODE                      0.350000    0.356440   -0.006440 (VIOLATED)
ANTENNA_1638/DIODE                      0.350000    0.356440   -0.006440 (VIOLATED)
ANTENNA_1637/DIODE                      0.350000    0.356440   -0.006440 (VIOLATED)
ANTENNA_1647/DIODE                      0.350000    0.356427   -0.006427 (VIOLATED)
ANTENNA_1646/DIODE                      0.350000    0.356427   -0.006427 (VIOLATED)
u_memory._209_/B2                       0.350000    0.356260   -0.006260 (VIOLATED)
ANTENNA_31/DIODE                        0.350000    0.356257   -0.006257 (VIOLATED)
ANTENNA_29/DIODE                        0.350000    0.356256   -0.006256 (VIOLATED)
ANTENNA_30/DIODE                        0.350000    0.356254   -0.006254 (VIOLATED)
u_memory._205_/X                        0.350000    0.355925   -0.005925 (VIOLATED)
max_cap478/X                            0.350000    0.355882   -0.005882 (VIOLATED)
max_cap457/X                            0.350000    0.355835   -0.005835 (VIOLATED)
max_cap452/A                            0.350000    0.355749   -0.005749 (VIOLATED)
max_cap474/A                            0.350000    0.355729   -0.005729 (VIOLATED)
u_memory._285_/B1                       0.350000    0.355325   -0.005325 (VIOLATED)
ANTENNA_104/DIODE                       0.350000    0.355322   -0.005322 (VIOLATED)
ANTENNA_102/DIODE                       0.350000    0.355322   -0.005322 (VIOLATED)
ANTENNA_103/DIODE                       0.350000    0.355319   -0.005319 (VIOLATED)
u_memory._283_/X                        0.350000    0.355019   -0.005019 (VIOLATED)
wire434/A                               0.350000    0.355006   -0.005006 (VIOLATED)
max_cap436/A                            0.350000    0.354929   -0.004929 (VIOLATED)
ANTENNA_1450/DIODE                      0.350000    0.354921   -0.004921 (VIOLATED)
ANTENNA_1451/DIODE                      0.350000    0.354921   -0.004921 (VIOLATED)
ANTENNA_1454/DIODE                      0.350000    0.354921   -0.004921 (VIOLATED)
ANTENNA_1452/DIODE                      0.350000    0.354921   -0.004921 (VIOLATED)
max_cap475/X                            0.350000    0.354907   -0.004907 (VIOLATED)
ANTENNA_1459/DIODE                      0.350000    0.354881   -0.004881 (VIOLATED)
ANTENNA_1457/DIODE                      0.350000    0.354880   -0.004880 (VIOLATED)
ANTENNA_1456/DIODE                      0.350000    0.354877   -0.004877 (VIOLATED)
ANTENNA_1453/DIODE                      0.350000    0.354875   -0.004875 (VIOLATED)
ANTENNA_1455/DIODE                      0.350000    0.354873   -0.004873 (VIOLATED)
ANTENNA_1458/DIODE                      0.350000    0.354834   -0.004834 (VIOLATED)
ANTENNA_1460/DIODE                      0.350000    0.354834   -0.004834 (VIOLATED)
_035_/D                                 0.350000    0.354825   -0.004825 (VIOLATED)
ANTENNA_2304/DIODE                      0.350000    0.354807   -0.004807 (VIOLATED)
ANTENNA_2303/DIODE                      0.350000    0.354806   -0.004806 (VIOLATED)
ANTENNA_2301/DIODE                      0.350000    0.354806   -0.004806 (VIOLATED)
ANTENNA_2300/DIODE                      0.350000    0.354806   -0.004806 (VIOLATED)
ANTENNA_2305/DIODE                      0.350000    0.354805   -0.004805 (VIOLATED)
ANTENNA_2299/DIODE                      0.350000    0.354805   -0.004805 (VIOLATED)
ANTENNA_2302/DIODE                      0.350000    0.354805   -0.004805 (VIOLATED)
ANTENNA_2298/DIODE                      0.350000    0.354805   -0.004805 (VIOLATED)
ANTENNA_2297/DIODE                      0.350000    0.354805   -0.004805 (VIOLATED)
u_memory._333_/X                        0.350000    0.354799   -0.004799 (VIOLATED)
ANTENNA_2307/DIODE                      0.350000    0.354793   -0.004793 (VIOLATED)
ANTENNA_2306/DIODE                      0.350000    0.354793   -0.004793 (VIOLATED)
max_cap437/A                            0.350000    0.354777   -0.004777 (VIOLATED)
u_memory._282_/B2                       0.350000    0.354637   -0.004637 (VIOLATED)
hold95/X                                0.350000    0.354499   -0.004499 (VIOLATED)
wire354/X                               0.350000    0.354391   -0.004391 (VIOLATED)
wire381/A                               0.350000    0.354375   -0.004375 (VIOLATED)
u_memory._281_/X                        0.350000    0.354345   -0.004345 (VIOLATED)
max_cap562/X                            0.350000    0.354232   -0.004232 (VIOLATED)
max_cap427/X                            0.350000    0.354217   -0.004217 (VIOLATED)
ANTENNA_1191/DIODE                      0.350000    0.353770   -0.003770 (VIOLATED)
ANTENNA_1189/DIODE                      0.350000    0.353766   -0.003766 (VIOLATED)
u_memory._212_/A1                       0.350000    0.353766   -0.003766 (VIOLATED)
u_memory._215_/B1                       0.350000    0.353752   -0.003752 (VIOLATED)
ANTENNA_37/DIODE                        0.350000    0.353749   -0.003749 (VIOLATED)
ANTENNA_35/DIODE                        0.350000    0.353747   -0.003747 (VIOLATED)
ANTENNA_36/DIODE                        0.350000    0.353745   -0.003745 (VIOLATED)
ANTENNA_1190/DIODE                      0.350000    0.353743   -0.003743 (VIOLATED)
max_cap384/A                            0.350000    0.353736   -0.003736 (VIOLATED)
ANTENNA_1192/DIODE                      0.350000    0.353731   -0.003731 (VIOLATED)
hold172/X                               0.350000    0.353716   -0.003716 (VIOLATED)
output135/A                             0.350000    0.353573   -0.003573 (VIOLATED)
_009_/Q                                 0.350000    0.353532   -0.003532 (VIOLATED)
u_memory._213_/X                        0.350000    0.353415   -0.003415 (VIOLATED)
ANTENNA_1424/DIODE                      0.350000    0.353399   -0.003399 (VIOLATED)
ANTENNA_1423/DIODE                      0.350000    0.353399   -0.003399 (VIOLATED)
ANTENNA_1419/DIODE                      0.350000    0.353399   -0.003399 (VIOLATED)
ANTENNA_1421/DIODE                      0.350000    0.353399   -0.003399 (VIOLATED)
ANTENNA_1420/DIODE                      0.350000    0.353399   -0.003399 (VIOLATED)
ANTENNA_1209/DIODE                      0.350000    0.353387   -0.003387 (VIOLATED)
u_memory._252_/A1                       0.350000    0.353387   -0.003387 (VIOLATED)
ANTENNA_1208/DIODE                      0.350000    0.353365   -0.003365 (VIOLATED)
ANTENNA_1417/DIODE                      0.350000    0.353353   -0.003353 (VIOLATED)
ANTENNA_1210/DIODE                      0.350000    0.353352   -0.003352 (VIOLATED)
ANTENNA_1418/DIODE                      0.350000    0.353351   -0.003351 (VIOLATED)
ANTENNA_1422/DIODE                      0.350000    0.353348   -0.003348 (VIOLATED)
ANTENNA_1425/DIODE                      0.350000    0.353344   -0.003344 (VIOLATED)
ANTENNA_1426/DIODE                      0.350000    0.353341   -0.003341 (VIOLATED)
ANTENNA_1427/DIODE                      0.350000    0.353338   -0.003338 (VIOLATED)
wire357/X                               0.350000    0.353244   -0.003244 (VIOLATED)
max_cap512/A                            0.350000    0.353070   -0.003070 (VIOLATED)
u_memory.g_read[0].g_bank[0].g_slice[0].u_sram/addr[0]    0.350000    0.352827   -0.002827 (VIOLATED)
u_memory._224_/B1                       0.350000    0.352811   -0.002811 (VIOLATED)
wire363/X                               0.350000    0.352809   -0.002809 (VIOLATED)
ANTENNA_46/DIODE                        0.350000    0.352808   -0.002808 (VIOLATED)
ANTENNA_44/DIODE                        0.350000    0.352807   -0.002807 (VIOLATED)
ANTENNA_45/DIODE                        0.350000    0.352805   -0.002805 (VIOLATED)
max_cap422/X                            0.350000    0.352663   -0.002663 (VIOLATED)
wire453/X                               0.350000    0.352662   -0.002662 (VIOLATED)
u_memory._222_/X                        0.350000    0.352496   -0.002496 (VIOLATED)
u_memory._221_/A1                       0.350000    0.352095   -0.002095 (VIOLATED)
ANTENNA_1140/DIODE                      0.350000    0.352094   -0.002094 (VIOLATED)
ANTENNA_1142/DIODE                      0.350000    0.352094   -0.002094 (VIOLATED)
ANTENNA_1141/DIODE                      0.350000    0.352078   -0.002078 (VIOLATED)
max_cap513/X                            0.350000    0.352011   -0.002011 (VIOLATED)
ANTENNA_2386/DIODE                      0.350000    0.351806   -0.001806 (VIOLATED)
ANTENNA_2385/DIODE                      0.350000    0.351806   -0.001806 (VIOLATED)
ANTENNA_2391/DIODE                      0.350000    0.351800   -0.001800 (VIOLATED)
ANTENNA_2390/DIODE                      0.350000    0.351799   -0.001799 (VIOLATED)
ANTENNA_2389/DIODE                      0.350000    0.351799   -0.001799 (VIOLATED)
ANTENNA_2388/DIODE                      0.350000    0.351798   -0.001798 (VIOLATED)
ANTENNA_2392/DIODE                      0.350000    0.351798   -0.001798 (VIOLATED)
ANTENNA_2387/DIODE                      0.350000    0.351798   -0.001798 (VIOLATED)
ANTENNA_2395/DIODE                      0.350000    0.351784   -0.001784 (VIOLATED)
ANTENNA_2394/DIODE                      0.350000    0.351784   -0.001784 (VIOLATED)
ANTENNA_2393/DIODE                      0.350000    0.351783   -0.001783 (VIOLATED)
ANTENNA_19/DIODE                        0.350000    0.351695   -0.001695 (VIOLATED)
_027_/D                                 0.350000    0.351694   -0.001694 (VIOLATED)
wire342/X                               0.350000    0.351568   -0.001568 (VIOLATED)
u_memory._288_/X                        0.350000    0.351449   -0.001449 (VIOLATED)
u_memory._330_/A1                       0.350000    0.351318   -0.001318 (VIOLATED)
ANTENNA_858/DIODE                       0.350000    0.351313   -0.001313 (VIOLATED)
ANTENNA_857/DIODE                       0.350000    0.351312   -0.001312 (VIOLATED)
ANTENNA_856/DIODE                       0.350000    0.351312   -0.001312 (VIOLATED)
u_memory._347_/A2                       0.350000    0.351278   -0.001278 (VIOLATED)
ANTENNA_718/DIODE                       0.350000    0.351266   -0.001266 (VIOLATED)
ANTENNA_720/DIODE                       0.350000    0.351263   -0.001263 (VIOLATED)
ANTENNA_719/DIODE                       0.350000    0.351259   -0.001259 (VIOLATED)
ANTENNA_721/DIODE                       0.350000    0.351256   -0.001256 (VIOLATED)
max_cap576/X                            0.350000    0.351195   -0.001195 (VIOLATED)
ANTENNA_2128/DIODE                      0.350000    0.351018   -0.001018 (VIOLATED)
ANTENNA_2126/DIODE                      0.350000    0.351018   -0.001018 (VIOLATED)
ANTENNA_2122/DIODE                      0.350000    0.351018   -0.001018 (VIOLATED)
ANTENNA_2121/DIODE                      0.350000    0.351016   -0.001016 (VIOLATED)
ANTENNA_2129/DIODE                      0.350000    0.351015   -0.001015 (VIOLATED)
ANTENNA_2127/DIODE                      0.350000    0.351015   -0.001015 (VIOLATED)
ANTENNA_2125/DIODE                      0.350000    0.351015   -0.001015 (VIOLATED)
ANTENNA_2124/DIODE                      0.350000    0.351014   -0.001014 (VIOLATED)
ANTENNA_2130/DIODE                      0.350000    0.351014   -0.001014 (VIOLATED)
ANTENNA_2123/DIODE                      0.350000    0.351014   -0.001014 (VIOLATED)
_020_/D                                 0.350000    0.351008   -0.001008 (VIOLATED)
ANTENNA_2131/DIODE                      0.350000    0.350999   -0.000999 (VIOLATED)
_019_/D                                 0.350000    0.350891   -0.000891 (VIOLATED)
wire273/X                               0.350000    0.350799   -0.000799 (VIOLATED)
ANTENNA_2185/DIODE                      0.350000    0.350779   -0.000779 (VIOLATED)
ANTENNA_2183/DIODE                      0.350000    0.350778   -0.000778 (VIOLATED)
ANTENNA_2181/DIODE                      0.350000    0.350778   -0.000778 (VIOLATED)
ANTENNA_2180/DIODE                      0.350000    0.350778   -0.000778 (VIOLATED)
ANTENNA_2186/DIODE                      0.350000    0.350778   -0.000777 (VIOLATED)
ANTENNA_2179/DIODE                      0.350000    0.350777   -0.000777 (VIOLATED)
ANTENNA_2184/DIODE                      0.350000    0.350776   -0.000776 (VIOLATED)
ANTENNA_2182/DIODE                      0.350000    0.350776   -0.000776 (VIOLATED)
ANTENNA_2178/DIODE                      0.350000    0.350776   -0.000776 (VIOLATED)
ANTENNA_2177/DIODE                      0.350000    0.350775   -0.000775 (VIOLATED)
ANTENNA_2176/DIODE                      0.350000    0.350770   -0.000770 (VIOLATED)
wire236/X                               0.350000    0.350752   -0.000752 (VIOLATED)
u_memory._267_/X                        0.350000    0.350658   -0.000658 (VIOLATED)
u_memory._179_/B                        0.350000    0.350562   -0.000562 (VIOLATED)
u_memory._183_/B                        0.350000    0.350513   -0.000513 (VIOLATED)
max_cap534/X                            0.350000    0.350407   -0.000407 (VIOLATED)
max_cap543/X                            0.350000    0.350281   -0.000281 (VIOLATED)
u_memory._336_/A1                       0.350000    0.350239   -0.000239 (VIOLATED)
ANTENNA_797/DIODE                       0.350000    0.350238   -0.000238 (VIOLATED)
ANTENNA_795/DIODE                       0.350000    0.350237   -0.000237 (VIOLATED)
ANTENNA_796/DIODE                       0.350000    0.350226   -0.000226 (VIOLATED)
wire269/X                               0.350000    0.350174   -0.000174 (VIOLATED)
hold17/A                                0.350000    0.350170   -0.000170 (VIOLATED)
ANTENNA_1744/DIODE                      0.350000    0.350058   -0.000058 (VIOLATED)
wire568/A                               0.350000    0.350058   -0.000058 (VIOLATED)
ANTENNA_1743/DIODE                      0.350000    0.350057   -0.000057 (VIOLATED)
ANTENNA_1741/DIODE                      0.350000    0.350057   -0.000057 (VIOLATED)
ANTENNA_1740/DIODE                      0.350000    0.350057   -0.000057 (VIOLATED)
ANTENNA_1739/DIODE                      0.350000    0.350056   -0.000056 (VIOLATED)
ANTENNA_1745/DIODE                      0.350000    0.350056   -0.000056 (VIOLATED)
ANTENNA_1742/DIODE                      0.350000    0.350052   -0.000052 (VIOLATED)
ANTENNA_1738/DIODE                      0.350000    0.350052   -0.000052 (VIOLATED)
ANTENNA_1737/DIODE                      0.350000    0.350051   -0.000051 (VIOLATED)
ANTENNA_1736/DIODE                      0.350000    0.350051   -0.000051 (VIOLATED)
ANTENNA_1746/DIODE                      0.350000    0.350051   -0.000051 (VIOLATED)
ANTENNA_1788/DIODE                      0.350000    0.350047   -0.000047 (VIOLATED)
ANTENNA_1786/DIODE                      0.350000    0.350046   -0.000046 (VIOLATED)
ANTENNA_1784/DIODE                      0.350000    0.350046   -0.000046 (VIOLATED)
ANTENNA_1783/DIODE                      0.350000    0.350046   -0.000046 (VIOLATED)
ANTENNA_1782/DIODE                      0.350000    0.350045   -0.000045 (VIOLATED)
ANTENNA_1780/DIODE                      0.350000    0.350044   -0.000044 (VIOLATED)
ANTENNA_1790/DIODE                      0.350000    0.350043   -0.000043 (VIOLATED)
ANTENNA_1789/DIODE                      0.350000    0.350043   -0.000043 (VIOLATED)
ANTENNA_1787/DIODE                      0.350000    0.350043   -0.000043 (VIOLATED)
ANTENNA_1785/DIODE                      0.350000    0.350042   -0.000042 (VIOLATED)
ANTENNA_1781/DIODE                      0.350000    0.350042   -0.000042 (VIOLATED)
max_cap459/A                            0.350000    0.350009   -0.000009 (VIOLATED)

max fanout

Pin                                   Limit Fanout  Slack
---------------------------------------------------------
max_cap137/X                             16     22     -6 (VIOLATED)
max_cap138/X                             16     22     -6 (VIOLATED)
max_cap139/X                             16     22     -6 (VIOLATED)
max_cap140/X                             16     22     -6 (VIOLATED)
max_cap141/X                             16     22     -6 (VIOLATED)
max_cap145/X                             16     22     -6 (VIOLATED)
max_cap155/X                             16     22     -6 (VIOLATED)
max_cap156/X                             16     22     -6 (VIOLATED)
max_cap158/X                             16     22     -6 (VIOLATED)
max_cap159/X                             16     22     -6 (VIOLATED)
max_cap160/X                             16     22     -6 (VIOLATED)
max_cap162/X                             16     22     -6 (VIOLATED)
max_cap163/X                             16     22     -6 (VIOLATED)
max_cap142/X                             16     20     -4 (VIOLATED)
max_cap143/X                             16     20     -4 (VIOLATED)
max_cap144/X                             16     20     -4 (VIOLATED)
max_cap157/X                             16     20     -4 (VIOLATED)
max_cap161/X                             16     20     -4 (VIOLATED)
clkbuf_4_14__f_clk/X                     16     19     -3 (VIOLATED)

max capacitance

Pin                                        Limit         Cap       Slack
------------------------------------------------------------------------
u_memory.g_read[1].g_bank[2].g_slice[0].u_sram/dout[20]    0.013000    0.100768   -0.087768 (VIOLATED)
u_memory.g_read[0].g_bank[2].g_slice[0].u_sram/dout[24]    0.013000    0.093578   -0.080578 (VIOLATED)
u_memory.g_read[1].g_bank[2].g_slice[0].u_sram/dout[19]    0.013000    0.087755   -0.074755 (VIOLATED)
u_memory.g_read[0].g_bank[2].g_slice[0].u_sram/dout[31]    0.013000    0.085534   -0.072534 (VIOLATED)
u_memory.g_read[1].g_bank[2].g_slice[0].u_sram/dout[25]    0.013000    0.085408   -0.072408 (VIOLATED)
u_memory.g_read[1].g_bank[1].g_slice[0].u_sram/dout[18]    0.013000    0.082775   -0.069775 (VIOLATED)
u_memory.g_read[0].g_bank[2].g_slice[0].u_sram/dout[22]    0.013000    0.081181   -0.068181 (VIOLATED)
u_memory.g_read[0].g_bank[2].g_slice[0].u_sram/dout[27]    0.013000    0.078323   -0.065323 (VIOLATED)
u_memory.g_read[0].g_bank[2].g_slice[0].u_sram/dout[26]    0.013000    0.077165   -0.064165 (VIOLATED)
u_memory.g_read[0].g_bank[2].g_slice[0].u_sram/dout[28]    0.013000    0.076377   -0.063377 (VIOLATED)
u_memory.g_read[1].g_bank[3].g_slice[0].u_sram/dout[31]    0.013000    0.075993   -0.062993 (VIOLATED)
u_memory.g_read[0].g_bank[2].g_slice[0].u_sram/dout[29]    0.013000    0.074794   -0.061794 (VIOLATED)
u_memory.g_read[1].g_bank[3].g_slice[0].u_sram/dout[26]    0.013000    0.073632   -0.060632 (VIOLATED)
u_memory.g_read[1].g_bank[3].g_slice[0].u_sram/dout[28]    0.013000    0.071289   -0.058289 (VIOLATED)
u_memory.g_read[1].g_bank[1].g_slice[0].u_sram/dout[23]    0.013000    0.070710   -0.057710 (VIOLATED)
u_memory.g_read[1].g_bank[2].g_slice[0].u_sram/dout[24]    0.013000    0.070376   -0.057376 (VIOLATED)
u_memory.g_read[0].g_bank[2].g_slice[0].u_sram/dout[18]    0.013000    0.069454   -0.056454 (VIOLATED)
u_memory.g_read[1].g_bank[2].g_slice[0].u_sram/dout[28]    0.013000    0.068762   -0.055762 (VIOLATED)
u_memory.g_read[1].g_bank[3].g_slice[0].u_sram/dout[23]    0.013000    0.066639   -0.053639 (VIOLATED)
u_memory.g_read[1].g_bank[3].g_slice[0].u_sram/dout[18]    0.013000    0.066453   -0.053453 (VIOLATED)
u_memory.g_read[1].g_bank[2].g_slice[0].u_sram/dout[22]    0.013000    0.064241   -0.051241 (VIOLATED)
u_memory.g_read[1].g_bank[2].g_slice[0].u_sram/dout[23]    0.013000    0.063585   -0.050585 (VIOLATED)
u_memory.g_read[0].g_bank[2].g_slice[0].u_sram/dout[30]    0.013000    0.062313   -0.049313 (VIOLATED)
u_memory.g_read[1].g_bank[3].g_slice[0].u_sram/dout[30]    0.013000    0.062267   -0.049267 (VIOLATED)
u_memory.g_read[1].g_bank[2].g_slice[0].u_sram/dout[26]    0.013000    0.060770   -0.047770 (VIOLATED)
u_memory.g_read[0].g_bank[3].g_slice[0].u_sram/dout[9]    0.013000    0.059814   -0.046814 (VIOLATED)
u_memory.g_read[1].g_bank[2].g_slice[0].u_sram/dout[18]    0.013000    0.059384   -0.046384 (VIOLATED)
u_memory.g_read[1].g_bank[2].g_slice[0].u_sram/dout[27]    0.013000    0.059361   -0.046361 (VIOLATED)
u_memory.g_read[1].g_bank[2].g_slice[0].u_sram/dout[31]    0.013000    0.058049   -0.045049 (VIOLATED)
u_memory.g_read[1].g_bank[2].g_slice[0].u_sram/dout[29]    0.013000    0.057223   -0.044223 (VIOLATED)
u_memory.g_read[1].g_bank[1].g_slice[0].u_sram/dout[19]    0.013000    0.054264   -0.041264 (VIOLATED)
u_memory.g_read[0].g_bank[3].g_slice[0].u_sram/dout[18]    0.013000    0.052420   -0.039420 (VIOLATED)
u_memory.g_read[0].g_bank[1].g_slice[0].u_sram/dout[18]    0.013000    0.051647   -0.038647 (VIOLATED)
u_memory.g_read[1].g_bank[1].g_slice[0].u_sram/dout[22]    0.013000    0.049148   -0.036148 (VIOLATED)
u_memory.g_read[1].g_bank[1].g_slice[0].u_sram/dout[15]    0.013000    0.048638   -0.035638 (VIOLATED)
u_memory.g_read[1].g_bank[1].g_slice[0].u_sram/dout[29]    0.013000    0.046186   -0.033186 (VIOLATED)
u_memory.g_read[0].g_bank[1].g_slice[0].u_sram/dout[22]    0.013000    0.044892   -0.031892 (VIOLATED)
u_memory.g_read[1].g_bank[1].g_slice[0].u_sram/dout[24]    0.013000    0.044372   -0.031372 (VIOLATED)
u_memory.g_read[1].g_bank[1].g_slice[0].u_sram/dout[28]    0.013000    0.043518   -0.030518 (VIOLATED)
u_memory.g_read[1].g_bank[1].g_slice[0].u_sram/dout[26]    0.013000    0.041394   -0.028394 (VIOLATED)
u_memory.g_read[0].g_bank[1].g_slice[0].u_sram/dout[26]    0.013000    0.040803   -0.027803 (VIOLATED)
u_memory.g_read[1].g_bank[1].g_slice[0].u_sram/dout[30]    0.013000    0.039932   -0.026932 (VIOLATED)
u_memory.g_read[1].g_bank[2].g_slice[0].u_sram/dout[30]    0.013000    0.039839   -0.026839 (VIOLATED)
u_memory.g_read[1].g_bank[1].g_slice[0].u_sram/dout[20]    0.013000    0.038923   -0.025923 (VIOLATED)
u_memory.g_read[0].g_bank[1].g_slice[0].u_sram/dout[28]    0.013000    0.038416   -0.025416 (VIOLATED)
u_memory.g_read[1].g_bank[1].g_slice[0].u_sram/dout[31]    0.013000    0.037093   -0.024093 (VIOLATED)
u_memory.g_read[1].g_bank[1].g_slice[0].u_sram/dout[21]    0.013000    0.037071   -0.024071 (VIOLATED)
u_memory.g_read[1].g_bank[1].g_slice[0].u_sram/dout[25]    0.013000    0.036591   -0.023591 (VIOLATED)
u_memory.g_read[1].g_bank[1].g_slice[0].u_sram/dout[27]    0.013000    0.032448   -0.019448 (VIOLATED)
u_memory.g_read[0].g_bank[1].g_slice[0].u_sram/dout[24]    0.013000    0.032215   -0.019215 (VIOLATED)
u_memory.g_read[0].g_bank[1].g_slice[0].u_sram/dout[30]    0.013000    0.028505   -0.015505 (VIOLATED)
u_memory.g_read[0].g_bank[1].g_slice[0].u_sram/dout[27]    0.013000    0.023784   -0.010784 (VIOLATED)
u_memory.g_read[0].g_bank[1].g_slice[0].u_sram/dout[29]    0.013000    0.022538   -0.009538 (VIOLATED)
u_memory.g_read[0].g_bank[1].g_slice[0].u_sram/dout[31]    0.013000    0.019726   -0.006726 (VIOLATED)
u_memory.g_read[1].g_bank[1].g_slice[0].u_sram/dout[6]    0.013000    0.014085   -0.001085 (VIOLATED)
u_memory.g_read[1].g_bank[1].g_slice[0].u_sram/dout[17]    0.013000    0.013578   -0.000578 (VIOLATED)
u_memory.g_read[1].g_bank[1].g_slice[0].u_sram/dout[14]    0.013000    0.013113   -0.000113 (VIOLATED)



===========================================================================
report_parasitic_annotation -report_unannotated
============================================================================
Found 16 unannotated drivers.
 clkload0/Y
 clkload1/Y
 clkload2/Y
 clkload3/Y
 clkload4/Y
 clkload5/Y
 clkload6/Y
 clkload7/Y
 u_memory.g_read\[0\].g_bank\[0\].g_slice\[0\].u_sram_649/LO
 u_memory.g_read\[0\].g_bank\[1\].g_slice\[0\].u_sram_650/LO
 u_memory.g_read\[0\].g_bank\[2\].g_slice\[0\].u_sram_651/LO
 u_memory.g_read\[0\].g_bank\[3\].g_slice\[0\].u_sram_652/LO
 u_memory.g_read\[1\].g_bank\[0\].g_slice\[0\].u_sram_653/LO
 u_memory.g_read\[1\].g_bank\[1\].g_slice\[0\].u_sram_654/LO
 u_memory.g_read\[1\].g_bank\[2\].g_slice\[0\].u_sram_655/LO
 u_memory.g_read\[1\].g_bank\[3\].g_slice\[0\].u_sram_656/LO
Found 0 partially unannotated drivers.

===========================================================================
max slew violation count 3405
max fanout violation count 19
max cap violation count 57
============================================================================

===========================================================================
check_setup -verbose -unconstrained_endpoints -multiple_clock -no_clock -no_input_delay -loops -generated_clocks
===========================================================================
Warning: There are 8 unconstrained endpoints.
  u_memory.g_read[0].g_bank[0].g_slice[0].u_sram/rstb
  u_memory.g_read[0].g_bank[1].g_slice[0].u_sram/rstb
  u_memory.g_read[0].g_bank[2].g_slice[0].u_sram/rstb
  u_memory.g_read[0].g_bank[3].g_slice[0].u_sram/rstb
  u_memory.g_read[1].g_bank[0].g_slice[0].u_sram/rstb
  u_memory.g_read[1].g_bank[1].g_slice[0].u_sram/rstb
  u_memory.g_read[1].g_bank[2].g_slice[0].u_sram/rstb
  u_memory.g_read[1].g_bank[3].g_slice[0].u_sram/rstb
