corner	pin	direction	rise_min_ns	rise_max_ns	fall_min_ns	fall_max_ns	load_min_pf	load_max_pf
min_ff_n40C_1v95	u_memory.g_read[0].g_bank[0].g_slice[0].u_sram/dout[0]	output	0.12909308344521975	0.12906657687050682	0.0678654216157426	0.06786907841282996	0.010101422702587983	0.01098842205242553
min_ff_n40C_1v95	u_memory.g_read[0].g_bank[0].g_slice[0].u_sram/dout[1]	output	0.12953686734373804	0.1295101803577836	0.06806993163577246	0.06807347741055736	0.010205362962578506	0.011092362312416053
min_ff_n40C_1v95	u_memory.g_read[0].g_bank[0].g_slice[0].u_sram/dout[2]	output	0.12904208257502603	0.12901622825634007	0.06784182243757542	0.06784549311245058	0.010089442268582018	0.010976441618419566
min_ff_n40C_1v95	u_memory.g_read[0].g_bank[0].g_slice[0].u_sram/dout[3]	output	0.1302130903102494	0.130186764146778	0.06838210553361534	0.06838549171384045	0.010364090160630383	0.01125108951046793
min_ff_n40C_1v95	u_memory.g_read[0].g_bank[0].g_slice[0].u_sram/dout[4]	output	0.129850047381197	0.12982259711691313	0.06821450349026037	0.06821797987610623	0.010278841376686922	0.011165840726524469
min_ff_n40C_1v95	u_memory.g_read[0].g_bank[0].g_slice[0].u_sram/dout[5]	output	0.12850076558379442	0.12847513330971339	0.06759301451886301	0.06759623416563443	0.009962627036817946	0.010849626386655493
min_ff_n40C_1v95	u_memory.g_read[0].g_bank[0].g_slice[0].u_sram/dout[6]	output	0.1303075564118572	0.1302805363589954	0.06842546668162086	0.06842883204516426	0.010386181626927723	0.01127318097676527
min_ff_n40C_1v95	u_memory.g_read[0].g_bank[0].g_slice[0].u_sram/dout[7]	output	0.12844091068497931	0.12841468166602255	0.06756487730408267	0.06756869369572982	0.00994861118263973	0.010835610532477277
min_ff_n40C_1v95	u_memory.g_read[0].g_bank[0].g_slice[0].u_sram/dout[8]	output	0.13067130710808783	0.1306447727777993	0.06859302709161241	0.06859629531064115	0.010471432104937079	0.011358431454774626
min_ff_n40C_1v95	u_memory.g_read[0].g_bank[0].g_slice[0].u_sram/dout[9]	output	0.12867185095188916	0.12864552478841773	0.06767145871444669	0.0676752126560487	0.010002764540056538	0.010889763889894086
min_ff_n40C_1v95	u_memory.g_read[0].g_bank[0].g_slice[0].u_sram/dout[10]	output	0.13010459376516792	0.1300782953572721	0.06833186794175106	0.06833528187755178	0.010338584304522662	0.01122558365436021
min_ff_n40C_1v95	u_memory.g_read[0].g_bank[0].g_slice[0].u_sram/dout[11]	output	0.12955420070071	0.12952749983696776	0.06807771013583874	0.06808124897172974	0.010209358416990704	0.011096357766828251
min_ff_n40C_1v95	u_memory.g_read[0].g_bank[0].g_slice[0].u_sram/dout[12]	output	0.12956793971063973	0.12954187722513666	0.06808472535757559	0.06808827113236049	0.010212850733832234	0.01109985008366978
min_ff_n40C_1v95	u_memory.g_read[0].g_bank[0].g_slice[0].u_sram/dout[13]	output	0.12940230831315347	0.12937569071613808	0.06800850854693508	0.06801208901618949	0.01017406509517746	0.011061064445015006
min_ff_n40C_1v95	u_memory.g_read[0].g_bank[0].g_slice[0].u_sram/dout[14]	output	0.12974646357299946	0.12972031782076954	0.0681669651281247	0.06817046926954617	0.010254681455932387	0.011141681652802882
min_ff_n40C_1v95	u_memory.g_read[0].g_bank[0].g_slice[0].u_sram/dout[15]	output	0.12915998826024122	0.12913345392995268	0.06789641071591745	0.067900053635217	0.010117088576947451	0.011004087926784999
min_ff_n40C_1v95	u_memory.g_read[0].g_bank[0].g_slice[0].u_sram/dout[16]	output	0.1295305668280733	0.12950389371990667	0.06806753771737561	0.06807109043105442	0.010204100883487097	0.011091100233324644
min_ff_n40C_1v95	u_memory.g_read[0].g_bank[0].g_slice[0].u_sram/dout[17]	output	0.1288886081196594	0.12886280931212468	0.06777154532011664	0.06777525068946133	0.010053614468979056	0.010940613818816603
min_ff_n40C_1v95	u_memory.g_read[0].g_bank[0].g_slice[0].u_sram/dout[18]	output	0.13008639998535187	0.13006012933303168	0.06832338861340048	0.0683267956103073	0.010334289000447135	0.011221288350284683
min_ff_n40C_1v95	u_memory.g_read[0].g_bank[0].g_slice[0].u_sram/dout[19]	output	0.12874779020677352	0.12872204691039002	0.0677064654341919	0.0677102054980061	0.010020562396344246	0.010907561746181793
min_ff_n40C_1v95	u_memory.g_read[0].g_bank[0].g_slice[0].u_sram/dout[20]	output	0.12950709948889028	0.12948044025851146	0.06805671304288552	0.06806027269545822	0.010198598557461733	0.01108559790729928
min_ff_n40C_1v95	u_memory.g_read[0].g_bank[0].g_slice[0].u_sram/dout[21]	output	0.12903601798175401	0.1290095391626167	0.06783958117484445	0.06784325184971962	0.01008818611872124	0.010975185468558787
min_ff_n40C_1v95	u_memory.g_read[0].g_bank[0].g_slice[0].u_sram/dout[22]	output	0.1294682278052406	0.12944219307531313	0.06803883845218905	0.06804240504365566	0.010189499729542327	0.011076499079379874
min_ff_n40C_1v95	u_memory.g_read[0].g_bank[0].g_slice[0].u_sram/dout[23]	output	0.1285190426303373	0.12849339647846847	0.06760099424685251	0.06760478982181795	0.009966946904848943	0.010853947101719438
min_ff_n40C_1v95	u_memory.g_read[0].g_bank[0].g_slice[0].u_sram/dout[24]	output	0.13008830124228155	0.1300613922117222	0.06832513721466427	0.06832794746669535	0.010334758256699914	0.011221757606537461
min_ff_n40C_1v95	u_memory.g_read[0].g_bank[0].g_slice[0].u_sram/dout[25]	output	0.12982435959596472	0.12979818608815918	0.06820290859854694	0.0682063849843928	0.01027295280363761	0.011159952153475157
min_ff_n40C_1v95	u_memory.g_read[0].g_bank[0].g_slice[0].u_sram/dout[26]	output	0.12959899819975362	0.12957290795867493	0.06809797170603815	0.06810150360303524	0.010219803180263297	0.011106802530100844
min_ff_n40C_1v95	u_memory.g_read[0].g_bank[0].g_slice[0].u_sram/dout[27]	output	0.13016926425635233	0.13014231359242956	0.0683616080410232	0.06836500809903612	0.010353724171421885	0.011240723521259433
min_ff_n40C_1v95	u_memory.g_read[0].g_bank[0].g_slice[0].u_sram/dout[28]	output	0.1285069550771567	0.12848010155774858	0.06759531823163911	0.06759911380660455	0.009964027182279758	0.010851026532117305
min_ff_n40C_1v95	u_memory.g_read[0].g_bank[0].g_slice[0].u_sram/dout[29]	output	0.13139604682077533	0.13136855492312804	0.06892626053245365	0.0689293552791348	0.01064106654625075	0.011528065896088298
min_ff_n40C_1v95	u_memory.g_read[0].g_bank[0].g_slice[0].u_sram/dout[30]	output	0.13011186572597921	0.1300842905616051	0.06833432431019304	0.06833773130709986	0.010339953109765425	0.011226952459602972
min_ff_n40C_1v95	u_memory.g_read[0].g_bank[0].g_slice[0].u_sram/dout[31]	output	0.12904795287926873	0.12902209856058278	0.06784452860619794	0.0678481923421792	0.010090816156022465	0.010977815505860012
min_ff_n40C_1v95	u_memory.g_read[0].g_bank[0].g_slice[0].u_sram/din[0]	input	0.20640522624404412	0.20758605945303543	0.0959717097459567	0.0963611621052074	0.07355471483630471	0.07399103167183077
min_ff_n40C_1v95	u_memory.g_read[0].g_bank[0].g_slice[0].u_sram/din[1]	input	0.20687922208662002	0.2080609018406676	0.09623366686861701	0.0966229249388384	0.07372650667053504	0.07416281672979752
min_ff_n40C_1v95	u_memory.g_read[0].g_bank[0].g_slice[0].u_sram/din[2]	input	0.17325559042991046	0.17439956423448422	0.08740987100797071	0.08789190902858124	0.06119368521021601	0.06163009013716858
min_ff_n40C_1v95	u_memory.g_read[0].g_bank[0].g_slice[0].u_sram/din[3]	input	0.1574887720234841	0.15863733937582225	0.08024880066015427	0.08066570328368883	0.055275804820929114	0.055712108103928015
min_ff_n40C_1v95	u_memory.g_read[0].g_bank[0].g_slice[0].u_sram/din[4]	input	0.2083183903156538	0.2095020545933579	0.09699271247276542	0.09738420486682386	0.0741550782367914	0.07459138829605388
min_ff_n40C_1v95	u_memory.g_read[0].g_bank[0].g_slice[0].u_sram/din[5]	input	0.1572047908515728	0.15835036060174446	0.0806221339688662	0.08104571180833631	0.05519219250463975	0.05562849578763865
min_ff_n40C_1v95	u_memory.g_read[0].g_bank[0].g_slice[0].u_sram/din[6]	input	0.20712520587551353	0.20829964142432544	0.0963632992845298	0.096752932055022	0.07385966024984342	0.0742959703091059
min_ff_n40C_1v95	u_memory.g_read[0].g_bank[0].g_slice[0].u_sram/din[7]	input	0.20876887718568327	0.20994983529476485	0.09702569303549069	0.09741687317932346	0.07423282908508577	0.0746691255918211
min_ff_n40C_1v95	u_memory.g_read[0].g_bank[0].g_slice[0].u_sram/din[8]	input	0.20750583196171846	0.20868620720371212	0.09636681036484518	0.09675660966879107	0.07393045865170672	0.0743667687109692
min_ff_n40C_1v95	u_memory.g_read[0].g_bank[0].g_slice[0].u_sram/din[9]	input	0.20652911325580448	0.20771234732208654	0.09622570795730923	0.09661705463459569	0.07354232782648407	0.07397863788574655
min_ff_n40C_1v95	u_memory.g_read[0].g_bank[0].g_slice[0].u_sram/din[10]	input	0.17422110976106353	0.17536408436491513	0.08783284516367118	0.08831531339570375	0.061537648349437035	0.06197404650012603
min_ff_n40C_1v95	u_memory.g_read[0].g_bank[0].g_slice[0].u_sram/din[11]	input	0.2057649606257428	0.20694501667861687	0.09568536935011807	0.09607421108670522	0.07325617976811083	0.07369248305110973
min_ff_n40C_1v95	u_memory.g_read[0].g_bank[0].g_slice[0].u_sram/din[12]	input	0.16466908392409607	0.16581801209891722	0.08380089677739733	0.08422324643264645	0.05802952248498	0.058465818991715324
min_ff_n40C_1v95	u_memory.g_read[0].g_bank[0].g_slice[0].u_sram/din[13]	input	0.1663283677455496	0.1674814592567131	0.08461382983160348	0.0850416750908245	0.0581823204524011	0.0586186237354
min_ff_n40C_1v95	u_memory.g_read[0].g_bank[0].g_slice[0].u_sram/din[14]	input	0.1701604551707092	0.17131361607081175	0.08646460630812314	0.08689326341793091	0.05965278320136172	0.06008908648436062
min_ff_n40C_1v95	u_memory.g_read[0].g_bank[0].g_slice[0].u_sram/din[15]	input	0.1576241082101859	0.1587684844706061	0.08027627174111984	0.08069356988160692	0.055208502971072076	0.05564480964220277
min_ff_n40C_1v95	u_memory.g_read[0].g_bank[0].g_slice[0].u_sram/din[16]	input	0.18175407012765987	0.18272612589687043	0.09077001650314998	0.08927796696367452	0.06406913844944628	0.0645054349561816
min_ff_n40C_1v95	u_memory.g_read[0].g_bank[0].g_slice[0].u_sram/din[17]	input	0.1631841189952965	0.16433195082488083	0.08304991416796526	0.08347115360018975	0.05741957744779397	0.05785588073079287
min_ff_n40C_1v95	u_memory.g_read[0].g_bank[0].g_slice[0].u_sram/din[18]	input	0.2037324614567737	0.20491401631073103	0.0949565912011785	0.0953995077379588	0.07251125156045035	0.07294765648740292
min_ff_n40C_1v95	u_memory.g_read[0].g_bank[0].g_slice[0].u_sram/din[19]	input	0.20442847414869902	0.20560896041299515	0.09517144017312518	0.09556018476519768	0.07275796176479943	0.07319426504779833
min_ff_n40C_1v95	u_memory.g_read[0].g_bank[0].g_slice[0].u_sram/din[20]	input	0.17340824609579641	0.17455194234461402	0.08738496731774958	0.08780808025132814	0.061259509834613035	0.061695813117611936
min_ff_n40C_1v95	u_memory.g_read[0].g_bank[0].g_slice[0].u_sram/din[21]	input	0.15853066082094358	0.1596795334846135	0.08098732101613493	0.08140809554246786	0.055668533340989465	0.05610483323585658
min_ff_n40C_1v95	u_memory.g_read[0].g_bank[0].g_slice[0].u_sram/din[22]	input	0.15923687368690764	0.16038211037017192	0.08153220459883315	0.08195668449451077	0.0557939247103692	0.056230227993368104
min_ff_n40C_1v95	u_memory.g_read[0].g_bank[0].g_slice[0].u_sram/din[23]	input	0.16216379628009037	0.16331344609987752	0.08279348040485246	0.08321564270996618	0.0570814893290951	0.057517792612094
min_ff_n40C_1v95	u_memory.g_read[0].g_bank[0].g_slice[0].u_sram/din[24]	input	0.20774607034645953	0.20892704233332893	0.09652552368510925	0.09691581565052232	0.07393201719232967	0.07436832725159215
min_ff_n40C_1v95	u_memory.g_read[0].g_bank[0].g_slice[0].u_sram/din[25]	input	0.18158864689699072	0.18195879525340075	0.0882667411383764	0.08717447597117456	0.06432486108435415	0.06476116436735305
min_ff_n40C_1v95	u_memory.g_read[0].g_bank[0].g_slice[0].u_sram/din[26]	input	0.2026789847064947	0.2038597624043348	0.0945234515659088	0.09496599340241829	0.0720877350868232	0.07252414001377577
min_ff_n40C_1v95	u_memory.g_read[0].g_bank[0].g_slice[0].u_sram/din[27]	input	0.1623721573862369	0.16352212639514363	0.0828482421555421	0.08327018935494479	0.05717291467728994	0.05760921796028884
min_ff_n40C_1v95	u_memory.g_read[0].g_bank[0].g_slice[0].u_sram/din[28]	input	0.15826119581507925	0.1594074455768535	0.0806502017947075	0.08104224930027826	0.05549331610552044	0.05592961938851934
min_ff_n40C_1v95	u_memory.g_read[0].g_bank[0].g_slice[0].u_sram/din[29]	input	0.2036796842297406	0.20485987906049274	0.09487161750643125	0.09526075761545627	0.07246723295224744	0.07290353623524634
min_ff_n40C_1v95	u_memory.g_read[0].g_bank[0].g_slice[0].u_sram/din[30]	input	0.20449744675410386	0.20567963998630034	0.09534096429009153	0.09573043746602394	0.07287783386749486	0.07331413037423018
min_ff_n40C_1v95	u_memory.g_read[0].g_bank[0].g_slice[0].u_sram/din[31]	input	0.20077604856449938	0.20195856098581544	0.09385726223998248	0.09429944325400896	0.07151076334820788	0.07194716827516046
min_ff_n40C_1v95	u_memory.g_read[0].g_bank[0].g_slice[0].u_sram/wmask[0]	input	0.16483193976402077	0.16570135541460473	0.07758387682299528	0.07603184054572054	0.08068621725615399	0.08135190383753294
min_ff_n40C_1v95	u_memory.g_read[0].g_bank[0].g_slice[0].u_sram/wmask[1]	input	0.14751935784040882	0.14875416176618472	0.07212878211371176	0.0725289481251501	0.07073185217870356	0.07139753876008251
min_ff_n40C_1v95	u_memory.g_read[0].g_bank[0].g_slice[0].u_sram/wmask[2]	input	0.20129564681781176	0.2026390027998204	0.10130735139668445	0.10179999898607406	0.09610409392119337	0.09676978050257232
min_ff_n40C_1v95	u_memory.g_read[0].g_bank[0].g_slice[0].u_sram/wmask[3]	input	0.17340957836342596	0.17448295586142137	0.08765970588298089	0.08803647394417524	0.10131251306638722	0.10197819287150259
min_ff_n40C_1v95	u_memory.g_read[0].g_bank[0].g_slice[0].u_sram/addr[0]	input	0.14590030572581014	0.14661370728585865	0.07555347319998518	0.07579289279524559	0.11771578720468079	0.11834703681455616
min_ff_n40C_1v95	u_memory.g_read[0].g_bank[0].g_slice[0].u_sram/addr[1]	input	0.12894797729590124	0.1296628915348208	0.06800513624449778	0.06824516646242174	0.10287792482060326	0.10350916765421506
min_ff_n40C_1v95	u_memory.g_read[0].g_bank[0].g_slice[0].u_sram/addr[2]	input	0.12191762877034051	0.122633486698831	0.06499827759354204	0.06523890455634174	0.0966880655400848	0.09731931514996017
min_ff_n40C_1v95	u_memory.g_read[0].g_bank[0].g_slice[0].u_sram/addr[3]	input	0.1198269955482445	0.12053263942490844	0.06379103495435245	0.06402691571372188	0.09520335908508315	0.09583460869495852
min_ff_n40C_1v95	u_memory.g_read[0].g_bank[0].g_slice[0].u_sram/addr[4]	input	0.11970122115734227	0.12040454744344231	0.06293229826148661	0.06315988010374696	0.09534098499835303	0.09597224138449198
min_ff_n40C_1v95	u_memory.g_read[0].g_bank[0].g_slice[0].u_sram/addr[5]	input	0.11991781179165883	0.12062016663261232	0.0633055760590473	0.06353473996911774	0.09575912111869922	0.09639036395231101
min_ff_n40C_1v95	u_memory.g_read[0].g_bank[0].g_slice[0].u_sram/addr[6]	input	0.1200925053845836	0.12079566513722995	0.06353390036295536	0.06376592309731421	0.09588454975752864	0.09651579259114043
min_ff_n40C_1v95	u_memory.g_read[0].g_bank[0].g_slice[0].u_sram/addr[7]	input	0.12005318961172406	0.12075693223145834	0.06349728381982445	0.06372793265319032	0.0958286320304827	0.09645988164035807
min_ff_n40C_1v95	u_memory.g_read[0].g_bank[0].g_slice[0].u_sram/addr[8]	input	0.1197836690947085	0.12048738395886716	0.06341335789805669	0.06364522797674965	0.09566891549794843	0.09630015833156022
min_ff_n40C_1v95	u_memory.g_read[0].g_bank[0].g_slice[0].u_sram/we	input	0.21328955268629102	0.214374948348528	0.11945013034253549	0.11989971515635744	0.12012140143246447	0.1207533422212248
min_ff_n40C_1v95	u_memory.g_read[0].g_bank[0].g_slice[0].u_sram/ce	input	0.03785354321661494	0.03839030135455168	0.027059753743285953	0.027283793280208357	0.012460373038274478	0.012775413390478559
min_ff_n40C_1v95	u_memory.g_read[0].g_bank[0].g_slice[0].u_sram/clk	input	0.0683983633620322	0.1635645091591087	0.06950980763198444	0.1566611701475651	0.06969547687455183	0.2328063685840681
min_ff_n40C_1v95	u_memory.g_read[0].g_bank[0].g_slice[0].u_sram/rstb	input	0.0	0.0	0.0	0.0	0.08013725859117027	0.3424236263462055
min_ff_n40C_1v95	u_memory.g_read[0].g_bank[1].g_slice[0].u_sram/dout[0]	output	0.133040300998033	0.13301275358923448	0.06968388366335176	0.06968656207639867	0.011026685918784796	0.01191368611565529
min_ff_n40C_1v95	u_memory.g_read[0].g_bank[1].g_slice[0].u_sram/dout[1]	output	0.13284841282601434	0.13282096256173048	0.0695963980890113	0.06959913201320944	0.010981982060927556	0.011868981410765103
min_ff_n40C_1v95	u_memory.g_read[0].g_bank[1].g_slice[0].u_sram/dout[2]	output	0.13175950608346199	0.1317318337745732	0.06909387645359644	0.06909686711686902	0.010726361069973364	0.011613360419810911
min_ff_n40C_1v95	u_memory.g_read[0].g_bank[1].g_slice[0].u_sram/dout[3]	output	0.1312585595769633	0.13123110931267945	0.06886450437670888	0.06886761994007173	0.010609355326771444	0.011496354676608991
min_ff_n40C_1v95	u_memory.g_read[0].g_bank[1].g_slice[0].u_sram/dout[4]	output	0.131044550211179	0.13101782159186115	0.06876484798246096	0.06876801211808115	0.010558850987291406	0.011445850337128954
min_ff_n40C_1v95	u_memory.g_read[0].g_bank[1].g_slice[0].u_sram/dout[5]	output	0.13609835480821175	0.13609145754767127	0.0710885239563197	0.0710904737855067	0.01174179009637245	0.012628789446209997
min_ff_n40C_1v95	u_memory.g_read[0].g_bank[1].g_slice[0].u_sram/dout[6]	output	0.13434664491995818	0.13432563394921715	0.07028424370281172	0.07028660986563295	0.01133227931252815	0.012219278662365697
min_ff_n40C_1v95	u_memory.g_read[0].g_bank[1].g_slice[0].u_sram/dout[7]	output	0.13011844379740012	0.1300921037561409	0.06833820315188532	0.06834158933211043	0.010341780159832652	0.0112287795096702
min_ff_n40C_1v95	u_memory.g_read[0].g_bank[1].g_slice[0].u_sram/dout[8]	output	0.13389599151647502	0.1338716082432967	0.07007774915912535	0.07008022634424904	0.011227105772566425	0.012114105122403972
min_ff_n40C_1v95	u_memory.g_read[0].g_bank[1].g_slice[0].u_sram/dout[9]	output	0.13005282961664477	0.13002651733096116	0.06830820631353873	0.06831160637155165	0.010326474274475767	0.011213473624313314
min_ff_n40C_1v95	u_memory.g_read[0].g_bank[1].g_slice[0].u_sram/dout[10]	output	0.13193751646767282	0.1319097608920572	0.06917716399712504	0.06918010608814029	0.010768501806132213	0.01165550115596976
min_ff_n40C_1v95	u_memory.g_read[0].g_bank[1].g_slice[0].u_sram/dout[11]	output	0.13016117350606038	0.13013481958701334	0.06835778471048215	0.06836175375779519	0.010351946249265599	0.011238945599103146
min_ff_n40C_1v95	u_memory.g_read[0].g_bank[1].g_slice[0].u_sram/dout[12]	output	0.13282873412290286	0.13280060384701642	0.06958725262684595	0.069589993489938	0.010977342861475444	0.011864342211312991
min_ff_n40C_1v95	u_memory.g_read[0].g_bank[1].g_slice[0].u_sram/dout[13]	output	0.13007216137506106	0.13004521071113828	0.06831669951967712	0.06832069632256577	0.010331062651951044	0.011218062001788591
min_ff_n40C_1v95	u_memory.g_read[0].g_bank[1].g_slice[0].u_sram/dout[14]	output	0.1329579224496058	0.13292975054035594	0.06964635118622553	0.06964969573308721	0.0110077123807663	0.011894711730603847
min_ff_n40C_1v95	u_memory.g_read[0].g_bank[1].g_slice[0].u_sram/dout[15]	output	0.13038757573635706	0.13036051405013183	0.06846273548077875	0.06846605227206481	0.010405028110004131	0.011292027459841678
min_ff_n40C_1v95	u_memory.g_read[0].g_bank[1].g_slice[0].u_sram/dout[16]	output	0.13355416772498074	0.1335271199165433	0.06992094403468485	0.06992349754764149	0.011147261058826446	0.01203426125569694
min_ff_n40C_1v95	u_memory.g_read[0].g_bank[1].g_slice[0].u_sram/dout[17]	output	0.13114108410317016	0.1311143277282767	0.06880958303145945	0.06881271941150402	0.010581563328739083	0.01146856267857663
min_ff_n40C_1v95	u_memory.g_read[0].g_bank[1].g_slice[0].u_sram/dout[18]	output	0.13341315552306554	0.13338548321417676	0.06985666212155905	0.06985925726787912	0.011114469025306443	0.01200146837514399
min_ff_n40C_1v95	u_memory.g_read[0].g_bank[1].g_slice[0].u_sram/dout[19]	output	0.13143947041882598	0.13141193688781527	0.068946598430486	0.06894965848269763	0.01065137663128473	0.011538375981122277
min_ff_n40C_1v95	u_memory.g_read[0].g_bank[1].g_slice[0].u_sram/dout[20]	output	0.13280319899333648	0.13277506871745004	0.06957527609596781	0.06957801695905985	0.010971284034803734	0.011858283384641281
min_ff_n40C_1v95	u_memory.g_read[0].g_bank[1].g_slice[0].u_sram/dout[21]	output	0.13149056843353435	0.13146299326916022	0.06897027393648614	0.06897332011090995	0.010663396875839216	0.011550396225676763
min_ff_n40C_1v95	u_memory.g_read[0].g_bank[1].g_slice[0].u_sram/dout[22]	output	0.13258251441161661	0.13255449515803264	0.0694740445728037	0.06947684094704698	0.01091967092919574	0.011806670279033288
min_ff_n40C_1v95	u_memory.g_read[0].g_bank[1].g_slice[0].u_sram/dout[23]	output	0.13293798006852597	0.1329105020486665	0.06963749715760414	0.06964019638733276	0.011002935114943786	0.011889934464781333
min_ff_n40C_1v95	u_memory.g_read[0].g_bank[1].g_slice[0].u_sram/dout[24]	output	0.12972675711431236	0.12969993135047986	0.06815752823241539	0.06816101155715515	0.01024992028373587	0.011136919633573418
min_ff_n40C_1v95	u_memory.g_read[0].g_bank[1].g_slice[0].u_sram/dout[25]	output	0.13262804743341405	0.13260000042425446	0.06949460451544098	0.06949738701189645	0.010930213948290215	0.01181721414516071
min_ff_n40C_1v95	u_memory.g_read[0].g_bank[1].g_slice[0].u_sram/dout[26]	output	0.12958500938964335	0.12955889139298904	0.06809230262971866	0.06809581371003404	0.010216725909565922	0.01110372525940347
min_ff_n40C_1v95	u_memory.g_read[0].g_bank[1].g_slice[0].u_sram/dout[27]	output	0.13341461269078536	0.13338692650410877	0.06985716172192014	0.0698597568682402	0.011114751934310826	0.01200175213118132
min_ff_n40C_1v95	u_memory.g_read[0].g_bank[1].g_slice[0].u_sram/dout[28]	output	0.1300736601761443	0.13004734789046068	0.06831747667579435	0.06832086979491336	0.010331257469528912	0.01121825681936646
min_ff_n40C_1v95	u_memory.g_read[0].g_bank[1].g_slice[0].u_sram/dout[29]	output	0.13292554557065017	0.1328980536730029	0.06963163379225534	0.06963433996087787	0.010999974734793132	0.011886974084630679
min_ff_n40C_1v95	u_memory.g_read[0].g_bank[1].g_slice[0].u_sram/dout[30]	output	0.13238229956691328	0.13235504359165873	0.06938167401715489	0.0693845189636555	0.010872676694249125	0.011759676044086672
min_ff_n40C_1v95	u_memory.g_read[0].g_bank[1].g_slice[0].u_sram/dout[31]	output	0.13141882027056795	0.1313919389955842	0.06893689091791444	0.06893995790901997	0.010646473157553075	0.011533472507390622
min_ff_n40C_1v95	u_memory.g_read[0].g_bank[1].g_slice[0].u_sram/din[0]	input	0.20104577724833206	0.20222407082215454	0.09360871799923842	0.09399609562921185	0.07139509930519441	0.07207880397142735
min_ff_n40C_1v95	u_memory.g_read[0].g_bank[1].g_slice[0].u_sram/din[1]	input	0.18908444254783774	0.1902609320092452	0.089348625720298	0.08972837750587104	0.06674990285981605	0.06743360752604899
min_ff_n40C_1v95	u_memory.g_read[0].g_bank[1].g_slice[0].u_sram/din[2]	input	0.22143424593945582	0.22261657794953038	0.1017359668731288	0.10217997281625202	0.07884367665038708	0.07952738131662002
min_ff_n40C_1v95	u_memory.g_read[0].g_bank[1].g_slice[0].u_sram/din[3]	input	0.1790599057915898	0.1802177712617592	0.08982535548707204	0.09025129948936339	0.06293304365048019	0.0636167550929767
min_ff_n40C_1v95	u_memory.g_read[0].g_bank[1].g_slice[0].u_sram/din[4]	input	0.20028494140955644	0.2014647892956134	0.09345189205811621	0.09384109461718637	0.07096104574170342	0.07164475718419994
min_ff_n40C_1v95	u_memory.g_read[0].g_bank[1].g_slice[0].u_sram/din[5]	input	0.13412423949255015	0.13495628226056766	0.06688447712344114	0.06719044071124003	0.06381853866980342	0.06450225011229993
min_ff_n40C_1v95	u_memory.g_read[0].g_bank[1].g_slice[0].u_sram/din[6]	input	0.16250191470223996	0.16333605301621645	0.07928020739900177	0.07959100739585168	0.07876159576966635	0.07944529365963571
min_ff_n40C_1v95	u_memory.g_read[0].g_bank[1].g_slice[0].u_sram/din[7]	input	0.26752741688618187	0.26870675129408994	0.11977756286807306	0.1201702765074586	0.09592074178129892	0.09660444644753186
min_ff_n40C_1v95	u_memory.g_read[0].g_bank[1].g_slice[0].u_sram/din[8]	input	0.22254795228882074	0.22372792507496797	0.10209554729412318	0.10248635273768514	0.07927756080728862	0.07996126547352156
min_ff_n40C_1v95	u_memory.g_read[0].g_bank[1].g_slice[0].u_sram/din[9]	input	0.18975516991037722	0.19093512881873664	0.0893432966497798	0.08972009940544368	0.06711037975337675	0.06779409119587326
min_ff_n40C_1v95	u_memory.g_read[0].g_bank[1].g_slice[0].u_sram/din[10]	input	0.2310218405465747	0.23220358968956134	0.10625360313820664	0.1067074623106734	0.08215907880242124	0.0828427766923906
min_ff_n40C_1v95	u_memory.g_read[0].g_bank[1].g_slice[0].u_sram/din[11]	input	0.23544752258963797	0.2366297990885613	0.10829548369173381	0.10869619093689664	0.08395693672615459	0.08464064139238753
min_ff_n40C_1v95	u_memory.g_read[0].g_bank[1].g_slice[0].u_sram/din[12]	input	0.17450292599807682	0.1756464002022895	0.08774118237520057	0.08816570390424161	0.061476180862520685	0.06215988552875362
min_ff_n40C_1v95	u_memory.g_read[0].g_bank[1].g_slice[0].u_sram/din[13]	input	0.22545691702458015	0.22663647347709315	0.10327362576223464	0.10366473651712838	0.08029188614975744	0.08097559081599037
min_ff_n40C_1v95	u_memory.g_read[0].g_bank[1].g_slice[0].u_sram/din[14]	input	0.21833296282025572	0.21951332418446157	0.10042704862156526	0.10081715323684293	0.07774325887915934	0.07842697032165585
min_ff_n40C_1v95	u_memory.g_read[0].g_bank[1].g_slice[0].u_sram/din[15]	input	0.2162144630002416	0.2173929647408812	0.0995322435581869	0.09992208449549622	0.07693920777178051	0.07762291243801345
min_ff_n40C_1v95	u_memory.g_read[0].g_bank[1].g_slice[0].u_sram/din[16]	input	0.23979931929041243	0.2409775989864471	0.10888263901609463	0.10927475591060443	0.08565266958150339	0.08633637424773632
min_ff_n40C_1v95	u_memory.g_read[0].g_bank[1].g_slice[0].u_sram/din[17]	input	0.18937861001599998	0.1905589158690546	0.08925814948268496	0.08963486897162198	0.06694604858534584	0.06762975325157877
min_ff_n40C_1v95	u_memory.g_read[0].g_bank[1].g_slice[0].u_sram/din[18]	input	0.21975851693945003	0.2209369631689384	0.10085375590218604	0.10129710265038838	0.07805007454144558	0.07873377243141494
min_ff_n40C_1v95	u_memory.g_read[0].g_bank[1].g_slice[0].u_sram/din[19]	input	0.23463767040432515	0.23581689378993076	0.10684263196392152	0.10723390925226894	0.08369604380213669	0.0843797552446332
min_ff_n40C_1v95	u_memory.g_read[0].g_bank[1].g_slice[0].u_sram/din[20]	input	0.21994250865020604	0.22112371655946816	0.10121571636378945	0.10160781938051144	0.07823777704255713	0.07892148848505365
min_ff_n40C_1v95	u_memory.g_read[0].g_bank[1].g_slice[0].u_sram/din[21]	input	0.17814968944485088	0.1792944959166931	0.0892983603728581	0.08972301374088332	0.0629193149404711	0.06360302638296761
min_ff_n40C_1v95	u_memory.g_read[0].g_bank[1].g_slice[0].u_sram/din[22]	input	0.2200225279747059	0.22120308362794106	0.1011115635662918	0.10150191798175001	0.07838541149713177	0.0790691161633647
min_ff_n40C_1v95	u_memory.g_read[0].g_bank[1].g_slice[0].u_sram/din[23]	input	0.17036490274069394	0.17150945941235562	0.08559201958302509	0.08601253737028358	0.05993553635168236	0.06061923424165172
min_ff_n40C_1v95	u_memory.g_read[0].g_bank[1].g_slice[0].u_sram/din[24]	input	0.2505426699439539	0.2517767105914004	0.12493991952133854	0.12545127436869308	0.08705882558910846	0.0877425302553414
min_ff_n40C_1v95	u_memory.g_read[0].g_bank[1].g_slice[0].u_sram/din[25]	input	0.16895181087495104	0.17009425812286594	0.08484148800169677	0.08526227640581752	0.059346909439712825	0.06003062088220934
min_ff_n40C_1v95	u_memory.g_read[0].g_bank[1].g_slice[0].u_sram/din[26]	input	0.2365641016410791	0.2377999464009406	0.11474695499336107	0.11516401721145542	0.08278176321513397	0.08346547465763049
min_ff_n40C_1v95	u_memory.g_read[0].g_bank[1].g_slice[0].u_sram/din[27]	input	0.16688213311244482	0.16802924329706315	0.08412084223641259	0.08454074940100753	0.05866329964116998	0.05934700430740292
min_ff_n40C_1v95	u_memory.g_read[0].g_bank[1].g_slice[0].u_sram/din[28]	input	0.20301449410453642	0.20419464730192516	0.09424352270803737	0.09463309996737834	0.07211660196966563	0.07280031341216214
min_ff_n40C_1v95	u_memory.g_read[0].g_bank[1].g_slice[0].u_sram/din[29]	input	0.24232912898547454	0.24356594519048258	0.1217000528130896	0.12220709166843591	0.0839221677177357	0.08460586560770506
min_ff_n40C_1v95	u_memory.g_read[0].g_bank[1].g_slice[0].u_sram/din[30]	input	0.16724628626452187	0.16839221683717653	0.08425481146101532	0.08467486434238225	0.05876810133366786	0.0594518059999008
min_ff_n40C_1v95	u_memory.g_read[0].g_bank[1].g_slice[0].u_sram/din[31]	input	0.16814648284846356	0.16928493329348981	0.08422932490370627	0.08470647100411455	0.05886139693061024	0.059545101596843175
min_ff_n40C_1v95	u_memory.g_read[0].g_bank[1].g_slice[0].u_sram/wmask[0]	input	0.16459321405815075	0.16545967373993165	0.07706928845108152	0.07547711761146658	0.08068621725615399	0.08135190383753294
min_ff_n40C_1v95	u_memory.g_read[0].g_bank[1].g_slice[0].u_sram/wmask[1]	input	0.14727570551986702	0.14850944085598172	0.07157407305724561	0.07197214352272496	0.07073185217870356	0.07139753876008251
min_ff_n40C_1v95	u_memory.g_read[0].g_bank[1].g_slice[0].u_sram/wmask[2]	input	0.19986304278241107	0.20119227117643135	0.09853519389313448	0.099005317832912	0.09610409392119337	0.09676978050257232
min_ff_n40C_1v95	u_memory.g_read[0].g_bank[1].g_slice[0].u_sram/wmask[3]	input	0.171866007536714	0.17292896281606573	0.08455284389308204	0.0849111475575981	0.10131251306638722	0.10197819287150259
min_ff_n40C_1v95	u_memory.g_read[0].g_bank[1].g_slice[0].u_sram/addr[0]	input	0.14471683573713534	0.1454221743024675	0.07322776413021259	0.0734538610491775	0.11771578720468079	0.11834703681455616
min_ff_n40C_1v95	u_memory.g_read[0].g_bank[1].g_slice[0].u_sram/addr[1]	input	0.12806637694762202	0.12877286736934224	0.06633637389397151	0.06656299816887312	0.10287792482060326	0.10350916765421506
min_ff_n40C_1v95	u_memory.g_read[0].g_bank[1].g_slice[0].u_sram/addr[2]	input	0.12132156390620707	0.12202903965086165	0.06389771350923112	0.06412564923508057	0.0966880655400848	0.09731931514996017
min_ff_n40C_1v95	u_memory.g_read[0].g_bank[1].g_slice[0].u_sram/addr[3]	input	0.11927039911263648	0.1199681742836134	0.06276137248795166	0.06298523508307952	0.09520335908508315	0.09583460869495852
min_ff_n40C_1v95	u_memory.g_read[0].g_bank[1].g_slice[0].u_sram/addr[4]	input	0.11922451914614385	0.11992097592727902	0.06203719482567038	0.06225404913795529	0.09534098499835303	0.09597224138449198
min_ff_n40C_1v95	u_memory.g_read[0].g_bank[1].g_slice[0].u_sram/addr[5]	input	0.11942534461351073	0.12012062178268224	0.06238457667118169	0.06260274937330834	0.09575912111869922	0.09639036395231101
min_ff_n40C_1v95	u_memory.g_read[0].g_bank[1].g_slice[0].u_sram/addr[6]	input	0.11958641021880823	0.1202823535217945	0.06258978751949584	0.0628106316957755	0.09588454975752864	0.09651579259114043
min_ff_n40C_1v95	u_memory.g_read[0].g_bank[1].g_slice[0].u_sram/addr[7]	input	0.11954828793570016	0.12024480022798656	0.06255521795006658	0.06277469516424716	0.0958286320304827	0.09645988164035807
min_ff_n40C_1v95	u_memory.g_read[0].g_bank[1].g_slice[0].u_sram/addr[8]	input	0.11927957233037745	0.11997604298930042	0.06247372758005909	0.06269443991735457	0.09566891549794843	0.09630015833156022
min_ff_n40C_1v95	u_memory.g_read[0].g_bank[1].g_slice[0].u_sram/we	input	0.21039008035739215	0.21145651896148365	0.11455456028208744	0.1149796577393225	0.12012140143246447	0.1207533422212248
min_ff_n40C_1v95	u_memory.g_read[0].g_bank[1].g_slice[0].u_sram/ce	input	0.185133144925409	0.18603199536393333	0.10138323514041758	0.10189352139811092	0.06353113700266824	0.06384617904893822
min_ff_n40C_1v95	u_memory.g_read[0].g_bank[1].g_slice[0].u_sram/clk	input	0.06817291869909425	0.16383967793576204	0.06986689699006732	0.1571222318919041	0.07017913946369761	0.2332900582782682
min_ff_n40C_1v95	u_memory.g_read[0].g_bank[1].g_slice[0].u_sram/rstb	input	0.0	0.0	0.0	0.0	0.08063425009077405	0.34292062462207284
min_ff_n40C_1v95	u_memory.g_read[0].g_bank[2].g_slice[0].u_sram/dout[0]	output	0.1311321190522463	0.13110489083256738	0.06880514907825486	0.0688080564748006	0.010579244152529501	0.011466243502367048
min_ff_n40C_1v95	u_memory.g_read[0].g_bank[2].g_slice[0].u_sram/dout[1]	output	0.13072040672135188	0.13069335891291445	0.06861648055300762	0.06861951284964363	0.010483050855874566	0.011370050205712114
min_ff_n40C_1v95	u_memory.g_read[0].g_bank[2].g_slice[0].u_sram/dout[2]	output	0.1313528452673296	0.13132485376932124	0.06890674142390196	0.06890957943150866	0.010630956360992323	0.01151795571082987
min_ff_n40C_1v95	u_memory.g_read[0].g_bank[2].g_slice[0].u_sram/dout[3]	output	0.1318675169059702	0.1318399833749595	0.06914362832288745	0.06914694511417352	0.010751746647402576	0.011638745997240123
min_ff_n40C_1v95	u_memory.g_read[0].g_bank[2].g_slice[0].u_sram/dout[4]	output	0.13008903676503536	0.1300615865007515	0.06832481802554469	0.0683280307334222	0.010334829407467484	0.01122182875730503
min_ff_n40C_1v95	u_memory.g_read[0].g_bank[2].g_slice[0].u_sram/dout[5]	output	0.13302198231812667	0.13299332468630354	0.06967725008077963	0.06967960236581305	0.011022823448545317	0.011909822798382864
min_ff_n40C_1v95	u_memory.g_read[0].g_bank[2].g_slice[0].u_sram/dout[6]	output	0.13150082411872432	0.1314734432433795	0.06897563076257995	0.06897843407571713	0.010665876141275829	0.011552875491113376
min_ff_n40C_1v95	u_memory.g_read[0].g_bank[2].g_slice[0].u_sram/dout[7]	output	0.12959441852977704	0.1295671903100981	0.0680959316712304	0.06809987990186173	0.010218796058089012	0.011105796254959506
min_ff_n40C_1v95	u_memory.g_read[0].g_bank[2].g_slice[0].u_sram/dout[8]	output	0.13366217854748896	0.13363601891747123	0.06997117468765524	0.06997333962255325	0.01117258734394935	0.012059586693786897
min_ff_n40C_1v95	u_memory.g_read[0].g_bank[2].g_slice[0].u_sram/dout[9]	output	0.13103144957948842	0.1310042352375973	0.06875792990523877	0.06876148261891757	0.010555576357917321	0.011442575707754869
min_ff_n40C_1v95	u_memory.g_read[0].g_bank[2].g_slice[0].u_sram/dout[10]	output	0.13188143632714144	0.13185323666231596	0.06915044925559499	0.06915375910798716	0.010755136473257487	0.011642135823095034
min_ff_n40C_1v95	u_memory.g_read[0].g_bank[2].g_slice[0].u_sram/dout[11]	output	0.13013380650850337	0.1301063423664317	0.06834479510109404	0.06834859067605947	0.010345308899090914	0.011232308248928461
min_ff_n40C_1v95	u_memory.g_read[0].g_bank[2].g_slice[0].u_sram/dout[12]	output	0.13441170398920121	0.1343901934180991	0.07031387971867531	0.07031648180388927	0.011347469154371261	0.012234468504208808
min_ff_n40C_1v95	u_memory.g_read[0].g_bank[2].g_slice[0].u_sram/dout[13]	output	0.13334566784095614	0.1333175375650697	0.0698249583153121	0.06982721345583087	0.011098278837552624	0.011985279034423119
min_ff_n40C_1v95	u_memory.g_read[0].g_bank[2].g_slice[0].u_sram/dout[14]	output	0.13532426568207967	0.13531115117260128	0.07073304442162254	0.07073538976776206	0.011560908751585136	0.012447908101422683
min_ff_n40C_1v95	u_memory.g_read[0].g_bank[2].g_slice[0].u_sram/dout[15]	output	0.1306462160677313	0.13061916825929387	0.0685816403667161	0.06858468654113992	0.0104654562874942	0.011352455637331747
min_ff_n40C_1v95	u_memory.g_read[0].g_bank[2].g_slice[0].u_sram/dout[16]	output	0.1331830895567876	0.1331543347804498	0.06974976152207546	0.06975270361309072	0.011060259763715115	0.011947259113552662
min_ff_n40C_1v95	u_memory.g_read[0].g_bank[2].g_slice[0].u_sram/dout[17]	output	0.13218512395773985	0.1321567855150363	0.0692893381559756	0.06929255780274701	0.010826019578415516	0.011713018928253063
min_ff_n40C_1v95	u_memory.g_read[0].g_bank[2].g_slice[0].u_sram/dout[18]	output	0.13265398501882686	0.13262613229869658	0.0695063520628203	0.06950944680950144	0.010936288021554975	0.011823287371392523
min_ff_n40C_1v95	u_memory.g_read[0].g_bank[2].g_slice[0].u_sram/dout[19]	output	0.1299516605435258	0.12992426579039318	0.06826136877968736	0.06826462312092829	0.010302591333494985	0.011189590683332532
min_ff_n40C_1v95	u_memory.g_read[0].g_bank[2].g_slice[0].u_sram/dout[20]	output	0.1309602148946709	0.13093305606393102	0.06872586527650881	0.06872943186797542	0.01053911257852154	0.011426111928359087
min_ff_n40C_1v95	u_memory.g_read[0].g_bank[2].g_slice[0].u_sram/dout[21]	output	0.13057895043022683	0.13055194425515282	0.06855015860507407	0.06855382927994924	0.010449724344564846	0.011336723694402393
min_ff_n40C_1v95	u_memory.g_read[0].g_bank[2].g_slice[0].u_sram/dout[22]	output	0.13398711307122113	0.1339629240870721	0.07011933395029146	0.07012204705780789	0.011248395098662715	0.012135394448500262
min_ff_n40C_1v95	u_memory.g_read[0].g_bank[2].g_slice[0].u_sram/dout[23]	output	0.13242912322297684	0.1324013537695734	0.06940226865426169	0.06940541891209406	0.010883400978394311	0.011770400328231859
min_ff_n40C_1v95	u_memory.g_read[0].g_bank[2].g_slice[0].u_sram/dout[24]	output	0.13000703291687898	0.1299802626641977	0.06828645982004389	0.06828969334460311	0.010315438282205991	0.011202437632043538
min_ff_n40C_1v95	u_memory.g_read[0].g_bank[2].g_slice[0].u_sram/dout[25]	output	0.1326410786761656	0.1326132259560353	0.06950017644724582	0.06950327813282087	0.010933187033935077	0.011820186383772625
min_ff_n40C_1v95	u_memory.g_read[0].g_bank[2].g_slice[0].u_sram/dout[26]	output	0.129633775936	0.12960650608295765	0.06811380626192687	0.06811774061477038	0.010227940625787569	0.011114939975625116
min_ff_n40C_1v95	u_memory.g_read[0].g_bank[2].g_slice[0].u_sram/dout[27]	output	0.13338706528198685	0.1333589072505248	0.0698434157730965	0.06984630235296052	0.011107994305457631	0.011994994502328125
min_ff_n40C_1v95	u_memory.g_read[0].g_bank[2].g_slice[0].u_sram/dout[28]	output	0.12987340369807754	0.1298466750787597	0.06822500203673698	0.06822827025576572	0.010284155661397995	0.011171155011235542
min_ff_n40C_1v95	u_memory.g_read[0].g_bank[2].g_slice[0].u_sram/dout[29]	output	0.13057159520268868	0.13054458902761468	0.0685462867022757	0.06854995737715086	0.010447852401751414	0.011334851751588961
min_ff_n40C_1v95	u_memory.g_read[0].g_bank[2].g_slice[0].u_sram/dout[30]	output	0.13124580588996793	0.13121853603692557	0.06885737813266957	0.06886086839630323	0.010606044274980627	0.011493043624818174
min_ff_n40C_1v95	u_memory.g_read[0].g_bank[2].g_slice[0].u_sram/dout[31]	output	0.12987858011292985	0.129851851493612	0.06822729187172527	0.06823056009075401	0.010285339813458257	0.011172339163295804
min_ff_n40C_1v95	u_memory.g_read[0].g_bank[2].g_slice[0].u_sram/din[0]	input	0.17174481281578835	0.1723213377546884	0.11593322829517305	0.11387277232266513	0.08807205317687763	0.08901675918734572
min_ff_n40C_1v95	u_memory.g_read[0].g_bank[2].g_slice[0].u_sram/din[1]	input	0.20530424582609896	0.20613744045050453	0.13241582830225695	0.13286553801616918	0.10722155720796836	0.10816626321843645
min_ff_n40C_1v95	u_memory.g_read[0].g_bank[2].g_slice[0].u_sram/din[2]	input	0.180946244099367	0.18219706299227312	0.11560763457652001	0.1163396462500188	0.05708649021161569	0.05821719110477366
min_ff_n40C_1v95	u_memory.g_read[0].g_bank[2].g_slice[0].u_sram/din[3]	input	0.17358378623377746	0.174842446076795	0.1103198365992597	0.11095706992092502	0.054141837768726525	0.05577953531466125
min_ff_n40C_1v95	u_memory.g_read[0].g_bank[2].g_slice[0].u_sram/din[4]	input	0.2063396536966522	0.2071555427196614	0.13836411183465458	0.13881817917393846	0.10490367526472949	0.10584838127519758
min_ff_n40C_1v95	u_memory.g_read[0].g_bank[2].g_slice[0].u_sram/din[5]	input	0.19378339211062467	0.19503981762980516	0.11842608838019686	0.11902738517033384	0.06128230518528954	0.06292000611935605
min_ff_n40C_1v95	u_memory.g_read[0].g_bank[2].g_slice[0].u_sram/din[6]	input	0.18126745937596667	0.18252933886575562	0.11462191612521266	0.11525998905304036	0.05675607282328715	0.05839377375735366
min_ff_n40C_1v95	u_memory.g_read[0].g_bank[2].g_slice[0].u_sram/din[7]	input	0.1878337624328097	0.1886533568251636	0.12108151981049531	0.1215382655628261	0.09802649279322742	0.09897119880369551
min_ff_n40C_1v95	u_memory.g_read[0].g_bank[2].g_slice[0].u_sram/din[8]	input	0.19084904490096477	0.19166136733250738	0.12281700656480155	0.12326717424571143	0.09964585715805177	0.10059055639225628
min_ff_n40C_1v95	u_memory.g_read[0].g_bank[2].g_slice[0].u_sram/din[9]	input	0.19777156301525878	0.1985922537528495	0.1268368604590009	0.12728543219431288	0.10370914196866643	0.10465384797913452
min_ff_n40C_1v95	u_memory.g_read[0].g_bank[2].g_slice[0].u_sram/din[10]	input	0.2664519715978031	0.2676928123612754	0.12999779031019898	0.13058078229821746	0.09302067037648964	0.09396536961069415
min_ff_n40C_1v95	u_memory.g_read[0].g_bank[2].g_slice[0].u_sram/din[11]	input	0.16820790593730095	0.16903815847069126	0.11451876946733108	0.11500607410841468	0.08584950648591813	0.08679421249638622
min_ff_n40C_1v95	u_memory.g_read[0].g_bank[2].g_slice[0].u_sram/din[12]	input	0.20111204368511437	0.20192844618627248	0.13442165436305942	0.13487755357033393	0.10242828585088279	0.10337299863761445
min_ff_n40C_1v95	u_memory.g_read[0].g_bank[2].g_slice[0].u_sram/din[13]	input	0.2108510033238531	0.21167032016045084	0.14123446856473265	0.14169372619665666	0.10750941288476326	0.10845411889523135
min_ff_n40C_1v95	u_memory.g_read[0].g_bank[2].g_slice[0].u_sram/din[14]	input	0.18079006347537785	0.1815923245107598	0.11432359919849588	0.11475688455053756	0.09538115468884362	0.0963258606993117
min_ff_n40C_1v95	u_memory.g_read[0].g_bank[2].g_slice[0].u_sram/din[15]	input	0.20427741442841096	0.20502249897802471	0.1194641885415848	0.11980354208684929	0.11354204252148059	0.11448674853194868
min_ff_n40C_1v95	u_memory.g_read[0].g_bank[2].g_slice[0].u_sram/din[16]	input	0.21469720445921325	0.21551144202547334	0.1443200281503465	0.1447767739026773	0.10932822979174348	0.11027292902594799
min_ff_n40C_1v95	u_memory.g_read[0].g_bank[2].g_slice[0].u_sram/din[17]	input	0.19696413944281232	0.1977096125704847	0.11560077201044905	0.11594093740630029	0.10906339308232316	0.11000809909279124
min_ff_n40C_1v95	u_memory.g_read[0].g_bank[2].g_slice[0].u_sram/din[18]	input	0.30800145767173603	0.3091798483900732	0.13535128573494148	0.13580503388510579	0.11072605777141115	0.11167076378187923
min_ff_n40C_1v95	u_memory.g_read[0].g_bank[2].g_slice[0].u_sram/din[19]	input	0.21494382662634592	0.215689466287472	0.1253438602910606	0.12568389384792766	0.11970326531211828	0.12064797132258637
min_ff_n40C_1v95	u_memory.g_read[0].g_bank[2].g_slice[0].u_sram/din[20]	input	0.19991022726095764	0.2006469990156745	0.1171686497825064	0.11750860007264663	0.11098556833765913	0.11193027434812722
min_ff_n40C_1v95	u_memory.g_read[0].g_bank[2].g_slice[0].u_sram/din[21]	input	0.18379345267938163	0.1845554542523331	0.11127730681348424	0.11163175939188363	0.1000007707392149	0.10094547674968299
min_ff_n40C_1v95	u_memory.g_read[0].g_bank[2].g_slice[0].u_sram/din[22]	input	0.16898153709643537	0.1698315099663006	0.11687215084599245	0.11737991134630477	0.08498204988023964	0.0859267626669713
min_ff_n40C_1v95	u_memory.g_read[0].g_bank[2].g_slice[0].u_sram/din[23]	input	0.1876602623296364	0.1884763040083115	0.11974825298022296	0.12020025252912347	0.09851218826144661	0.0994568942719147
min_ff_n40C_1v95	u_memory.g_read[0].g_bank[2].g_slice[0].u_sram/din[24]	input	0.34050690045361875	0.34167918494532046	0.14656044433625226	0.14694744032706097	0.12338529720504199	0.1240690086475385
min_ff_n40C_1v95	u_memory.g_read[0].g_bank[2].g_slice[0].u_sram/din[25]	input	0.2048533981335865	0.20559863533886613	0.11977448199917973	0.12011371064435394	0.11386890237143066	0.1148136219344259
min_ff_n40C_1v95	u_memory.g_read[0].g_bank[2].g_slice[0].u_sram/din[26]	input	0.3116063240771183	0.31277919143590793	0.13540059351502265	0.13584025571056202	0.11262398077940133	0.11330767866937069
min_ff_n40C_1v95	u_memory.g_read[0].g_bank[2].g_slice[0].u_sram/din[27]	input	0.16489744292247366	0.1657330800375334	0.11446454895036595	0.11495258911420336	0.08244924518509625	0.08339395797182791
min_ff_n40C_1v95	u_memory.g_read[0].g_bank[2].g_slice[0].u_sram/din[28]	input	0.25487098542775755	0.2560512080140853	0.11469875049741063	0.1150952597117616	0.09118739969929748	0.09187110436553042
min_ff_n40C_1v95	u_memory.g_read[0].g_bank[2].g_slice[0].u_sram/din[29]	input	0.2641653285007095	0.26534280328505133	0.11811265854255737	0.11850580239336495	0.09471149044074437	0.0953951951069773
min_ff_n40C_1v95	u_memory.g_read[0].g_bank[2].g_slice[0].u_sram/din[30]	input	0.17719224698620195	0.17801694840446913	0.11735265537105022	0.11780594555421686	0.08983739858796358	0.09078210459843167
min_ff_n40C_1v95	u_memory.g_read[0].g_bank[2].g_slice[0].u_sram/din[31]	input	0.26862259638882335	0.2698560541691819	0.1290389878283449	0.1296012880347419	0.09397714675679278	0.09492184599099729
min_ff_n40C_1v95	u_memory.g_read[0].g_bank[2].g_slice[0].u_sram/wmask[0]	input	0.2059413473087801	0.20772955577896823	0.09550963492310771	0.09604283340847175	0.07344871374515352	0.07411440032653246
min_ff_n40C_1v95	u_memory.g_read[0].g_bank[2].g_slice[0].u_sram/wmask[1]	input	0.15951531762148363	0.1612251027127698	0.08093626463478998	0.08150741886980839	0.055610653885637684	0.05627634046701663
min_ff_n40C_1v95	u_memory.g_read[0].g_bank[2].g_slice[0].u_sram/wmask[2]	input	0.1614197248089866	0.16314034845255065	0.08204185941718123	0.08261503980921958	0.05652969140967218	0.057195371214787544
min_ff_n40C_1v95	u_memory.g_read[0].g_bank[2].g_slice[0].u_sram/wmask[3]	input	0.15010868936737864	0.15122295082825588	0.09680179574589332	0.09732022132613594	0.07984299256903055	0.08050867237414591
min_ff_n40C_1v95	u_memory.g_read[0].g_bank[2].g_slice[0].u_sram/addr[0]	input	0.2321431241680827	0.23335985921413283	0.10047780663047234	0.10082569501523864	0.11476388415976313	0.11623048443848427
min_ff_n40C_1v95	u_memory.g_read[0].g_bank[2].g_slice[0].u_sram/addr[1]	input	0.17722798228980707	0.17844210831174934	0.07921312217273879	0.07955690967120788	0.08631925740593821	0.08778586446092293
min_ff_n40C_1v95	u_memory.g_read[0].g_bank[2].g_slice[0].u_sram/addr[2]	input	0.1570774899040117	0.1580982428306399	0.09718106180889308	0.09761846192501977	0.08472468738954589	0.08619129444453061
min_ff_n40C_1v95	u_memory.g_read[0].g_bank[2].g_slice[0].u_sram/addr[3]	input	0.19765354630774112	0.19887058666512303	0.08732593120841514	0.08767298692591297	0.09713799588913913	0.09860460294412385
min_ff_n40C_1v95	u_memory.g_read[0].g_bank[2].g_slice[0].u_sram/addr[4]	input	0.19547112539708422	0.1966877494208319	0.08647379340365191	0.08682036339857646	0.09601228910223816	0.09747890293348646
min_ff_n40C_1v95	u_memory.g_read[0].g_bank[2].g_slice[0].u_sram/addr[5]	input	0.15950311904600056	0.1604394672671816	0.09861868960348019	0.09905565256929094	0.08635162761705048	0.08781822789577162
min_ff_n40C_1v95	u_memory.g_read[0].g_bank[2].g_slice[0].u_sram/addr[6]	input	0.1592726922572396	0.16026739657615252	0.09853312610275111	0.0989694437514288	0.08629361602455893	0.08776022307954365
min_ff_n40C_1v95	u_memory.g_read[0].g_bank[2].g_slice[0].u_sram/addr[7]	input	0.1622840611892329	0.16329897156719397	0.09724340083172578	0.09723262472949301	0.08859884668369761	0.09006545373868233
min_ff_n40C_1v95	u_memory.g_read[0].g_bank[2].g_slice[0].u_sram/addr[8]	input	0.150542647792129	0.15157146371347352	0.09353161994907211	0.09396630001878847	0.08106827654921073	0.08253488360419545
min_ff_n40C_1v95	u_memory.g_read[0].g_bank[2].g_slice[0].u_sram/we	input	0.17758808312784424	0.17799337004298366	0.09864613986776405	0.09883101281804585	0.13076925610075452	0.13765854775527053
min_ff_n40C_1v95	u_memory.g_read[0].g_bank[2].g_slice[0].u_sram/ce	input	0.22959710521686105	0.23111534908082376	0.10831349012141445	0.10889904256128347	0.04630487887655882	0.046619917534697006
min_ff_n40C_1v95	u_memory.g_read[0].g_bank[2].g_slice[0].u_sram/clk	input	0.06909400829258061	0.1639207519721353	0.06951374892372186	0.15682113940762576	0.06985599978245188	0.2329668847157046
min_ff_n40C_1v95	u_memory.g_read[0].g_bank[2].g_slice[0].u_sram/rstb	input	0.0	0.0	0.0	0.0	0.08035079220904129	0.3426371870691308
min_ff_n40C_1v95	u_memory.g_read[0].g_bank[3].g_slice[0].u_sram/dout[0]	output	0.13055666270300748	0.1305297120390847	0.06853889678026803	0.06854270623302128	0.010444241500297269	0.011331240850134816
min_ff_n40C_1v95	u_memory.g_read[0].g_bank[3].g_slice[0].u_sram/dout[1]	output	0.13079197447307678	0.13076495442021496	0.06864829538155703	0.06865204238426514	0.010499703523617586	0.011386702873455133
min_ff_n40C_1v95	u_memory.g_read[0].g_bank[3].g_slice[0].u_sram/dout[2]	output	0.1303460672730239	0.1303185614975888	0.06844214084367195	0.06844601968536423	0.010394967052656644	0.011281966402494192
min_ff_n40C_1v95	u_memory.g_read[0].g_bank[3].g_slice[0].u_sram/dout[3]	output	0.1311035308093622	0.13107637197862232	0.06879162517403614	0.0687952819711235	0.010572672870924702	0.01145967222076225
min_ff_n40C_1v95	u_memory.g_read[0].g_bank[3].g_slice[0].u_sram/dout[4]	output	0.12901862911363082	0.12899167844970805	0.06783097694640361	0.06783466149906658	0.010083801876186252	0.0109708012260238
min_ff_n40C_1v95	u_memory.g_read[0].g_bank[3].g_slice[0].u_sram/dout[5]	output	0.13092442407991456	0.1308973485159015	0.06870976010375784	0.06871347241199643	0.010530889582669595	0.011417888932507142
min_ff_n40C_1v95	u_memory.g_read[0].g_bank[3].g_slice[0].u_sram/dout[6]	output	0.13106028762255306	0.13103315654738878	0.06877248076575526	0.06877553387907298	0.010562584708522903	0.01144958405836045
min_ff_n40C_1v95	u_memory.g_read[0].g_bank[3].g_slice[0].u_sram/dout[7]	output	0.13016132616172627	0.13013452815346938	0.06835713939334909	0.06836046312352906	0.01035152019169313	0.011238519541530677
min_ff_n40C_1v95	u_memory.g_read[0].g_bank[3].g_slice[0].u_sram/dout[8]	output	0.1309933828075316	0.13096561335412815	0.0687412973765511	0.06874437130655053	0.010546730792849145	0.011433730142686692
min_ff_n40C_1v95	u_memory.g_read[0].g_bank[3].g_slice[0].u_sram/dout[9]	output	0.12995443610108737	0.12992773523734513	0.06826177123553379	0.06826576803842244	0.010303205432381744	0.011190204782219292
min_ff_n40C_1v95	u_memory.g_read[0].g_bank[3].g_slice[0].u_sram/dout[10]	output	0.13058021330891734	0.1305526242667554	0.06855084555557056	0.0685546550083238	0.010450102968292269	0.011337102318129816
min_ff_n40C_1v95	u_memory.g_read[0].g_bank[3].g_slice[0].u_sram/dout[11]	output	0.13068222892709258	0.13065523662980638	0.06859689205551689	0.06860066681380061	0.010473718246861718	0.011360717596699266
min_ff_n40C_1v95	u_memory.g_read[0].g_bank[3].g_slice[0].u_sram/dout[12]	output	0.13097679885110125	0.13094905715327343	0.06873340785418236	0.06873710628463314	0.010543017400408382	0.011430016750245929
min_ff_n40C_1v95	u_memory.g_read[0].g_bank[3].g_slice[0].u_sram/dout[13]	output	0.1318543468853406	0.13182688274326892	0.06913776495753865	0.06914056827067583	0.010748568579784477	0.011635567929622025
min_ff_n40C_1v95	u_memory.g_read[0].g_bank[3].g_slice[0].u_sram/dout[14]	output	0.13100731610649063	0.13097889439706023	0.06874827096492453	0.06875133795603006	0.010550167205516155	0.011437166555353703
min_ff_n40C_1v95	u_memory.g_read[0].g_bank[3].g_slice[0].u_sram/dout[15]	output	0.13080454774883066	0.13077751381818103	0.06865419344137536	0.06865732288252602	0.010502494497178789	0.011389493847016336
min_ff_n40C_1v95	u_memory.g_read[0].g_bank[3].g_slice[0].u_sram/dout[16]	output	0.13150189270838553	0.131473262832138	0.0689757209682007	0.06897864224253425	0.010665984561493078	0.011552983911330625
min_ff_n40C_1v95	u_memory.g_read[0].g_bank[3].g_slice[0].u_sram/dout[17]	output	0.1301844604340019	0.130157662425745	0.06836854693492711	0.06837187066510708	0.01035717159551721	0.011244170945354758
min_ff_n40C_1v95	u_memory.g_read[0].g_bank[3].g_slice[0].u_sram/dout[18]	output	0.130112171037311	0.13008542854020533	0.06833586474463971	0.0683392162303953	0.010340424060084098	0.011227423409921646
min_ff_n40C_1v95	u_memory.g_read[0].g_bank[3].g_slice[0].u_sram/dout[19]	output	0.1308749497663797	0.1308472219463397	0.06868643154245291	0.0686901507895854	0.010518936253717942	0.011405936450588437
min_ff_n40C_1v95	u_memory.g_read[0].g_bank[3].g_slice[0].u_sram/dout[20]	output	0.12989904984994638	0.1298717383635406	0.06823715897885663	0.06824116272063918	0.01029049993817293	0.011177499288010477
min_ff_n40C_1v95	u_memory.g_read[0].g_bank[3].g_slice[0].u_sram/dout[21]	output	0.13005761745343847	0.1300296120776423	0.06830942755886582	0.06831338966728495	0.01032736196500449	0.011214361314842037
min_ff_n40C_1v95	u_memory.g_read[0].g_bank[3].g_slice[0].u_sram/dout[22]	output	0.13092708861517366	0.13089936079513365	0.06871113400475082	0.0687148393740955	0.010531559585730873	0.01141855893556842
min_ff_n40C_1v95	u_memory.g_read[0].g_bank[3].g_slice[0].u_sram/dout[23]	output	0.1318028880481492	0.13177543778386536	0.06911429067946173	0.06911710787038672	0.010736576287317251	0.011623575637154798
min_ff_n40C_1v95	u_memory.g_read[0].g_bank[3].g_slice[0].u_sram/dout[24]	output	0.12998833953670186	0.12996098641693266	0.0682775988525286	0.06828157483873554	0.010311211587799192	0.01119821093763674
min_ff_n40C_1v95	u_memory.g_read[0].g_bank[3].g_slice[0].u_sram/dout[25]	output	0.13054236858156543	0.13051544567321827	0.06853408812679262	0.06853730777356404	0.010441255709158197	0.011328255906028692
min_ff_n40C_1v95	u_memory.g_read[0].g_bank[3].g_slice[0].u_sram/dout[26]	output	0.12922039827056864	0.12919397496258256	0.06792337525762804	0.0679275802273338	0.010131138312443558	0.011018137662281106
min_ff_n40C_1v95	u_memory.g_read[0].g_bank[3].g_slice[0].u_sram/dout[27]	output	0.13152377797975845	0.1314957864817501	0.06898505378050146	0.06898858567749855	0.010671072688407234	0.011558072038244781
min_ff_n40C_1v95	u_memory.g_read[0].g_bank[3].g_slice[0].u_sram/dout[28]	output	0.12909977253894311	0.12907341861989607	0.06786875922371038	0.06787241602079774	0.01010299056057335	0.010989989910410898
min_ff_n40C_1v95	u_memory.g_read[0].g_bank[3].g_slice[0].u_sram/dout[29]	output	0.1304733959761606	0.13044584856736208	0.06850072592490264	0.0685045631332315	0.010424727555258424	0.011311726905095972
min_ff_n40C_1v95	u_memory.g_read[0].g_bank[3].g_slice[0].u_sram/dout[30]	output	0.13038535529030781	0.13035848789311189	0.06846184730235905	0.06846510858249388	0.010404484314851994	0.011291483664689541
min_ff_n40C_1v95	u_memory.g_read[0].g_bank[3].g_slice[0].u_sram/dout[31]	output	0.13061110526457753	0.13058348846683998	0.06856384210385258	0.06856763767881802	0.010456900407693984	0.011343899757531532
min_ff_n40C_1v95	u_memory.g_read[0].g_bank[3].g_slice[0].u_sram/din[0]	input	0.25001883896536015	0.25119822888441945	0.11299575164436249	0.1133871815883758	0.08981037484881438	0.09024668490807686
min_ff_n40C_1v95	u_memory.g_read[0].g_bank[3].g_slice[0].u_sram/din[1]	input	0.16666902580286802	0.16781201428450743	0.08422974817623441	0.08465107087518575	0.05871376925229918	0.05915007253529808
min_ff_n40C_1v95	u_memory.g_read[0].g_bank[3].g_slice[0].u_sram/din[2]	input	0.2637920160086793	0.264973903929544	0.11866720106556983	0.11911499564476458	0.09476387095820257	0.09520026910889157
min_ff_n40C_1v95	u_memory.g_read[0].g_bank[3].g_slice[0].u_sram/din[3]	input	0.1928874698853278	0.19373776194431258	0.08764419051621175	0.08793164807396892	0.09524851610556717	0.09568481938856607
min_ff_n40C_1v95	u_memory.g_read[0].g_bank[3].g_slice[0].u_sram/din[4]	input	0.2699578338649644	0.2711373348063262	0.12107745361866762	0.12147115258098751	0.09701806957633508	0.0974543660830704
min_ff_n40C_1v95	u_memory.g_read[0].g_bank[3].g_slice[0].u_sram/din[5]	input	0.2196758608352667	0.2208591642904878	0.10137975875457172	0.10177132747646311	0.07840021763304977	0.07883652091604867
min_ff_n40C_1v95	u_memory.g_read[0].g_bank[3].g_slice[0].u_sram/din[6]	input	0.21732449173583746	0.21850782294663418	0.10043747777910284	0.10082944895684065	0.07757150770251048	0.07800781098550938
min_ff_n40C_1v95	u_memory.g_read[0].g_bank[3].g_slice[0].u_sram/din[7]	input	0.21478810396935444	0.2159690065672848	0.09938835865419549	0.09977906695324279	0.07664096408292048	0.07707727414218296
min_ff_n40C_1v95	u_memory.g_read[0].g_bank[3].g_slice[0].u_sram/din[8]	input	0.17113624406484007	0.17228099502553107	0.08651720312391475	0.08694151648613868	0.06046055447744489	0.06089685776044379
min_ff_n40C_1v95	u_memory.g_read[0].g_bank[3].g_slice[0].u_sram/din[9]	input	0.2025661860471928	0.20374733844530368	0.09464782430024243	0.09503858117154707	0.07206542762712431	0.07250173768638679
min_ff_n40C_1v95	u_memory.g_read[0].g_bank[3].g_slice[0].u_sram/din[10]	input	0.16495725618792534	0.1660969556338543	0.08342002782990576	0.0838999356100878	0.057875213410781	0.05831161833773357
min_ff_n40C_1v95	u_memory.g_read[0].g_bank[3].g_slice[0].u_sram/din[11]	input	0.21983165288119721	0.22101301344612523	0.101343849978619	0.10173517583922376	0.07855238540795811	0.0789886954672206
min_ff_n40C_1v95	u_memory.g_read[0].g_bank[3].g_slice[0].u_sram/din[12]	input	0.1716909114879428	0.17283434405879206	0.08658312261600187	0.08700681147777445	0.06064861612052608	0.0610849126272614
min_ff_n40C_1v95	u_memory.g_read[0].g_bank[3].g_slice[0].u_sram/din[13]	input	0.17287535292176415	0.1740178834364059	0.08734261924825404	0.08776689791600845	0.06107284410182892	0.06150914738482782
min_ff_n40C_1v95	u_memory.g_read[0].g_bank[3].g_slice[0].u_sram/din[14]	input	0.2203436044734275	0.22152454870472127	0.10154554280772388	0.10193677846270788	0.0787179566322238	0.07915425991522271
min_ff_n40C_1v95	u_memory.g_read[0].g_bank[3].g_slice[0].u_sram/din[15]	input	0.21824669849124234	0.21942614392145288	0.10063585381692164	0.10102653436039333	0.07792899626383326	0.07836530632309574
min_ff_n40C_1v95	u_memory.g_read[0].g_bank[3].g_slice[0].u_sram/din[16]	input	0.17187110068483946	0.17301322874363478	0.08676483143066349	0.08718943622643138	0.060678174182253464	0.061114477465252365
min_ff_n40C_1v95	u_memory.g_read[0].g_bank[3].g_slice[0].u_sram/din[17]	input	0.21701010433083923	0.21819029916159138	0.10015992896184045	0.1005507274665085	0.07748412100740815	0.07792042429040705
min_ff_n40C_1v95	u_memory.g_read[0].g_bank[3].g_slice[0].u_sram/din[18]	input	0.16885773335140186	0.16999200658229796	0.08511376325959219	0.08559492697957083	0.059260722143263805	0.0596971202939528
min_ff_n40C_1v95	u_memory.g_read[0].g_bank[3].g_slice[0].u_sram/din[19]	input	0.21558638207963554	0.21676636874357058	0.09970611836163101	0.10009747891670528	0.07687150612237237	0.07730781618163485
min_ff_n40C_1v95	u_memory.g_read[0].g_bank[3].g_slice[0].u_sram/din[20]	input	0.17200056656729856	0.17314408240487467	0.08701558223966899	0.08744114460279562	0.06076286392445174	0.06119916043118706
min_ff_n40C_1v95	u_memory.g_read[0].g_bank[3].g_slice[0].u_sram/din[21]	input	0.17102610994079726	0.17217124947954687	0.08649688604256411	0.08692099123797092	0.06043733899842654	0.060873642281425444
min_ff_n40C_1v95	u_memory.g_read[0].g_bank[3].g_slice[0].u_sram/din[22]	input	0.17251709782950542	0.17366434679200182	0.08717113836320678	0.08759538233649167	0.06104820560745919	0.06148450889045809
min_ff_n40C_1v95	u_memory.g_read[0].g_bank[3].g_slice[0].u_sram/din[23]	input	0.18610604723967583	0.18725757056081704	0.0883514511551553	0.08872993312314392	0.0659641205590436	0.06640043061830608
min_ff_n40C_1v95	u_memory.g_read[0].g_bank[3].g_slice[0].u_sram/din[24]	input	0.2522865527598839	0.2534643883667087	0.11379126807486983	0.11418520989847636	0.09041348941231375	0.09084979947157623
min_ff_n40C_1v95	u_memory.g_read[0].g_bank[3].g_slice[0].u_sram/din[25]	input	0.2221688943926381	0.2233482843116974	0.10218767498848536	0.10257909799360476	0.07937250303628046	0.07980879954301578
min_ff_n40C_1v95	u_memory.g_read[0].g_bank[3].g_slice[0].u_sram/din[26]	input	0.17053615464224237	0.17167009480623108	0.0859871687741709	0.08646945659496197	0.05989752151300959	0.06033392643996216
min_ff_n40C_1v95	u_memory.g_read[0].g_bank[3].g_slice[0].u_sram/din[27]	input	0.2149970479425889	0.21617800605167048	0.0994244409024958	0.09981483695131743	0.07678399745452563	0.07722030073752453
min_ff_n40C_1v95	u_memory.g_read[0].g_bank[3].g_slice[0].u_sram/din[28]	input	0.22329602056281317	0.22447602110453602	0.10264777916546564	0.10303968095426441	0.0796685850970591	0.08010489515632158
min_ff_n40C_1v95	u_memory.g_read[0].g_bank[3].g_slice[0].u_sram/din[29]	input	0.17506916749621126	0.17620817305274983	0.0881443668054871	0.08856897854014889	0.06177788722206909	0.06221419050506799
min_ff_n40C_1v95	u_memory.g_read[0].g_bank[3].g_slice[0].u_sram/din[30]	input	0.21671503480646948	0.2178957292375827	0.10011532575182613	0.1005059646619344	0.07738265323659066	0.07781895651958956
min_ff_n40C_1v95	u_memory.g_read[0].g_bank[3].g_slice[0].u_sram/din[31]	input	0.16488625742550056	0.1660262760605491	0.08327715600442431	0.08376047772040707	0.0578332886680237	0.058269686818712696
min_ff_n40C_1v95	u_memory.g_read[0].g_bank[3].g_slice[0].u_sram/wmask[0]	input	0.20622996366181923	0.20801962929972717	0.09616014928770511	0.0966962690474027	0.07344871374515352	0.07411440032653246
min_ff_n40C_1v95	u_memory.g_read[0].g_bank[3].g_slice[0].u_sram/wmask[1]	input	0.15968085187445524	0.16139227454470273	0.08123326317166502	0.08180723459760841	0.055610653885637684	0.05627634046701663
min_ff_n40C_1v95	u_memory.g_read[0].g_bank[3].g_slice[0].u_sram/wmask[2]	input	0.1615985956160415	0.16332100949423278	0.0824442250579871	0.08302011161864797	0.05652969140967218	0.057195371214787544
min_ff_n40C_1v95	u_memory.g_read[0].g_bank[3].g_slice[0].u_sram/wmask[3]	input	0.15077857018486185	0.15190071422921392	0.09785138671558613	0.09837994308092846	0.07984299256903055	0.08050867237414591
min_ff_n40C_1v95	u_memory.g_read[0].g_bank[3].g_slice[0].u_sram/addr[0]	input	0.23211441102510832	0.23333129872682434	0.10041774356484012	0.10076585399421134	0.11476388415976313	0.11623048443848427
min_ff_n40C_1v95	u_memory.g_read[0].g_bank[3].g_slice[0].u_sram/addr[1]	input	0.17719171963026525	0.17840585952999533	0.0791357118723468	0.07947954794307321	0.08631925740593821	0.08778586446092293
min_ff_n40C_1v95	u_memory.g_read[0].g_bank[3].g_slice[0].u_sram/addr[2]	input	0.15705765854523435	0.15807857800531622	0.09715599158521826	0.09759356517369255	0.08472468738954589	0.08619129444453061
min_ff_n40C_1v95	u_memory.g_read[0].g_bank[3].g_slice[0].u_sram/addr[3]	input	0.19762796954481132	0.19884524582458596	0.08727372990957605	0.08762115338845078	0.09713799588913913	0.09860460294412385
min_ff_n40C_1v95	u_memory.g_read[0].g_bank[3].g_slice[0].u_sram/addr[4]	input	0.1954348627375424	0.19665147288350227	0.08639684800915148	0.08674339718739432	0.09601228910223816	0.09747890293348646
min_ff_n40C_1v95	u_memory.g_read[0].g_bank[3].g_slice[0].u_sram/addr[5]	input	0.15947144993422313	0.16040770101088953	0.09857583499472966	0.09901276326607089	0.08635162761705048	0.08781822789577162
min_ff_n40C_1v95	u_memory.g_read[0].g_bank[3].g_slice[0].u_sram/addr[6]	input	0.15924965512947864	0.1602444565929062	0.09850312232551062	0.09893956487427857	0.08629361602455893	0.08776022307954365
min_ff_n40C_1v95	u_memory.g_read[0].g_bank[3].g_slice[0].u_sram/addr[7]	input	0.16225296106675557	0.16326796858923132	0.09719657717566221	0.09718530841196227	0.08859884668369761	0.09006545373868233
min_ff_n40C_1v95	u_memory.g_read[0].g_bank[3].g_slice[0].u_sram/addr[8]	input	0.15051587753944773	0.15154476284973128	0.09349652996260005	0.09393124472678593	0.08106827654921073	0.08253488360419545
min_ff_n40C_1v95	u_memory.g_read[0].g_bank[3].g_slice[0].u_sram/we	input	0.19664450623402274	0.1978127939228358	0.14735573872215468	0.14799662884090736	0.14826266841842795	0.14921058637783202
min_ff_n40C_1v95	u_memory.g_read[0].g_bank[3].g_slice[0].u_sram/ce	input	0.2126279985414925	0.21365034741371858	0.10622738799703768	0.10908730863068428	0.07036232897326619	0.07067737101953617
min_ff_n40C_1v95	u_memory.g_read[0].g_bank[3].g_slice[0].u_sram/clk	input	0.06942844910096113	0.16391013546446231	0.06988627732074093	0.15693460420074246	0.06977624316013842	0.23288714164591828
min_ff_n40C_1v95	u_memory.g_read[0].g_bank[3].g_slice[0].u_sram/rstb	input	0.0	0.0	0.0	0.0	0.08025468446271403	0.34254107254654
min_ff_n40C_1v95	u_memory.g_read[1].g_bank[0].g_slice[0].u_sram/dout[0]	output	0.1293070095442772	0.12928060011407894	0.06796356533111947	0.06796786744533989	0.010151545030208809	0.011038544380046356
min_ff_n40C_1v95	u_memory.g_read[1].g_bank[0].g_slice[0].u_sram/dout[1]	output	0.1292786017126346	0.1292515816597728	0.06795133900006078	0.06795506518608718	0.01014497374860401	0.011031973098441557
min_ff_n40C_1v95	u_memory.g_read[1].g_bank[0].g_slice[0].u_sram/dout[2]	output	0.1284684303382022	0.12844111885179643	0.06757726322970115	0.06758124615480199	0.009954872450185833	0.01084187180002338
min_ff_n40C_1v95	u_memory.g_read[1].g_bank[0].g_slice[0].u_sram/dout[3]	output	0.12989610775893112	0.1298694485285523	0.06823620835039179	0.06823974024738888	0.010289779960167764	0.011176779310005311
min_ff_n40C_1v95	u_memory.g_read[1].g_bank[0].g_slice[0].u_sram/dout[4]	output	0.12968819074199445	0.12966099027789113	0.06813968833618844	0.06814328268323067	0.010240775716037313	0.01112777506587486
min_ff_n40C_1v95	u_memory.g_read[1].g_bank[0].g_slice[0].u_sram/dout[5]	output	0.12930322090820567	0.1292755624771047	0.06796235102468628	0.06796607027181878	0.010150581953747781	0.011037581303585328
min_ff_n40C_1v95	u_memory.g_read[1].g_bank[0].g_slice[0].u_sram/dout[6]	output	0.12832802875895055	0.128300772783696	0.06751185027686901	0.0675164368857395	0.009921937268097744	0.010808936617935291
min_ff_n40C_1v95	u_memory.g_read[1].g_bank[0].g_slice[0].u_sram/dout[7]	output	0.13125681097569952	0.13122962438938401	0.06886349129819891	0.06886657910598615	0.010608821696014674	0.011495821045852221
min_ff_n40C_1v95	u_memory.g_read[1].g_bank[0].g_slice[0].u_sram/dout[8]	output	0.1296829726937787	0.1296557722296754	0.06813733605115502	0.06814093039819724	0.010239566152988634	0.011126565502826181
min_ff_n40C_1v95	u_memory.g_read[1].g_bank[0].g_slice[0].u_sram/dout[9]	output	0.12980876096246874	0.12978215724324116	0.06819565051552345	0.06819920322920225	0.010269212306142535	0.011156211655980082
min_ff_n40C_1v95	u_memory.g_read[1].g_bank[0].g_slice[0].u_sram/dout[10]	output	0.12861876841352426	0.12859262266129434	0.0676466174742707	0.06765055182711421	0.00999017424232855	0.010877173592166098
min_ff_n40C_1v95	u_memory.g_read[1].g_bank[0].g_slice[0].u_sram/dout[11]	output	0.12960903184033867	0.12958249751005013	0.06810297464854287	0.06810717961824864	0.010222390018884212	0.011109389368721759
min_ff_n40C_1v95	u_memory.g_read[1].g_bank[0].g_slice[0].u_sram/dout[12]	output	0.1288404521959663	0.12881298805389463	0.06774880656479354	0.06775267152869802	0.010042061786611454	0.010929061136449002
min_ff_n40C_1v95	u_memory.g_read[1].g_bank[0].g_slice[0].u_sram/dout[13]	output	0.12954064210202176	0.12951287264861833	0.06807168717593015	0.0680753162174419	0.010206193054866815	0.011093192404704362
min_ff_n40C_1v95	u_memory.g_read[1].g_bank[0].g_slice[0].u_sram/dout[14]	output	0.12925775727534727	0.12923073722248546	0.06794118739827937	0.06794490664541186	0.010139861057734383	0.01102686040757193
min_ff_n40C_1v95	u_memory.g_read[1].g_bank[0].g_slice[0].u_sram/dout[15]	output	0.130008837029294	0.12998215004333957	0.06828776433209782	0.06829124765683758	0.010316079486147062	0.01120307883598461
min_ff_n40C_1v95	u_memory.g_read[1].g_bank[0].g_slice[0].u_sram/dout[16]	output	0.1293911783273316	0.12936410276331856	0.06800271457052531	0.06800639912318829	0.01017114029041059	0.011058139640248137
min_ff_n40C_1v95	u_memory.g_read[1].g_bank[0].g_slice[0].u_sram/dout[17]	output	0.1295490381636455	0.12952253158893257	0.06807582275669688	0.06807945179820862	0.010208302166905478	0.011095301516743025
min_ff_n40C_1v95	u_memory.g_read[1].g_bank[0].g_slice[0].u_sram/dout[18]	output	0.12966760998267546	0.1296397850181208	0.0681294881621497	0.0681342759989434	0.010235913746920074	0.011122913096757621
min_ff_n40C_1v95	u_memory.g_read[1].g_bank[0].g_slice[0].u_sram/dout[19]	output	0.12906432866888196	0.12903800250541053	0.06785213363391662	0.06785591533109425	0.010094621028021531	0.010981620377859078
min_ff_n40C_1v95	u_memory.g_read[1].g_bank[0].g_slice[0].u_sram/dout[20]	output	0.1297927182397629	0.12976612839832313	0.06818834386024264	0.06819191045170925	0.01026548112600988	0.011152480475847427
min_ff_n40C_1v95	u_memory.g_read[1].g_bank[0].g_slice[0].u_sram/dout[21]	output	0.12956559436450021	0.12953844941154813	0.06808316410644721	0.06808679314795896	0.010212035888136975	0.011099035237974522
min_ff_n40C_1v95	u_memory.g_read[1].g_bank[0].g_slice[0].u_sram/dout[22]	output	0.12969265938966856	0.12966544504777744	0.06814161040979982	0.06814519781794814	0.010241780297112757	0.011128779646950304
min_ff_n40C_1v95	u_memory.g_read[1].g_bank[0].g_slice[0].u_sram/dout[23]	output	0.12886305911230522	0.1288362055928971	0.0677586806108188	0.0677631145640234	0.010047429434398205	0.010934428784235752
min_ff_n40C_1v95	u_memory.g_read[1].g_bank[0].g_slice[0].u_sram/dout[24]	output	0.13094958450921013	0.13092187056695792	0.0687217643902116	0.0687249632203013	0.010536748509565753	0.0114237478594033
min_ff_n40C_1v95	u_memory.g_read[1].g_bank[0].g_slice[0].u_sram/dout[25]	output	0.1298603585775382	0.12983308872449584	0.06821836845416485	0.06822250403493157	0.01028110295465609	0.011168102304493638
min_ff_n40C_1v95	u_memory.g_read[1].g_bank[0].g_slice[0].u_sram/dout[26]	output	0.12984180397523915	0.1298145479999846	0.06821056219852295	0.06821410797330785	0.010276801721349933	0.01116380107118748
min_ff_n40C_1v95	u_memory.g_read[1].g_bank[0].g_slice[0].u_sram/dout[27]	output	0.12849502017964198	0.1284689299385633	0.0675896075219562	0.06759358350816314	0.009961188774873508	0.010848188124711056
min_ff_n40C_1v95	u_memory.g_read[1].g_bank[0].g_slice[0].u_sram/dout[28]	output	0.1300903690326649	0.1300630020351079	0.06832472088103003	0.06832818338908808	0.010334941215816521	0.011221940565654068
min_ff_n40C_1v95	u_memory.g_read[1].g_bank[0].g_slice[0].u_sram/dout[29]	output	0.12862179377126637	0.1285950373963729	0.06764793586411244	0.06765187021695596	0.009990801046709519	0.010877800396547066
min_ff_n40C_1v95	u_memory.g_read[1].g_bank[0].g_slice[0].u_sram/dout[30]	output	0.129741009602391	0.12971378138271206	0.06816427977618389	0.0681678533065444	0.010253288933767101	0.011140288283604648
min_ff_n40C_1v95	u_memory.g_read[1].g_bank[0].g_slice[0].u_sram/dout[31]	output	0.1288101153518184	0.12878391408843726	0.06773499816592476	0.06773886312982924	0.010035065294467134	0.010922064644304681
min_ff_n40C_1v95	u_memory.g_read[1].g_bank[0].g_slice[0].u_sram/din[0]	input	0.20729223892956838	0.20839016623419582	0.09665410832804255	0.0970473701400465	0.07374832623925631	0.07418462952225521
min_ff_n40C_1v95	u_memory.g_read[1].g_bank[0].g_slice[0].u_sram/din[1]	input	0.156983162580282	0.15812663678449468	0.0801586227949791	0.08057653849702362	0.05512206495287067	0.05555836484773778
min_ff_n40C_1v95	u_memory.g_read[1].g_bank[0].g_slice[0].u_sram/din[2]	input	0.17349811864963982	0.1746589955997635	0.08804450224442206	0.08853474897652092	0.06101216266148762	0.061448567588440195
min_ff_n40C_1v95	u_memory.g_read[1].g_bank[0].g_slice[0].u_sram/din[3]	input	0.17370685445605716	0.17486471992622654	0.08789135391706893	0.08832009429360355	0.061071766675920014	0.06150807673518249
min_ff_n40C_1v95	u_memory.g_read[1].g_bank[0].g_slice[0].u_sram/din[4]	input	0.1571982405357275	0.15834025757222037	0.08086389197137223	0.08128832329479252	0.05519073221983868	0.055627028726574004
min_ff_n40C_1v95	u_memory.g_read[1].g_bank[0].g_slice[0].u_sram/din[5]	input	0.20495311003898564	0.20613341589204026	0.09542416162799938	0.09581409277092945	0.0729544191984538	0.07339072925771628
min_ff_n40C_1v95	u_memory.g_read[1].g_bank[0].g_slice[0].u_sram/din[6]	input	0.1621750372882147	0.16331899721500065	0.08244181726180244	0.08286203667662306	0.056940807320951525	0.05737710382768685
min_ff_n40C_1v95	u_memory.g_read[1].g_bank[0].g_slice[0].u_sram/din[7]	input	0.20526086386141174	0.20643403653153314	0.0956117268691159	0.09600070044468723	0.07317349579993165	0.07360980585919413
min_ff_n40C_1v95	u_memory.g_read[1].g_bank[0].g_slice[0].u_sram/din[8]	input	0.21068272126889553	0.21185767029585634	0.0978726405476138	0.09826527092027249	0.075054586569194	0.0754908898521929
min_ff_n40C_1v95	u_memory.g_read[1].g_bank[0].g_slice[0].u_sram/din[9]	input	0.1780515318516862	0.17919758732443114	0.08949072732855612	0.0899145966015702	0.06315773777446423	0.06359404105746314
min_ff_n40C_1v95	u_memory.g_read[1].g_bank[0].g_slice[0].u_sram/din[10]	input	0.17758769454978562	0.1787286568744051	0.0885880049872334	0.08906732990032751	0.06283455743563704	0.06327096236258961
min_ff_n40C_1v95	u_memory.g_read[1].g_bank[0].g_slice[0].u_sram/din[11]	input	0.15629778027381747	0.15744235082326696	0.0797563889931574	0.08017447122865562	0.05485808882892476	0.055294388723791874
min_ff_n40C_1v95	u_memory.g_read[1].g_bank[0].g_slice[0].u_sram/din[12]	input	0.1754155570798943	0.17656730244564045	0.0884588929883634	0.08888569047460493	0.06181367944628827	0.06224998272928717
min_ff_n40C_1v95	u_memory.g_read[1].g_bank[0].g_slice[0].u_sram/din[13]	input	0.1622860318351016	0.1634346963319544	0.08291723557762865	0.0833414101619745	0.05714206234921915	0.05757836563221805
min_ff_n40C_1v95	u_memory.g_read[1].g_bank[0].g_slice[0].u_sram/din[14]	input	0.20522125665500823	0.20640392173199018	0.0957733475859257	0.09616434731851697	0.07308099980209148	0.07351730308509039
min_ff_n40C_1v95	u_memory.g_read[1].g_bank[0].g_slice[0].u_sram/din[15]	input	0.17410396735417777	0.17525704498755346	0.08755617064704069	0.0879815248433502	0.061344870426905534	0.061781173709904436
min_ff_n40C_1v95	u_memory.g_read[1].g_bank[0].g_slice[0].u_sram/din[16]	input	0.16357068477468317	0.1647131736559615	0.08321059119520413	0.08363120612697728	0.057635049077048306	0.058071359136310785
min_ff_n40C_1v95	u_memory.g_read[1].g_bank[0].g_slice[0].u_sram/din[17]	input	0.1799483478892583	0.1810963323745085	0.09048172627812434	0.09090763558594617	0.06354643102956387	0.06398274108882634
min_ff_n40C_1v95	u_memory.g_read[1].g_bank[0].g_slice[0].u_sram/din[18]	input	0.2031005641445205	0.20428250757653643	0.09474759171679281	0.09518962007515341	0.07236136061010423	0.0727977655370568
min_ff_n40C_1v95	u_memory.g_read[1].g_bank[0].g_slice[0].u_sram/din[19]	input	0.17828420684207202	0.1802197419076279	0.08980177018669266	0.09022712438300218	0.0632577012147674	0.0636940044977663
min_ff_n40C_1v95	u_memory.g_read[1].g_bank[0].g_slice[0].u_sram/din[20]	input	0.2056486647639133	0.2068221705009421	0.09573122156103508	0.09612015350324299	0.07333188418480463	0.07376819424406711
min_ff_n40C_1v95	u_memory.g_read[1].g_bank[0].g_slice[0].u_sram/din[21]	input	0.15866453983992557	0.15980870793352864	0.0808885250447311	0.0812770892255621	0.05576101578630248	0.05619731906930138
min_ff_n40C_1v95	u_memory.g_read[1].g_bank[0].g_slice[0].u_sram/din[22]	input	0.15770919292723562	0.15885341653198992	0.08051958405586035	0.08091373404628399	0.05539502979045284	0.05583133307345174
min_ff_n40C_1v95	u_memory.g_read[1].g_bank[0].g_slice[0].u_sram/din[23]	input	0.20492857411014143	0.20610227413619953	0.09547677926047271	0.0958663912142832	0.07304038287820475	0.07347668616120365
min_ff_n40C_1v95	u_memory.g_read[1].g_bank[0].g_slice[0].u_sram/din[24]	input	0.2039755586658032	0.20515526777398208	0.0950592313198051	0.09544811468975567	0.07264620762587048	0.07308251768513296
min_ff_n40C_1v95	u_memory.g_read[1].g_bank[0].g_slice[0].u_sram/din[25]	input	0.16574698558091683	0.16690346327230543	0.08442139348696642	0.0848484685289641	0.05814179839620445	0.058578101679203354
min_ff_n40C_1v95	u_memory.g_read[1].g_bank[0].g_slice[0].u_sram/din[26]	input	0.16183841766714835	0.1629845008954689	0.08260254980019255	0.083081777568772	0.056920532740326046	0.05735693766727862
min_ff_n40C_1v95	u_memory.g_read[1].g_bank[0].g_slice[0].u_sram/din[27]	input	0.21202220534810579	0.2131962939522225	0.09824785429657368	0.09863834055101606	0.07560495469700196	0.07604125798000086
min_ff_n40C_1v95	u_memory.g_read[1].g_bank[0].g_slice[0].u_sram/din[28]	input	0.20824919566564404	0.20942862721806677	0.09669533229672567	0.09708457648915925	0.0742378164150792	0.07467411292181453
min_ff_n40C_1v95	u_memory.g_read[1].g_bank[0].g_slice[0].u_sram/din[29]	input	0.15619920634701856	0.1573427915735337	0.07961654252541805	0.08003304269310618	0.054705494149411005	0.055141797432409906
min_ff_n40C_1v95	u_memory.g_read[1].g_bank[0].g_slice[0].u_sram/din[30]	input	0.15931451990969236	0.16045983985968348	0.08114466043540602	0.08156563618966217	0.0560019119565016	0.0564382152395005
min_ff_n40C_1v95	u_memory.g_read[1].g_bank[0].g_slice[0].u_sram/din[31]	input	0.1575932023767379	0.15873539982447227	0.08053823580267405	0.08102010035093699	0.05504069557982563	0.055477093730514626
min_ff_n40C_1v95	u_memory.g_read[1].g_bank[0].g_slice[0].u_sram/wmask[0]	input	0.25448274043604613	0.2562656753468673	0.11471337768576007	0.11525324444816576	0.09188958323630772	0.09255526981768666
min_ff_n40C_1v95	u_memory.g_read[1].g_bank[0].g_slice[0].u_sram/wmask[1]	input	0.2417598898851736	0.24354268601811668	0.10964503610599863	0.11018239098881111	0.08714249889177003	0.08780818547314898
min_ff_n40C_1v95	u_memory.g_read[1].g_bank[0].g_slice[0].u_sram/wmask[2]	input	0.20456085436659777	0.20584699222947478	0.0913873629548867	0.09177524712411511	0.10130383267274376	0.1019695192541227
min_ff_n40C_1v95	u_memory.g_read[1].g_bank[0].g_slice[0].u_sram/wmask[3]	input	0.24059626513306398	0.24149252042526825	0.10847042014594521	0.10874041944664015	0.0858259792987752	0.086624731368036
min_ff_n40C_1v95	u_memory.g_read[1].g_bank[0].g_slice[0].u_sram/addr[0]	input	0.1274444161314392	0.12816976646679024	0.06719862860604664	0.06744207969866522	0.10260139905651083	0.10323263511385905
min_ff_n40C_1v95	u_memory.g_read[1].g_bank[0].g_slice[0].u_sram/addr[1]	input	0.11968988300470329	0.12041030672538255	0.06317987105708411	0.06341492608807897	0.0958099973056431	0.0964412401392549
min_ff_n40C_1v95	u_memory.g_read[1].g_bank[0].g_slice[0].u_sram/addr[2]	input	0.12110600022818829	0.1218314615858418	0.06447446049273609	0.06471809893549008	0.09672566025041573	0.09735690308402753
min_ff_n40C_1v95	u_memory.g_read[1].g_bank[0].g_slice[0].u_sram/addr[3]	input	0.11997403071006829	0.12067083443589866	0.06338742725153779	0.06361560583867387	0.09620277664768029	0.0968340127050285
min_ff_n40C_1v95	u_memory.g_read[1].g_bank[0].g_slice[0].u_sram/addr[4]	input	0.12833460683037146	0.12904548263303894	0.06796745111170566	0.06820794623552118	0.10266914813976402	0.10330039097337582
min_ff_n40C_1v95	u_memory.g_read[1].g_bank[0].g_slice[0].u_sram/addr[5]	input	0.12812775840309598	0.12883986932887836	0.06698089999312984	0.06721394274489256	0.10284847517909312	0.1034797247889685
min_ff_n40C_1v95	u_memory.g_read[1].g_bank[0].g_slice[0].u_sram/addr[6]	input	0.12003466276500063	0.12073962663006199	0.0638978522871092	0.06413250486225763	0.09587748889088032	0.0965087385007557
min_ff_n40C_1v95	u_memory.g_read[1].g_bank[0].g_slice[0].u_sram/addr[7]	input	0.12104318936057012	0.12174737606951425	0.06399721724781315	0.06422933018779275	0.09688319482607788	0.09751443765968967
min_ff_n40C_1v95	u_memory.g_read[1].g_bank[0].g_slice[0].u_sram/addr[8]	input	0.14251598512426966	0.14323987829190088	0.07285971131976154	0.073101150133148	0.11661835776569096	0.11724960737556633
min_ff_n40C_1v95	u_memory.g_read[1].g_bank[0].g_slice[0].u_sram/we	input	0.23367091595005718	0.23477178534569987	0.12685602568396348	0.12732286058803055	0.13248243105855317	0.13439695591230955
min_ff_n40C_1v95	u_memory.g_read[1].g_bank[0].g_slice[0].u_sram/ce	input	0.03925331934495624	0.04000691097849618	0.032696251955899314	0.033101302948645994	0.006915719929503298	0.007230760281707379
min_ff_n40C_1v95	u_memory.g_read[1].g_bank[0].g_slice[0].u_sram/clk	input	0.06959277598639346	0.16406201397423104	0.07040182326001343	0.1571902330521624	0.06996771326379936	0.23307861174957922
min_ff_n40C_1v95	u_memory.g_read[1].g_bank[0].g_slice[0].u_sram/rstb	input	0.0	0.0	0.0	0.0	0.08034156971431158	0.3426279713506647
min_ff_n40C_1v95	u_memory.g_read[1].g_bank[1].g_slice[0].u_sram/dout[0]	output	0.13138030940940126	0.1313523040336051	0.06891844039902395	0.0689219098459759	0.010637282850075366	0.011524282199912913
min_ff_n40C_1v95	u_memory.g_read[1].g_bank[1].g_slice[0].u_sram/dout[1]	output	0.13063049253414505	0.13060345860349543	0.06857449330599508	0.06857819173644586	0.01046198260537751	0.011348981955215057
min_ff_n40C_1v95	u_memory.g_read[1].g_bank[1].g_slice[0].u_sram/dout[2]	output	0.13094146600334255	0.13091430717260266	0.06871739982594605	0.06872099417298827	0.010534764758403283	0.01142176410824083
min_ff_n40C_1v95	u_memory.g_read[1].g_bank[1].g_slice[0].u_sram/dout[3]	output	0.13114713481865437	0.13111990659897543	0.06881279573933696	0.06881634151412186	0.010583176079470655	0.011470175429308203
min_ff_n40C_1v95	u_memory.g_read[1].g_bank[1].g_slice[0].u_sram/dout[4]	output	0.13138774790366625	0.13136039478389705	0.06892235393518575	0.06892582338213771	0.01063917850981132	0.011526177859648868
min_ff_n40C_1v95	u_memory.g_read[1].g_bank[1].g_slice[0].u_sram/dout[5]	output	0.13377619845211797	0.1337506772003394	0.07002304291958694	0.07002585317161802	0.01119926549365607	0.012086264843493618
min_ff_n40C_1v95	u_memory.g_read[1].g_bank[1].g_slice[0].u_sram/dout[6]	output	0.1326950910263136	0.1326672244283955	0.0695257185157061	0.0695281887619359	0.010945853564628318	0.011832852914465865
min_ff_n40C_1v95	u_memory.g_read[1].g_bank[1].g_slice[0].u_sram/dout[7]	output	0.13269269016902285	0.13266414355950218	0.06952424053130457	0.06952798059511878	0.010945375838046067	0.011832375187883614
min_ff_n40C_1v95	u_memory.g_read[1].g_bank[1].g_slice[0].u_sram/dout[8]	output	0.1293796320078755	0.12935311155537477	0.06799721202765951	0.06800125046391159	0.010168534817064836	0.011055534166902383
min_ff_n40C_1v95	u_memory.g_read[1].g_bank[1].g_slice[0].u_sram/dout[9]	output	0.1339206384676217	0.13389644948347268	0.07008917057849118	0.07009193225826493	0.011232733459467983	0.01211973280930553
min_ff_n40C_1v95	u_memory.g_read[1].g_bank[1].g_slice[0].u_sram/dout[10]	output	0.13007075971849247	0.13004396171023558	0.06831618604152823	0.06832003018875099	0.010330719603607406	0.011217718953444953
min_ff_n40C_1v95	u_memory.g_read[1].g_bank[1].g_slice[0].u_sram/dout[11]	output	0.13329229386904728	0.13326419134873646	0.0698004362642557	0.06980337835527095	0.011085987542455017	0.011972986892292564
min_ff_n40C_1v95	u_memory.g_read[1].g_bank[1].g_slice[0].u_sram/dout[12]	output	0.1301462965175304	0.13011881849767093	0.0683511233723344	0.06835434995799972	0.010348220998363574	0.011235220348201121
min_ff_n40C_1v95	u_memory.g_read[1].g_bank[1].g_slice[0].u_sram/dout[13]	output	0.1330658916387506	0.13303719237356404	0.06969651245025688	0.0696988716741842	0.01103280234369692	0.011919801693534467
min_ff_n40C_1v95	u_memory.g_read[1].g_bank[1].g_slice[0].u_sram/dout[14]	output	0.1317955605761867	0.13176737478914902	0.0691103355099365	0.069113693934586	0.010734822082083487	0.011621821431921035
min_ff_n40C_1v95	u_memory.g_read[1].g_bank[1].g_slice[0].u_sram/dout[15]	output	0.13319598202166105	0.13316724112311107	0.0697560481599524	0.06975901106764937	0.011063391244521114	0.011950391441391608
min_ff_n40C_1v95	u_memory.g_read[1].g_bank[1].g_slice[0].u_sram/dout[16]	output	0.1321513037888522	0.13212297922393645	0.06927426687841631	0.06927752121965725	0.010818244662992669	0.011705244012830216
min_ff_n40C_1v95	u_memory.g_read[1].g_bank[1].g_slice[0].u_sram/dout[17]	output	0.13360484940605488	0.13357799588664676	0.06994379381231042	0.06994664569770492	0.01115902888756265	0.012046028237400197
min_ff_n40C_1v95	u_memory.g_read[1].g_bank[1].g_slice[0].u_sram/dout[18]	output	0.1307721292365116	0.13074438753868378	0.0686393650251027	0.06864301488329616	0.010495063477132527	0.011382062826970074
min_ff_n40C_1v95	u_memory.g_read[1].g_bank[1].g_slice[0].u_sram/dout[19]	output	0.13307237256565685	0.13304365942268248	0.06969952393021117	0.0697018831541385	0.011034329544100819	0.011921328893938366
min_ff_n40C_1v95	u_memory.g_read[1].g_bank[1].g_slice[0].u_sram/dout[20]	output	0.13136808307834258	0.13134010545812203	0.06891422155153037	0.06891769793737623	0.010634859488813271	0.011521858838650818
min_ff_n40C_1v95	u_memory.g_read[1].g_bank[1].g_slice[0].u_sram/dout[21]	output	0.1314722081202646	0.13144416111110502	0.06896091336860977	0.06896436199888001	0.010658869484736141	0.011545868834573689
min_ff_n40C_1v95	u_memory.g_read[1].g_bank[1].g_slice[0].u_sram/dout[22]	output	0.1318717635090394	0.1318442299780287	0.06914682021408325	0.06915078926139628	0.010753184062314066	0.011640183412151613
min_ff_n40C_1v95	u_memory.g_read[1].g_bank[1].g_slice[0].u_sram/dout[23]	output	0.13362234929648054	0.13359549577707241	0.0699528213132794	0.06995501400375304	0.011163236100211662	0.012050235450049209
min_ff_n40C_1v95	u_memory.g_read[1].g_bank[1].g_slice[0].u_sram/dout[24]	output	0.13195936010568232	0.13193111880749342	0.06918709355430153	0.06918978584513624	0.010773439161181758	0.011660438511019305
min_ff_n40C_1v95	u_memory.g_read[1].g_bank[1].g_slice[0].u_sram/dout[25]	output	0.1300164975681639	0.12998906118166786	0.06829107418448999	0.06829432852573092	0.010317722730064736	0.011204722079902283
min_ff_n40C_1v95	u_memory.g_read[1].g_bank[1].g_slice[0].u_sram/dout[26]	output	0.13287297651043417	0.13284505440136485	0.06960886728135662	0.06961128895532909	0.010987957878370435	0.011874957228207982
min_ff_n40C_1v95	u_memory.g_read[1].g_bank[1].g_slice[0].u_sram/dout[27]	output	0.1315332565088312	0.13150651401172553	0.06899086857359293	0.06899367882562402	0.010673623104611417	0.011560622454448964
min_ff_n40C_1v95	u_memory.g_read[1].g_bank[1].g_slice[0].u_sram/dout[28]	output	0.135390892941345	0.135378472321257	0.07076349228807288	0.0707658445731063	0.011576450112101358	0.012463449461938905
min_ff_n40C_1v95	u_memory.g_read[1].g_bank[1].g_slice[0].u_sram/dout[29]	output	0.13441403545755293	0.1343939126652316	0.07031623200370873	0.07031819571068354	0.011348273835671153	0.0122352731855087
min_ff_n40C_1v95	u_memory.g_read[1].g_bank[1].g_slice[0].u_sram/dout[30]	output	0.13595963244128484	0.1359522772137467	0.07102552573856613	0.07102771842903977	0.011709742604813084	0.012596741954650631
min_ff_n40C_1v95	u_memory.g_read[1].g_bank[1].g_slice[0].u_sram/dout[31]	output	0.13240566976158163	0.1323779003081782	0.06939165908548262	0.06939485097667841	0.010877957097642308	0.011764956447479855
min_ff_n40C_1v95	u_memory.g_read[1].g_bank[1].g_slice[0].u_sram/din[0]	input	0.13097585516153032	0.13180777302945756	0.06520273904131457	0.06549685099832558	0.06219872029531934	0.06288242496155227
min_ff_n40C_1v95	u_memory.g_read[1].g_bank[1].g_slice[0].u_sram/din[1]	input	0.14205793485988494	0.14289514016496696	0.07079649366747987	0.07110845939850563	0.06780931068386953	0.06849302212636604
min_ff_n40C_1v95	u_memory.g_read[1].g_bank[1].g_slice[0].u_sram/din[2]	input	0.17116698336483438	0.17230621096597787	0.08593097761133706	0.08641203724790714	0.060026948147350045	0.06071065281358298
min_ff_n40C_1v95	u_memory.g_read[1].g_bank[1].g_slice[0].u_sram/din[3]	input	0.19190474209729302	0.1930831883267814	0.09007729284693511	0.09045493520876136	0.06786562821046657	0.06854933287669951
min_ff_n40C_1v95	u_memory.g_read[1].g_bank[1].g_slice[0].u_sram/din[4]	input	0.1609507249700215	0.16178357264973187	0.07816148422934432	0.07846810007317018	0.07804715397184345	0.07873085863807638
min_ff_n40C_1v95	u_memory.g_read[1].g_bank[1].g_slice[0].u_sram/din[5]	input	0.22530664833819714	0.2264859827461052	0.10320547194631047	0.10359720026276165	0.0802424126493742	0.08092611053934357
min_ff_n40C_1v95	u_memory.g_read[1].g_bank[1].g_slice[0].u_sram/din[6]	input	0.2205577803726655	0.22173704539163452	0.10124960592161614	0.101639696659106	0.07853436054684054	0.07921807198933706
min_ff_n40C_1v95	u_memory.g_read[1].g_bank[1].g_slice[0].u_sram/din[7]	input	0.16187377827048266	0.16270733371737123	0.07869675050509173	0.07900628068435722	0.07852139077835218	0.07920508866832154
min_ff_n40C_1v95	u_memory.g_read[1].g_bank[1].g_slice[0].u_sram/din[8]	input	0.13491489869732476	0.13574548429762245	0.06684434256110094	0.06714866856993851	0.0642238134418785	0.06490751810811143
min_ff_n40C_1v95	u_memory.g_read[1].g_bank[1].g_slice[0].u_sram/din[9]	input	0.17316355294116903	0.17401617646850553	0.07954088776518375	0.0798201366114526	0.08478076097065412	0.08546445886062348
min_ff_n40C_1v95	u_memory.g_read[1].g_bank[1].g_slice[0].u_sram/din[10]	input	0.2365894702371918	0.2377701091571538	0.10743900213938673	0.10788347992729541	0.08460198280867484	0.08528568747490778
min_ff_n40C_1v95	u_memory.g_read[1].g_bank[1].g_slice[0].u_sram/din[11]	input	0.13069224868988982	0.13152524902526608	0.06515397249495791	0.06545849279282479	0.06212358508476609	0.06280728975099903
min_ff_n40C_1v95	u_memory.g_read[1].g_bank[1].g_slice[0].u_sram/din[12]	input	0.1466155530316371	0.14745039911279179	0.07225898351892468	0.07256651529674585	0.0703913855914888	0.07107509025772174
min_ff_n40C_1v95	u_memory.g_read[1].g_bank[1].g_slice[0].u_sram/din[13]	input	0.163411978393313	0.16424582527374554	0.07959313069738627	0.0799032437437397	0.07927157736654922	0.07995528880904573
min_ff_n40C_1v95	u_memory.g_read[1].g_bank[1].g_slice[0].u_sram/din[14]	input	0.16857605589226665	0.16940450431324194	0.07770355886504987	0.07798166279382457	0.08236189914757538	0.08304560381380832
min_ff_n40C_1v95	u_memory.g_read[1].g_bank[1].g_slice[0].u_sram/din[15]	input	0.12913908831180265	0.1299727964143571	0.06451934125850656	0.06482333420043673	0.061267099249820434	0.06195079713978979
min_ff_n40C_1v95	u_memory.g_read[1].g_bank[1].g_slice[0].u_sram/din[16]	input	0.14586930274784748	0.14670371861758014	0.07196204743209478	0.07227028697709414	0.06998434899088343	0.07066805365711637
min_ff_n40C_1v95	u_memory.g_read[1].g_bank[1].g_slice[0].u_sram/din[17]	input	0.160749510924596	0.16158371862751153	0.07820227104771149	0.0785116485713111	0.07793540660917808	0.07861910449914744
min_ff_n40C_1v95	u_memory.g_read[1].g_bank[1].g_slice[0].u_sram/din[18]	input	0.1757597262175281	0.17690673925763178	0.08818572955204829	0.08866891249015296	0.06174244058729239	0.06242613847726175
min_ff_n40C_1v95	u_memory.g_read[1].g_bank[1].g_slice[0].u_sram/din[19]	input	0.16553618198411613	0.16607118458189518	0.07913509431078936	0.07782637728714903	0.0806090898241088	0.08129280126660532
min_ff_n40C_1v95	u_memory.g_read[1].g_bank[1].g_slice[0].u_sram/din[20]	input	0.16137331748655726	0.16219929566130276	0.07847987537612511	0.07879014801703832	0.07830616309458666	0.07898987453708317
min_ff_n40C_1v95	u_memory.g_read[1].g_bank[1].g_slice[0].u_sram/din[21]	input	0.13522213904160196	0.13605416793183167	0.0672031666426598	0.06749657083249261	0.06444112143856248	0.06512482610479542
min_ff_n40C_1v95	u_memory.g_read[1].g_bank[1].g_slice[0].u_sram/din[22]	input	0.13393737507971792	0.1347705697041235	0.06646815736699452	0.06677273317601262	0.06386372279534175	0.06454742746157469
min_ff_n40C_1v95	u_memory.g_read[1].g_bank[1].g_slice[0].u_sram/din[23]	input	0.15540854714224395	0.15624605775865774	0.07663462225915296	0.07695021009279657	0.07489804810427783	0.07558175277051077
min_ff_n40C_1v95	u_memory.g_read[1].g_bank[1].g_slice[0].u_sram/din[24]	input	0.19651719140867385	0.1973537444577289	0.08850152555250901	0.0887879630928623	0.09671293442741619	0.09758262720007543
min_ff_n40C_1v95	u_memory.g_read[1].g_bank[1].g_slice[0].u_sram/din[25]	input	0.16671868052764438	0.16754729548207337	0.07644986033117362	0.07672391194590844	0.08146789314119815	0.08215159780743109
min_ff_n40C_1v95	u_memory.g_read[1].g_bank[1].g_slice[0].u_sram/din[26]	input	0.18316299865706043	0.18401494217279435	0.08308424781500179	0.08340876600509972	0.08974434693651001	0.09061405326169641
min_ff_n40C_1v95	u_memory.g_read[1].g_bank[1].g_slice[0].u_sram/din[27]	input	0.13276867105727064	0.1336013383257395	0.06571700128521485	0.06601997420974115	0.06325516011592563	0.063938858005895
min_ff_n40C_1v95	u_memory.g_read[1].g_bank[1].g_slice[0].u_sram/din[28]	input	0.2012726374456264	0.2021863232393173	0.10800242644659619	0.10842365200103288	0.09302302173995122	0.09396772097415573
min_ff_n40C_1v95	u_memory.g_read[1].g_bank[1].g_slice[0].u_sram/din[29]	input	0.20247462040323683	0.20338163098099216	0.1060904974981014	0.10650515885890499	0.09477061334046272	0.09564030611312196
min_ff_n40C_1v95	u_memory.g_read[1].g_bank[1].g_slice[0].u_sram/din[30]	input	0.1277962319301551	0.12863014819952667	0.06380641154324351	0.06410999509043336	0.06064011868599922	0.06132383012849574
min_ff_n40C_1v95	u_memory.g_read[1].g_bank[1].g_slice[0].u_sram/din[31]	input	0.2580353986036954	0.25929516866973756	0.13256824804575018	0.1331848936692026	0.08877420283256998	0.08945790072253934
min_ff_n40C_1v95	u_memory.g_read[1].g_bank[1].g_slice[0].u_sram/wmask[0]	input	0.25448221308010943	0.2562651479909306	0.11471214950153907	0.11525205789730819	0.09188958323630772	0.09255526981768666
min_ff_n40C_1v95	u_memory.g_read[1].g_bank[1].g_slice[0].u_sram/wmask[1]	input	0.2417627209538864	0.2435455725979807	0.10965153784958659	0.11018898987691372	0.08714249889177003	0.08780818547314898
min_ff_n40C_1v95	u_memory.g_read[1].g_bank[1].g_slice[0].u_sram/wmask[2]	input	0.20416587864779956	0.20544847767478558	0.09046519783284523	0.09084621249710878	0.10130383267274376	0.1019695192541227
min_ff_n40C_1v95	u_memory.g_read[1].g_bank[1].g_slice[0].u_sram/wmask[3]	input	0.12916577529775708	0.12978758345827401	0.06443152955615261	0.06462500673487526	0.060401682299478926	0.06137942937115351
min_ff_n40C_1v95	u_memory.g_read[1].g_bank[1].g_slice[0].u_sram/addr[0]	input	0.1266500654351077	0.12736761645371075	0.06569254168420358	0.06592355134005246	0.10260139905651083	0.10323263511385905
min_ff_n40C_1v95	u_memory.g_read[1].g_bank[1].g_slice[0].u_sram/addr[1]	input	0.11919319697906161	0.11990670956141258	0.062249670695901926	0.0624739218690884	0.0958099973056431	0.0964412401392549
min_ff_n40C_1v95	u_memory.g_read[1].g_bank[1].g_slice[0].u_sram/addr[2]	input	0.12054149345352982	0.12125914161664753	0.06342894959265877	0.06366063232121633	0.09672566025041573	0.09735690308402753
min_ff_n40C_1v95	u_memory.g_read[1].g_bank[1].g_slice[0].u_sram/addr[3]	input	0.11948454725629887	0.12017428718813505	0.06247191652875017	0.06268918023577541	0.09620277664768029	0.0968340127050285
min_ff_n40C_1v95	u_memory.g_read[1].g_bank[1].g_slice[0].u_sram/addr[4]	input	0.1277315614389707	0.12843427710240718	0.06683668896112493	0.06706481203710979	0.10266914813976402	0.10330039097337582
min_ff_n40C_1v95	u_memory.g_read[1].g_bank[1].g_slice[0].u_sram/addr[5]	input	0.12760635603736858	0.12831136153579337	0.06598668833568411	0.0662086566127762	0.10284847517909312	0.1034797247889685
min_ff_n40C_1v95	u_memory.g_read[1].g_bank[1].g_slice[0].u_sram/addr[6]	input	0.11949854994419695	0.12019595041490305	0.06290355736293662	0.06312662892415943	0.09587748889088032	0.0965087385007557
min_ff_n40C_1v95	u_memory.g_read[1].g_bank[1].g_slice[0].u_sram/addr[7]	input	0.12050815900721545	0.12120476844401651	0.06299559485167805	0.06321598106096005	0.09688319482607788	0.09751443765968967
min_ff_n40C_1v95	u_memory.g_read[1].g_bank[1].g_slice[0].u_sram/addr[8]	input	0.14193238251358764	0.1426494339318296	0.07171207377920652	0.0719427226125724	0.11661835776569096	0.11724960737556633
min_ff_n40C_1v95	u_memory.g_read[1].g_bank[1].g_slice[0].u_sram/we	input	0.23204570209767184	0.2331259074672687	0.12408103711170071	0.12452194830814278	0.13248243105855317	0.13439695591230955
min_ff_n40C_1v95	u_memory.g_read[1].g_bank[1].g_slice[0].u_sram/ce	input	0.18920072453187942	0.19015077012962678	0.12547336780688312	0.12605248789210322	0.05950829970935087	0.059823341755620846
min_ff_n40C_1v95	u_memory.g_read[1].g_bank[1].g_slice[0].u_sram/clk	input	0.06904168209365125	0.1641121960549441	0.07037675303633861	0.15741995207374515	0.0702841851016843	0.23339506325867343
min_ff_n40C_1v95	u_memory.g_read[1].g_bank[1].g_slice[0].u_sram/rstb	input	0.0	0.0	0.0	0.0	0.080747915136032	0.34303430321985795
min_ff_n40C_1v95	u_memory.g_read[1].g_bank[2].g_slice[0].u_sram/dout[0]	output	0.13253038944061046	0.13250213426463375	0.06944797514840673	0.06945086172827075	0.010906709631036855	0.011793708980874403
min_ff_n40C_1v95	u_memory.g_read[1].g_bank[2].g_slice[0].u_sram/dout[1]	output	0.1313725656038045	0.1313441300165863	0.06891644199757962	0.06891973797218398	0.010635853905493348	0.011522853255330895
min_ff_n40C_1v95	u_memory.g_read[1].g_bank[2].g_slice[0].u_sram/dout[2]	output	0.13350368033293591	0.1334750643344762	0.06989718526195787	0.06989975265270232	0.011135156110977235	0.012022155460814782
min_ff_n40C_1v95	u_memory.g_read[1].g_bank[2].g_slice[0].u_sram/dout[3]	output	0.13260158249206455	0.13257261954890964	0.06948171898946143	0.0694852300697768	0.010923709582288249	0.011810708932125796
min_ff_n40C_1v95	u_memory.g_read[1].g_bank[2].g_slice[0].u_sram/dout[4]	output	0.12991999143174837	0.1298921387116181	0.06824579096287309	0.06824957959894462	0.010294961260706118	0.011181960610543665
min_ff_n40C_1v95	u_memory.g_read[1].g_bank[2].g_slice[0].u_sram/dout[5]	output	0.1319254011589166	0.13189740966090824	0.06917111328164083	0.06917422190610978	0.010765455028620939	0.011652454378458486
min_ff_n40C_1v95	u_memory.g_read[1].g_bank[2].g_slice[0].u_sram/dout[6]	output	0.13149631383768678	0.13146782273931734	0.06897298704400256	0.0689762483241374	0.010664721635368721	0.011551720985206269
min_ff_n40C_1v95	u_memory.g_read[1].g_bank[2].g_slice[0].u_sram/dout[7]	output	0.13199527582052895	0.13196724268915716	0.06920269218779751	0.06920577999558475	0.010781645216374758	0.011668645413245252
min_ff_n40C_1v95	u_memory.g_read[1].g_bank[2].g_slice[0].u_sram/dout[8]	output	0.13096901341214107	0.13094070272501313	0.06872889063425092	0.06873232538673335	0.010540749046175635	0.011427748396013182
min_ff_n40C_1v95	u_memory.g_read[1].g_bank[2].g_slice[0].u_sram/dout[9]	output	0.13223006023466155	0.13220126382496034	0.0693109944438497	0.06931399898491009	0.01083673539223123	0.011723734742068777
min_ff_n40C_1v95	u_memory.g_read[1].g_bank[2].g_slice[0].u_sram/dout[10]	output	0.1318488512813687	0.13182087366114814	0.0691348228665234	0.06913795230767406	0.010747185374981611	0.011634184724819158
min_ff_n40C_1v95	u_memory.g_read[1].g_bank[2].g_slice[0].u_sram/dout[11]	output	0.13360976214293885	0.13358247841210869	0.06994613915844994	0.06994931717185793	0.011160061420725353	0.0120470607705629
min_ff_n40C_1v95	u_memory.g_read[1].g_bank[2].g_slice[0].u_sram/dout[12]	output	0.13016980549007684	0.1301418556254319	0.06836121252407068	0.06836492483230927	0.010353604739776322	0.01124060408961387
min_ff_n40C_1v95	u_memory.g_read[1].g_bank[2].g_slice[0].u_sram/dout[13]	output	0.1345546313258339	0.13453620162362512	0.07038015309435153	0.07038235966261297	0.011381026905675582	0.01226802625551313
min_ff_n40C_1v95	u_memory.g_read[1].g_bank[2].g_slice[0].u_sram/dout[14]	output	0.1309591463050097	0.13093151562948435	0.06872498403698302	0.06872843266725326	0.010538638240071077	0.011425638436941572
min_ff_n40C_1v95	u_memory.g_read[1].g_bank[2].g_slice[0].u_sram/dout[15]	output	0.1314359454607228	0.13140813437395593	0.06894484289032832	0.06894812498714487	0.010650466070866432	0.011537465420703979
min_ff_n40C_1v95	u_memory.g_read[1].g_bank[2].g_slice[0].u_sram/dout[16]	output	0.13112247398971988	0.1310947878030433	0.06880050695823314	0.06880388619956435	0.010577006291482855	0.011464005641320402
min_ff_n40C_1v95	u_memory.g_read[1].g_bank[2].g_slice[0].u_sram/dout[17]	output	0.1332601667902722	0.13323094016914894	0.0697851845754549	0.0697878352329262	0.011078164346154176	0.011965163695991723
min_ff_n40C_1v95	u_memory.g_read[1].g_bank[2].g_slice[0].u_sram/dout[18]	output	0.1309585911934974	0.13093097439575985	0.06872503260924034	0.06872848123951059	0.010538602664687292	0.011425602861557787
min_ff_n40C_1v95	u_memory.g_read[1].g_bank[2].g_slice[0].u_sram/dout[19]	output	0.13429450607116422	0.13427259304421568	0.0702604086022518	0.07026269843724009	0.01132004138050622	0.012207040730343767
min_ff_n40C_1v95	u_memory.g_read[1].g_bank[2].g_slice[0].u_sram/dout[20]	output	0.13326345582598265	0.13323490921646197	0.0697867805210528	0.0697894311785241	0.011078963098223437	0.011965962448060984
min_ff_n40C_1v95	u_memory.g_read[1].g_bank[2].g_slice[0].u_sram/dout[21]	output	0.13297758727492948	0.13294913780992346	0.06965385906942956	0.0696565999325216	0.011011524029028944	0.011898523378866491
min_ff_n40C_1v95	u_memory.g_read[1].g_bank[2].g_slice[0].u_sram/dout[22]	output	0.13191205072704548	0.13188339309522235	0.06916436173787233	0.06916747730123518	0.010762137200566544	0.011649136550404091
min_ff_n40C_1v95	u_memory.g_read[1].g_bank[2].g_slice[0].u_sram/dout[23]	output	0.13086488837021903	0.13083732708363272	0.06868199758924831	0.06868547397509417	0.01051668484014414	0.011403684189981687
min_ff_n40C_1v95	u_memory.g_read[1].g_bank[2].g_slice[0].u_sram/dout[24]	output	0.13172646307069158	0.1316978887055953	0.06907893701502132	0.06908211502842931	0.010718649682021561	0.011605649031859108
min_ff_n40C_1v95	u_memory.g_read[1].g_bank[2].g_slice[0].u_sram/dout[25]	output	0.12973631891011195	0.12970918783494767	0.06816137237963815	0.06816523040464872	0.010251987044127171	0.011138986393964719
min_ff_n40C_1v95	u_memory.g_read[1].g_bank[2].g_slice[0].u_sram/dout[26]	output	0.13298247225623783	0.13295269052360226	0.06965727300523028	0.06966002080721623	0.011012991937126536	0.011899991286964083
min_ff_n40C_1v95	u_memory.g_read[1].g_bank[2].g_slice[0].u_sram/dout[27]	output	0.13362952411277718	0.13360225425973482	0.06995621443239841	0.06995874018977943	0.011164959812259324	0.012051959162096872
min_ff_n40C_1v95	u_memory.g_read[1].g_bank[2].g_slice[0].u_sram/dout[28]	output	0.13196724268915716	0.13193857117954622	0.06919054912346567	0.06919364387014681	0.010775317033225821	0.011662316383063368
min_ff_n40C_1v95	u_memory.g_read[1].g_bank[2].g_slice[0].u_sram/dout[29]	output	0.13144726973557397	0.1314194447710193	0.06894963072712201	0.06895289894615075	0.010652981758719777	0.011539981108557324
min_ff_n40C_1v95	u_memory.g_read[1].g_bank[2].g_slice[0].u_sram/dout[30]	output	0.1332926546915303	0.13326412195979742	0.069800269730802	0.06980291344937939	0.011085824065096197	0.011972823414933744
min_ff_n40C_1v95	u_memory.g_read[1].g_bank[2].g_slice[0].u_sram/dout[31]	output	0.12980577723809006	0.12977861840735017	0.06819329129159613	0.06819712849992499	0.010268237371220245	0.011155236721057792
min_ff_n40C_1v95	u_memory.g_read[1].g_bank[2].g_slice[0].u_sram/din[0]	input	0.19207455070890944	0.1933319754288121	0.11934539467794991	0.1183542430727158	0.060669175304221834	0.062306876238288345
min_ff_n40C_1v95	u_memory.g_read[1].g_bank[2].g_slice[0].u_sram/din[1]	input	0.18955577385515454	0.19076826229813548	0.11971844349201177	0.12001566407349173	0.0598326726705678	0.06147037360463431
min_ff_n40C_1v95	u_memory.g_read[1].g_bank[2].g_slice[0].u_sram/din[2]	input	0.26552116061395736	0.26670510244741763	0.11876800931620579	0.11922503262429274	0.09488783592409913	0.09583252838204007
min_ff_n40C_1v95	u_memory.g_read[1].g_bank[2].g_slice[0].u_sram/din[3]	input	0.22821805556461072	0.2289628486806805	0.13246538588251866	0.13280510025026615	0.12765132104564786	0.12859602705611595
min_ff_n40C_1v95	u_memory.g_read[1].g_bank[2].g_slice[0].u_sram/din[4]	input	0.1886359540792526	0.18988348393644827	0.11838172109257528	0.11841201630335974	0.05993954112345698	0.06157724205752349
min_ff_n40C_1v95	u_memory.g_read[1].g_bank[2].g_slice[0].u_sram/din[5]	input	0.20953780377475084	0.21028373486942087	0.12235204516208853	0.12269271709719476	0.11644328621988886	0.11738799223035695
min_ff_n40C_1v95	u_memory.g_read[1].g_bank[2].g_slice[0].u_sram/din[6]	input	0.2061357751159676	0.20688578628025311	0.12085520084692547	0.12120045245200828	0.11426052974865958	0.11520523575912767
min_ff_n40C_1v95	u_memory.g_read[1].g_bank[2].g_slice[0].u_sram/din[7]	input	0.18100577980906252	0.18225655706860522	0.1136663541068117	0.11429135415852443	0.05708695777380257	0.05872465870786908
min_ff_n40C_1v95	u_memory.g_read[1].g_bank[2].g_slice[0].u_sram/din[8]	input	0.20886319063162517	0.21014004425445876	0.12590462006301095	0.12652891234754549	0.06670560642480644	0.06834330735887295
min_ff_n40C_1v95	u_memory.g_read[1].g_bank[2].g_slice[0].u_sram/din[9]	input	0.18275515822896438	0.1840127356045329	0.1147519718136536	0.1153806425402415	0.057411967703795835	0.05904966186159877
min_ff_n40C_1v95	u_memory.g_read[1].g_bank[2].g_slice[0].u_sram/din[10]	input	0.17653215000912326	0.1777966801563835	0.11229726870620738	0.11301983654510295	0.05558039786876176	0.05678609505906963
min_ff_n40C_1v95	u_memory.g_read[1].g_bank[2].g_slice[0].u_sram/din[11]	input	0.17300379184792547	0.17426197984615754	0.10926361204699475	0.10989385790249884	0.05399523330621575	0.05563293762841405
min_ff_n40C_1v95	u_memory.g_read[1].g_bank[2].g_slice[0].u_sram/din[12]	input	0.18457399497684435	0.18583400096527924	0.11628252527540184	0.11691692058946046	0.057967113097426304	0.059604814031492814
min_ff_n40C_1v95	u_memory.g_read[1].g_bank[2].g_slice[0].u_sram/din[13]	input	0.17884592418138112	0.1801055554695452	0.11261340471246939	0.1132437060791247	0.056026377656150095	0.05766407181395303
min_ff_n40C_1v95	u_memory.g_read[1].g_bank[2].g_slice[0].u_sram/din[14]	input	0.18064386098082252	0.18190486616997958	0.11394986343393754	0.11458411303122418	0.05659945304320804	0.05823715397727455
min_ff_n40C_1v95	u_memory.g_read[1].g_bank[2].g_slice[0].u_sram/din[15]	input	0.17949451647236714	0.1808086319554647	0.11324485793551275	0.11387807363760771	0.056234605459639514	0.0578723131699696
min_ff_n40C_1v95	u_memory.g_read[1].g_bank[2].g_slice[0].u_sram/din[16]	input	0.18558324321737985	0.1867700161195529	0.11662000531931227	0.11725108384208482	0.05846937653009379	0.06033407551776088
min_ff_n40C_1v95	u_memory.g_read[1].g_bank[2].g_slice[0].u_sram/din[17]	input	0.17910396776787962	0.18036663829157362	0.11304731456496242	0.11368049557258786	0.056051890288521394	0.057689591222587905
min_ff_n40C_1v95	u_memory.g_read[1].g_bank[2].g_slice[0].u_sram/din[18]	input	0.16203217934052105	0.16327852958575306	0.10298913805106835	0.10369623909545211	0.0507393674059782	0.05187006491100439
min_ff_n40C_1v95	u_memory.g_read[1].g_bank[2].g_slice[0].u_sram/din[19]	input	0.17722513734330647	0.1784855319098	0.11213986683689114	0.11277328376690932	0.05537801120447661	0.05701571213854312
min_ff_n40C_1v95	u_memory.g_read[1].g_bank[2].g_slice[0].u_sram/din[20]	input	0.16093430754704485	0.16218189291539176	0.10248320247985276	0.10311047848876598	0.050069801413700835	0.051707498959635556
min_ff_n40C_1v95	u_memory.g_read[1].g_bank[2].g_slice[0].u_sram/din[21]	input	0.18984333549632026	0.19109698545793918	0.11891830575816442	0.117638551677679	0.06015866515877988	0.06179636609284639
min_ff_n40C_1v95	u_memory.g_read[1].g_bank[2].g_slice[0].u_sram/din[22]	input	0.1713987979323761	0.1726600112883503	0.10830196461864006	0.1089317733238282	0.053430872194119156	0.055068573128185666
min_ff_n40C_1v95	u_memory.g_read[1].g_bank[2].g_slice[0].u_sram/din[23]	input	0.17864246193433075	0.1798949045284104	0.11240570974013764	0.1130309387753492	0.056255801612111606	0.057893509322441694
min_ff_n40C_1v95	u_memory.g_read[1].g_bank[2].g_slice[0].u_sram/din[24]	input	0.15287024424104345	0.15411814879850994	0.0982329773080437	0.09886154395122304	0.04751894814051735	0.04887665047540769
min_ff_n40C_1v95	u_memory.g_read[1].g_bank[2].g_slice[0].u_sram/din[25]	input	0.18074089447317476	0.18198899331967056	0.11321329984603778	0.11383870929249085	0.0567749684342745	0.058639670810073374
min_ff_n40C_1v95	u_memory.g_read[1].g_bank[2].g_slice[0].u_sram/din[26]	input	0.21659196658418978	0.21871060518208196	0.10150685153531569	0.10216230639237267	0.0429781739168765	0.04433587286363505
min_ff_n40C_1v95	u_memory.g_read[1].g_bank[2].g_slice[0].u_sram/din[27]	input	0.17715066913392974	0.17840998123297425	0.1112362146837853	0.11186462173240486	0.05525299930585724	0.057117694905392535
min_ff_n40C_1v95	u_memory.g_read[1].g_bank[2].g_slice[0].u_sram/din[28]	input	0.1847246661190738	0.18597894058114406	0.11600308214010369	0.1166317875611611	0.05846207171795667	0.0598197774409788
min_ff_n40C_1v95	u_memory.g_read[1].g_bank[2].g_slice[0].u_sram/din[29]	input	0.1730404292077381	0.17429571674831834	0.10899849772760817	0.10962356022936603	0.05440533277795839	0.055763031724716944
min_ff_n40C_1v95	u_memory.g_read[1].g_bank[2].g_slice[0].u_sram/din[30]	input	0.1643150199237553	0.1655654224830272	0.10390181770514317	0.10452182175324509	0.05131839912872124	0.05295610006278775
min_ff_n40C_1v95	u_memory.g_read[1].g_bank[2].g_slice[0].u_sram/din[31]	input	0.198543403939766	0.20260365607427389	0.09276079210307486	0.09444172527350858	0.017682046555026962	0.018118444705715955
min_ff_n40C_1v95	u_memory.g_read[1].g_bank[2].g_slice[0].u_sram/wmask[0]	input	0.1697429141689355	0.17150733611082103	0.08577276389143407	0.0863474985957069	0.059741531925443236	0.0604072117305586
min_ff_n40C_1v95	u_memory.g_read[1].g_bank[2].g_slice[0].u_sram/wmask[1]	input	0.21187435139680133	0.2136656684914584	0.09789261068426924	0.09842826553807527	0.07558792594663036	0.0762536125280093
min_ff_n40C_1v95	u_memory.g_read[1].g_bank[2].g_slice[0].u_sram/wmask[2]	input	0.2572301538439348	0.2582087044178394	0.15605246261873873	0.15649299911491	0.08332042195947909	0.08441417866360962
min_ff_n40C_1v95	u_memory.g_read[1].g_bank[2].g_slice[0].u_sram/wmask[3]	input	0.14921322510907942	0.15046371093507815	0.07289050613090708	0.07329948453760338	0.07217394948832653	0.07283963606970548
min_ff_n40C_1v95	u_memory.g_read[1].g_bank[2].g_slice[0].u_sram/addr[0]	input	0.1765059487457421	0.1782104602776613	0.08831375214457537	0.08885487484677768	0.06231430302316987	0.06294553908051809
min_ff_n40C_1v95	u_memory.g_read[1].g_bank[2].g_slice[0].u_sram/addr[1]	input	0.18023336989525518	0.18186784023210834	0.09100823566976501	0.09154680485901068	0.06349636799424935	0.06412761082786114
min_ff_n40C_1v95	u_memory.g_read[1].g_bank[2].g_slice[0].u_sram/addr[2]	input	0.1852974301774779	0.18696598436118705	0.08794057843042324	0.08841476856202846	0.06554251499174546	0.06617375782535725
min_ff_n40C_1v95	u_memory.g_read[1].g_bank[2].g_slice[0].u_sram/addr[3]	input	0.16269101343890924	0.1643530034289853	0.08252932365282462	0.08304802678882339	0.05731376609202296	0.057945008925634756
min_ff_n40C_1v95	u_memory.g_read[1].g_bank[2].g_slice[0].u_sram/addr[4]	input	0.16303151884056177	0.16469130226237638	0.08263349032811007	0.08315088201316101	0.05744929136358365	0.058080534197195444
min_ff_n40C_1v95	u_memory.g_read[1].g_bank[2].g_slice[0].u_sram/addr[5]	input	0.14022506766853127	0.14127156389154294	0.0884679413060141	0.0889062296005605	0.07444372673642494	0.07591033379140966
min_ff_n40C_1v95	u_memory.g_read[1].g_bank[2].g_slice[0].u_sram/addr[6]	input	0.14090402455924078	0.1419575151873076	0.08906721887802505	0.08951007296476021	0.07459954014113826	0.0760661404198594
min_ff_n40C_1v95	u_memory.g_read[1].g_bank[2].g_slice[0].u_sram/addr[7]	input	0.14123603675475493	0.1422827133890081	0.08905182841134618	0.08948989466128765	0.07505093416312544	0.07651753444184659
min_ff_n40C_1v95	u_memory.g_read[1].g_bank[2].g_slice[0].u_sram/addr[8]	input	0.20187827798334723	0.20358713326285027	0.09385935084704755	0.09434966002919154	0.07186109617519226	0.07249233900880406
min_ff_n40C_1v95	u_memory.g_read[1].g_bank[2].g_slice[0].u_sram/we	input	0.16916233691599558	0.17013321307324247	0.11103877539664353	0.11147729267468875	0.14826266841842795	0.14921058637783202
min_ff_n40C_1v95	u_memory.g_read[1].g_bank[2].g_slice[0].u_sram/ce	input	0.11426086465871066	0.1171780589226401	0.08304191362329405	0.0839718711231896	0.009957883652313322	0.010272924004517403
min_ff_n40C_1v95	u_memory.g_read[1].g_bank[2].g_slice[0].u_sram/clk	input	0.07014144820516321	0.16419245130183668	0.07154588033131404	0.15775432349318663	0.06992100447895597	0.2330318826359451
min_ff_n40C_1v95	u_memory.g_read[1].g_bank[2].g_slice[0].u_sram/rstb	input	0.0	0.0	0.0	0.0	0.081219353345683	0.34350574142950896
min_ff_n40C_1v95	u_memory.g_read[1].g_bank[3].g_slice[0].u_sram/dout[0]	output	0.13054278491519966	0.13051634772942577	0.068532977903768	0.06853641959514434	0.010441082914436958	0.011328082264274505
min_ff_n40C_1v95	u_memory.g_read[1].g_bank[3].g_slice[0].u_sram/dout[1]	output	0.13000378551453196	0.1299775842511508	0.06828628634769629	0.0682898668169507	0.010315251934957595	0.011202251284795142
min_ff_n40C_1v95	u_memory.g_read[1].g_bank[3].g_slice[0].u_sram/dout[2]	output	0.13238904417178787	0.13236053919563062	0.06938461610817015	0.06938758595476102	0.010874200506521235	0.011761199856358782
min_ff_n40C_1v95	u_memory.g_read[1].g_bank[3].g_slice[0].u_sram/dout[3]	output	0.13172837820540906	0.1317014691748497	0.06907983213233493	0.0690829685123795	0.010719215500030327	0.011606215696900821
min_ff_n40C_1v95	u_memory.g_read[1].g_bank[3].g_slice[0].u_sram/dout[4]	output	0.13071323190505524	0.13068607307431535	0.06861140822156386	0.06861479440178897	0.010480940049770009	0.011367939399607556
min_ff_n40C_1v95	u_memory.g_read[1].g_bank[3].g_slice[0].u_sram/dout[5]	output	0.1310054981162878	0.13097826989660888	0.06874801422585008	0.06875134489492396	0.010550122312769951	0.011437121662607498
min_ff_n40C_1v95	u_memory.g_read[1].g_bank[3].g_slice[0].u_sram/dout[6]	output	0.13112878838317243	0.13110212915279362	0.06880395558850338	0.06880724462421384	0.01057875710858483	0.011465756458422377
min_ff_n40C_1v95	u_memory.g_read[1].g_bank[3].g_slice[0].u_sram/dout[7]	output	0.1318501002822714	0.131823121862773	0.06913651595663595	0.0691383755802022	0.010747748651891535	0.011634748001729082
min_ff_n40C_1v95	u_memory.g_read[1].g_bank[3].g_slice[0].u_sram/dout[8]	output	0.13120018960144364	0.13117282260388663	0.06883535408341857	0.0688386223024473	0.010594967625129383	0.01148196697496693
min_ff_n40C_1v95	u_memory.g_read[1].g_bank[3].g_slice[0].u_sram/dout[9]	output	0.1299447077718341	0.12991788200800158	0.06825903037244174	0.06826202797460823	0.010301153918583494	0.011188153268421042
min_ff_n40C_1v95	u_memory.g_read[1].g_bank[3].g_slice[0].u_sram/dout[10]	output	0.12948241090438017	0.12945579330736479	0.068045125090066	0.06804883739830458	0.010192721842873682	0.01107972119271123
min_ff_n40C_1v95	u_memory.g_read[1].g_bank[3].g_slice[0].u_sram/dout[11]	output	0.13168059698198675	0.13165238343937347	0.06905791216649249	0.06906106242432486	0.01070798214908384	0.011594981498921388
min_ff_n40C_1v95	u_memory.g_read[1].g_bank[3].g_slice[0].u_sram/dout[12]	output	0.1290075962723236	0.12898115908654972	0.06782668177107709	0.06783051204051205	0.010081619919314125	0.010968619269151672
min_ff_n40C_1v95	u_memory.g_read[1].g_bank[3].g_slice[0].u_sram/dout[13]	output	0.13024108180825777	0.13021415889991061	0.06839564331562187	0.06839855765106151	0.010370635184213817	0.011257634534051365
min_ff_n40C_1v95	u_memory.g_read[1].g_bank[3].g_slice[0].u_sram/dout[14]	output	0.12952680594757737	0.1294995222167472	0.06806562952155204	0.06806932795200282	0.010203136112960174	0.011090135462797721
min_ff_n40C_1v95	u_memory.g_read[1].g_bank[3].g_slice[0].u_sram/dout[15]	output	0.13024953338103273	0.13022258271710996	0.06839899480137746	0.06840251282058674	0.010372635029002285	0.011259634378839832
min_ff_n40C_1v95	u_memory.g_read[1].g_bank[3].g_slice[0].u_sram/dout[16]	output	0.1306490610142319	0.1306225960728824	0.0685828824287249	0.06858629636452562	0.010466282144617773	0.01135328149445532
min_ff_n40C_1v95	u_memory.g_read[1].g_bank[3].g_slice[0].u_sram/dout[17]	output	0.13066443760312296	0.13063666814971953	0.06859036255635331	0.06859316586949049	0.010469763450030988	0.011356762799868535
min_ff_n40C_1v95	u_memory.g_read[1].g_bank[3].g_slice[0].u_sram/dout[18]	output	0.1297062179883568	0.12967950324682676	0.06814883379835379	0.06815249059544115	0.010245408986258794	0.011132408336096342
min_ff_n40C_1v95	u_memory.g_read[1].g_bank[3].g_slice[0].u_sram/dout[19]	output	0.13081344341081547	0.13078627070228777	0.06865894658369953	0.06866170826347329	0.010504671371853232	0.01139167072169078
min_ff_n40C_1v95	u_memory.g_read[1].g_bank[3].g_slice[0].u_sram/dout[20]	output	0.13048118141512077	0.13045413360668334	0.06850595785090619	0.06850941342007033	0.01042706113102811	0.011314060480865657
min_ff_n40C_1v95	u_memory.g_read[1].g_bank[3].g_slice[0].u_sram/dout[21]	output	0.1306666441713844	0.13063951309622013	0.06859024459515695	0.06859365159206376	0.010470174261010406	0.011357173610847954
min_ff_n40C_1v95	u_memory.g_read[1].g_bank[3].g_slice[0].u_sram/dout[22]	output	0.13099560325358084	0.13096899953435326	0.06874285862767948	0.06874618235785945	0.010547615095246078	0.011434614445083625
min_ff_n40C_1v95	u_memory.g_read[1].g_bank[3].g_slice[0].u_sram/dout[23]	output	0.1309032049423564	0.13087662897870445	0.06870022606353388	0.06870357754928946	0.010525936133994052	0.011412935483831599
min_ff_n40C_1v95	u_memory.g_read[1].g_bank[3].g_slice[0].u_sram/dout[24]	output	0.131429575556119	0.13140279142564992	0.06894274040547543	0.0689453355517955	0.01064914639353461	0.011536145743372157
min_ff_n40C_1v95	u_memory.g_read[1].g_bank[3].g_slice[0].u_sram/dout[25]	output	0.12851091024668193	0.1284853057281765	0.06759798276689821	0.06760136200822942	0.009965127478078241	0.010852126827915788
min_ff_n40C_1v95	u_memory.g_read[1].g_bank[3].g_slice[0].u_sram/dout[26]	output	0.13172817003859194	0.1317012748858204	0.06908095623314736	0.06908409261319193	0.010719551772110387	0.011606551121947934
min_ff_n40C_1v95	u_memory.g_read[1].g_bank[3].g_slice[0].u_sram/dout[27]	output	0.13046662361571038	0.13043958968506075	0.06849920630713768	0.06850266881519573	0.010423634035723519	0.011310634232594013
min_ff_n40C_1v95	u_memory.g_read[1].g_bank[3].g_slice[0].u_sram/dout[28]	output	0.13050117930735183	0.13047478375494137	0.0685150408630264	0.06851848949329664	0.010431709647842641	0.011318708997680189
min_ff_n40C_1v95	u_memory.g_read[1].g_bank[3].g_slice[0].u_sram/dout[29]	output	0.1290722112523568	0.1290457463110073	0.0678558112476857	0.06785963457822675	0.010096507370395066	0.010983506720232614
min_ff_n40C_1v95	u_memory.g_read[1].g_bank[3].g_slice[0].u_sram/dout[30]	output	0.13021883571440185	0.13019255118429385	0.06838531824149285	0.06838885013848994	0.010365641924989753	0.0112526412748273
min_ff_n40C_1v95	u_memory.g_read[1].g_bank[3].g_slice[0].u_sram/dout[31]	output	0.12896912704452035	0.12894271761432208	0.06780848105236714	0.0678123251995899	0.010072404200847998	0.010959403550685545
min_ff_n40C_1v95	u_memory.g_read[1].g_bank[3].g_slice[0].u_sram/din[0]	input	0.18679836844004427	0.1879694594419945	0.08843352439225072	0.08880956386958516	0.06629327756234663	0.06672958084534553
min_ff_n40C_1v95	u_memory.g_read[1].g_bank[3].g_slice[0].u_sram/din[1]	input	0.21792938287301666	0.21911142344954726	0.10052358945245032	0.10091413815693784	0.07783826209452338	0.07827456537752228
min_ff_n40C_1v95	u_memory.g_read[1].g_bank[3].g_slice[0].u_sram/din[2]	input	0.17418229358856507	0.17532277019061127	0.08782092414394427	0.08830921410796222	0.061419199262092994	0.061855604189045565
min_ff_n40C_1v95	u_memory.g_read[1].g_bank[3].g_slice[0].u_sram/din[3]	input	0.19661430816775294	0.19779444748735386	0.09234164821680935	0.0927297752473244	0.06978277547822764	0.07021907876122654
min_ff_n40C_1v95	u_memory.g_read[1].g_bank[3].g_slice[0].u_sram/din[4]	input	0.16685117176784559	0.1680000305537277	0.08438524184972707	0.08481020052908406	0.058820041393993494	0.059256344676992395
min_ff_n40C_1v95	u_memory.g_read[1].g_bank[3].g_slice[0].u_sram/din[5]	input	0.1739660360211559	0.17510928818076366	0.0879367620387761	0.08836677223289513	0.06147894557806052	0.061915248861059424
min_ff_n40C_1v95	u_memory.g_read[1].g_bank[3].g_slice[0].u_sram/din[6]	input	0.1783036773783664	0.17944655483770333	0.08980372695477357	0.09023184283085683	0.06315818500786038	0.06359448829085929
min_ff_n40C_1v95	u_memory.g_read[1].g_bank[3].g_slice[0].u_sram/din[7]	input	0.190013699219449	0.19119730798600187	0.0898259938653112	0.09020413582749853	0.06745370592382144	0.06789001598308392
min_ff_n40C_1v95	u_memory.g_read[1].g_bank[3].g_slice[0].u_sram/din[8]	input	0.18516212174635172	0.18630533227259605	0.08792162831117167	0.08830016579031152	0.0659308965387205	0.0663671998217194
min_ff_n40C_1v95	u_memory.g_read[1].g_bank[3].g_slice[0].u_sram/din[9]	input	0.19337191570212298	0.19454562960596888	0.09099323378114477	0.09138136081165982	0.06906545376838408	0.0695017502751194
min_ff_n40C_1v95	u_memory.g_read[1].g_bank[3].g_slice[0].u_sram/din[10]	input	0.21451274090367178	0.21569557251410743	0.099226064864677	0.09967048020254055	0.07658431451940811	0.07702071944636069
min_ff_n40C_1v95	u_memory.g_read[1].g_bank[3].g_slice[0].u_sram/din[11]	input	0.17341962588179882	0.17456920631264694	0.08756377567475937	0.0879895115102336	0.061378927927648735	0.061815231210647636
min_ff_n40C_1v95	u_memory.g_read[1].g_bank[3].g_slice[0].u_sram/din[12]	input	0.17391479922856945	0.17506436578162976	0.08786778249447735	0.08829733472159873	0.06152697573430163	0.06196327901730053
min_ff_n40C_1v95	u_memory.g_read[1].g_bank[3].g_slice[0].u_sram/din[13]	input	0.21495681623573404	0.21613977274625995	0.09938982276080921	0.09978078086003705	0.07674953337796775	0.07718584343723023
min_ff_n40C_1v95	u_memory.g_read[1].g_bank[3].g_slice[0].u_sram/din[14]	input	0.19008430940381515	0.19126780714806557	0.08986154875767483	0.09023993358114879	0.06747230676734314	0.06790861005034204
min_ff_n40C_1v95	u_memory.g_read[1].g_bank[3].g_slice[0].u_sram/din[15]	input	0.1865492482711062	0.18771670329265078	0.08837462706079435	0.08875194329460712	0.06621828465332852	0.06665458793632742
min_ff_n40C_1v95	u_memory.g_read[1].g_bank[3].g_slice[0].u_sram/din[16]	input	0.12493389656142995	0.12575986085838764	0.06277323799652734	0.06307441374753253	0.059578989690996925	0.060015292973995826
min_ff_n40C_1v95	u_memory.g_read[1].g_bank[3].g_slice[0].u_sram/din[17]	input	0.2231405060726388	0.2243234209498013	0.10267149630482919	0.10306296788220592	0.07974817908904669	0.08018448237204559
min_ff_n40C_1v95	u_memory.g_read[1].g_bank[3].g_slice[0].u_sram/din[18]	input	0.2161922585397491	0.2173650426318119	0.09988590510268125	0.10033045227952897	0.07723028217377498	0.07766668710072755
min_ff_n40C_1v95	u_memory.g_read[1].g_bank[3].g_slice[0].u_sram/din[19]	input	0.17349235936769958	0.17464095447561334	0.08715563687422545	0.08757918695811995	0.06140387135387948	0.0618401678606148
min_ff_n40C_1v95	u_memory.g_read[1].g_bank[3].g_slice[0].u_sram/din[20]	input	0.27188473694650384	0.2730581871723814	0.12187288678244812	0.12226716861185594	0.09776955720713909	0.09820586049013799
min_ff_n40C_1v95	u_memory.g_read[1].g_bank[3].g_slice[0].u_sram/din[21]	input	0.20682543178107693	0.20801049771534963	0.09638935483113897	0.09678217949282697	0.07364456809134945	0.07408087137434835
min_ff_n40C_1v95	u_memory.g_read[1].g_bank[3].g_slice[0].u_sram/din[22]	input	0.22242051256338158	0.22360324702930257	0.10232550223809866	0.10271707789888396	0.07952215004113777	0.07995845332413667
min_ff_n40C_1v95	u_memory.g_read[1].g_bank[3].g_slice[0].u_sram/din[23]	input	0.21983956322024767	0.22102206176377592	0.10130161987031983	0.10169295266981848	0.07855735918542439	0.07899366246842329
min_ff_n40C_1v95	u_memory.g_read[1].g_bank[3].g_slice[0].u_sram/din[24]	input	0.2271290239219681	0.22824320211611848	0.10415732165647285	0.10454886956168252	0.08126356846552968	0.08169987852479216
min_ff_n40C_1v95	u_memory.g_read[1].g_bank[3].g_slice[0].u_sram/din[25]	input	0.1657272374888663	0.16628740051594093	0.07830214948656433	0.07712800537129638	0.08089834141120078	0.08133464469419968
min_ff_n40C_1v95	u_memory.g_read[1].g_bank[3].g_slice[0].u_sram/din[26]	input	0.19226693848128917	0.19345605672960176	0.09094319047830979	0.0913774264588163	0.06810490485367054	0.06854130978062312
min_ff_n40C_1v95	u_memory.g_read[1].g_bank[3].g_slice[0].u_sram/din[27]	input	0.12473889976494235	0.12556634898519548	0.06270172575595367	0.06300254068447586	0.05951371394394972	0.0599500240032122
min_ff_n40C_1v95	u_memory.g_read[1].g_bank[3].g_slice[0].u_sram/din[28]	input	0.22447518843726755	0.22565797841433977	0.1031321902877913	0.10352388390977296	0.08025681898574111	0.08069312226874001
min_ff_n40C_1v95	u_memory.g_read[1].g_bank[3].g_slice[0].u_sram/din[29]	input	0.1718209186041264	0.17297051291276233	0.08644492760501166	0.0868669650100351	0.060776213163700465	0.06121251644669937
min_ff_n40C_1v95	u_memory.g_read[1].g_bank[3].g_slice[0].u_sram/din[30]	input	0.17091186799156333	0.1720633219237655	0.0866554397682684	0.08708302134952106	0.060432094170417144	0.060868397453416045
min_ff_n40C_1v95	u_memory.g_read[1].g_bank[3].g_slice[0].u_sram/din[31]	input	0.1698285123641341	0.17096889182166564	0.08603733697709615	0.08652000643705193	0.05997753563333902	0.06041393378402801
min_ff_n40C_1v95	u_memory.g_read[1].g_bank[3].g_slice[0].u_sram/wmask[0]	input	0.169962613427721	0.17172881172644594	0.08625505171222514	0.08683263136299857	0.059741531925443236	0.0604072117305586
min_ff_n40C_1v95	u_memory.g_read[1].g_bank[3].g_slice[0].u_sram/wmask[1]	input	0.21227408719681762	0.2140675414707971	0.09879669304879712	0.0993366985890809	0.07558792594663036	0.0762536125280093
min_ff_n40C_1v95	u_memory.g_read[1].g_bank[3].g_slice[0].u_sram/wmask[2]	input	0.24805454912346647	0.24895560613025225	0.1125787935096767	0.1128526300187005	0.08883413210765412	0.08916696862208001
min_ff_n40C_1v95	u_memory.g_read[1].g_bank[3].g_slice[0].u_sram/wmask[3]	input	0.1495886192692808	0.15084125615238975	0.07365617143983982	0.07406907726048573	0.07217394948832653	0.07283963606970548
min_ff_n40C_1v95	u_memory.g_read[1].g_bank[3].g_slice[0].u_sram/addr[0]	input	0.1766810725500889	0.17838729104990847	0.08870935930271884	0.08925291755668141	0.06231430302316987	0.06294553908051809
min_ff_n40C_1v95	u_memory.g_read[1].g_bank[3].g_slice[0].u_sram/addr[1]	input	0.180493772705681	0.1821318373895764	0.09152454488736694	0.09206854029164546	0.06349636799424935	0.06412761082786114
min_ff_n40C_1v95	u_memory.g_read[1].g_bank[3].g_slice[0].u_sram/addr[2]	input	0.18556391145896356	0.1872358101895344	0.0885263737315789	0.08900668396760736	0.06554251499174546	0.06617375782535725
min_ff_n40C_1v95	u_memory.g_read[1].g_bank[3].g_slice[0].u_sram/addr[3]	input	0.16281584414024053	0.16447949946485352	0.08281860613967851	0.08333973788854365	0.05731376609202296	0.057945008925634756
min_ff_n40C_1v95	u_memory.g_read[1].g_bank[3].g_slice[0].u_sram/addr[4]	input	0.16314868900302315	0.164809971225921	0.08284407188030585	0.08336378115592069	0.05744929136358365	0.058080534197195444
min_ff_n40C_1v95	u_memory.g_read[1].g_bank[3].g_slice[0].u_sram/addr[5]	input	0.14052874142134186	0.14157951200299834	0.08894351227750619	0.08938694923132928	0.07444372673642494	0.07591033379140966
min_ff_n40C_1v95	u_memory.g_read[1].g_bank[3].g_slice[0].u_sram/addr[6]	input	0.14125635383610557	0.14231474332326854	0.0896197976940627	0.09006863310734303	0.07459954014113826	0.0760661404198594
min_ff_n40C_1v95	u_memory.g_read[1].g_bank[3].g_slice[0].u_sram/addr[7]	input	0.1415376982283334	0.14258859371008015	0.0895247834198365	0.08996796363458515	0.07505093416312544	0.07651753444184659
min_ff_n40C_1v95	u_memory.g_read[1].g_bank[3].g_slice[0].u_sram/addr[8]	input	0.20205452588850648	0.20376533793609042	0.09425705355115	0.09475089463029107	0.07186109617519226	0.07249233900880406
min_ff_n40C_1v95	u_memory.g_read[1].g_bank[3].g_slice[0].u_sram/we	input	0.17479759306660014	0.17580904787539708	0.11936643340426656	0.11985279435577922	0.14826266841842795	0.14921058637783202
min_ff_n40C_1v95	u_memory.g_read[1].g_bank[3].g_slice[0].u_sram/ce	input	0.160479227129251	0.1616582562258273	0.08647905308523107	0.09001964451638145	0.0522740962387129	0.05258913828498288
min_ff_n40C_1v95	u_memory.g_read[1].g_bank[3].g_slice[0].u_sram/clk	input	0.06861954754411315	0.1637419366762316	0.06980458572281023	0.15691989374566617	0.06975864520362626	0.2328695504656697
min_ff_n40C_1v95	u_memory.g_read[1].g_bank[3].g_slice[0].u_sram/rstb	input	0.0	0.0	0.0	0.0	0.08027386128863986	0.34256023581993866
nom_tt_025C_1v80	u_memory.g_read[0].g_bank[0].g_slice[0].u_sram/dout[0]	output	0.16584629503046955	0.1658575776719573	0.0958546853002673	0.09585027910263832	0.010191298827522295	0.011063298917929863
nom_tt_025C_1v80	u_memory.g_read[0].g_bank[0].g_slice[0].u_sram/dout[1]	output	0.16644013944855374	0.16645099187861945	0.09617251439664187	0.09616921148314361	0.01030288271282884	0.011174882803236409
nom_tt_025C_1v80	u_memory.g_read[0].g_bank[0].g_slice[0].u_sram/dout[2]	output	0.16580919970365926	0.16581981621133224	0.09583409760205441	0.095830877955283	0.01018430064131208	0.011056300731719648
nom_tt_025C_1v80	u_memory.g_read[0].g_bank[0].g_slice[0].u_sram/dout[3]	output	0.1673699234761017	0.1673811228508626	0.09667099759580466	0.0966669799762343	0.010477613751386141	0.011349613841793709
nom_tt_025C_1v80	u_memory.g_read[0].g_bank[0].g_slice[0].u_sram/dout[4]	output	0.16681617198699428	0.16682717707272587	0.0963743113091553	0.09637095982339972	0.010373595564364471	0.01124559565477204
nom_tt_025C_1v80	u_memory.g_read[0].g_bank[0].g_slice[0].u_sram/dout[5]	output	0.16502452182542982	0.16503544364443457	0.09541359369258373	0.09540988832323904	0.010036943166511197	0.010908943256918765
nom_tt_025C_1v80	u_memory.g_read[0].g_bank[0].g_slice[0].u_sram/dout[6]	output	0.1674810984342301	0.16749235332014223	0.09673050554992457	0.09672707773633604	0.010498484643206487	0.011370484733614055
nom_tt_025C_1v80	u_memory.g_read[0].g_bank[0].g_slice[0].u_sram/dout[7]	output	0.16492934795664382	0.16494024202007296	0.09536295364487302	0.09535983808151016	0.010019196132200325	0.010891196222607893
nom_tt_025C_1v80	u_memory.g_read[0].g_bank[0].g_slice[0].u_sram/dout[8]	output	0.16802161051376885	0.1680330735664981	0.09702012804257976	0.09701602715628255	0.010600041352483436	0.011472041442891004
nom_tt_025C_1v80	u_memory.g_read[0].g_bank[0].g_slice[0].u_sram/dout[9]	output	0.1652127185058916	0.16522311296895964	0.09551463092671852	0.09551089780179822	0.010072327967882745	0.010944328058290313
nom_tt_025C_1v80	u_memory.g_read[0].g_bank[0].g_slice[0].u_sram/dout[10]	output	0.16719403639342545	0.16720581863527428	0.09657696864451282	0.09657358246428771	0.010444659934573212	0.01131666002498078
nom_tt_025C_1v80	u_memory.g_read[0].g_bank[0].g_slice[0].u_sram/dout[11]	output	0.16641719946530742	0.16642805189537313	0.09616022561553805	0.09615633983495186	0.010298578938423841	0.01117057902883141
nom_tt_025C_1v80	u_memory.g_read[0].g_bank[0].g_slice[0].u_sram/dout[12]	output	0.16644356726214227	0.16645440581442017	0.09617453361476791	0.09617064089528782	0.010303573044680853	0.01117557313508842
nom_tt_025C_1v80	u_memory.g_read[0].g_bank[0].g_slice[0].u_sram/dout[13]	output	0.16619189358024755	0.1662026488657986	0.09603975253957842	0.09603647044276187	0.010256321311718272	0.01112832140212584
nom_tt_025C_1v80	u_memory.g_read[0].g_bank[0].g_slice[0].u_sram/dout[14]	output	0.1666942001099514	0.16670513580674395	0.09630881508959632	0.09630547748162854	0.010350647747757458	0.011222647838165026
nom_tt_025C_1v80	u_memory.g_read[0].g_bank[0].g_slice[0].u_sram/dout[15]	output	0.16586013118491394	0.16587076157037473	0.09586183929988223	0.09585860577532301	0.010193977145701513	0.011065977236109081
nom_tt_025C_1v80	u_memory.g_read[0].g_bank[0].g_slice[0].u_sram/dout[16]	output	0.16638548872016656	0.16639696565068363	0.09614378043698579	0.09614049140127534	0.010292791162295253	0.01116479125270282
nom_tt_025C_1v80	u_memory.g_read[0].g_bank[0].g_slice[0].u_sram/dout[17]	output	0.1654917591853433	0.16550225079292602	0.09566434450158923	0.09566058362109331	0.01012477370687789	0.010996774644318405
nom_tt_025C_1v80	u_memory.g_read[0].g_bank[0].g_slice[0].u_sram/dout[18]	output	0.1671600358132963	0.16717116579911817	0.09655841404221377	0.09655442417821902	0.010438153874505352	0.01131015396491292
nom_tt_025C_1v80	u_memory.g_read[0].g_bank[0].g_slice[0].u_sram/dout[19]	output	0.165337035729074	0.16534748570329327	0.09558127206377165	0.09557810792815147	0.010095679819205599	0.010967679909613167
nom_tt_025C_1v80	u_memory.g_read[0].g_bank[0].g_slice[0].u_sram/dout[20]	output	0.1663622850589519	0.16637373423389334	0.09613096429994528	0.09612708545825299	0.010288302734707752	0.01116030282511532
nom_tt_025C_1v80	u_memory.g_read[0].g_bank[0].g_slice[0].u_sram/dout[21]	output	0.16571571892498582	0.16572629379929538	0.09578449144953538	0.09578068893567604	0.010166865315125798	0.011038866252566313
nom_tt_025C_1v80	u_memory.g_read[0].g_bank[0].g_slice[0].u_sram/dout[22]	output	0.16629431165426922	0.16630574695142286	0.096094590618101	0.09609130852128445	0.01027554726555505	0.011147547355962618
nom_tt_025C_1v80	u_memory.g_read[0].g_bank[0].g_slice[0].u_sram/dout[23]	output	0.1650207887005095	0.16503172439730207	0.09541173406901748	0.09540860462786682	0.010036276551581708	0.010908276641989276
nom_tt_025C_1v80	u_memory.g_read[0].g_bank[0].g_slice[0].u_sram/dout[24]	output	0.1671259103330769	0.16713701256332314	0.09654047700147217	0.09653650101526523	0.010431832467619993	0.011303832558027561
nom_tt_025C_1v80	u_memory.g_read[0].g_bank[0].g_slice[0].u_sram/dout[25]	output	0.1667064403187979	0.16671737601559045	0.09631547642774407	0.0963121388197763	0.01035297285319767	0.011224972943605239
nom_tt_025C_1v80	u_memory.g_read[0].g_bank[0].g_slice[0].u_sram/dout[26]	output	0.1664006571422405	0.16641213407275757	0.09615081647540435	0.0961475135619061	0.010295328873005227	0.011167328963412795
nom_tt_025C_1v80	u_memory.g_read[0].g_bank[0].g_slice[0].u_sram/dout[27]	output	0.16774459599133706	0.16775593414397605	0.096871573262991	0.09686811075493296	0.01054795983765561	0.011419959928063179
nom_tt_025C_1v80	u_memory.g_read[0].g_bank[0].g_slice[0].u_sram/dout[28]	output	0.16605676556036286	0.166068742091241	0.09596717170934355	0.09596391736810261	0.010230933193190218	0.011102933283597786
nom_tt_025C_1v80	u_memory.g_read[0].g_bank[0].g_slice[0].u_sram/dout[29]	output	0.16883262843325753	0.16884438291953074	0.09745451667875216	0.09745092927060384	0.010752395474640172	0.01162439556504774
nom_tt_025C_1v80	u_memory.g_read[0].g_bank[0].g_slice[0].u_sram/dout[30]	output	0.1670836802247777	0.16709478245502396	0.09651713456237943	0.09651375532104822	0.010423715350886455	0.011295715441294023
nom_tt_025C_1v80	u_memory.g_read[0].g_bank[0].g_slice[0].u_sram/dout[31]	output	0.16565572524829264	0.1656662862448144	0.09575196191491386	0.09574875614593026	0.010155504062204276	0.011027504152611844
nom_tt_025C_1v80	u_memory.g_read[0].g_bank[0].g_slice[0].u_sram/din[0]	input	0.2890175598846412	0.29050464811497534	0.14009236826151295	0.1405959376699073	0.07758675429556106	0.07800475489063569
nom_tt_025C_1v80	u_memory.g_read[0].g_bank[0].g_slice[0].u_sram/din[1]	input	0.28974248000857017	0.2912327323745245	0.14042979279427215	0.14093411160320812	0.077747744765648	0.07816574536072263
nom_tt_025C_1v80	u_memory.g_read[0].g_bank[0].g_slice[0].u_sram/din[2]	input	0.23637669599452238	0.2379043906319822	0.11867284932520761	0.11928731613597421	0.0630494666350144	0.06348187356645593
nom_tt_025C_1v80	u_memory.g_read[0].g_bank[0].g_slice[0].u_sram/din[3]	input	0.21537636951673989	0.2168552004633284	0.10973599806618495	0.110230852223836	0.057145409823426696	0.057563410418501326
nom_tt_025C_1v80	u_memory.g_read[0].g_bank[0].g_slice[0].u_sram/din[4]	input	0.29224064834743047	0.2937338705599757	0.14174809936928767	0.14225505495790713	0.07835600928946668	0.07877400988454131
nom_tt_025C_1v80	u_memory.g_read[0].g_bank[0].g_slice[0].u_sram/din[5]	input	0.21551416207188367	0.21699364527449916	0.11009267802952749	0.11059024529469497	0.05722774820216339	0.05764574879723802
nom_tt_025C_1v80	u_memory.g_read[0].g_bank[0].g_slice[0].u_sram/din[6]	input	0.290091339838483	0.29158281344976444	0.1405551092181767	0.14105917822693215	0.07786312420559119	0.07828112480066582
nom_tt_025C_1v80	u_memory.g_read[0].g_bank[0].g_slice[0].u_sram/din[7]	input	0.2927953712816844	0.2942869281596927	0.14209469711978784	0.14260244374231235	0.07855355770155711	0.07897155829663174
nom_tt_025C_1v80	u_memory.g_read[0].g_bank[0].g_slice[0].u_sram/din[8]	input	0.2902840467999823	0.2917702468518968	0.14062261077807392	0.14112649937558785	0.07792794594297867	0.0783459465380533
nom_tt_025C_1v80	u_memory.g_read[0].g_bank[0].g_slice[0].u_sram/din[9]	input	0.2894592621149883	0.2909510132820259	0.1404771438062724	0.14098390510586256	0.07761357474680292	0.07803157534187755
nom_tt_025C_1v80	u_memory.g_read[0].g_bank[0].g_slice[0].u_sram/din[10]	input	0.2378134356106898	0.23934085269239347	0.11928673326888628	0.11990214376922381	0.06344608134223675	0.06387848149741471
nom_tt_025C_1v80	u_memory.g_read[0].g_bank[0].g_slice[0].u_sram/din[11]	input	0.28785340777659485	0.2893399686509923	0.13963828704444126	0.1401419952307137	0.07723114953551297	0.0776491501305876
nom_tt_025C_1v80	u_memory.g_read[0].g_bank[0].g_slice[0].u_sram/din[12]	input	0.2255539505169324	0.2270329341191868	0.11419814399671324	0.11469618310666618	0.06003144758636586	0.06044944818144049
nom_tt_025C_1v80	u_memory.g_read[0].g_bank[0].g_slice[0].u_sram/din[13]	input	0.2278491700868912	0.2293370354733426	0.1149533732092145	0.11545377848198868	0.0602760707015329	0.06069407129660753
nom_tt_025C_1v80	u_memory.g_read[0].g_bank[0].g_slice[0].u_sram/din[14]	input	0.23305263274764343	0.23454055364524606	0.11717257719645602	0.11767382901428647	0.06174450057142011	0.06216250794275832
nom_tt_025C_1v80	u_memory.g_read[0].g_bank[0].g_slice[0].u_sram/din[15]	input	0.21507327863101722	0.21654987525376868	0.10964212870945289	0.11013689266148319	0.057009308569461875	0.057427309164536505
nom_tt_025C_1v80	u_memory.g_read[0].g_bank[0].g_slice[0].u_sram/din[16]	input	0.2478988403442628	0.24938481835157233	0.12311444919088643	0.1236157426420803	0.06594124389320416	0.06635924448827879
nom_tt_025C_1v80	u_memory.g_read[0].g_bank[0].g_slice[0].u_sram/din[17]	input	0.22322638182359356	0.22470467153645757	0.11318990189579381	0.11368722629967465	0.0593576227124297	0.05977562330750433
nom_tt_025C_1v80	u_memory.g_read[0].g_bank[0].g_slice[0].u_sram/din[18]	input	0.285260176591251	0.2867978909915081	0.1386097486788529	0.13922965558244016	0.07650106134508838	0.07693346827652991
nom_tt_025C_1v80	u_memory.g_read[0].g_bank[0].g_slice[0].u_sram/din[19]	input	0.28590715905885133	0.28739380319997565	0.13883462435249072	0.1393382215164607	0.07668164199317942	0.07709963581199047
nom_tt_025C_1v80	u_memory.g_read[0].g_bank[0].g_slice[0].u_sram/din[20]	input	0.23630991607959118	0.23778659596906948	0.11859839499361868	0.11909678798716072	0.0630333933378073	0.06345139393288193
nom_tt_025C_1v80	u_memory.g_read[0].g_bank[0].g_slice[0].u_sram/din[21]	input	0.21713662812228307	0.21861609744711075	0.11064204413768763	0.11113878567448054	0.05763927068925742	0.05805727806059563
nom_tt_025C_1v80	u_memory.g_read[0].g_bank[0].g_slice[0].u_sram/din[22]	input	0.2188405012759631	0.22032856095144382	0.11108494679668013	0.11158342999584292	0.05776314078746389	0.05818114138253852
nom_tt_025C_1v80	u_memory.g_read[0].g_bank[0].g_slice[0].u_sram/din[23]	input	0.22195144333547745	0.22343009387082446	0.1127375554021981	0.1132349977672753	0.059014506606155925	0.059432507201230556
nom_tt_025C_1v80	u_memory.g_read[0].g_bank[0].g_slice[0].u_sram/din[24]	input	0.29083727093315304	0.29232249953992095	0.14112795654330768	0.14163452355386852	0.07803805344985815	0.07845606082119636
nom_tt_025C_1v80	u_memory.g_read[0].g_bank[0].g_slice[0].u_sram/din[25]	input	0.25450730412046596	0.2559849276995152	0.12581960473490028	0.12631877488455956	0.0682534879851461	0.06867148858022074
nom_tt_025C_1v80	u_memory.g_read[0].g_bank[0].g_slice[0].u_sram/din[26]	input	0.2832996892632167	0.28483632119602476	0.13785192432003157	0.13847545332623667	0.07592986298304155	0.0763622631382195
nom_tt_025C_1v80	u_memory.g_read[0].g_bank[0].g_slice[0].u_sram/din[27]	input	0.22222071405231247	0.22370005847704988	0.11282950962421268	0.11332659810570078	0.05909550328470417	0.0595135038797788
nom_tt_025C_1v80	u_memory.g_read[0].g_bank[0].g_slice[0].u_sram/din[28]	input	0.21595207566615926	0.2174288249445766	0.11004648581280918	0.1105418118152457	0.05727616460542845	0.0576941584242395
nom_tt_025C_1v80	u_memory.g_read[0].g_bank[0].g_slice[0].u_sram/din[29]	input	0.28470240054367935	0.28618848957329135	0.1384238140778038	0.13892914596524975	0.07633076028884522	0.07674876766018343
nom_tt_025C_1v80	u_memory.g_read[0].g_bank[0].g_slice[0].u_sram/din[30]	input	0.2863120018847809	0.2878040861187259	0.13899782713711062	0.13950192390144167	0.07679656064719931	0.07721456124227394
nom_tt_025C_1v80	u_memory.g_read[0].g_bank[0].g_slice[0].u_sram/din[31]	input	0.281261458567883	0.28280358610466294	0.13684793576107523	0.1374674957199673	0.07539129910638653	0.07582369926156449
nom_tt_025C_1v80	u_memory.g_read[0].g_bank[0].g_slice[0].u_sram/wmask[0]	input	0.2357588846368941	0.23735094445420657	0.1111914449403173	0.11165548347014109	0.08728963190283989	0.08791763568246139
nom_tt_025C_1v80	u_memory.g_read[0].g_bank[0].g_slice[0].u_sram/wmask[1]	input	0.20519694277076894	0.2067799265148551	0.0991784709913901	0.09963849190164353	0.07484420391388677	0.07547221446977184
nom_tt_025C_1v80	u_memory.g_read[0].g_bank[0].g_slice[0].u_sram/wmask[2]	input	0.28248448025181006	0.2841622770421992	0.14458680086537612	0.14518518332007346	0.10178361246285933	0.10241161624248082
nom_tt_025C_1v80	u_memory.g_read[0].g_bank[0].g_slice[0].u_sram/wmask[3]	input	0.2492874517923127	0.2506200524887703	0.12797297943567543	0.12842889252073775	0.11093797186228702	0.11156596886564493
nom_tt_025C_1v80	u_memory.g_read[0].g_bank[0].g_slice[0].u_sram/addr[0]	input	0.20254403709785151	0.2034335894185446	0.10706063813259448	0.10735257127691966	0.12359267797558415	0.12418366302727885
nom_tt_025C_1v80	u_memory.g_read[0].g_bank[0].g_slice[0].u_sram/addr[1]	input	0.1763370421903332	0.17722615042181644	0.09445094012461297	0.09474039608381446	0.10644591219750865	0.10703690402546692
nom_tt_025C_1v80	u_memory.g_read[0].g_bank[0].g_slice[0].u_sram/addr[2]	input	0.16720488882349116	0.16809641179005297	0.09038868264976685	0.09068045619953224	0.1004017222551272	0.10099272085934904
nom_tt_025C_1v80	u_memory.g_read[0].g_bank[0].g_slice[0].u_sram/addr[3]	input	0.16400751590150975	0.16488067855480182	0.08868557277441624	0.08897153153109016	0.09877620504297399	0.09936719009466868
nom_tt_025C_1v80	u_memory.g_read[0].g_bank[0].g_slice[0].u_sram/addr[4]	input	0.16374150646480956	0.16461108864884721	0.08761254916000993	0.08789168698397631	0.09885598877034177	0.09944697382203646
nom_tt_025C_1v80	u_memory.g_read[0].g_bank[0].g_slice[0].u_sram/addr[5]	input	0.16404273772696598	0.16491327747836237	0.08815089630465067	0.08843119986279291	0.09930243611991699	0.09989342117161168
nom_tt_025C_1v80	u_memory.g_read[0].g_bank[0].g_slice[0].u_sram/addr[6]	input	0.16430354299323824	0.1651745545894201	0.088419278843066	0.08870081058542922	0.09944610646029847	0.10003709828825674
nom_tt_025C_1v80	u_memory.g_read[0].g_bank[0].g_slice[0].u_sram/addr[7]	input	0.16431363214497452	0.16518438006318803	0.08840907173013335	0.08869052020576973	0.09941513893574686	0.10000612398744155
nom_tt_025C_1v80	u_memory.g_read[0].g_bank[0].g_slice[0].u_sram/addr[8]	input	0.16388478074613744	0.1647568470541927	0.08823676511671152	0.0885182135923479	0.09923624557728675	0.09982723740524502
nom_tt_025C_1v80	u_memory.g_read[0].g_bank[0].g_slice[0].u_sram/we	input	0.3018011396349607	0.30314842303091893	0.1684640621446576	0.1689755280143146	0.12927242013394818	0.1298642589948537
nom_tt_025C_1v80	u_memory.g_read[0].g_bank[0].g_slice[0].u_sram/ce	input	0.051782089033336476	0.05246603151931595	0.03700394851646749	0.03723582900350131	0.012942892132941468	0.013238803093064758
nom_tt_025C_1v80	u_memory.g_read[0].g_bank[0].g_slice[0].u_sram/clk	input	0.0897331167704074	0.2174712493419051	0.08975471754713027	0.21425303198263634	0.06989062648933564	0.23805073580754343
nom_tt_025C_1v80	u_memory.g_read[0].g_bank[0].g_slice[0].u_sram/rstb	input	0.0	0.0	0.0	0.0	0.08021792323280319	0.3402816223241345
nom_tt_025C_1v80	u_memory.g_read[0].g_bank[1].g_slice[0].u_sram/dout[0]	output	0.17127990692422657	0.1712918695773169	0.09876203327374711	0.09875800871528284	0.011211057886347745	0.012083057976755313
nom_tt_025C_1v80	u_memory.g_read[0].g_bank[1].g_slice[0].u_sram/dout[1]	output	0.17100550142590265	0.17101735305669052	0.09861767652497022	0.09861367972208157	0.011160368893685206	0.012032368984092774
nom_tt_025C_1v80	u_memory.g_read[0].g_bank[1].g_slice[0].u_sram/dout[2]	output	0.16938371538710584	0.16939701030782572	0.09775032866476963	0.09774591552824674	0.010856122282327987	0.011728122372735555
nom_tt_025C_1v80	u_memory.g_read[0].g_bank[1].g_slice[0].u_sram/dout[3]	output	0.16870514707445494	0.1687174844278161	0.09738736206355014	0.09738304607154191	0.010728729374093887	0.011600729464501455
nom_tt_025C_1v80	u_memory.g_read[0].g_bank[1].g_slice[0].u_sram/dout[4]	output	0.16837888028309322	0.16839112049193972	0.09721213417579477	0.09720785981714997	0.010667341508274579	0.011539341598682147
nom_tt_025C_1v80	u_memory.g_read[0].g_bank[1].g_slice[0].u_sram/dout[5]	output	0.17548368314024287	0.17547774344706113	0.10097162689293171	0.10096639496692816	0.011986659698127143	0.012858659788534711
nom_tt_025C_1v80	u_memory.g_read[0].g_bank[1].g_slice[0].u_sram/dout[6]	output	0.17299191246156198	0.1729958537532994	0.09966245190229372	0.09965821223811844	0.011527052844683382	0.01239905293509095
nom_tt_025C_1v80	u_memory.g_read[0].g_bank[1].g_slice[0].u_sram/dout[7]	output	0.1671131288905059	0.1671248833767791	0.09653351035199265	0.09652940946569544	0.010429386236468323	0.011301386326875891
nom_tt_025C_1v80	u_memory.g_read[0].g_bank[1].g_slice[0].u_sram/dout[8]	output	0.17239003280433707	0.17239740190966302	0.09934603140138165	0.09934186806503931	0.011415984802441714	0.01228798573988223
nom_tt_025C_1v80	u_memory.g_read[0].g_bank[1].g_slice[0].u_sram/dout[9]	output	0.1669710480989295	0.16698274707405147	0.09645750864706315	0.09645342163855375	0.010402726721486441	0.01127472681189401
nom_tt_025C_1v80	u_memory.g_read[0].g_bank[1].g_slice[0].u_sram/dout[10]	output	0.1697312013160257	0.16974395500302109	0.09793702654414815	0.0979331962747132	0.01092154371904212	0.011793543809449688
nom_tt_025C_1v80	u_memory.g_read[0].g_bank[1].g_slice[0].u_sram/dout[11]	output	0.16719969853085104	0.16721210527315122	0.09658056299155504	0.09657705191123966	0.01044585170993	0.011317851800337567
nom_tt_025C_1v80	u_memory.g_read[0].g_bank[1].g_slice[0].u_sram/dout[12]	output	0.1709746927369693	0.17098722437935976	0.0986018419690815	0.0985972067879537	0.011154819133814796	0.012026819224222364
nom_tt_025C_1v80	u_memory.g_read[0].g_bank[1].g_slice[0].u_sram/dout[13]	output	0.16716550366169258	0.1671772581479658	0.09656157123894005	0.09655746341374893	0.010439220288985945	0.011311220379393513
nom_tt_025C_1v80	u_memory.g_read[0].g_bank[1].g_slice[0].u_sram/dout[14]	output	0.17117948725164922	0.17119070050419793	0.09870951972468234	0.09870550210511198	0.011192589179965812	0.01206458927037338
nom_tt_025C_1v80	u_memory.g_read[0].g_bank[1].g_slice[0].u_sram/dout[15]	output	0.1675951044610713	0.16760637322477123	0.09679186618871682	0.09678770285237448	0.010519956081386436	0.011391956171794004
nom_tt_025C_1v80	u_memory.g_read[0].g_bank[1].g_slice[0].u_sram/dout[16]	output	0.17207694991139277	0.17208494351717007	0.09918126042673947	0.09917647952883968	0.011358161251264452	0.01223016134167202
nom_tt_025C_1v80	u_memory.g_read[0].g_bank[1].g_slice[0].u_sram/dout[17]	output	0.16862886087487539	0.16864119822823653	0.09734587441689868	0.09734156536378435	0.010714230711135735	0.011586230801543303
nom_tt_025C_1v80	u_memory.g_read[0].g_bank[1].g_slice[0].u_sram/dout[18]	output	0.17179191402760807	0.17180193379040531	0.09903199787997252	0.09902791087146312	0.011305757016883723	0.012177757107291291
nom_tt_025C_1v80	u_memory.g_read[0].g_bank[1].g_slice[0].u_sram/dout[19]	output	0.16909125488684396	0.16910310651763183	0.09759327374014859	0.09758890223698913	0.010801031259438567	0.011673031349846135
nom_tt_025C_1v80	u_memory.g_read[0].g_bank[1].g_slice[0].u_sram/dout[20]	output	0.1710032671020656	0.17101581262224386	0.0986165801797334	0.09861258337684475	0.01116000382248494	0.012032003912892508
nom_tt_025C_1v80	u_memory.g_read[0].g_bank[1].g_slice[0].u_sram/dout[21]	output	0.16911928801821574	0.1691318196606062	0.09760846991779815	0.09760470903730223	0.010806347238215535	0.01167834817565605
nom_tt_025C_1v80	u_memory.g_read[0].g_bank[1].g_slice[0].u_sram/dout[22]	output	0.17055425127754376	0.1705680041652613	0.09837800712952927	0.09837343439844659	0.011076278850813588	0.011948278941221156
nom_tt_025C_1v80	u_memory.g_read[0].g_bank[1].g_slice[0].u_sram/dout[23]	output	0.17117637862718027	0.17118759187972898	0.09870755601770753	0.09870290001989801	0.011191920023937482	0.012063920961377997
nom_tt_025C_1v80	u_memory.g_read[0].g_bank[1].g_slice[0].u_sram/dout[24]	output	0.16671238001197963	0.16672398184258697	0.09631864750225816	0.09631460212711218	0.01035410194811636	0.011226102038523929
nom_tt_025C_1v80	u_memory.g_read[0].g_bank[1].g_slice[0].u_sram/dout[25]	output	0.17084723913374233	0.17086042303215976	0.09853425020356354	0.09852963583911745	0.011131125928214199	0.012003126018621767
nom_tt_025C_1v80	u_memory.g_read[0].g_bank[1].g_slice[0].u_sram/dout[26]	output	0.1666014964873952	0.16661241830639995	0.09625890362574552	0.09625487212838735	0.010333156517396656	0.011205156607804224
nom_tt_025C_1v80	u_memory.g_read[0].g_bank[1].g_slice[0].u_sram/dout[27]	output	0.17186518874723333	0.171874528498428	0.099070307513216	0.09906554743199791	0.01131921128821791	0.012191211378625479
nom_tt_025C_1v80	u_memory.g_read[0].g_bank[1].g_slice[0].u_sram/dout[28]	output	0.16732809582364894	0.167339933576649	0.09664828659605718	0.09664474776016618	0.01046966095904437	0.011341661049451938
nom_tt_025C_1v80	u_memory.g_read[0].g_bank[1].g_slice[0].u_sram/dout[29]	output	0.1712334163350704	0.1712453373547973	0.09873783041181028	0.09873380585334601	0.011202542664128998	0.012074542754536566
nom_tt_025C_1v80	u_memory.g_read[0].g_bank[1].g_slice[0].u_sram/dout[30]	output	0.17046609956938852	0.17047914468992786	0.09833032998951552	0.09832576419732675	0.011059559267467736	0.011931559357875304
nom_tt_025C_1v80	u_memory.g_read[0].g_bank[1].g_slice[0].u_sram/dout[31]	output	0.1691314865936988	0.1691433521022745	0.09761465247226653	0.09761089159177061	0.010808544441680713	0.01168054453208828
nom_tt_025C_1v80	u_memory.g_read[0].g_bank[1].g_slice[0].u_sram/din[0]	input	0.27553731518636937	0.2770246809724597	0.13408670007653	0.13459150460803926	0.07357981411659775	0.07423961890119096
nom_tt_025C_1v80	u_memory.g_read[0].g_bank[1].g_slice[0].u_sram/din[1]	input	0.2591235281901305	0.26061161562118684	0.12796783077639873	0.12847493902068408	0.06884536072736952	0.06950516551196273
nom_tt_025C_1v80	u_memory.g_read[0].g_bank[1].g_slice[0].u_sram/din[2]	input	0.30914662496606127	0.3106883084136314	0.14837416018043115	0.14900111700022478	0.08291140668990893	0.08358561103460546
nom_tt_025C_1v80	u_memory.g_read[0].g_bank[1].g_slice[0].u_sram/din[3]	input	0.24508373108744763	0.24657362263091898	0.1217133754893851	0.1222145440404887	0.06496554325313014	0.06562534803772335
nom_tt_025C_1v80	u_memory.g_read[0].g_bank[1].g_slice[0].u_sram/din[4]	input	0.2726742165393148	0.2741601667910487	0.13342910110125672	0.1339342942108246	0.07269620289854922	0.07335600768314243
nom_tt_025C_1v80	u_memory.g_read[0].g_bank[1].g_slice[0].u_sram/din[5]	input	0.18381215993734656	0.18486842612297494	0.09566960418316839	0.09608040751896141	0.06590790467640023	0.06656770946099344
nom_tt_025C_1v80	u_memory.g_read[0].g_bank[1].g_slice[0].u_sram/din[6]	input	0.2252664721424935	0.226335006292544	0.10812555711892102	0.1084933115569342	0.08280729617629601	0.08346710096088922
nom_tt_025C_1v80	u_memory.g_read[0].g_bank[1].g_slice[0].u_sram/din[7]	input	0.3774004719847568	0.37888864268253997	0.17699559873296522	0.17750413638939477	0.1020901435220753	0.1027499483066685
nom_tt_025C_1v80	u_memory.g_read[0].g_bank[1].g_slice[0].u_sram/din[8]	input	0.31084096407951733	0.312329967444569	0.14906195722197424	0.14956859362147412	0.08341888106926793	0.08407867907759756
nom_tt_025C_1v80	u_memory.g_read[0].g_bank[1].g_slice[0].u_sram/din[9]	input	0.2596469983462413	0.26113336493160944	0.12778444968830627	0.12828842155254705	0.06905078993400121	0.06971058794233084
nom_tt_025C_1v80	u_memory.g_read[0].g_bank[1].g_slice[0].u_sram/din[10]	input	0.3214386257166524	0.32298611007952616	0.15487222615462315	0.15551029908245084	0.08619483843038192	0.08686903599881488
nom_tt_025C_1v80	u_memory.g_read[0].g_bank[1].g_slice[0].u_sram/din[11]	input	0.3283311955648571	0.3298246953331585	0.15783920004341923	0.15835606437253347	0.08816170992027861	0.0888215214811354
nom_tt_025C_1v80	u_memory.g_read[0].g_bank[1].g_slice[0].u_sram/din[12]	input	0.2398127529890104	0.24129895304092486	0.11957182466382221	0.12007271565916966	0.06346435692510671	0.06412416170969992
nom_tt_025C_1v80	u_memory.g_read[0].g_bank[1].g_slice[0].u_sram/din[13]	input	0.3146861382585797	0.31617544693496313	0.15088684468533842	0.15139350884041392	0.08445260007809707	0.08511240486269028
nom_tt_025C_1v80	u_memory.g_read[0].g_bank[1].g_slice[0].u_sram/din[14]	input	0.30466754119551354	0.30615651680498956	0.14637997758359944	0.14688701643894575	0.08170281942318502	0.08236262420777823
nom_tt_025C_1v80	u_memory.g_read[0].g_bank[1].g_slice[0].u_sram/din[15]	input	0.3018225946949116	0.30330915556930904	0.14523636460150868	0.1457414744443497	0.08094218383655066	0.08160198862114387
nom_tt_025C_1v80	u_memory.g_read[0].g_bank[1].g_slice[0].u_sram/din[16]	input	0.33363661833263336	0.33512409514102615	0.158783583503741	0.15929049745899704	0.08979731021263593	0.09045710822096556
nom_tt_025C_1v80	u_memory.g_read[0].g_bank[1].g_slice[0].u_sram/din[17]	input	0.25890939392425594	0.2603965099101657	0.1274684108265589	0.12797198023495326	0.06883778486468928	0.06949758964928249
nom_tt_025C_1v80	u_memory.g_read[0].g_bank[1].g_slice[0].u_sram/din[18]	input	0.30672941964127176	0.3082688826427926	0.14736976916562838	0.14799354797201403	0.08214791152004464	0.08282210908847759
nom_tt_025C_1v80	u_memory.g_read[0].g_bank[1].g_slice[0].u_sram/din[19]	input	0.3262377312740483	0.32772459745977756	0.1555707646039295	0.1560772761033391	0.08770684645133947	0.0883666444596691
nom_tt_025C_1v80	u_memory.g_read[0].g_bank[1].g_slice[0].u_sram/din[20]	input	0.30791144634001455	0.3094016987059689	0.1480039563128699	0.14851285479178244	0.08253017410100871	0.08318996533307477
nom_tt_025C_1v80	u_memory.g_read[0].g_bank[1].g_slice[0].u_sram/din[21]	input	0.24408450260970938	0.24556126576591453	0.12160317197640325	0.12210524258371436	0.06502869802967742	0.06568850281427063
nom_tt_025C_1v80	u_memory.g_read[0].g_bank[1].g_slice[0].u_sram/din[22]	input	0.3071702614487748	0.3086591815470996	0.14739516551731668	0.14789906799261843	0.08241389341800964	0.08307369820260285
nom_tt_025C_1v80	u_memory.g_read[0].g_bank[1].g_slice[0].u_sram/din[23]	input	0.23303742269220606	0.23451376951477698	0.1169137842094159	0.11741331518155818	0.06189346994991962	0.06255326795824925
nom_tt_025C_1v80	u_memory.g_read[0].g_bank[1].g_slice[0].u_sram/din[24]	input	0.3604508358456826	0.36200806241559746	0.1845525815502569	0.1851836045618782	0.09491176291079317	0.09557156769538638
nom_tt_025C_1v80	u_memory.g_read[0].g_bank[1].g_slice[0].u_sram/din[25]	input	0.23125006076707422	0.23272465898838135	0.11613678768673807	0.11663468801881294	0.06136463678776266	0.06202444157235587
nom_tt_025C_1v80	u_memory.g_read[0].g_bank[1].g_slice[0].u_sram/din[26]	input	0.3430131179094076	0.3446171958909616	0.17161884413585682	0.17238106775341322	0.09102481003100613	0.09169900759943908
nom_tt_025C_1v80	u_memory.g_read[0].g_bank[1].g_slice[0].u_sram/din[27]	input	0.2284904487837025	0.2299679890960249	0.11495351198709258	0.1154508016965039	0.0606326919011177	0.06129248990944733
nom_tt_025C_1v80	u_memory.g_read[0].g_bank[1].g_slice[0].u_sram/din[28]	input	0.2803816623320188	0.28185809242131654	0.13634898765602088	0.13685227950865908	0.07531337207523914	0.07597318363609593
nom_tt_025C_1v80	u_memory.g_read[0].g_bank[1].g_slice[0].u_sram/din[29]	input	0.3493176581326196	0.35087607819228595	0.18010794244904815	0.18074117202893092	0.0916678435632437	0.09232764834783691
nom_tt_025C_1v80	u_memory.g_read[0].g_bank[1].g_slice[0].u_sram/din[30]	input	0.22896184947995835	0.23043875141404158	0.11520139703291576	0.1157006573881958	0.06074844403555768	0.06140824882015089
nom_tt_025C_1v80	u_memory.g_read[0].g_bank[1].g_slice[0].u_sram/din[31]	input	0.23013134453631068	0.23166306373223478	0.11555650880623602	0.11617103112815386	0.06095884701965565	0.06163305136435218
nom_tt_025C_1v80	u_memory.g_read[0].g_bank[1].g_slice[0].u_sram/wmask[0]	input	0.23530258297377316	0.23689269990079254	0.11017982359806666	0.11064027471974214	0.08728963190283989	0.08791763568246139
nom_tt_025C_1v80	u_memory.g_read[0].g_bank[1].g_slice[0].u_sram/wmask[1]	input	0.20475120210416975	0.20633210418008474	0.09820501356561095	0.09866121114532334	0.07484420391388677	0.07547221446977184
nom_tt_025C_1v80	u_memory.g_read[0].g_bank[1].g_slice[0].u_sram/wmask[2]	input	0.28058103063166584	0.2822410916092366	0.14090446864845063	0.1414767747398571	0.10178361246285933	0.10241161624248082
nom_tt_025C_1v80	u_memory.g_read[0].g_bank[1].g_slice[0].u_sram/wmask[3]	input	0.24700633205476663	0.2483250549634164	0.12341601351995024	0.1238498054112469	0.11093797186228702	0.11156596886564493
nom_tt_025C_1v80	u_memory.g_read[0].g_bank[1].g_slice[0].u_sram/addr[0]	input	0.20072254969250025	0.2016008193717056	0.10354944679491496	0.10382474741055248	0.12359267797558415	0.12418366302727885
nom_tt_025C_1v80	u_memory.g_read[0].g_bank[1].g_slice[0].u_sram/addr[1]	input	0.17513197836382943	0.17601055335436655	0.0922001988645782	0.09247456272953869	0.10644591219750865	0.10703690402546692
nom_tt_025C_1v80	u_memory.g_read[0].g_bank[1].g_slice[0].u_sram/addr[2]	input	0.16638776467736704	0.16726894869201203	0.08889493308128493	0.08917248883744122	0.1004017222551272	0.10099272085934904
nom_tt_025C_1v80	u_memory.g_read[0].g_bank[1].g_slice[0].u_sram/addr[3]	input	0.16323357943104355	0.16409683334384084	0.08726948330650686	0.08754182795334131	0.09877620504297399	0.09936719009466868
nom_tt_025C_1v80	u_memory.g_read[0].g_bank[1].g_slice[0].u_sram/addr[4]	input	0.16305859440457482	0.1639193503155667	0.08634636061710665	0.08661307088209114	0.09885598877034177	0.09944697382203646
nom_tt_025C_1v80	u_memory.g_read[0].g_bank[1].g_slice[0].u_sram/addr[5]	input	0.16334203434276162	0.1642035118987195	0.08685763913662825	0.08712529309118366	0.09930243611991699	0.09989342117161168
nom_tt_025C_1v80	u_memory.g_read[0].g_bank[1].g_slice[0].u_sram/addr[6]	input	0.16358699117535735	0.1644487601648592	0.08709900162218176	0.08736768253303495	0.09944610646029847	0.10003709828825674
nom_tt_025C_1v80	u_memory.g_read[0].g_bank[1].g_slice[0].u_sram/addr[7]	input	0.16359832932799634	0.16445984851731765	0.08709098026082884	0.0873595987216369	0.09941513893574686	0.10000612398744155
nom_tt_025C_1v80	u_memory.g_read[0].g_bank[1].g_slice[0].u_sram/addr[8]	input	0.16317072693006196	0.1640335506314372	0.08692178921076987	0.08719041461047183	0.09923624557728675	0.09982723740524502
nom_tt_025C_1v80	u_memory.g_read[0].g_bank[1].g_slice[0].u_sram/we	input	0.2978515489804323	0.29917521238154166	0.1616614481170231	0.16214365960998123	0.12927242013394818	0.1298642589948537
nom_tt_025C_1v80	u_memory.g_read[0].g_bank[1].g_slice[0].u_sram/ce	input	0.26255214669035354	0.2636748319684301	0.13781872865159528	0.13821606359432081	0.06848945103546042	0.0687853636896496
nom_tt_025C_1v80	u_memory.g_read[0].g_bank[1].g_slice[0].u_sram/clk	input	0.09043966270327886	0.21814103301487364	0.09044128640445237	0.21506815772731613	0.07040490423732698	0.23856500000300762
nom_tt_025C_1v80	u_memory.g_read[0].g_bank[1].g_slice[0].u_sram/rstb	input	0.0	0.0	0.0	0.0	0.08075671072615628	0.34082038948869686
nom_tt_025C_1v80	u_memory.g_read[0].g_bank[2].g_slice[0].u_sram/dout[0]	output	0.16860886298264433	0.16862118645821766	0.09733500810904516	0.09733066436146132	0.010710427533202563	0.011582427623610132
nom_tt_025C_1v80	u_memory.g_read[0].g_bank[2].g_slice[0].u_sram/dout[1]	output	0.16793659518565818	0.1679480027272362	0.09697481012649334	0.09697117414608769	0.01058426366977493	0.011456263760182498
nom_tt_025C_1v80	u_memory.g_read[0].g_bank[2].g_slice[0].u_sram/dout[2]	output	0.16894544097034725	0.16895788934601086	0.09751522506151744	0.09751145724212762	0.010773643296122046	0.011645643386529615
nom_tt_025C_1v80	u_memory.g_read[0].g_bank[2].g_slice[0].u_sram/dout[3]	output	0.16956418213975866	0.169576866437815	0.09784681398450346	0.09784233839793544	0.010889943460878904	0.011761943551286472
nom_tt_025C_1v80	u_memory.g_read[0].g_bank[2].g_slice[0].u_sram/dout[4]	output	0.16714128692196795	0.16715367978648032	0.09654908816880692	0.09654555627180983	0.010434829270187379	0.011306829360594947
nom_tt_025C_1v80	u_memory.g_read[0].g_bank[2].g_slice[0].u_sram/dout[5]	output	0.1711496222522868	0.1711615016386503	0.09869437211929011	0.09868968142701107	0.011187233390640323	0.012059233481047892
nom_tt_025C_1v80	u_memory.g_read[0].g_bank[2].g_slice[0].u_sram/dout[6]	output	0.1696195128797484	0.16963222493338037	0.09787692184515251	0.09787243931969059	0.010900495797335798	0.011772495887743366
nom_tt_025C_1v80	u_memory.g_read[0].g_bank[2].g_slice[0].u_sram/dout[7]	output	0.16643195155374713	0.166443442362052	0.09616818452684583	0.09616414609059376	0.010301338571765996	0.011173338662173564
nom_tt_025C_1v80	u_memory.g_read[0].g_bank[2].g_slice[0].u_sram/dout[8]	output	0.17208298674908917	0.17209167424425686	0.09918440374567794	0.0991802473482295	0.011359461446838488	0.012231461537246056
nom_tt_025C_1v80	u_memory.g_read[0].g_bank[2].g_slice[0].u_sram/dout[9]	output	0.16839564465076506	0.16840789873739936	0.0972205371763124	0.09721684568475553	0.010670301041392286	0.011542301131799854
nom_tt_025C_1v80	u_memory.g_read[0].g_bank[2].g_slice[0].u_sram/dout[10]	output	0.16955957471420646	0.169572245134475	0.09784489884978598	0.09784106164145712	0.010889233647269105	0.011761233737676673
nom_tt_025C_1v80	u_memory.g_read[0].g_bank[2].g_slice[0].u_sram/dout[11]	output	0.16714427064634663	0.16715602513261985	0.09655016369736202	0.09654663180036493	0.01043522059940901	0.011307220689816579
nom_tt_025C_1v80	u_memory.g_read[0].g_bank[2].g_slice[0].u_sram/dout[12]	output	0.17316166556202717	0.17316637013209402	0.09975190118360899	0.0997469329355738	0.011558437109445048	0.012430437199852616
nom_tt_025C_1v80	u_memory.g_read[0].g_bank[2].g_slice[0].u_sram/dout[13]	output	0.17169753119272713	0.17170682931055836	0.09898158681576064	0.09897681979564865	0.01128809383883463	0.012160093929242197
nom_tt_025C_1v80	u_memory.g_read[0].g_bank[2].g_slice[0].u_sram/dout[14]	output	0.1744707572859383	0.1744691613403404	0.10043958720284962	0.10043513243296331	0.011799853357873785	0.012671853448281353
nom_tt_025C_1v80	u_memory.g_read[0].g_bank[2].g_slice[0].u_sram/dout[15]	output	0.16792284229794063	0.16793491597333343	0.09696737163222835	0.0969637356518227	0.01058149980126804	0.011453499891675607
nom_tt_025C_1v80	u_memory.g_read[0].g_bank[2].g_slice[0].u_sram/dout[16]	output	0.17156502607473811	0.17157568421577452	0.09891231583791793	0.09890756269559375	0.011263770440721275	0.012135770531128843
nom_tt_025C_1v80	u_memory.g_read[0].g_bank[2].g_slice[0].u_sram/dout[17]	output	0.17014040176732692	0.1701526419761734	0.09815527557410775	0.09815136203794594	0.0109981798719779	0.011870179962385468
nom_tt_025C_1v80	u_memory.g_read[0].g_bank[2].g_slice[0].u_sram/dout[18]	output	0.17074938685190943	0.17076183522757304	0.09848240278831355	0.0984784059854249	0.011112891849958655	0.011984891940366223
nom_tt_025C_1v80	u_memory.g_read[0].g_bank[2].g_slice[0].u_sram/dout[19]	output	0.16703015359720297	0.1670412141940858	0.09648891408087223	0.09648539606166295	0.010413756784525587	0.011285756874933155
nom_tt_025C_1v80	u_memory.g_read[0].g_bank[2].g_slice[0].u_sram/dout[20]	output	0.1684594408413176	0.16847236106176666	0.09725535654592221	0.09725165117657752	0.01068248222220675	0.011554482312614318
nom_tt_025C_1v80	u_memory.g_read[0].g_bank[2].g_slice[0].u_sram/dout[21]	output	0.1679009431487799	0.1679123229347823	0.0969559085794991	0.09695166891532381	0.01057746114817553	0.011449462085616046
nom_tt_025C_1v80	u_memory.g_read[0].g_bank[2].g_slice[0].u_sram/dout[22]	output	0.17278588282376717	0.17279122577207318	0.09955394841831833	0.09954904262032827	0.011488961773045356	0.012360961863452924
nom_tt_025C_1v80	u_memory.g_read[0].g_bank[2].g_slice[0].u_sram/dout[23]	output	0.1705876967461606	0.17060078350006336	0.09839513231968411	0.09839051795523801	0.011082313960562775	0.011954314050970343
nom_tt_025C_1v80	u_memory.g_read[0].g_bank[2].g_slice[0].u_sram/dout[24]	output	0.1671738858455285	0.16718566808737734	0.09656549171399575	0.09656134225544122	0.010440643304337333	0.0113126433947449
nom_tt_025C_1v80	u_memory.g_read[0].g_bank[2].g_slice[0].u_sram/dout[25]	output	0.17092026405318705	0.1709334895849679	0.0985727194313668	0.09856806343355728	0.011144612386800382	0.01201661247720795
nom_tt_025C_1v80	u_memory.g_read[0].g_bank[2].g_slice[0].u_sram/dout[26]	output	0.16672839497910985	0.16674063518795634	0.09632693948047333	0.09632285941085783	0.010357028446949124	0.011229028537356692
nom_tt_025C_1v80	u_memory.g_read[0].g_bank[2].g_slice[0].u_sram/dout[27]	output	0.1719738240701929	0.1719824976875728	0.09912673459844257	0.09912258513988803	0.011339040329513134	0.012211040419920702
nom_tt_025C_1v80	u_memory.g_read[0].g_bank[2].g_slice[0].u_sram/dout[28]	output	0.1670481669657775	0.16705989369647511	0.09649810811529491	0.09649457621829782	0.01041701955543841	0.011289019645845978
nom_tt_025C_1v80	u_memory.g_read[0].g_bank[2].g_slice[0].u_sram/dout[29]	output	0.16798187840727508	0.1679932998266409	0.09699876318824963	0.09699512026895007	0.010592532405406026	0.011464532495813595
nom_tt_025C_1v80	u_memory.g_read[0].g_bank[2].g_slice[0].u_sram/dout[30]	output	0.16891857357315132	0.1689316880826297	0.09750117380136203	0.09749678842041476	0.01076870932920429	0.011640709419611858
nom_tt_025C_1v80	u_memory.g_read[0].g_bank[2].g_slice[0].u_sram/dout[31]	output	0.16708448513647056	0.16709622574495597	0.09651747456818072	0.09651393573228972	0.010423816147807179	0.011295816238214747
nom_tt_025C_1v80	u_memory.g_read[0].g_bank[2].g_slice[0].u_sram/din[0]	input	0.24245488949858895	0.24348831284548567	0.1637614904792528	0.1643246233529183	0.09578941779315661	0.0966972270484423
nom_tt_025C_1v80	u_memory.g_read[0].g_bank[2].g_slice[0].u_sram/din[1]	input	0.298133767673292	0.29916261135021216	0.19886534086133167	0.19942422713192798	0.11957829745921217	0.12048609993823428
nom_tt_025C_1v80	u_memory.g_read[0].g_bank[2].g_slice[0].u_sram/din[2]	input	0.25603916209426814	0.2576965307810042	0.17023901732748925	0.17125910412030265	0.06183238193376364	0.06293058386680137
nom_tt_025C_1v80	u_memory.g_read[0].g_bank[2].g_slice[0].u_sram/din[3]	input	0.24028190548364137	0.2418829303518777	0.15888081128512255	0.15970655353747532	0.05724285926994241	0.05886166120488978
nom_tt_025C_1v80	u_memory.g_read[0].g_bank[2].g_slice[0].u_sram/din[4]	input	0.2980736768520842	0.299101604595009	0.20550948442998873	0.2060755871502451	0.11678143532495994	0.11768923780398205
nom_tt_025C_1v80	u_memory.g_read[0].g_bank[2].g_slice[0].u_sram/din[5]	input	0.2728235970472781	0.27442559336066097	0.1799757426423909	0.18080689723198873	0.06576108337345496	0.06737989208466591
nom_tt_025C_1v80	u_memory.g_read[0].g_bank[2].g_slice[0].u_sram/din[6]	input	0.25282889670741326	0.2544306432206156	0.16676444947183455	0.1675899835573702	0.060540927739743955	0.06215972967469133
nom_tt_025C_1v80	u_memory.g_read[0].g_bank[2].g_slice[0].u_sram/din[7]	input	0.2698876677698081	0.27092508791959347	0.18055125450278098	0.1811268635076857	0.10809181241050458	0.1089996148895267
nom_tt_025C_1v80	u_memory.g_read[0].g_bank[2].g_slice[0].u_sram/din[8]	input	0.27428434523635303	0.27531191215679485	0.18319661065913095	0.18375938271031345	0.11000289492236331	0.11091069740138543
nom_tt_025C_1v80	u_memory.g_read[0].g_bank[2].g_slice[0].u_sram/din[9]	input	0.2863493053784083	0.2873769833211526	0.19035729936778267	0.19092115388641417	0.11526958315806468	0.1161773856370868
nom_tt_025C_1v80	u_memory.g_read[0].g_bank[2].g_slice[0].u_sram/din[10]	input	0.38535311053244925	0.3869728149030749	0.19304367826489255	0.1938285226765757	0.10177058848426235	0.10269279052338778
nom_tt_025C_1v80	u_memory.g_read[0].g_bank[2].g_slice[0].u_sram/din[11]	input	0.23491583678314498	0.23594379228164541	0.15815522502737878	0.15871011449508643	0.09306054868764638	0.09396835794293207
nom_tt_025C_1v80	u_memory.g_read[0].g_bank[2].g_slice[0].u_sram/din[12]	input	0.2896120010476011	0.2906399287905259	0.19920648464122337	0.19976868770310574	0.11361850587969513	0.11452630835871724
nom_tt_025C_1v80	u_memory.g_read[0].g_bank[2].g_slice[0].u_sram/din[13]	input	0.3055062591794666	0.3065396547707877	0.2106654156674992	0.21123944260459382	0.11980005746106692	0.12070785994008904
nom_tt_025C_1v80	u_memory.g_read[0].g_bank[2].g_slice[0].u_sram/din[14]	input	0.2601244220024057	0.26114296836077244	0.17149830167095814	0.17204977720286507	0.10508222303374712	0.10599003228903281
nom_tt_025C_1v80	u_memory.g_read[0].g_bank[2].g_slice[0].u_sram/din[15]	input	0.2933334686261446	0.29425753500511576	0.18184745376181866	0.18228667186814818	0.1247529098254152	0.12566071230443732
nom_tt_025C_1v80	u_memory.g_read[0].g_bank[2].g_slice[0].u_sram/din[16]	input	0.310907494194268	0.3119341174251389	0.21471954769758383	0.21528727411901372	0.12195832451572519	0.12286611344222015
nom_tt_025C_1v80	u_memory.g_read[0].g_bank[2].g_slice[0].u_sram/din[17]	input	0.27614321940205855	0.27706775762581515	0.17211401748262745	0.17255476214561583	0.11684242169716225	0.11775022417618436
nom_tt_025C_1v80	u_memory.g_read[0].g_bank[2].g_slice[0].u_sram/din[18]	input	0.45189438302450924	0.4534395636746069	0.20832545410964798	0.20896515073864919	0.12283529499546725	0.12375750381085626
nom_tt_025C_1v80	u_memory.g_read[0].g_bank[2].g_slice[0].u_sram/din[19]	input	0.2995617365275649	0.300484359616604	0.18582659022658987	0.18626826470136137	0.1274928648981391	0.12840068092968837
nom_tt_025C_1v80	u_memory.g_read[0].g_bank[2].g_slice[0].u_sram/din[20]	input	0.2890341022077081	0.2899586959426159	0.17948172115200833	0.17991522160976103	0.12280050565825762	0.12370830813727973
nom_tt_025C_1v80	u_memory.g_read[0].g_bank[2].g_slice[0].u_sram/din[21]	input	0.26225291382964144	0.26320709500815553	0.1675839189640982	0.16805841440703517	0.10884142979256106	0.10974924582411033
nom_tt_025C_1v80	u_memory.g_read[0].g_bank[2].g_slice[0].u_sram/din[22]	input	0.23402432769437098	0.23507526480948115	0.1593982307257491	0.15997012048352133	0.09146780826242012	0.09237561074144224
nom_tt_025C_1v80	u_memory.g_read[0].g_bank[2].g_slice[0].u_sram/din[23]	input	0.26998983604364923	0.27102359245745333	0.1790225884201746	0.1795928544767733	0.10868150997211945	0.10958931245114156
nom_tt_025C_1v80	u_memory.g_read[0].g_bank[2].g_slice[0].u_sram/din[24]	input	0.453736270777938	0.455220916517618	0.2055522280164368	0.2060492887423493	0.12401035331000704	0.12467015809460025
nom_tt_025C_1v80	u_memory.g_read[0].g_bank[2].g_slice[0].u_sram/din[25]	input	0.29713204119374836	0.29805585777253896	0.18467669060662217	0.18512193167286028	0.1264879450095166	0.1273957474885387
nom_tt_025C_1v80	u_memory.g_read[0].g_bank[2].g_slice[0].u_sram/din[26]	input	0.43031600505116785	0.43185055531580474	0.19593765498981952	0.19654794458645597	0.11741375558448064	0.11808796670544075
nom_tt_025C_1v80	u_memory.g_read[0].g_bank[2].g_slice[0].u_sram/din[27]	input	0.2313194635839011	0.23235310897540273	0.158032378849704	0.15858257762513261	0.09010716164100513	0.09101496412002724
nom_tt_025C_1v80	u_memory.g_read[0].g_bank[2].g_slice[0].u_sram/din[28]	input	0.36132891123585864	0.3628241596054238	0.17055583334535385	0.17107178174047277	0.0976388159776645	0.09829862753852128
nom_tt_025C_1v80	u_memory.g_read[0].g_bank[2].g_slice[0].u_sram/din[29]	input	0.3786874425149023	0.38017808345891524	0.17747850411531374	0.17799144103047837	0.10258838863044101	0.10324819341503422
nom_tt_025C_1v80	u_memory.g_read[0].g_bank[2].g_slice[0].u_sram/din[30]	input	0.2538270704732781	0.25486138199859454	0.17300798293984343	0.1735613180953166	0.09914928578678983	0.10005708826581194
nom_tt_025C_1v80	u_memory.g_read[0].g_bank[2].g_slice[0].u_sram/din[31]	input	0.38931921575446893	0.39092679093855054	0.1925395676227737	0.19329425560155045	0.10332116022124249	0.10424336226036793
nom_tt_025C_1v80	u_memory.g_read[0].g_bank[2].g_slice[0].u_sram/wmask[0]	input	0.2898001005835482	0.2920242381243554	0.13989669145342276	0.1405607574778145	0.07785524341104993	0.07848324041440785
nom_tt_025C_1v80	u_memory.g_read[0].g_bank[2].g_slice[0].u_sram/wmask[1]	input	0.2187468955971994	0.22094824581042616	0.11094838242575733	0.11160235235951887	0.057854586464449465	0.05848259024407096
nom_tt_025C_1v80	u_memory.g_read[0].g_bank[2].g_slice[0].u_sram/wmask[2]	input	0.2228512097079971	0.22506829733259792	0.11235216923477509	0.11300846369799444	0.05888006553676772	0.05950806254012564
nom_tt_025C_1v80	u_memory.g_read[0].g_bank[2].g_slice[0].u_sram/wmask[3]	input	0.21033301489392642	0.21172963382554144	0.13629532225056806	0.1369002827766863	0.08636484133102765	0.08699284511064914
nom_tt_025C_1v80	u_memory.g_read[0].g_bank[2].g_slice[0].u_sram/addr[0]	input	0.3244376434174967	0.3259432446167665	0.1475321392829798	0.14796285030538314	0.1214530998558741	0.12288248489502468
nom_tt_025C_1v80	u_memory.g_read[0].g_bank[2].g_slice[0].u_sram/addr[1]	input	0.24341959004026137	0.2449217217925792	0.11340813010907169	0.1138270866452018	0.08971927476127128	0.09114866657668544
nom_tt_025C_1v80	u_memory.g_read[0].g_bank[2].g_slice[0].u_sram/addr[2]	input	0.21360127555603015	0.21489346413439137	0.13500213447148468	0.1355185824669647	0.0879440698866793	0.0893734481495663
nom_tt_025C_1v80	u_memory.g_read[0].g_bank[2].g_slice[0].u_sram/addr[3]	input	0.2743098803659194	0.2758131778524131	0.12611252320215982	0.12653565695242008	0.10178462890239603	0.10321402071781019
nom_tt_025C_1v80	u_memory.g_read[0].g_bank[2].g_slice[0].u_sram/addr[4]	input	0.27117597056758314	0.272680267254799	0.1248400549602735	0.12526267523238488	0.10057101364809723	0.1020003986872478
nom_tt_025C_1v80	u_memory.g_read[0].g_bank[2].g_slice[0].u_sram/addr[5]	input	0.21911228387239134	0.2204054022625357	0.13816608968042488	0.13868171888642422	0.09052677498681133	0.09195616002596191
nom_tt_025C_1v80	u_memory.g_read[0].g_bank[2].g_slice[0].u_sram/addr[6]	input	0.2189197156887701	0.2202132642903365	0.13803125309408415	0.13854782598965443	0.09048027626613886	0.09190966808155301
nom_tt_025C_1v80	u_memory.g_read[0].g_bank[2].g_slice[0].u_sram/addr[7]	input	0.2262703635569352	0.22756439788107485	0.1423393486410518	0.14285661542601247	0.09376910868868354	0.0951985005040977
nom_tt_025C_1v80	u_memory.g_read[0].g_bank[2].g_slice[0].u_sram/addr[8]	input	0.2046821878654015	0.20597672178990223	0.12975295837769352	0.13026697776030716	0.08405927863497364	0.08548866367412422
nom_tt_025C_1v80	u_memory.g_read[0].g_bank[2].g_slice[0].u_sram/we	input	0.24168897438947567	0.24218668737141513	0.1339270222500133	0.13413668786821376	0.13615126279002687	0.14293348948000995
nom_tt_025C_1v80	u_memory.g_read[0].g_bank[2].g_slice[0].u_sram/ce	input	0.33649810715630224	0.33838115642836897	0.16895536358862984	0.169571162667026	0.05142401397284849	0.05171992323890588
nom_tt_025C_1v80	u_memory.g_read[0].g_bank[2].g_slice[0].u_sram/clk	input	0.09065138223407487	0.21825839746636433	0.08947307478246458	0.21420698548269002	0.07006151030424651	0.23822157896487284
nom_tt_025C_1v80	u_memory.g_read[0].g_bank[2].g_slice[0].u_sram/rstb	input	0.0	0.0	0.0	0.0	0.08045283596226291	0.3405165418298578
nom_tt_025C_1v80	u_memory.g_read[0].g_bank[3].g_slice[0].u_sram/dout[0]	output	0.16766477095586652	0.16767739974277163	0.09682907947672348	0.09682540186295441	0.010533029187894359	0.011405029278301927
nom_tt_025C_1v80	u_memory.g_read[0].g_bank[3].g_slice[0].u_sram/dout[1]	output	0.16797988000583075	0.16799195368122355	0.09699827052678245	0.09699394759588031	0.0105922935421149	0.011464293632522469
nom_tt_025C_1v80	u_memory.g_read[0].g_bank[3].g_slice[0].u_sram/dout[2]	output	0.16744644559807398	0.16745831110664966	0.09671194400873162	0.09670768352787462	0.010491939619623053	0.011363939710030621
nom_tt_025C_1v80	u_memory.g_read[0].g_bank[3].g_slice[0].u_sram/dout[3]	output	0.16843756944773247	0.16845048966818155	0.09724367144858803	0.09723927218985295	0.010678367336148988	0.011550367426556556
nom_tt_025C_1v80	u_memory.g_read[0].g_bank[3].g_slice[0].u_sram/dout[4]	output	0.16569980110237026	0.16571100047713117	0.09577597048782138	0.09577196674603883	0.010163846489701783	0.011035846580109351
nom_tt_025C_1v80	u_memory.g_read[0].g_bank[3].g_slice[0].u_sram/dout[5]	output	0.16829763971326628	0.16830983828874935	0.09716881466115268	0.09716445009688712	0.010652075433466215	0.011524075523873783
nom_tt_025C_1v80	u_memory.g_read[0].g_bank[3].g_slice[0].u_sram/dout[6]	output	0.1683861244883289	0.1683983508193876	0.0972159089340785	0.09721214111468868	0.010668618833959038	0.011540618924366607
nom_tt_025C_1v80	u_memory.g_read[0].g_bank[3].g_slice[0].u_sram/dout[7]	output	0.16713448680594212	0.16714624129221534	0.09654437665984617	0.0965401716901404	0.010433227530884121	0.01130522762129169
nom_tt_025C_1v80	u_memory.g_read[0].g_bank[3].g_slice[0].u_sram/dout[8]	output	0.16829071469715018	0.16830356552866022	0.09716506765844457	0.09716131371684256	0.010650795566682913	0.011522795657090482
nom_tt_025C_1v80	u_memory.g_read[0].g_bank[3].g_slice[0].u_sram/dout[9]	output	0.16696065363586143	0.16697235261098342	0.096451742426229	0.09644815501808068	0.010400705700874292	0.01127270579128186
nom_tt_025C_1v80	u_memory.g_read[0].g_bank[3].g_slice[0].u_sram/dout[10]	output	0.16780528355742064	0.16781663558784743	0.09690473423695778	0.0969010427454009	0.010559493038265425	0.011431493128672993
nom_tt_025C_1v80	u_memory.g_read[0].g_bank[3].g_slice[0].u_sram/dout[11]	output	0.16781068201687788	0.16782270018111944	0.09690700325526436	0.09690329788591967	0.010560342612311521	0.01143234270271909
nom_tt_025C_1v80	u_memory.g_read[0].g_bank[3].g_slice[0].u_sram/dout[12]	output	0.16830292715042106	0.16831512572590412	0.09717167348544109	0.09716791260494517	0.010653105425530076	0.011525105515937644
nom_tt_025C_1v80	u_memory.g_read[0].g_bank[3].g_slice[0].u_sram/dout[13]	output	0.16940061853265576	0.16941326119734867	0.09775910636555807	0.09775520670718407	0.010859169906872208	0.011731169997279776
nom_tt_025C_1v80	u_memory.g_read[0].g_bank[3].g_slice[0].u_sram/dout[14]	output	0.16838189176304752	0.168394131971894	0.097214139516133	0.09720976107407964	0.010667957301227233	0.011539957391634801
nom_tt_025C_1v80	u_memory.g_read[0].g_bank[3].g_slice[0].u_sram/dout[15]	output	0.1681179778723063	0.16813010705885034	0.09707191300778462	0.09706817294397041	0.010618149222829838	0.011490149313237406
nom_tt_025C_1v80	u_memory.g_read[0].g_bank[3].g_slice[0].u_sram/dout[16]	output	0.16897386267977765	0.16898699106704385	0.09753123308975375	0.09752676444207964	0.010779202373354876	0.011651202463762445
nom_tt_025C_1v80	u_memory.g_read[0].g_bank[3].g_slice[0].u_sram/dout[17]	output	0.16724840956605647	0.16725953955187833	0.096606056487758	0.09660243438514016	0.01045479468378711	0.011326794774194678
nom_tt_025C_1v80	u_memory.g_read[0].g_bank[3].g_slice[0].u_sram/dout[18]	output	0.1671463523145178	0.16715810680079102	0.09655165555955136	0.09654804039582743	0.010435692396760631	0.0113076924871682
nom_tt_025C_1v80	u_memory.g_read[0].g_bank[3].g_slice[0].u_sram/dout[19]	output	0.16811362024693466	0.1681257633112665	0.0970694080670853	0.0970656680032711	0.010617286096256586	0.011489286186664154
nom_tt_025C_1v80	u_memory.g_read[0].g_bank[3].g_slice[0].u_sram/dout[20]	output	0.166786223720905	0.16679783942930015	0.09635831021981289	0.09635474362834628	0.01036809832053679	0.011240098410944359
nom_tt_025C_1v80	u_memory.g_read[0].g_bank[3].g_slice[0].u_sram/dout[21]	output	0.16713883055352596	0.16715058503979918	0.09654742283426998	0.09654321092567031	0.010434229570860723	0.011306229661268291
nom_tt_025C_1v80	u_memory.g_read[0].g_bank[3].g_slice[0].u_sram/dout[22]	output	0.16831622207114094	0.168328420646624	0.09717888993510115	0.09717512211571133	0.010655594855362056	0.011527595792802572
nom_tt_025C_1v80	u_memory.g_read[0].g_bank[3].g_slice[0].u_sram/dout[23]	output	0.16935572388909748	0.16936901880981736	0.0977355488207543	0.09773102466192896	0.01085089524201048	0.011722895332418048
nom_tt_025C_1v80	u_memory.g_read[0].g_bank[3].g_slice[0].u_sram/dout[24]	output	0.16695923810150504	0.16697092319883922	0.09645109017020204	0.09644750970094762	0.01040046599055022	0.011272466080957787
nom_tt_025C_1v80	u_memory.g_read[0].g_bank[3].g_slice[0].u_sram/dout[25]	output	0.1677657734955318	0.16777777778198555	0.09688355673276305	0.09687925461854263	0.010552064559318005	0.011424064649725573
nom_tt_025C_1v80	u_memory.g_read[0].g_bank[3].g_slice[0].u_sram/dout[26]	output	0.16591125695519793	0.16592190121844652	0.09588910915292459	0.09588507765556642	0.010203516430753491	0.01107551652116106
nom_tt_025C_1v80	u_memory.g_read[0].g_bank[3].g_slice[0].u_sram/dout[27]	output	0.1690545481380923	0.16906637201330454	0.09757341462579561	0.09756955660078503	0.010794223655641484	0.011666223746049052
nom_tt_025C_1v80	u_memory.g_read[0].g_bank[3].g_slice[0].u_sram/dout[28]	output	0.1657854964420835	0.16579672357242003	0.09582201698776771	0.09581799936819735	0.010179971455918663	0.011051971546326231
nom_tt_025C_1v80	u_memory.g_read[0].g_bank[3].g_slice[0].u_sram/dout[29]	output	0.16761475540860715	0.16762735643993665	0.09680257290201055	0.09679829854336575	0.010523707590309826	0.011395708527750341
nom_tt_025C_1v80	u_memory.g_read[0].g_bank[3].g_slice[0].u_sram/dout[30]	output	0.16753110010370165	0.16754299336785294	0.0967579003030572	0.09675424350596984	0.010507996823204153	0.01137999691361172
nom_tt_025C_1v80	u_memory.g_read[0].g_bank[3].g_slice[0].u_sram/dout[31]	output	0.16783997802694017	0.16785201006896955	0.09692292801677382	0.09691922958632304	0.010565912700972666	0.011437912791380234
nom_tt_025C_1v80	u_memory.g_read[0].g_bank[3].g_slice[0].u_sram/din[0]	input	0.3564799289090814	0.3579677387843816	0.16872651886767898	0.16923970558302415	0.09658865775339504	0.09700665834846967
nom_tt_025C_1v80	u_memory.g_read[0].g_bank[3].g_slice[0].u_sram/din[1]	input	0.2278409960698724	0.22931662124747731	0.11521875120656944	0.11571800462295556	0.0606350974746879	0.06105309806976253
nom_tt_025C_1v80	u_memory.g_read[0].g_bank[3].g_slice[0].u_sram/din[2]	input	0.3730321052053398	0.37457312251909514	0.17656479056604724	0.1772035157499019	0.10107520831588446	0.10150760847106241
nom_tt_025C_1v80	u_memory.g_read[0].g_bank[3].g_slice[0].u_sram/din[3]	input	0.2731290471569281	0.27420285486634555	0.12832469808987668	0.12869010024285643	0.10152900113517827	0.1019470017302529
nom_tt_025C_1v80	u_memory.g_read[0].g_bank[3].g_slice[0].u_sram/din[4]	input	0.3815326388156848	0.3830209205357704	0.18037629723188786	0.1808922872603702	0.10345844732133347	0.1038764479164081
nom_tt_025C_1v80	u_memory.g_read[0].g_bank[3].g_slice[0].u_sram/din[5]	input	0.30759003677438557	0.3090804001626424	0.14823055283219588	0.1487411582790088	0.08269054793111005	0.08310854852618468
nom_tt_025C_1v80	u_memory.g_read[0].g_bank[3].g_slice[0].u_sram/din[6]	input	0.30420849173040665	0.3057004926976248	0.14670104020453323	0.14721064645062398	0.08177453939689494	0.08219253999196957
nom_tt_025C_1v80	u_memory.g_read[0].g_bank[3].g_slice[0].u_sram/din[7]	input	0.30051616750625954	0.3020063088499114	0.1451559566989502	0.14566430006635045	0.0807500428827955	0.08116804347787013
nom_tt_025C_1v80	u_memory.g_read[0].g_bank[3].g_slice[0].u_sram/din[8]	input	0.23431209750235382	0.23578952679237375	0.11798863275291893	0.11848923231472241	0.062487348466162135	0.06290534906123676
nom_tt_025C_1v80	u_memory.g_read[0].g_bank[3].g_slice[0].u_sram/din[9]	input	0.2763190787291592	0.2778058894037372	0.1352611078697663	0.13576789692493207	0.07396724021040829	0.07438524080548292
nom_tt_025C_1v80	u_memory.g_read[0].g_bank[3].g_slice[0].u_sram/din[10]	input	0.22507420927020405	0.2266065668443673	0.11398013088914638	0.11459574261740713	0.059766014565750675	0.06019841472092863
nom_tt_025C_1v80	u_memory.g_read[0].g_bank[3].g_slice[0].u_sram/din[11]	input	0.30731797662220117	0.308808340010458	0.1478633049334377	0.14836783190919078	0.08268621789868369	0.08310421849375832
nom_tt_025C_1v80	u_memory.g_read[0].g_bank[3].g_slice[0].u_sram/din[12]	input	0.23471544152720014	0.23619162181631737	0.11816496392480502	0.11866629900936232	0.06259126246813129	0.06300926306320592
nom_tt_025C_1v80	u_memory.g_read[0].g_bank[3].g_slice[0].u_sram/din[13]	input	0.2363321760512349	0.23780802327344475	0.11901604701769486	0.11951765965800831	0.06303695087618577	0.0634549514712604
nom_tt_025C_1v80	u_memory.g_read[0].g_bank[3].g_slice[0].u_sram/din[14]	input	0.3083766297873325	0.30986690990886245	0.14837152340074766	0.14887939492336244	0.08296876098483341	0.08338676157990804
nom_tt_025C_1v80	u_memory.g_read[0].g_bank[3].g_slice[0].u_sram/din[15]	input	0.30563332420463496	0.307120856524179	0.14719299390453244	0.14769911682588344	0.08221121537439063	0.08262921596946526
nom_tt_025C_1v80	u_memory.g_read[0].g_bank[3].g_slice[0].u_sram/din[16]	input	0.23532145676519178	0.23679719296509916	0.11856264581222575	0.11906363395208786	0.06274525305794212	0.06316324687675318
nom_tt_025C_1v80	u_memory.g_read[0].g_bank[3].g_slice[0].u_sram/din[17]	input	0.3036028650704736	0.30509292314739866	0.14629718270153802	0.14680359705643298	0.08164984259453195	0.082067836413343
nom_tt_025C_1v80	u_memory.g_read[0].g_bank[3].g_slice[0].u_sram/din[18]	input	0.23097967982721457	0.23250973368860173	0.11638905811350853	0.1170047114751327	0.06130648289373597	0.06173888304891392
nom_tt_025C_1v80	u_memory.g_read[0].g_bank[3].g_slice[0].u_sram/din[19]	input	0.301265679070184	0.3027560147028652	0.145546630303528	0.14605459897065742	0.08092400989763437	0.081342010492709
nom_tt_025C_1v80	u_memory.g_read[0].g_bank[3].g_slice[0].u_sram/din[20]	input	0.2353131300925071	0.23794208270366823	0.11844265845883939	0.11894334128736972	0.06275713184799442	0.06317513244306905
nom_tt_025C_1v80	u_memory.g_read[0].g_bank[3].g_slice[0].u_sram/din[21]	input	0.23439414298387362	0.23587101716238124	0.1179415037855236	0.11844236702529543	0.06252011847682551	0.06293811907190014
nom_tt_025C_1v80	u_memory.g_read[0].g_bank[3].g_slice[0].u_sram/din[22]	input	0.23647392377590393	0.2379525188000997	0.11879150441096442	0.11929073007177493	0.06313217770824789	0.0635501850795861
nom_tt_025C_1v80	u_memory.g_read[0].g_bank[3].g_slice[0].u_sram/din[23]	input	0.2555786415836536	0.25706656248125626	0.126552920920453	0.12705908547516742	0.06813402923452894	0.06855202982960357
nom_tt_025C_1v80	u_memory.g_read[0].g_bank[3].g_slice[0].u_sram/din[24]	input	0.35929623165564806	0.3609157972483956	0.1702297053318702	0.17074544556017202	0.09725913515312365	0.09767714252446186
nom_tt_025C_1v80	u_memory.g_read[0].g_bank[3].g_slice[0].u_sram/din[25]	input	0.3112719249021012	0.3127602898889137	0.1495843726662116	0.15009186948855557	0.08378601225366225	0.08420401284873688
nom_tt_025C_1v80	u_memory.g_read[0].g_bank[3].g_slice[0].u_sram/din[26]	input	0.23311019781147024	0.23464161169606257	0.11733282401227285	0.11794983045820828	0.06195627913702442	0.062388679292202376
nom_tt_025C_1v80	u_memory.g_read[0].g_bank[3].g_slice[0].u_sram/din[27]	input	0.301216357412315	0.30270663753384497	0.14526707614592738	0.14577115903247062	0.0809938460700696	0.08141184666514423
nom_tt_025C_1v80	u_memory.g_read[0].g_bank[3].g_slice[0].u_sram/din[28]	input	0.3119804969919926	0.313466197443546	0.15002253606066773	0.15053104596152167	0.08398832437904805	0.08440632497412268
nom_tt_025C_1v80	u_memory.g_read[0].g_bank[3].g_slice[0].u_sram/din[29]	input	0.23935647908146507	0.24083771088534434	0.11998731175300037	0.12048946562703833	0.06383795944121806	0.06425596003629269
nom_tt_025C_1v80	u_memory.g_read[0].g_bank[3].g_slice[0].u_sram/din[30]	input	0.3032307183126193	0.3047205543449394	0.14621059918340507	0.14671620862660717	0.08153047871160488	0.08194847253041593
nom_tt_025C_1v80	u_memory.g_read[0].g_bank[3].g_slice[0].u_sram/din[31]	input	0.22598670157414347	0.22752064121611681	0.11433573532393382	0.11495539936623445	0.060006781986941815	0.060439188918383346
nom_tt_025C_1v80	u_memory.g_read[0].g_bank[3].g_slice[0].u_sram/wmask[0]	input	0.290266810587525	0.29249330735225954	0.14089514277504378	0.14156335825799005	0.07785524341104993	0.07848324041440785
nom_tt_025C_1v80	u_memory.g_read[0].g_bank[3].g_slice[0].u_sram/wmask[1]	input	0.21901438995719502	0.22121829368337842	0.11163977381434265	0.11229829566250515	0.057854586464449465	0.05848259024407096
nom_tt_025C_1v80	u_memory.g_read[0].g_bank[3].g_slice[0].u_sram/wmask[2]	input	0.22313520475769621	0.22535501242870737	0.11294536139683231	0.11360622165224044	0.05888006553676772	0.05950806254012564
nom_tt_025C_1v80	u_memory.g_read[0].g_bank[3].g_slice[0].u_sram/wmask[3]	input	0.211355904999877	0.21276302941686254	0.1378855640776777	0.13850309787954984	0.08636484133102765	0.08699284511064914
nom_tt_025C_1v80	u_memory.g_read[0].g_bank[3].g_slice[0].u_sram/addr[0]	input	0.3243527391116885	0.3258585345999876	0.14735405950982994	0.14778496482126258	0.1214530998558741	0.12288248489502468
nom_tt_025C_1v80	u_memory.g_read[0].g_bank[3].g_slice[0].u_sram/addr[1]	input	0.24334881332244152	0.24485097283033497	0.11326331539329715	0.11368225805163945	0.08971927476127128	0.09114866657668544
nom_tt_025C_1v80	u_memory.g_read[0].g_bank[3].g_slice[0].u_sram/addr[2]	input	0.2135519955315246	0.21484439227670293	0.13493189898738933	0.13544855514968646	0.0879440698866793	0.0893734481495663
nom_tt_025C_1v80	u_memory.g_read[0].g_bank[3].g_slice[0].u_sram/addr[3]	input	0.2742480409434478	0.27575161598569764	0.12598634635541117	0.12640985480594225	0.10178462890239603	0.10321402071781019
nom_tt_025C_1v80	u_memory.g_read[0].g_bank[3].g_slice[0].u_sram/addr[4]	input	0.27110530487206574	0.2726096015592816	0.12469474064413788	0.12511729152731021	0.10057101364809723	0.1020003986872478
nom_tt_025C_1v80	u_memory.g_read[0].g_bank[3].g_slice[0].u_sram/addr[5]	input	0.21904733582545077	0.22034039870444388	0.13807052723358026	0.13858610092842838	0.09052677498681133	0.09195616002596191
nom_tt_025C_1v80	u_memory.g_read[0].g_bank[3].g_slice[0].u_sram/addr[6]	input	0.21886389922620708	0.22015758660565155	0.1379501929354987	0.13846690460894706	0.09048027626613886	0.09190966808155301
nom_tt_025C_1v80	u_memory.g_read[0].g_bank[3].g_slice[0].u_sram/addr[7]	input	0.22619536799162177	0.2274895133380639	0.14222857613876982	0.14274594006824515	0.09376910868868354	0.0951985005040977
nom_tt_025C_1v80	u_memory.g_read[0].g_bank[3].g_slice[0].u_sram/addr[8]	input	0.20462019578726398	0.20591478522291595	0.12966279439030615	0.1301768554062832	0.08405927863497364	0.08548866367412422
nom_tt_025C_1v80	u_memory.g_read[0].g_bank[3].g_slice[0].u_sram/we	input	0.27313071249146503	0.2745551286320591	0.20867434169513643	0.20941370859617336	0.15962963373014616	0.16051739202150445
nom_tt_025C_1v80	u_memory.g_read[0].g_bank[3].g_slice[0].u_sram/ce	input	0.30939933948204157	0.31089106289350354	0.15703018052537487	0.160375171476268	0.07712138761807596	0.07741730704852873
nom_tt_025C_1v80	u_memory.g_read[0].g_bank[3].g_slice[0].u_sram/clk	input	0.09117136212655197	0.2185320119307832	0.0898980820340789	0.2144774219337009	0.06997098619910755	0.2381310751885246
nom_tt_025C_1v80	u_memory.g_read[0].g_bank[3].g_slice[0].u_sram/rstb	input	0.0	0.0	0.0	0.0	0.0803394351912845	0.3404031071775615
nom_tt_025C_1v80	u_memory.g_read[1].g_bank[0].g_slice[0].u_sram/dout[0]	output	0.16605315733553283	0.16606511998862317	0.09596583250282009	0.09596234917808033	0.010230370763313242	0.01110237085372081
nom_tt_025C_1v80	u_memory.g_read[1].g_bank[0].g_slice[0].u_sram/dout[1]	output	0.1660073051246158	0.16601797714344002	0.09594102595711362	0.09593754957126777	0.010221664958681362	0.01109366504908893
nom_tt_025C_1v80	u_memory.g_read[1].g_bank[0].g_slice[0].u_sram/dout[2]	output	0.16490625531773162	0.16491713550337295	0.09535065098598139	0.09534674438871349	0.01001481104263239	0.010886811133039957
nom_tt_025C_1v80	u_memory.g_read[1].g_bank[0].g_slice[0].u_sram/dout[3]	output	0.16684237325037543	0.16685337833610703	0.09638875808626324	0.09638517067811492	0.010378583741390852	0.01125058383179842
nom_tt_025C_1v80	u_memory.g_read[1].g_bank[0].g_slice[0].u_sram/dout[4]	output	0.16661959312269659	0.1666311533199405	0.09626843072707558	0.09626546088048471	0.010336642057974608	0.011208642148382176
nom_tt_025C_1v80	u_memory.g_read[1].g_bank[0].g_slice[0].u_sram/dout[5]	output	0.16602794139508603	0.16603862729169805	0.09595153144248414	0.09594804811774438	0.010225548604744523	0.011097548695152091
nom_tt_025C_1v80	u_memory.g_read[1].g_bank[0].g_slice[0].u_sram/dout[6]	output	0.16474678565803202	0.16475761033252212	0.09526503891299498	0.09526172906060282	0.009984832005530218	0.010856832095937786
nom_tt_025C_1v80	u_memory.g_read[1].g_bank[0].g_slice[0].u_sram/dout[7]	output	0.16867715557644658	0.1686901590636225	0.0973720201691286	0.0973688074612511	0.010723544685423744	0.011595544775831312
nom_tt_025C_1v80	u_memory.g_read[1].g_bank[0].g_slice[0].u_sram/dout[8]	output	0.1665574483888932	0.16656898083056149	0.09623593588692358	0.09623238317324478	0.01032502669516891	0.011197026785576478
nom_tt_025C_1v80	u_memory.g_read[1].g_bank[0].g_slice[0].u_sram/dout[9]	output	0.1667512100622659	0.1667634502711124	0.0963400401121639	0.09633587677582156	0.01036152449783315	0.011233524588240718
nom_tt_025C_1v80	u_memory.g_read[1].g_bank[0].g_slice[0].u_sram/dout[10]	output	0.16508013012117573	0.16509170419620744	0.09544398604788285	0.09544062762323335	0.010047531925384823	0.01091953201579239
nom_tt_025C_1v80	u_memory.g_read[1].g_bank[0].g_slice[0].u_sram/dout[11]	output	0.16648527001450475	0.16649677470059743	0.09619713359221294	0.0961929980114462	0.010311433510431373	0.01118343360083894
nom_tt_025C_1v80	u_memory.g_read[1].g_bank[0].g_slice[0].u_sram/dout[12]	output	0.16538959091150218	0.16540066538617282	0.09560981867329232	0.09560584268708539	0.010105609586446261	0.01097760967685383
nom_tt_025C_1v80	u_memory.g_read[1].g_bank[0].g_slice[0].u_sram/dout[13]	output	0.1664006432644527	0.16641212019496976	0.09615170465382405	0.09614758295084513	0.010295517761352464	0.011167517851760032
nom_tt_025C_1v80	u_memory.g_read[1].g_bank[0].g_slice[0].u_sram/dout[14]	output	0.16598820928859226	0.16599951968565563	0.0959306800663029	0.09592721061935094	0.010218050669095428	0.011090050759502996
nom_tt_025C_1v80	u_memory.g_read[1].g_bank[0].g_slice[0].u_sram/dout[15]	output	0.1670669713682571	0.16707935035498167	0.0965091062621326	0.09650488741463903	0.010420805792712637	0.011292805883120205
nom_tt_025C_1v80	u_memory.g_read[1].g_bank[0].g_slice[0].u_sram/dout[16]	output	0.16618342812968478	0.16619546017171416	0.09603558226434217	0.09603148831693886	0.010254822063401631	0.0111268221538092
nom_tt_025C_1v80	u_memory.g_read[1].g_bank[0].g_slice[0].u_sram/dout[17]	output	0.16642290323609643	0.1664343801666135	0.09616359097908145	0.09616005908208436	0.010299687704551797	0.011171687794959365
nom_tt_025C_1v80	u_memory.g_read[1].g_bank[0].g_slice[0].u_sram/dout[18]	output	0.16659046364608798	0.16660137158730493	0.09625338026619801	0.09624923774653737	0.010331163448871767	0.011203164386312282
nom_tt_025C_1v80	u_memory.g_read[1].g_bank[0].g_slice[0].u_sram/dout[19]	output	0.16578168005043636	0.16579226880253373	0.09581976878614284	0.09581573728878467	0.010179199808903715	0.011051199899311283
nom_tt_025C_1v80	u_memory.g_read[1].g_bank[0].g_slice[0].u_sram/dout[20]	output	0.1667309623698543	0.16674256420046163	0.0963292084987799	0.09632562802952549	0.01035772386099882	0.011229723951406388
nom_tt_025C_1v80	u_memory.g_read[1].g_bank[0].g_slice[0].u_sram/dout[21]	output	0.16645346212484924	0.1664649529331541	0.09617995982980077	0.09617642099390977	0.010305427199802392	0.01117742729020996
nom_tt_025C_1v80	u_memory.g_read[1].g_bank[0].g_slice[0].u_sram/dout[22]	output	0.16662039803438944	0.1666325966098725	0.09626976299470513	0.09626619640323852	0.010336905485221204	0.011208905575628772
nom_tt_025C_1v80	u_memory.g_read[1].g_bank[0].g_slice[0].u_sram/dout[23]	output	0.16550122383662824	0.16551236770023792	0.09566935438298785	0.09566594738608103	0.010126503348156183	0.010998503438563751
nom_tt_025C_1v80	u_memory.g_read[1].g_bank[0].g_slice[0].u_sram/dout[24]	output	0.16830606353046562	0.1683182621059487	0.09717332494219022	0.09716892568345514	0.010653654302879897	0.011525654393287465
nom_tt_025C_1v80	u_memory.g_read[1].g_bank[0].g_slice[0].u_sram/dout[25]	output	0.16684299775082678	0.16685462733700973	0.09638885523077789	0.09638467107775384	0.010378641339631265	0.011250641430038833
nom_tt_025C_1v80	u_memory.g_read[1].g_bank[0].g_slice[0].u_sram/dout[26]	output	0.1668025578771548	0.1668135352073108	0.09636721975958551	0.09636304254545536	0.010371052771456814	0.011243052861864382
nom_tt_025C_1v80	u_memory.g_read[1].g_bank[0].g_slice[0].u_sram/dout[27]	output	0.16500574517852584	0.16501604249707924	0.09540378903549751	0.0953998685604418	0.010033447461537878	0.010905447551945446
nom_tt_025C_1v80	u_memory.g_read[1].g_bank[0].g_slice[0].u_sram/dout[28]	output	0.1671524169077898	0.16716354689361168	0.09655375110551034	0.0965501220639986	0.010436688507506602	0.01130868859791417
nom_tt_025C_1v80	u_memory.g_read[1].g_bank[0].g_slice[0].u_sram/dout[29]	output	0.16515649958748213	0.16516749079542592	0.09548471735509878	0.09548135199155539	0.010061790030985954	0.010933790121393522
nom_tt_025C_1v80	u_memory.g_read[1].g_bank[0].g_slice[0].u_sram/dout[30]	output	0.16673322444926697	0.16674418790163514	0.09632988851038249	0.09632630804112807	0.010357981359014785	0.011229981449422353
nom_tt_025C_1v80	u_memory.g_read[1].g_bank[0].g_slice[0].u_sram/dout[31]	output	0.16542918424011788	0.16544089709302767	0.09563117658872855	0.09562777653071564	0.010113113451325987	0.010985113541733555
nom_tt_025C_1v80	u_memory.g_read[1].g_bank[0].g_slice[0].u_sram/din[0]	input	0.29027294456973607	0.29176913662887216	0.14101242395980762	0.1415201011933931	0.07781287821116006	0.0782308788062347
nom_tt_025C_1v80	u_memory.g_read[1].g_bank[0].g_slice[0].u_sram/din[1]	input	0.21461546428902523	0.21609407319100882	0.10948478235128789	0.10997978916460482	0.056973665423041414	0.057391666018116044
nom_tt_025C_1v80	u_memory.g_read[1].g_bank[0].g_slice[0].u_sram/din[2]	input	0.23715665542489717	0.23869858867264782	0.11892380136213632	0.11954312539863565	0.06294915082900518	0.06338155776044671
nom_tt_025C_1v80	u_memory.g_read[1].g_bank[0].g_slice[0].u_sram/din[3]	input	0.23707533158834337	0.23856461250915117	0.11878462102821175	0.11928642795755451	0.06291836626357017	0.0633363668586448
nom_tt_025C_1v80	u_memory.g_read[1].g_bank[0].g_slice[0].u_sram/din[4]	input	0.21660843951831765	0.21809792860594257	0.11020306195375085	0.11070157290848925	0.057202879314832006	0.057620879909906636
nom_tt_025C_1v80	u_memory.g_read[1].g_bank[0].g_slice[0].u_sram/din[5]	input	0.28660065987118344	0.2880868876786735	0.13917583752132145	0.13967989265228908	0.0768744266919745	0.07729242728704913
nom_tt_025C_1v80	u_memory.g_read[1].g_bank[0].g_slice[0].u_sram/din[6]	input	0.22140370092849082	0.2228803530623935	0.11238179137285087	0.11287813739269126	0.05880051897862518	0.059218526349963385
nom_tt_025C_1v80	u_memory.g_read[1].g_bank[0].g_slice[0].u_sram/din[7]	input	0.2869695869822664	0.28845878463634733	0.13922218933259956	0.13972541179629872	0.07699160861802945	0.07740960921310408
nom_tt_025C_1v80	u_memory.g_read[1].g_bank[0].g_slice[0].u_sram/din[8]	input	0.29511121324432565	0.2966044909680221	0.14288592531386257	0.1433923119131819	0.0792110246752159	0.07962903204655411
nom_tt_025C_1v80	u_memory.g_read[1].g_bank[0].g_slice[0].u_sram/din[9]	input	0.24273338894431618	0.24421095701221418	0.1212543121464904	0.12175348229614968	0.0649052141784949	0.06532321477356953
nom_tt_025C_1v80	u_memory.g_read[1].g_bank[0].g_slice[0].u_sram/din[10]	input	0.2464882464803253	0.24801524722839474	0.12252598935447168	0.12314070596541882	0.06590844677748647	0.066340853708928
nom_tt_025C_1v80	u_memory.g_read[1].g_bank[0].g_slice[0].u_sram/din[11]	input	0.21360097024469837	0.21508009262483085	0.10903468405931704	0.10952887902204722	0.0566996028307596	0.05711760003770244
nom_tt_025C_1v80	u_memory.g_read[1].g_bank[0].g_slice[0].u_sram/din[12]	input	0.2397617937521801	0.2412507416060805	0.11977729919010471	0.12027805140757408	0.06374036769316721	0.06415837506450542
nom_tt_025C_1v80	u_memory.g_read[1].g_bank[0].g_slice[0].u_sram/din[13]	input	0.2226892420464921	0.2241694607718614	0.11306909575292678	0.11356787732452744	0.05922236171514855	0.05964036231022318
nom_tt_025C_1v80	u_memory.g_read[1].g_bank[0].g_slice[0].u_sram/din[14]	input	0.2876931748385658	0.2891843708940911	0.1397596760543962	0.14026532713096174	0.0771177961983796	0.07753579679345424
nom_tt_025C_1v80	u_memory.g_read[1].g_bank[0].g_slice[0].u_sram/din[15]	input	0.23751983713182767	0.2390095066306941	0.11871306715427465	0.1192121679149949	0.06314844074083517	0.06356643455964622
nom_tt_025C_1v80	u_memory.g_read[1].g_bank[0].g_slice[0].u_sram/din[16]	input	0.22397710075505728	0.2254564729353703	0.1134720650775023	0.1139686331419476	0.05962233067284203	0.060040324491653085
nom_tt_025C_1v80	u_memory.g_read[1].g_bank[0].g_slice[0].u_sram/din[17]	input	0.24581922608568618	0.2473074522946206	0.12226701595619005	0.12276672733957383	0.06543124874379413	0.06584925611513234
nom_tt_025C_1v80	u_memory.g_read[1].g_bank[0].g_slice[0].u_sram/din[18]	input	0.28456176304203495	0.2861035575119075	0.1382180064846139	0.13883828808847198	0.0763152494215151	0.07674765635295663
nom_tt_025C_1v80	u_memory.g_read[1].g_bank[0].g_slice[0].u_sram/din[19]	input	0.24483109983819418	0.24632015871439705	0.12173172192486703	0.1222319467863997	0.06516448079925408	0.06558248817059228
nom_tt_025C_1v80	u_memory.g_read[1].g_bank[0].g_slice[0].u_sram/din[20]	input	0.28799512774568825	0.2894850748003108	0.13960865796747157	0.14011185267559512	0.07729664212299467	0.07771464949433288
nom_tt_025C_1v80	u_memory.g_read[1].g_bank[0].g_slice[0].u_sram/din[21]	input	0.2166141988002579	0.21809162809027782	0.11033662872250716	0.11083044898496652	0.05754843487599387	0.0579664354710685
nom_tt_025C_1v80	u_memory.g_read[1].g_bank[0].g_slice[0].u_sram/din[22]	input	0.21530016658388718	0.21677923345286843	0.10982051379393454	0.11031564550734174	0.057176512873249874	0.057594513468324504
nom_tt_025C_1v80	u_memory.g_read[1].g_bank[0].g_slice[0].u_sram/din[23]	input	0.28703933674378845	0.28853003319895265	0.13925750830257044	0.1397610777109648	0.07701899149914829	0.07743698531795934
nom_tt_025C_1v80	u_memory.g_read[1].g_bank[0].g_slice[0].u_sram/din[24]	input	0.2831505030442827	0.28463778556364616	0.1376822128529298	0.13818562960565828	0.0759265764952062	0.07634457709028084
nom_tt_025C_1v80	u_memory.g_read[1].g_bank[0].g_slice[0].u_sram/din[25]	input	0.22725668569201218	0.22874573069042725	0.11466382704439226	0.11516370496122974	0.06018251083031098	0.06060051142538561
nom_tt_025C_1v80	u_memory.g_read[1].g_bank[0].g_slice[0].u_sram/din[26]	input	0.22128630872142452	0.22281379519206723	0.11242722725013365	0.11303938340923025	0.05880756629274633	0.059239973224187864
nom_tt_025C_1v80	u_memory.g_read[1].g_bank[0].g_slice[0].u_sram/din[27]	input	0.29682192814739494	0.2983140123813399	0.14341995646649508	0.14392481650915556	0.07974839592948119	0.08016639652455582
nom_tt_025C_1v80	u_memory.g_read[1].g_bank[0].g_slice[0].u_sram/din[28]	input	0.29167199211421746	0.2931581921661319	0.14123353875294953	0.14173726081700977	0.07832937179734142	0.07874737239241605
nom_tt_025C_1v80	u_memory.g_read[1].g_bank[0].g_slice[0].u_sram/din[29]	input	0.21329260579960874	0.21476896649996746	0.10888605295189535	0.10938033118135237	0.05651679279195139	0.05693478999889423
nom_tt_025C_1v80	u_memory.g_read[1].g_bank[0].g_slice[0].u_sram/din[30]	input	0.21799045901715886	0.21946991446419872	0.11092889801167516	0.11142508443695576	0.057943463937538964	0.058361464532613594
nom_tt_025C_1v80	u_memory.g_read[1].g_bank[0].g_slice[0].u_sram/din[31]	input	0.2156165107569663	0.2171434421160967	0.11028754992592482	0.11090488249987374	0.05709078636272416	0.057523186517902114
nom_tt_025C_1v80	u_memory.g_read[1].g_bank[0].g_slice[0].u_sram/wmask[0]	input	0.3601815790066354	0.3624157363102398	0.1695212997754325	0.1701977031531854	0.09770150996828847	0.09832951374790996
nom_tt_025C_1v80	u_memory.g_read[1].g_bank[0].g_slice[0].u_sram/wmask[1]	input	0.3407149284928579	0.3429341532967811	0.16156029292169194	0.16223057619502157	0.09266194853519566	0.09328994553855358
nom_tt_025C_1v80	u_memory.g_read[1].g_bank[0].g_slice[0].u_sram/wmask[2]	input	0.28807040086675784	0.28967458987061434	0.13436483869977423	0.13485508543187308	0.10742483156278224	0.10805283534240373
nom_tt_025C_1v80	u_memory.g_read[1].g_bank[0].g_slice[0].u_sram/wmask[3]	input	0.3385243751985456	0.3396422587620407	0.15959771004769863	0.15993585622542383	0.09116955779729652	0.09194956672150048
nom_tt_025C_1v80	u_memory.g_read[1].g_bank[0].g_slice[0].u_sram/addr[0]	input	0.1744505234713145	0.17536307128640516	0.09348390117569494	0.09376839582575514	0.10622908531553871	0.10682007714349698
nom_tt_025C_1v80	u_memory.g_read[1].g_bank[0].g_slice[0].u_sram/addr[1]	input	0.16326535956512345	0.16417696369064316	0.08796114531195443	0.08824014435804273	0.09939832702580975	0.09998931207750444
nom_tt_025C_1v80	u_memory.g_read[1].g_bank[0].g_slice[0].u_sram/addr[2]	input	0.16511335354518764	0.16602938468501804	0.08968821518795522	0.08997415312794743	0.10045426540291127	0.10104525723086955
nom_tt_025C_1v80	u_memory.g_read[1].g_bank[0].g_slice[0].u_sram/addr[3]	input	0.16424686610783112	0.16510995348717472	0.08829152686740116	0.08856992222971982	0.0998439612237556	0.10043495305171388
nom_tt_025C_1v80	u_memory.g_read[1].g_bank[0].g_slice[0].u_sram/addr[4]	input	0.17560372600478047	0.1764862284092672	0.09440950105021884	0.09469929701522162	0.10632248255643476	0.10691346760812945
nom_tt_025C_1v80	u_memory.g_read[1].g_bank[0].g_slice[0].u_sram/addr[5]	input	0.17435995702808071	0.17523273110331417	0.09343501666814191	0.09372010806307784	0.106472210876455	0.1070631959281497
nom_tt_025C_1v80	u_memory.g_read[1].g_bank[0].g_slice[0].u_sram/addr[6]	input	0.1642141284063925	0.16508704125950402	0.08883139362980685	0.08911628379681957	0.09944698059830004	0.10003797242625831
nom_tt_025C_1v80	u_memory.g_read[1].g_bank[0].g_slice[0].u_sram/addr[7]	input	0.1658838760798531	0.16675787140041365	0.08957288383237838	0.08985929361715606	0.10055653277283097	0.10114752460078924
nom_tt_025C_1v80	u_memory.g_read[1].g_bank[0].g_slice[0].u_sram/addr[8]	input	0.20019745583521598	0.20111162735148014	0.1040158792431356	0.10430012409301526	0.12420012934777347	0.124791100846941
nom_tt_025C_1v80	u_memory.g_read[1].g_bank[0].g_slice[0].u_sram/we	input	0.32291544438400877	0.32429031682212894	0.17652304618032133	0.17706193455868657	0.1395999743754317	0.14148038751833625
nom_tt_025C_1v80	u_memory.g_read[1].g_bank[0].g_slice[0].u_sram/ce	input	0.05377199380207642	0.05470961877973579	0.043880683808783516	0.04430023708978936	0.006999924745339269	0.007295835281946085
nom_tt_025C_1v80	u_memory.g_read[1].g_bank[0].g_slice[0].u_sram/clk	input	0.09128412609138437	0.21863727495130547	0.09059398370370175	0.21501148084190902	0.07019602591253407	0.2383561284544783
nom_tt_025C_1v80	u_memory.g_read[1].g_bank[0].g_slice[0].u_sram/rstb	input	0.0	0.0	0.0	0.0	0.0804425970279965	0.3405062690142735
nom_tt_025C_1v80	u_memory.g_read[1].g_bank[1].g_slice[0].u_sram/dout[0]	output	0.16882560627262677	0.1688373607589	0.09745003415329023	0.09744680062873101	0.01075100803467257	0.011623008125080138
nom_tt_025C_1v80	u_memory.g_read[1].g_bank[1].g_slice[0].u_sram/dout[1]	output	0.16781291634071493	0.1678249067493809	0.09690915431237457	0.09690483138147243	0.01056100922724101	0.011433009317648579
nom_tt_025C_1v80	u_memory.g_read[1].g_bank[1].g_slice[0].u_sram/dout[2]	output	0.1683987116418706	0.1684102857169023	0.09722260496669577	0.09721880939173033	0.01067096596225588	0.011542966052663448
nom_tt_025C_1v80	u_memory.g_read[1].g_bank[1].g_slice[0].u_sram/dout[3]	output	0.1685154238373343	0.16852769180175642	0.09728591543467502	0.09728148842036433	0.010693108250530055	0.011565108340937623
nom_tt_025C_1v80	u_memory.g_read[1].g_bank[1].g_slice[0].u_sram/dout[4]	output	0.16895379539860755	0.16896622989648336	0.09751992963158429	0.09751544710612237	0.010775261129051302	0.01164726121945887
nom_tt_025C_1v80	u_memory.g_read[1].g_bank[1].g_slice[0].u_sram/dout[5]	output	0.17228292403803636	0.17229025150999888	0.09929033983890889	0.09928603772468847	0.011396377683778672	0.01226837777418624
nom_tt_025C_1v80	u_memory.g_read[1].g_bank[1].g_slice[0].u_sram/dout[6]	output	0.17076526304116157	0.17077840530621557	0.09849016741059202	0.09848669796364007	0.011115829360219733	0.011987829450627301
nom_tt_025C_1v80	u_memory.g_read[1].g_bank[1].g_slice[0].u_sram/dout[7]	output	0.17070364566329488	0.17071674629498546	0.0984579848206657	0.09845388393436849	0.011104297006642866	0.011976297944083381
nom_tt_025C_1v80	u_memory.g_read[1].g_bank[1].g_slice[0].u_sram/dout[8]	output	0.16620882448137309	0.1662202181451633	0.09604819023456557	0.0960446860931441	0.01025945618065606	0.011131456271063628
nom_tt_025C_1v80	u_memory.g_read[1].g_bank[1].g_slice[0].u_sram/dout[9]	output	0.1724836801164642	0.17249035533239976	0.09939536693703843	0.0993910370672424	0.011433273591928122	0.01230527368233569
nom_tt_025C_1v80	u_memory.g_read[1].g_bank[1].g_slice[0].u_sram/dout[10]	output	0.16714292450092927	0.1671546789872025	0.09654950450244115	0.09654527177715977	0.010434966489524834	0.011306966579932402
nom_tt_025C_1v80	u_memory.g_read[1].g_bank[1].g_slice[0].u_sram/dout[11]	output	0.17158628684565969	0.17159693110890828	0.09892316826798364	0.09891960167651703	0.011267759965902843	0.01213976005631041
nom_tt_025C_1v80	u_memory.g_read[1].g_bank[1].g_slice[0].u_sram/dout[12]	output	0.16732647212247542	0.16733829599768768	0.09664772454565096	0.0966440746874575	0.010469417013555561	0.01134141710396313
nom_tt_025C_1v80	u_memory.g_read[1].g_bank[1].g_slice[0].u_sram/dout[13]	output	0.17132847918155392	0.17133973406746605	0.09878761697557081	0.09878344670033457	0.011219983919545911	0.012091984009953479
nom_tt_025C_1v80	u_memory.g_read[1].g_bank[1].g_slice[0].u_sram/dout[14]	output	0.1695294737924513	0.16954213033493204	0.09782777365963113	0.09782446380723897	0.010883459423667672	0.01175545951407524
nom_tt_025C_1v80	u_memory.g_read[1].g_bank[1].g_slice[0].u_sram/dout[15]	output	0.17146083164387704	0.1714721281631526	0.0988570406090794	0.09885349483429451	0.011244555498312811	0.012116555588720379
nom_tt_025C_1v80	u_memory.g_read[1].g_bank[1].g_slice[0].u_sram/dout[16]	output	0.16996641594158035	0.1699792667730904	0.09806251644040032	0.09805851269861776	0.010965582656035765	0.011837582746443333
nom_tt_025C_1v80	u_memory.g_read[1].g_bank[1].g_slice[0].u_sram/dout[17]	output	0.17201365332120133	0.1720223130607934	0.09914824516954468	0.09914397774979378	0.011346538265162229	0.012218538355569797
nom_tt_025C_1v80	u_memory.g_read[1].g_bank[1].g_slice[0].u_sram/dout[18]	output	0.16809101333059573	0.16810379477316673	0.09705818093674878	0.09705442699514677	0.01061329911217386	0.011485299202581428
nom_tt_025C_1v80	u_memory.g_read[1].g_bank[1].g_slice[0].u_sram/dout[19]	output	0.17138673813477112	0.17139802077625887	0.09881840484782245	0.0988142206947984	0.011230788671821087	0.012102788762228655
nom_tt_025C_1v80	u_memory.g_read[1].g_bank[1].g_slice[0].u_sram/dout[20]	output	0.16890980281125678	0.16892223730913258	0.09749687862603551	0.09749302060102494	0.010767128765724714	0.011639128856132282
nom_tt_025C_1v80	u_memory.g_read[1].g_bank[1].g_slice[0].u_sram/dout[21]	output	0.16916712475278928	0.16917967027296754	0.09763383851391083	0.09762994579443074	0.010815244472293494	0.011687244562701062
nom_tt_025C_1v80	u_memory.g_read[1].g_bank[1].g_slice[0].u_sram/dout[22]	output	0.16955556403353	0.16956755444219596	0.09784313637073438	0.09783918814010306	0.010888562797174879	0.011760562887582447
nom_tt_025C_1v80	u_memory.g_read[1].g_bank[1].g_slice[0].u_sram/dout[23]	output	0.17218790282491625	0.17219589643069355	0.09924031041386172	0.09923536298250824	0.011378835631441035	0.01225083656888155
nom_tt_025C_1v80	u_memory.g_read[1].g_bank[1].g_slice[0].u_sram/dout[24]	output	0.16975210126446427	0.16976485495145965	0.09794818428554564	0.09794357685999344	0.010925437529500648	0.011797437619908216
nom_tt_025C_1v80	u_memory.g_read[1].g_bank[1].g_slice[0].u_sram/dout[25]	output	0.1671463523145178	0.16715875905681798	0.09655144739273425	0.0965478183512225	0.010435672915002844	0.01130767385244336
nom_tt_025C_1v80	u_memory.g_read[1].g_bank[1].g_slice[0].u_sram/dout[26]	output	0.1709563879348508	0.17096958571105603	0.09859293936820279	0.09858817234809081	0.011151605490812913	0.012023605581220481
nom_tt_025C_1v80	u_memory.g_read[1].g_bank[1].g_slice[0].u_sram/dout[27]	output	0.16928014545669612	0.1692927048546622	0.09769491465805302	0.09769037662143987	0.010836621042783351	0.011708621133190919
nom_tt_025C_1v80	u_memory.g_read[1].g_bank[1].g_slice[0].u_sram/dout[28]	output	0.1747925276740503	0.17478872516019095	0.10060804273015478	0.10060341448792087	0.011858976257592135	0.012730976347999703
nom_tt_025C_1v80	u_memory.g_read[1].g_bank[1].g_slice[0].u_sram/dout[29]	output	0.17343392000324087	0.17343722291673913	0.0998950505648466	0.09989059579496029	0.011608655151788914	0.012480655242196482
nom_tt_025C_1v80	u_memory.g_read[1].g_bank[1].g_slice[0].u_sram/dout[30]	output	0.17560763954094227	0.1756009365694311	0.10103900355273865	0.10103428510488399	0.01200954483429606	0.012881544924703628
nom_tt_025C_1v80	u_memory.g_read[1].g_bank[1].g_slice[0].u_sram/dout[31]	output	0.17066022206524423	0.17067335045251042	0.09843403869780332	0.09842994475040001	0.01109593848551936	0.011967938575926929
nom_tt_025C_1v80	u_memory.g_read[1].g_bank[1].g_slice[0].u_sram/din[0]	input	0.17909888849754196	0.18015530733883622	0.09300070435980246	0.09340932888290965	0.06407941126503058	0.06473920927336022
nom_tt_025C_1v80	u_memory.g_read[1].g_bank[1].g_slice[0].u_sram/din[1]	input	0.1931607790384149	0.1942027094692378	0.0952233361606325	0.0955907714095261	0.07007332133166302	0.07073312611625623
nom_tt_025C_1v80	u_memory.g_read[1].g_bank[1].g_slice[0].u_sram/din[2]	input	0.23388899150766918	0.2354182959685147	0.11725261039874368	0.11786915887768146	0.06205008972999873	0.06272429407469526
nom_tt_025C_1v80	u_memory.g_read[1].g_bank[1].g_slice[0].u_sram/din[3]	input	0.2626689143969685	0.26415489240427803	0.12905045088107414	0.12955342354459276	0.06988100419505483	0.07054080220338446
nom_tt_025C_1v80	u_memory.g_read[1].g_bank[1].g_slice[0].u_sram/din[4]	input	0.2238821211753006	0.2249496422468411	0.10713085280000811	0.10749592882497438	0.08227896445764382	0.08293876924223703
nom_tt_025C_1v80	u_memory.g_read[1].g_bank[1].g_slice[0].u_sram/din[5]	input	0.31488672780355387	0.31637506503479074	0.1508489722024109	0.15135555309075954	0.08451439960192875	0.08517420438652196
nom_tt_025C_1v80	u_memory.g_read[1].g_bank[1].g_slice[0].u_sram/din[6]	input	0.30834296227411073	0.30983052234923036	0.14796645853021317	0.14847288676289594	0.08272672640235318	0.08338653118694639
nom_tt_025C_1v80	u_memory.g_read[1].g_bank[1].g_slice[0].u_sram/din[7]	input	0.2248068398102987	0.22587423598174894	0.10762209873282913	0.10798863192551522	0.08264810819232082	0.08330791297691403
nom_tt_025C_1v80	u_memory.g_read[1].g_bank[1].g_slice[0].u_sram/din[8]	input	0.1843261793199602	0.1851475500691535	0.09551332641466459	0.09592192318219617	0.06610661182956251	0.06676641661415572
nom_tt_025C_1v80	u_memory.g_read[1].g_bank[1].g_slice[0].u_sram/din[9]	input	0.24136931342511048	0.24244140028883976	0.11458974047418025	0.11495791818472156	0.08889979410172527	0.08955959888631848
nom_tt_025C_1v80	u_memory.g_read[1].g_bank[1].g_slice[0].u_sram/din[10]	input	0.33346483907514823	0.3350036359428543	0.15818586718285843	0.1588114501016591	0.08988092930518887	0.0905551336498854
nom_tt_025C_1v80	u_memory.g_read[1].g_bank[1].g_slice[0].u_sram/din[11]	input	0.1792559572999508	0.18031391657569174	0.09306425768906834	0.09346255713804652	0.064210267690986	0.06487007247557922
nom_tt_025C_1v80	u_memory.g_read[1].g_bank[1].g_slice[0].u_sram/din[12]	input	0.19834323072842608	0.19941176487847656	0.09681942747530314	0.09718108956446869	0.07221282491247372	0.07287262969706693
nom_tt_025C_1v80	u_memory.g_read[1].g_bank[1].g_slice[0].u_sram/din[13]	input	0.22700495649896624	0.22861265658313812	0.10876756439959223	0.10913474290941139	0.08350042662516599	0.08416022463349562
nom_tt_025C_1v80	u_memory.g_read[1].g_bank[1].g_slice[0].u_sram/din[14]	input	0.23473958887798574	0.23581084307444655	0.11179870224031774	0.11216640810607359	0.08631016366021649	0.08696996166854612
nom_tt_025C_1v80	u_memory.g_read[1].g_bank[1].g_slice[0].u_sram/din[15]	input	0.1771333496547456	0.1781910868858816	0.09211899298922077	0.09252736077325352	0.06332896040255401	0.06398876518714722
nom_tt_025C_1v80	u_memory.g_read[1].g_bank[1].g_slice[0].u_sram/din[16]	input	0.19834738018698062	0.19941615025942383	0.09684837654067024	0.09721054516909078	0.07220915217761442	0.07286895018594405
nom_tt_025C_1v80	u_memory.g_read[1].g_bank[1].g_slice[0].u_sram/din[17]	input	0.22314931846789676	0.224217797106796	0.10691635077275663	0.10728272437088293	0.0819986439859477	0.08265844199427733
nom_tt_025C_1v80	u_memory.g_read[1].g_bank[1].g_slice[0].u_sram/din[18]	input	0.24144045096541333	0.24298141276801744	0.12010145655771964	0.12071788013656715	0.06396178210557948	0.06463597967401244
nom_tt_025C_1v80	u_memory.g_read[1].g_bank[1].g_slice[0].u_sram/din[19]	input	0.2312077473920482	0.23228030610056294	0.11029707702725489	0.11066469962628389	0.08493619490460708	0.08559599968920029
nom_tt_025C_1v80	u_memory.g_read[1].g_bank[1].g_slice[0].u_sram/din[20]	input	0.22452542602913184	0.22559948353872983	0.10735735911371336	0.10771739056281149	0.08240080167677688	0.08306061323763367
nom_tt_025C_1v80	u_memory.g_read[1].g_bank[1].g_slice[0].u_sram/din[21]	input	0.18478998886628517	0.1853670134055463	0.09587234478525275	0.09559514985157946	0.06634208698889921	0.06700189177349242
nom_tt_025C_1v80	u_memory.g_read[1].g_bank[1].g_slice[0].u_sram/din[22]	input	0.18310068738980334	0.18415839686536373	0.0947610739876481	0.09515977589247271	0.0657657928766417	0.06642559088497133
nom_tt_025C_1v80	u_memory.g_read[1].g_bank[1].g_slice[0].u_sram/din[23]	input	0.21111888626190733	0.2121882947125897	0.10266129613079045	0.1030327420603605	0.07719150839358146	0.0778513064019111
nom_tt_025C_1v80	u_memory.g_read[1].g_bank[1].g_slice[0].u_sram/din[24]	input	0.27707666716558776	0.27815016956367344	0.12933856763375218	0.12970220730768034	0.10271818795927826	0.10355399263778375
nom_tt_025C_1v80	u_memory.g_read[1].g_bank[1].g_slice[0].u_sram/din[25]	input	0.2339803073514446	0.2350529493266862	0.11118486686889639	0.11155328744072435	0.08609638609685666	0.08675619765771345
nom_tt_025C_1v80	u_memory.g_read[1].g_bank[1].g_slice[0].u_sram/din[26]	input	0.25777494028211834	0.25888316490529917	0.12109414859740042	0.1215396810971825	0.09513464777240188	0.0959848520110107
nom_tt_025C_1v80	u_memory.g_read[1].g_bank[1].g_slice[0].u_sram/din[27]	input	0.1821668510482155	0.18322431072359535	0.09398083700151716	0.09437804010525852	0.06541628675381383	0.06607609153840704
nom_tt_025C_1v80	u_memory.g_read[1].g_bank[1].g_slice[0].u_sram/din[28]	input	0.28587340827890273	0.28704658094902413	0.15371934281027677	0.15423588795027143	0.0997812469043409	0.10068905615962659
nom_tt_025C_1v80	u_memory.g_read[1].g_bank[1].g_slice[0].u_sram/din[29]	input	0.2867811821349875	0.2879476379558099	0.15142732900930156	0.15187180679721024	0.10125475897191163	0.10209056365041713
nom_tt_025C_1v80	u_memory.g_read[1].g_bank[1].g_slice[0].u_sram/din[30]	input	0.1754568990097738	0.17651576034172223	0.09119251187517108	0.09159039499051502	0.06274520562409708	0.06340501040869029
nom_tt_025C_1v80	u_memory.g_read[1].g_bank[1].g_slice[0].u_sram/din[31]	input	0.3680546145634622	0.3696917771911501	0.19276881479957098	0.19359101821603275	0.09599986821109963	0.09667407255579616
nom_tt_025C_1v80	u_memory.g_read[1].g_bank[1].g_slice[0].u_sram/wmask[0]	input	0.3601787479379226	0.36241296075267826	0.16951513803764584	0.17019159692654995	0.09770150996828847	0.09832951374790996
nom_tt_025C_1v80	u_memory.g_read[1].g_bank[1].g_slice[0].u_sram/wmask[1]	input	0.34071750976139015	0.3429368178320402	0.16156594118132972	0.162236321599174	0.09266194853519566	0.09328994553855358
nom_tt_025C_1v80	u_memory.g_read[1].g_bank[1].g_slice[0].u_sram/wmask[2]	input	0.28746358071707334	0.2890627459617434	0.1330120596998441	0.1334936883257143	0.10742483156278224	0.10805283534240373
nom_tt_025C_1v80	u_memory.g_read[1].g_bank[1].g_slice[0].u_sram/wmask[3]	input	0.1855259973426726	0.18629096876221496	0.09632664804692936	0.09657009913954795	0.06561510232719336	0.06657711491483975
nom_tt_025C_1v80	u_memory.g_read[1].g_bank[1].g_slice[0].u_sram/addr[0]	input	0.17334951529779374	0.1742522931502677	0.0914257211603875	0.09169588699453612	0.10622908531553871	0.10682007714349698
nom_tt_025C_1v80	u_memory.g_read[1].g_bank[1].g_slice[0].u_sram/addr[1]	input	0.16255326251712887	0.1634560126140272	0.0866478069849741	0.08691421887752071	0.09939832702580975	0.09998931207750444
nom_tt_025C_1v80	u_memory.g_read[1].g_bank[1].g_slice[0].u_sram/addr[2]	input	0.16432581684266978	0.1652320918976713	0.08825166986081712	0.08852395205760644	0.10045426540291127	0.10104525723086955
nom_tt_025C_1v80	u_memory.g_read[1].g_bank[1].g_slice[0].u_sram/addr[3]	input	0.1635490770590664	0.1644030883651837	0.08700258569138697	0.08726837308348223	0.0998439612237556	0.10043495305171388
nom_tt_025C_1v80	u_memory.g_read[1].g_bank[1].g_slice[0].u_sram/addr[4]	input	0.17477681801825184	0.17564917575985106	0.09287782348765816	0.09315363758144457	0.10632248255643476	0.10691346760812945
nom_tt_025C_1v80	u_memory.g_read[1].g_bank[1].g_slice[0].u_sram/addr[5]	input	0.1735495774868312	0.17441229016590398	0.09192293454196587	0.09219405100457934	0.106472210876455	0.1070631959281497
nom_tt_025C_1v80	u_memory.g_read[1].g_bank[1].g_slice[0].u_sram/addr[6]	input	0.16346392295307766	0.1643272878881774	0.08745611179694635	0.08772779030996603	0.09944698059830004	0.10003797242625831
nom_tt_025C_1v80	u_memory.g_read[1].g_bank[1].g_slice[0].u_sram/addr[7]	input	0.16498290233979418	0.16584536521868642	0.08791577188471678	0.08818624303019718	0.10055653277283097	0.10114752460078924
nom_tt_025C_1v80	u_memory.g_read[1].g_bank[1].g_slice[0].u_sram/addr[8]	input	0.1993375881026438	0.20024304436816465	0.10234547931364801	0.10261701210989571	0.12420012934777347	0.124791100846941
nom_tt_025C_1v80	u_memory.g_read[1].g_bank[1].g_slice[0].u_sram/we	input	0.32060085142227024	0.32194896748549695	0.1725477816183485	0.1730549731293607	0.1395999743754317	0.14148038751833625
nom_tt_025C_1v80	u_memory.g_read[1].g_bank[1].g_slice[0].u_sram/ce	input	0.2666001031048637	0.26777671746636145	0.18229252829460307	0.18282744762565528	0.06421069459559142	0.06450661402604418
nom_tt_025C_1v80	u_memory.g_read[1].g_bank[1].g_slice[0].u_sram/clk	input	0.09122768512836998	0.21874080324835177	0.09104632325840356	0.21560402074793927	0.07053796972520884	0.2386980587146259
nom_tt_025C_1v80	u_memory.g_read[1].g_bank[1].g_slice[0].u_sram/rstb	input	0.0	0.0	0.0	0.0	0.08089073166720265	0.3409544239822704
nom_tt_025C_1v80	u_memory.g_read[1].g_bank[2].g_slice[0].u_sram/dout[0]	output	0.17056583923036328	0.17058028600747122	0.09838349579460726	0.09837847897431473	0.011078179592747227	0.011950179683154795
nom_tt_025C_1v80	u_memory.g_read[1].g_bank[2].g_slice[0].u_sram/dout[1]	output	0.16884657561000438	0.16885962073054372	0.09746379397990168	0.09745906165425922	0.010755440558085552	0.01162744064849312
nom_tt_025C_1v80	u_memory.g_read[1].g_bank[2].g_slice[0].u_sram/dout[2]	output	0.1720805581362228	0.1720899395207809	0.0991837931230144	0.09917922039193172	0.011358948144872451	0.012230949082312967
nom_tt_025C_1v80	u_memory.g_read[1].g_bank[2].g_slice[0].u_sram/dout[3]	output	0.17079594683000465	0.17080979686223685	0.09850738280636762	0.09850234516939338	0.011121604430854113	0.011993604521261681
nom_tt_025C_1v80	u_memory.g_read[1].g_bank[2].g_slice[0].u_sram/dout[4]	output	0.16709365835421153	0.1671060373409361	0.09652255383851838	0.09651868193572	0.010425712654576081	0.011297712744983649
nom_tt_025C_1v80	u_memory.g_read[1].g_bank[2].g_slice[0].u_sram/dout[5]	output	0.16970115590542179	0.16971456184844413	0.0979214834218034	0.09791725069652202	0.010915998194336446	0.011787998284744014
nom_tt_025C_1v80	u_memory.g_read[1].g_bank[2].g_slice[0].u_sram/dout[6]	output	0.16921525292090678	0.16922779844108504	0.09765973446596021	0.09765618869117532	0.010824432238672362	0.01169643232907993
nom_tt_025C_1v80	u_memory.g_read[1].g_bank[2].g_slice[0].u_sram/dout[7]	output	0.1699514140529601	0.1699649171404971	0.0980550363127719	0.0980507619541271	0.010962889091263497	0.011834889181671065
nom_tt_025C_1v80	u_memory.g_read[1].g_bank[2].g_slice[0].u_sram/dout[8]	output	0.16855672413385037	0.16856968598766287	0.0973068361997953	0.09730213856862235	0.01070050115409369	0.011572501244501258
nom_tt_025C_1v80	u_memory.g_read[1].g_bank[2].g_slice[0].u_sram/dout[9]	output	0.1702321617003122	0.17024577581015166	0.09820533275473053	0.09820102370161621	0.011015602492669974	0.011887602583077542
nom_tt_025C_1v80	u_memory.g_read[1].g_bank[2].g_slice[0].u_sram/dout[10]	output	0.16971210548000215	0.1697255253008123	0.09792603533620436	0.09792242017248043	0.010917870984182825	0.011789871074590393
nom_tt_025C_1v80	u_memory.g_read[1].g_bank[2].g_slice[0].u_sram/dout[11]	output	0.17224031922946637	0.17224761894585328	0.09926742067234429	0.09926215405187122	0.011388296142428918	0.012260296232836487
nom_tt_025C_1v80	u_memory.g_read[1].g_bank[2].g_slice[0].u_sram/dout[12]	output	0.1672410265829427	0.16725282270257935	0.0966016225345534	0.09659774369286112	0.01045339707942414	0.011325397169831709
nom_tt_025C_1v80	u_memory.g_read[1].g_bank[2].g_slice[0].u_sram/dout[13]	output	0.17351028946954727	0.17351287073807953	0.09993525451612584	0.09993048055711995	0.011622702346186179	0.012494702436593747
nom_tt_025C_1v80	u_memory.g_read[1].g_bank[2].g_slice[0].u_sram/dout[14]	output	0.16831856741728046	0.16833144600436611	0.09718009730264043	0.09717605886638836	0.010656013289638	0.011528013380045568
nom_tt_025C_1v80	u_memory.g_read[1].g_bank[2].g_slice[0].u_sram/dout[15]	output	0.16914014633329089	0.16915335798728393	0.0976201203206628	0.09761533942276301	0.01081034692779247	0.011682347018200038
nom_tt_025C_1v80	u_memory.g_read[1].g_bank[2].g_slice[0].u_sram/dout[16]	output	0.16866373575563642	0.16867607310899757	0.09736489392508929	0.09736018935502244	0.010720802839773481	0.01159280293018105
nom_tt_025C_1v80	u_memory.g_read[1].g_bank[2].g_slice[0].u_sram/dout[17]	output	0.17162869736520037	0.17163935550623677	0.09894579600100428	0.09894062652504587	0.011275430696273177	0.012147430786680746
nom_tt_025C_1v80	u_memory.g_read[1].g_bank[2].g_slice[0].u_sram/dout[18]	output	0.16841443517545684	0.1684273276403303	0.097231542262044	0.09722686544755277	0.01067404153888736	0.011546041629294929
nom_tt_025C_1v80	u_memory.g_read[1].g_bank[2].g_slice[0].u_sram/dout[19]	output	0.17313353528614073	0.17313891986781016	0.09973744052871325	0.09973204900814991	0.011553260891104377	0.012425260981511945
nom_tt_025C_1v80	u_memory.g_read[1].g_bank[2].g_slice[0].u_sram/dout[20]	output	0.17163687138221917	0.17164751564546776	0.09895013974858813	0.09894562252865668	0.011276956202611182	0.012148957140051698
nom_tt_025C_1v80	u_memory.g_read[1].g_bank[2].g_slice[0].u_sram/dout[21]	output	0.1712032460243762	0.1712151392885275	0.09872054562709565	0.09871608391831543	0.011196671031738631	0.012068671122146199
nom_tt_025C_1v80	u_memory.g_read[1].g_bank[2].g_slice[0].u_sram/dout[22]	output	0.16957264759032142	0.16958533188837777	0.09785108834314826	0.09784749399610604	0.010891564681939948	0.011763564772347516
nom_tt_025C_1v80	u_memory.g_read[1].g_bank[2].g_slice[0].u_sram/dout[23]	output	0.16834023064404846	0.1683530953533463	0.09719112320505374	0.09718768845257131	0.010660084977015451	0.01153208506742302
nom_tt_025C_1v80	u_memory.g_read[1].g_bank[2].g_slice[0].u_sram/dout[24]	output	0.1693939433167202	0.1694065443480497	0.09775562997971221	0.0977520564493517	0.010858061987777199	0.011730062078184767
nom_tt_025C_1v80	u_memory.g_read[1].g_bank[2].g_slice[0].u_sram/dout[25]	output	0.16677409453436098	0.16678634862099528	0.09635212072645061	0.09634829739590955	0.010365737639712793	0.011237737730120361
nom_tt_025C_1v80	u_memory.g_read[1].g_bank[2].g_slice[0].u_sram/dout[26]	output	0.1712572583745242	0.17126987328364152	0.09875081308230449	0.09874635137352428	0.011206994669299766	0.012078994759707334
nom_tt_025C_1v80	u_memory.g_read[1].g_bank[2].g_slice[0].u_sram/dout[27]	output	0.17218397541096664	0.17219195513895613	0.09923838834025034	0.09923380173137986	0.01137805382003072	0.012250053910438288
nom_tt_025C_1v80	u_memory.g_read[1].g_bank[2].g_slice[0].u_sram/dout[28]	output	0.1703222285431849	0.1703358704086	0.09825430052901041	0.09824996372032047	0.011032752368753031	0.0119047524591606
nom_tt_025C_1v80	u_memory.g_read[1].g_bank[2].g_slice[0].u_sram/dout[29]	output	0.16910006728210192	0.16911257116891676	0.09759842239942529	0.09759427294087075	0.010802733795662548	0.011674733886070116
nom_tt_025C_1v80	u_memory.g_read[1].g_bank[2].g_slice[0].u_sram/dout[30]	output	0.17180550038187192	0.17181550626688136	0.09903802083988111	0.09903348280326796	0.011308023677050576	0.012180023767458144
nom_tt_025C_1v80	u_memory.g_read[1].g_bank[2].g_slice[0].u_sram/dout[31]	output	0.16696959093120967	0.16698127602854385	0.09645637066846291	0.09645252652124015	0.010402296428749236	0.011274296519156804
nom_tt_025C_1v80	u_memory.g_read[1].g_bank[2].g_slice[0].u_sram/din[0]	input	0.27012816983251753	0.27173094330201764	0.17845389055359817	0.1792866549665817	0.06503334654649195	0.06665214848143933
nom_tt_025C_1v80	u_memory.g_read[1].g_bank[2].g_slice[0].u_sram/din[1]	input	0.2680707600344334	0.2696731726814505	0.17688336906296342	0.17771277505129746	0.06451505047419884	0.06613385918540979
nom_tt_025C_1v80	u_memory.g_read[1].g_bank[2].g_slice[0].u_sram/din[2]	input	0.3756101818463975	0.3771598311441693	0.17647176775437146	0.17711729305425195	0.10137679947895203	0.10229900829434105
nom_tt_025C_1v80	u_memory.g_read[1].g_bank[2].g_slice[0].u_sram/din[3]	input	0.32790006820881956	0.3288250227662104	0.202651811997967	0.20308935089197178	0.14026965895232169	0.1411774614313438
nom_tt_025C_1v80	u_memory.g_read[1].g_bank[2].g_slice[0].u_sram/din[4]	input	0.2677946198126335	0.269386679629946	0.17563464571601628	0.17644925798254718	0.06482656886340823	0.06644537079835561
nom_tt_025C_1v80	u_memory.g_read[1].g_bank[2].g_slice[0].u_sram/din[5]	input	0.3040888929550789	0.30501276504502073	0.18955506608797634	0.19000248596690028	0.12954455487924205	0.13045235735826416
nom_tt_025C_1v80	u_memory.g_read[1].g_bank[2].g_slice[0].u_sram/din[6]	input	0.29906310761163013	0.299991670393851	0.18731292905638242	0.18776795396302504	0.1270747287777929	0.12798251770428787
nom_tt_025C_1v80	u_memory.g_read[1].g_bank[2].g_slice[0].u_sram/din[7]	input	0.25402260850349023	0.25561458505407586	0.1678512190350645	0.16867250651753096	0.061203592107567095	0.06282239404251447
nom_tt_025C_1v80	u_memory.g_read[1].g_bank[2].g_slice[0].u_sram/din[8]	input	0.2965684087197218	0.2981616342712101	0.1938081223284982	0.19462428890726358	0.0723674795761152	0.07398628828732615
nom_tt_025C_1v80	u_memory.g_read[1].g_bank[2].g_slice[0].u_sram/din[9]	input	0.2576300006662535	0.2592307479787337	0.1696010276663884	0.17042443845038946	0.061835160201830636	0.06345396213677801
nom_tt_025C_1v80	u_memory.g_read[1].g_bank[2].g_slice[0].u_sram/din[10]	input	0.2507294649678471	0.25239096923534987	0.1665148435803232	0.1675310307147626	0.060426097177150584	0.061596290134441345
nom_tt_025C_1v80	u_memory.g_read[1].g_bank[2].g_slice[0].u_sram/din[11]	input	0.2423563849607291	0.24395691022860433	0.16001291958112063	0.1608354976978532	0.05782016982173663	0.059438971756684
nom_tt_025C_1v80	u_memory.g_read[1].g_bank[2].g_slice[0].u_sram/din[12]	input	0.26021881871507446	0.2618218142291795	0.17146353781249957	0.17228914128697426	0.06246868663626823	0.0640874885712156
nom_tt_025C_1v80	u_memory.g_read[1].g_bank[2].g_slice[0].u_sram/din[13]	input	0.2521981234959725	0.2538013132991068	0.16617034137578202	0.1669939880821758	0.06039200579508949	0.062010807730036865
nom_tt_025C_1v80	u_memory.g_read[1].g_bank[2].g_slice[0].u_sram/din[14]	input	0.2535424925564911	0.25514521051483996	0.1671820598625473	0.16800690005869257	0.060722429959681606	0.06234123189462898
nom_tt_025C_1v80	u_memory.g_read[1].g_bank[2].g_slice[0].u_sram/din[15]	input	0.2523752040684002	0.25397756120426607	0.16639713218413732	0.16722161155779958	0.060428123279960416	0.06204692521490779
nom_tt_025C_1v80	u_memory.g_read[1].g_bank[2].g_slice[0].u_sram/din[16]	input	0.26044039147521403	0.26203003655744794	0.17147323838617723	0.17229652427008801	0.06264083761246819	0.06449064237279076
nom_tt_025C_1v80	u_memory.g_read[1].g_bank[2].g_slice[0].u_sram/din[17]	input	0.2523146969135581	0.2539213006524932	0.16638332378526854	0.16720790030344546	0.06037925286703563	0.061998054801983005
nom_tt_025C_1v80	u_memory.g_read[1].g_bank[2].g_slice[0].u_sram/din[18]	input	0.22866170068525093	0.2303047197393937	0.15191585489571224	0.1529183030202219	0.05504084465762435	0.05613904659066207
nom_tt_025C_1v80	u_memory.g_read[1].g_bank[2].g_slice[0].u_sram/din[19]	input	0.25013716098420957	0.251740850387705	0.16515276646256183	0.16597841157039994	0.059816999172911806	0.06143580110785918
nom_tt_025C_1v80	u_memory.g_read[1].g_bank[2].g_slice[0].u_sram/din[20]	input	0.2247967367807746	0.22639617958120084	0.14879518450694462	0.14960419014720117	0.053241089380089146	0.05485989131503652
nom_tt_025C_1v80	u_memory.g_read[1].g_bank[2].g_slice[0].u_sram/din[21]	input	0.2690757061607485	0.27068178254374686	0.17673267016515837	0.17755512338180068	0.06480481028105917	0.06642361221600654
nom_tt_025C_1v80	u_memory.g_read[1].g_bank[2].g_slice[0].u_sram/din[22]	input	0.2405178001207986	0.2421221834136844	0.15879626780179734	0.15961908184092266	0.05733527395261964	0.058954075887567015
nom_tt_025C_1v80	u_memory.g_read[1].g_bank[2].g_slice[0].u_sram/din[23]	input	0.25192478658730977	0.25351792887207125	0.16635617883231646	0.167176522625212	0.06064764711483442	0.06226644904978179
nom_tt_025C_1v80	u_memory.g_read[1].g_bank[2].g_slice[0].u_sram/din[24]	input	0.21433758934374936	0.2158896394988119	0.14447339158341066	0.1440515068340531	0.0507745362139482	0.052089341412257795
nom_tt_025C_1v80	u_memory.g_read[1].g_bank[2].g_slice[0].u_sram/din[25]	input	0.253383564130516	0.2549727096123888	0.16584215944970282	0.16665634150481168	0.06081742639878207	0.06266723115910464
nom_tt_025C_1v80	u_memory.g_read[1].g_bank[2].g_slice[0].u_sram/din[26]	input	0.3038143348010891	0.30652680393927767	0.14788388569275668	0.1490703949169614	0.045617203319869154	0.04694640807828207
nom_tt_025C_1v80	u_memory.g_read[1].g_bank[2].g_slice[0].u_sram/din[27]	input	0.24612584192951203	0.2477313632009981	0.16174608874486296	0.16256722357166353	0.05855823367439256	0.06040803843471512
nom_tt_025C_1v80	u_memory.g_read[1].g_bank[2].g_slice[0].u_sram/din[28]	input	0.2589986280998602	0.26058868951572833	0.17065189539255954	0.17146808972690053	0.06280493161127387	0.06411973680958347
nom_tt_025C_1v80	u_memory.g_read[1].g_bank[2].g_slice[0].u_sram/din[29]	input	0.2410141808351085	0.24260374265061557	0.15924546403756068	0.16005845260291807	0.05808877413370633	0.05940357255575235
nom_tt_025C_1v80	u_memory.g_read[1].g_bank[2].g_slice[0].u_sram/din[30]	input	0.22875870642202756	0.2303535695524772	0.1508813213257909	0.15169282496785286	0.05455350933361927	0.056172311268566644
nom_tt_025C_1v80	u_memory.g_read[1].g_bank[2].g_slice[0].u_sram/din[31]	input	0.26828697596847917	0.2736568194272593	0.1377237629496264	0.14015703875269736	0.018480742720113248	0.0189131428752912
nom_tt_025C_1v80	u_memory.g_read[1].g_bank[2].g_slice[0].u_sram/wmask[0]	input	0.23259803805242285	0.2348226335602277	0.11634485042044673	0.11700361512989588	0.06177736544977358	0.0624053624531315
nom_tt_025C_1v80	u_memory.g_read[1].g_bank[2].g_slice[0].u_sram/wmask[1]	input	0.2985225122653645	0.30075114620942145	0.1444049324561547	0.14507592349666254	0.08021617495680006	0.08084417873642155
nom_tt_025C_1v80	u_memory.g_read[1].g_bank[2].g_slice[0].u_sram/wmask[2]	input	0.3724492658729872	0.37365269212052965	0.24454618885449975	0.24510260487886626	0.09214379476443768	0.09318880302838783
nom_tt_025C_1v80	u_memory.g_read[1].g_bank[2].g_slice[0].u_sram/wmask[3]	input	0.2078144045736252	0.20940457701179582	0.09990451521613153	0.10036894926290785	0.07638230054961975	0.07701029755297767
nom_tt_025C_1v80	u_memory.g_read[1].g_bank[2].g_slice[0].u_sram/addr[0]	input	0.2430909085138211	0.2451744085529839	0.12052860098865636	0.12112294500710163	0.06474316661128979	0.06533415843924806
nom_tt_025C_1v80	u_memory.g_read[1].g_bank[2].g_slice[0].u_sram/addr[1]	input	0.2493627249133823	0.251454607136381	0.12357960488262876	0.12417991634983139	0.06636717271666509	0.06695815776835978
nom_tt_025C_1v80	u_memory.g_read[1].g_bank[2].g_slice[0].u_sram/addr[2]	input	0.2584696068286263	0.2605625437634984	0.12741589727749414	0.12801842919074602	0.06890028911993307	0.06949128094789134
nom_tt_025C_1v80	u_memory.g_read[1].g_bank[2].g_slice[0].u_sram/addr[3]	input	0.22300294943988774	0.2250881425691631	0.11275150257894495	0.1133394142427413	0.05941832448156173	0.06000930953325642
nom_tt_025C_1v80	u_memory.g_read[1].g_bank[2].g_slice[0].u_sram/addr[4]	input	0.22363344509557237	0.22571899904733073	0.1130099833157594	0.1135976243626935	0.059603953446018404	0.060194938497713096
nom_tt_025C_1v80	u_memory.g_read[1].g_bank[2].g_slice[0].u_sram/addr[5]	input	0.19096087211512014	0.1922652315133888	0.12240582158984381	0.12290667095182783	0.07796936924223119	0.07939876105764535
nom_tt_025C_1v80	u_memory.g_read[1].g_bank[2].g_slice[0].u_sram/addr[6]	input	0.19047148580586537	0.19176470134052437	0.12233432322705795	0.12283708772375945	0.07769346689438794	0.0791228587098021
nom_tt_025C_1v80	u_memory.g_read[1].g_bank[2].g_slice[0].u_sram/addr[7]	input	0.19137934292867698	0.19268082962486943	0.12259822324001135	0.1230984203459684	0.07817237254650194	0.07960175758565252
nom_tt_025C_1v80	u_memory.g_read[1].g_bank[2].g_slice[0].u_sram/addr[8]	input	0.2836664514394016	0.28575303234745775	0.13732411041633696	0.1379237279941492	0.07617894487964294	0.07676992993133763
nom_tt_025C_1v80	u_memory.g_read[1].g_bank[2].g_slice[0].u_sram/we	input	0.23524665548890766	0.2364445861324782	0.15910175954481076	0.1596253546010118	0.15962963373014616	0.16051739202150445
nom_tt_025C_1v80	u_memory.g_read[1].g_bank[2].g_slice[0].u_sram/ce	input	0.16133160085640696	0.164949193193209	0.11859639659217436	0.11981443615027842	0.010562212861059059	0.010858123821182349
nom_tt_025C_1v80	u_memory.g_read[1].g_bank[2].g_slice[0].u_sram/clk	input	0.09288618485481237	0.21975127273421435	0.09279733231837284	0.21681731410261307	0.07015503629415054	0.23831514561235834
nom_tt_025C_1v80	u_memory.g_read[1].g_bank[2].g_slice[0].u_sram/rstb	input	0.0	0.0	0.0	0.0	0.08144197393301217	0.3415056594718163
nom_tt_025C_1v80	u_memory.g_read[1].g_bank[3].g_slice[0].u_sram/dout[0]	output	0.16761987631230824	0.167631158953796	0.0968044394644707	0.09680092838415533	0.010524437732710359	0.011396437823117927
nom_tt_025C_1v80	u_memory.g_read[1].g_bank[3].g_slice[0].u_sram/dout[1]	output	0.16686119153064283	0.16687219661637442	0.09639922887716423	0.09639582188025742	0.010382248005920674	0.011254248096328242
nom_tt_025C_1v80	u_memory.g_read[1].g_bank[3].g_slice[0].u_sram/dout[2]	output	0.1701588175917479	0.17017104392280658	0.09816628065983934	0.0981624642681922	0.011001977967713388	0.011873978058120956
nom_tt_025C_1v80	u_memory.g_read[1].g_bank[3].g_slice[0].u_sram/dout[3]	output	0.16921082590659609	0.16922271917074738	0.09765747932544144	0.0976531494556454	0.010823549630341323	0.01169554972074889
nom_tt_025C_1v80	u_memory.g_read[1].g_bank[3].g_slice[0].u_sram/dout[4]	output	0.16798222535197027	0.16799432678293869	0.09699890890502161	0.09699474556867926	0.010592603556173596	0.011464604493614111
nom_tt_025C_1v80	u_memory.g_read[1].g_bank[3].g_slice[0].u_sram/dout[5]	output	0.16828193005746783	0.16829476701119006	0.09716107779444982	0.09715687976363796	0.010649364928035001	0.011521365018442569
nom_tt_025C_1v80	u_memory.g_read[1].g_bank[3].g_slice[0].u_sram/dout[6]	output	0.16841411598633726	0.1684257039391568	0.09723093163938046	0.09722732341455043	0.010673917025044114	0.011545917115451682
nom_tt_025C_1v80	u_memory.g_read[1].g_bank[3].g_slice[0].u_sram/dout[7]	output	0.16936618774110457	0.16937881652800968	0.097740697480031	0.0977369712940046	0.010852740926802548	0.011724741017210116
nom_tt_025C_1v80	u_memory.g_read[1].g_bank[3].g_slice[0].u_sram/dout[8]	output	0.1685626360714565	0.16857494566924203	0.09730969502408371	0.09730545535990842	0.01070161161428754	0.011573611704695109
nom_tt_025C_1v80	u_memory.g_read[1].g_bank[3].g_slice[0].u_sram/dout[9]	output	0.1668820776012936	0.1668943733212913	0.09641030335183487	0.09640629267115841	0.010386172309565303	0.011258172399972871
nom_tt_025C_1v80	u_memory.g_read[1].g_bank[3].g_slice[0].u_sram/dout[10]	output	0.166224284336991	0.1662356780007812	0.09605723161332236	0.09605389400535458	0.010262427572235028	0.011134427662642596
nom_tt_025C_1v80	u_memory.g_read[1].g_bank[3].g_slice[0].u_sram/dout[11]	output	0.1692987694479342	0.16931069046766112	0.09770495523753198	0.09770061148994813	0.010840174345997083	0.01171217443640465
nom_tt_025C_1v80	u_memory.g_read[1].g_bank[3].g_slice[0].u_sram/dout[12]	output	0.1655205139616811	0.1655310055692638	0.09568032477424993	0.0956770773719029	0.010130309067188197	0.011002309157595765
nom_tt_025C_1v80	u_memory.g_read[1].g_bank[3].g_slice[0].u_sram/dout[13]	output	0.16728458895887144	0.16729574670026892	0.09662579070202071	0.09662172451019302	0.0104617081667026	0.011333708257110168
nom_tt_025C_1v80	u_memory.g_read[1].g_bank[3].g_slice[0].u_sram/dout[14]	output	0.1662976423233431	0.16630904986492112	0.09609676249189292	0.0960928281390494	0.010276265549494321	0.01114826563990189
nom_tt_025C_1v80	u_memory.g_read[1].g_bank[3].g_slice[0].u_sram/dout[15]	output	0.16729972962536976	0.16731153962279421	0.09663384675784314	0.09662978056601546	0.010464537256746429	0.011336537347153997
nom_tt_025C_1v80	u_memory.g_read[1].g_bank[3].g_slice[0].u_sram/dout[16]	output	0.16787764234305058	0.167889022129053	0.09694343244825987	0.09693928298970533	0.010573100622563066	0.011445100712970634
nom_tt_025C_1v80	u_memory.g_read[1].g_bank[3].g_slice[0].u_sram/dout[17]	output	0.1678352318235099	0.16784790224377844	0.09692088798196608	0.09691734914607508	0.010565205428461708	0.011437205518869276
nom_tt_025C_1v80	u_memory.g_read[1].g_bank[3].g_slice[0].u_sram/dout[18]	output	0.16654491674650274	0.16655579693214406	0.09622935087660878	0.09622597163527757	0.010322732082914798	0.011194732173322366
nom_tt_025C_1v80	u_memory.g_read[1].g_bank[3].g_slice[0].u_sram/dout[19]	output	0.16808093805664726	0.16809305336540348	0.09705210246568896	0.09704852199643454	0.010611223881453087	0.011483223971860655
nom_tt_025C_1v80	u_memory.g_read[1].g_bank[3].g_slice[0].u_sram/dout[20]	output	0.16759303667068792	0.16760497156820264	0.09679117229932643	0.09678766815790496	0.01051968672490921	0.011391687662349725
nom_tt_025C_1v80	u_memory.g_read[1].g_bank[3].g_slice[0].u_sram/dout[21]	output	0.1679440891910744	0.16795551061044023	0.09697852243473193	0.09697497665994703	0.010585452904032875	0.011457452994440443
nom_tt_025C_1v80	u_memory.g_read[1].g_bank[3].g_slice[0].u_sram/dout[22]	output	0.16822740422917093	0.16824024118289316	0.09713126830623864	0.09712707721432068	0.010638959128277982	0.011510960065718497
nom_tt_025C_1v80	u_memory.g_read[1].g_bank[3].g_slice[0].u_sram/dout[23]	output	0.16820760062596918	0.16821977144587663	0.09712065873745956	0.0971164676455416	0.010635238959573641	0.011507239897014156
nom_tt_025C_1v80	u_memory.g_read[1].g_bank[3].g_slice[0].u_sram/dout[24]	output	0.16879408981651522	0.1688064965588154	0.09743407469731125	0.09743042483911779	0.0107451990827203	0.011617199173127868
nom_tt_025C_1v80	u_memory.g_read[1].g_bank[3].g_slice[0].u_sram/dout[25]	output	0.16493933996386545	0.16495023402729458	0.09536867823234374	0.09536550021893575	0.010021157013473218	0.010893157103880786
nom_tt_025C_1v80	u_memory.g_read[1].g_bank[3].g_slice[0].u_sram/dout[26]	output	0.1693106765898733	0.169323263743415	0.09771188025364808	0.09770754344495813	0.010842557896710656	0.011714557987118224
nom_tt_025C_1v80	u_memory.g_read[1].g_bank[3].g_slice[0].u_sram/dout[27]	output	0.1676072197698275	0.16761848853352745	0.09679879120483292	0.09679468337964181	0.010522357419791902	0.01139435751019947
nom_tt_025C_1v80	u_memory.g_read[1].g_bank[3].g_slice[0].u_sram/dout[28]	output	0.16759856003023543	0.16761048104996235	0.09679386459016115	0.09678974982607613	0.010520651495436132	0.0113926515858437
nom_tt_025C_1v80	u_memory.g_read[1].g_bank[3].g_slice[0].u_sram/dout[29]	output	0.16574316918926968	0.16575374406357923	0.09579919496571776	0.09579592674668902	0.010172012734346262	0.01104401282475383
nom_tt_025C_1v80	u_memory.g_read[1].g_bank[3].g_slice[0].u_sram/dout[30]	output	0.16727064178212459	0.16728243790176123	0.09661840771890695	0.09661434152707926	0.010459108622587476	0.011331108712995044
nom_tt_025C_1v80	u_memory.g_read[1].g_bank[3].g_slice[0].u_sram/dout[31]	output	0.16555203041779265	0.16556317428140233	0.09569690873068026	0.09569366132833323	0.010136152747491304	0.011008152837898872
nom_tt_025C_1v80	u_memory.g_read[1].g_bank[3].g_slice[0].u_sram/din[0]	input	0.2560386069827558	0.2575269442139927	0.12650662462032614	0.12701134588510854	0.06829919388297995	0.06871720125431816
nom_tt_025C_1v80	u_memory.g_read[1].g_bank[3].g_slice[0].u_sram/din[1]	input	0.3051753572069771	0.30666530426159966	0.146973072601142	0.14748099963490802	0.08209660165223176	0.08251460224730639
nom_tt_025C_1v80	u_memory.g_read[1].g_bank[3].g_slice[0].u_sram/din[2]	input	0.2401828735898448	0.24172475132644422	0.11993565862677968	0.1205576194429625	0.06373464852670735	0.0641670486818853
nom_tt_025C_1v80	u_memory.g_read[1].g_bank[3].g_slice[0].u_sram/din[3]	input	0.26959207088950166	0.2710777435854794	0.13257454856141493	0.13307982493770965	0.07203654041549115	0.07245454101056578
nom_tt_025C_1v80	u_memory.g_read[1].g_bank[3].g_slice[0].u_sram/din[4]	input	0.22927082454771153	0.23075018285023674	0.11576178904348922	0.11626626050809108	0.06105368760469382	0.06147168819976845
nom_tt_025C_1v80	u_memory.g_read[1].g_bank[3].g_slice[0].u_sram/din[5]	input	0.24004651044684522	0.241534348077721	0.12005973992756935	0.1205643640478371	0.06374439956999614	0.06416240016507077
nom_tt_025C_1v80	u_memory.g_read[1].g_bank[3].g_slice[0].u_sram/din[6]	input	0.2468567295021984	0.2483433736433227	0.1228114276941028	0.12331437260204581	0.06567801315825184	0.06609601375332647
nom_tt_025C_1v80	u_memory.g_read[1].g_bank[3].g_slice[0].u_sram/din[7]	input	0.2608951110705249	0.2623844197469083	0.12867609755495835	0.12918367764402916	0.06964729086424842	0.07006529145932305
nom_tt_025C_1v80	u_memory.g_read[1].g_bank[3].g_slice[0].u_sram/din[8]	input	0.25506863288171644	0.25654692259458045	0.12650167025007875	0.12700936136145202	0.06835301774458027	0.0687710183396549
nom_tt_025C_1v80	u_memory.g_read[1].g_bank[3].g_slice[0].u_sram/din[9]	input	0.26943222652953125	0.27091032195336595	0.13218932892744562	0.13269564613782592	0.07246355344112457	0.0728815540361992
nom_tt_025C_1v80	u_memory.g_read[1].g_bank[3].g_slice[0].u_sram/din[10]	input	0.300484720439087	0.30202784717658915	0.14498861833356358	0.14561568617565968	0.08077844220345104	0.08121084913489257
nom_tt_025C_1v80	u_memory.g_read[1].g_bank[3].g_slice[0].u_sram/din[11]	input	0.23806639992685064	0.23954660477443213	0.11947028089043243	0.11997093596338715	0.06357352253134885	0.06399152312642348
nom_tt_025C_1v80	u_memory.g_read[1].g_bank[3].g_slice[0].u_sram/din[12]	input	0.23918472757955556	0.2406648491604102	0.12006916294549086	0.12057667364562263	0.06386637231440076	0.06428436613321181
nom_tt_025C_1v80	u_memory.g_read[1].g_bank[3].g_slice[0].u_sram/din[13]	input	0.3009215654437014	0.3024124561878949	0.14516193802549537	0.14567140549370805	0.08090433162820376	0.08132233222327839
nom_tt_025C_1v80	u_memory.g_read[1].g_bank[3].g_slice[0].u_sram/din[14]	input	0.26040614109490434	0.26189542201571214	0.12850173702894097	0.12900923385128493	0.06950684602533008	0.06992484662040471
nom_tt_025C_1v80	u_memory.g_read[1].g_bank[3].g_slice[0].u_sram/din[15]	input	0.25601290531973575	0.2575022695072704	0.12645973157532353	0.1269654797964037	0.06829995282450069	0.06871794664331174
nom_tt_025C_1v80	u_memory.g_read[1].g_bank[3].g_slice[0].u_sram/din[16]	input	0.17236803651066168	0.17342559333055618	0.08976157317430733	0.0901694482968729	0.06168963994149235	0.06210764053656698
nom_tt_025C_1v80	u_memory.g_read[1].g_bank[3].g_slice[0].u_sram/din[17]	input	0.3132976655884079	0.31478902817738685	0.1504375235494848	0.15094815675187334	0.0843486589710736	0.08476665956614823
nom_tt_025C_1v80	u_memory.g_read[1].g_bank[3].g_slice[0].u_sram/din[18]	input	0.302885716507717	0.3044277052666189	0.1459519033408796	0.14657446090193815	0.0814664904546375	0.08189889060981545
nom_tt_025C_1v80	u_memory.g_read[1].g_bank[3].g_slice[0].u_sram/din[19]	input	0.23812449234661415	0.23960342043771732	0.11928665000215943	0.11979063574418802	0.06358785432881639	0.06400585492389102
nom_tt_025C_1v80	u_memory.g_read[1].g_bank[3].g_slice[0].u_sram/din[20]	input	0.38423325632308547	0.3857241748228546	0.1813827699148618	0.18189970363291508	0.10425995732987053	0.10467795792494516
nom_tt_025C_1v80	u_memory.g_read[1].g_bank[3].g_slice[0].u_sram/din[21]	input	0.28292948539565543	0.2844195712281561	0.13804017651164457	0.1385522391261773	0.07582385511562678	0.07624185571070141
nom_tt_025C_1v80	u_memory.g_read[1].g_bank[3].g_slice[0].u_sram/din[22]	input	0.31174049452964425	0.31323169058516953	0.14967967143508787	0.15018671029043418	0.0839427743352765	0.08436077493035113
nom_tt_025C_1v80	u_memory.g_read[1].g_bank[3].g_slice[0].u_sram/din[23]	input	0.30757155156102556	0.3090614153489213	0.14795029090741707	0.14846014695368837	0.08276968791343792	0.08318769528477613
nom_tt_025C_1v80	u_memory.g_read[1].g_bank[3].g_slice[0].u_sram/din[24]	input	0.3179921603813085	0.31948307888107763	0.15228139582657008	0.15278620035807933	0.0857079164584551	0.08612592382979331
nom_tt_025C_1v80	u_memory.g_read[1].g_bank[3].g_slice[0].u_sram/din[25]	input	0.23159485440515937	0.23266748250261315	0.11094591911842144	0.11131569277456066	0.08526773037642599	0.08568573097150062
nom_tt_025C_1v80	u_memory.g_read[1].g_bank[3].g_slice[0].u_sram/din[26]	input	0.26414359588500247	0.26568611199984105	0.1303734481483687	0.13099832329999117	0.07047470652844431	0.07090711345988585
nom_tt_025C_1v80	u_memory.g_read[1].g_bank[3].g_slice[0].u_sram/din[27]	input	0.17181107925257066	0.1728695797620361	0.0894731025380402	0.0898709093255512	0.06150588122578321	0.06192388182085784
nom_tt_025C_1v80	u_memory.g_read[1].g_bank[3].g_slice[0].u_sram/din[28]	input	0.3138982962447301	0.31538802125474774	0.15064929859143206	0.15115832197043488	0.08453494523309735	0.08495294582817198
nom_tt_025C_1v80	u_memory.g_read[1].g_bank[3].g_slice[0].u_sram/din[29]	input	0.2361123241367835	0.23759125222788668	0.1184375236773505	0.11893658280470731	0.0630252211639322	0.06344322175900682
nom_tt_025C_1v80	u_memory.g_read[1].g_bank[3].g_slice[0].u_sram/din[30]	input	0.23645679858574908	0.23794777259666944	0.11840936564588844	0.11891153339771421	0.0627980740325329	0.06321606785134395
nom_tt_025C_1v80	u_memory.g_read[1].g_bank[3].g_slice[0].u_sram/din[31]	input	0.23282370475996572	0.2343482907729566	0.11723524928619611	0.11784996589714325	0.06206915813570732	0.06250156506714885
nom_tt_025C_1v80	u_memory.g_read[1].g_bank[3].g_slice[0].u_sram/wmask[0]	input	0.23296889417601108	0.235196445652619	0.11712245062689419	0.11778628072889319	0.06177736544977358	0.0624053624531315
nom_tt_025C_1v80	u_memory.g_read[1].g_bank[3].g_slice[0].u_sram/wmask[1]	input	0.29917127108980424	0.3014033467252375	0.14579444596041213	0.14647151547197979	0.08021617495680006	0.08084417873642155
nom_tt_025C_1v80	u_memory.g_read[1].g_bank[3].g_slice[0].u_sram/wmask[2]	input	0.3535736425863689	0.3546927751507667	0.16890729093166357	0.16925652546184722	0.09555003272973539	0.09586403123141435
nom_tt_025C_1v80	u_memory.g_read[1].g_bank[3].g_slice[0].u_sram/wmask[3]	input	0.20843016201865794	0.2100238039037805	0.10124844712633418	0.10171906372757888	0.07638230054961975	0.07701029755297767
nom_tt_025C_1v80	u_memory.g_read[1].g_bank[3].g_slice[0].u_sram/addr[0]	input	0.2433654944233865	0.24545157573108156	0.12110844271884247	0.12170685292911543	0.06474316661128979	0.06533415843924806
nom_tt_025C_1v80	u_memory.g_read[1].g_bank[3].g_slice[0].u_sram/addr[1]	input	0.2497773932130798	0.25187416041738686	0.1244493536001201	0.1250573949951317	0.06636717271666509	0.06695815776835978
nom_tt_025C_1v80	u_memory.g_read[1].g_bank[3].g_slice[0].u_sram/addr[2]	input	0.25890248278592765	0.26100036021325934	0.1283268491469869	0.128937235888138	0.06890028911993307	0.06949128094789134
nom_tt_025C_1v80	u_memory.g_read[1].g_bank[3].g_slice[0].u_sram/addr[3]	input	0.22321400283686899	0.22530172172352536	0.1131923721420236	0.11378423203645127	0.05941832448156173	0.06000930953325642
nom_tt_025C_1v80	u_memory.g_read[1].g_bank[3].g_slice[0].u_sram/addr[4]	input	0.22383425668515144	0.22592214210526151	0.11342976558026407	0.11402104260760382	0.059603953446018404	0.060194938497713096
nom_tt_025C_1v80	u_memory.g_read[1].g_bank[3].g_slice[0].u_sram/addr[5]	input	0.19145617036198104	0.192766719253612	0.12318480957507205	0.12369290314229175	0.07796936924223119	0.07939876105764535
nom_tt_025C_1v80	u_memory.g_read[1].g_bank[3].g_slice[0].u_sram/addr[6]	input	0.19103492399086264	0.19233512005278897	0.12321638154233483	0.12372734781163075	0.07769346689438794	0.0791228587098021
nom_tt_025C_1v80	u_memory.g_read[1].g_bank[3].g_slice[0].u_sram/addr[7]	input	0.19185152078105006	0.1931588639036974	0.12334254451129567	0.12384963887779321	0.07817237254650194	0.07960175758565252
nom_tt_025C_1v80	u_memory.g_read[1].g_bank[3].g_slice[0].u_sram/addr[8]	input	0.2839470047977244	0.28603644453006893	0.13792571251780572	0.13852978486550427	0.07617894487964294	0.07676992993133763
nom_tt_025C_1v80	u_memory.g_read[1].g_bank[3].g_slice[0].u_sram/we	input	0.24403210008294707	0.2452832659205484	0.1718294534436282	0.17241028049674867	0.15962963373014616	0.16051739202150445
nom_tt_025C_1v80	u_memory.g_read[1].g_bank[3].g_slice[0].u_sram/ce	input	0.22519774933726922	0.22643062425053984	0.11667077026711326	0.120220000621174	0.05537696765988559	0.055672880314074774
nom_tt_025C_1v80	u_memory.g_read[1].g_bank[3].g_slice[0].u_sram/clk	input	0.09010803908582332	0.21786236703569273	0.09014878427082706	0.21469974409438208	0.06994024906751758	0.23810033805693465
nom_tt_025C_1v80	u_memory.g_read[1].g_bank[3].g_slice[0].u_sram/rstb	input	0.0	0.0	0.0	0.0	0.08034531698807024	0.34040901607940155
max_ss_100C_1v60	u_memory.g_read[0].g_bank[0].g_slice[0].u_sram/dout[0]	output	0.2422338718499617	0.2422392009204799	0.1784262321224972	0.17842619048913377	0.01015135952999336	0.010955361509461248
max_ss_100C_1v60	u_memory.g_read[0].g_bank[0].g_slice[0].u_sram/dout[1]	output	0.24336416215575696	0.243367770380587	0.1792199166850139	0.1792186538063234	0.010294984977628641	0.011098986957096529
max_ss_100C_1v60	u_memory.g_read[0].g_bank[0].g_slice[0].u_sram/dout[2]	output	0.24230475959008402	0.2423100609050266	0.1784770387036616	0.17847583133612233	0.010160350784728465	0.010964351917163405
max_ss_100C_1v60	u_memory.g_read[0].g_bank[0].g_slice[0].u_sram/dout[3]	output	0.24483159943855526	0.2448359293083513	0.18025002324062456	0.1802486632174194	0.010481718473048535	0.011285719605483475
max_ss_100C_1v60	u_memory.g_read[0].g_bank[0].g_slice[0].u_sram/dout[4]	output	0.2439050073022031	0.24391097475096046	0.1796006676713091	0.17959936315925518	0.0103640079984345	0.011168009977902387
max_ss_100C_1v60	u_memory.g_read[0].g_bank[0].g_slice[0].u_sram/dout[5]	output	0.24106347473740186	0.241070469142457	0.17760456993975993	0.17760456993975993	0.010002475701821525	0.010806476834256465
max_ss_100C_1v60	u_memory.g_read[0].g_bank[0].g_slice[0].u_sram/dout[6]	output	0.2450500913298015	0.24505433793287068	0.18040305360678133	0.18040290095111544	0.010509682418769189	0.011313684398237076
max_ss_100C_1v60	u_memory.g_read[0].g_bank[0].g_slice[0].u_sram/dout[7]	output	0.24087376537806904	0.24087962180452394	0.1774725782999198	0.17747144032131956	0.009978355591615511	0.010782356724050451
max_ss_100C_1v60	u_memory.g_read[0].g_bank[0].g_slice[0].u_sram/dout[8]	output	0.2458634684732175	0.24586740976495491	0.18097387477489235	0.18097369436365085	0.010613186456791875	0.011417187589226815
max_ss_100C_1v60	u_memory.g_read[0].g_bank[0].g_slice[0].u_sram/dout[9]	output	0.24119278796419508	0.2411985056127719	0.17769551108326453	0.17769551108326453	0.010018955574843304	0.010822956707278245
max_ss_100C_1v60	u_memory.g_read[0].g_bank[0].g_slice[0].u_sram/dout[10]	output	0.24457177949521736	0.24457491587526192	0.18006640623013936	0.18006746094201276	0.010448651153820675	0.011252652286255615
max_ss_100C_1v60	u_memory.g_read[0].g_bank[0].g_slice[0].u_sram/dout[11]	output	0.24322158176381947	0.24322652225627905	0.17911970517925369	0.17911962191252684	0.01027704651387169	0.01108104764630663
max_ss_100C_1v60	u_memory.g_read[0].g_bank[0].g_slice[0].u_sram/dout[12]	output	0.2432379575534327	0.2432429258014679	0.17913241723288564	0.17913116823198294	0.010279133603053724	0.011083134735488664
max_ss_100C_1v60	u_memory.g_read[0].g_bank[0].g_slice[0].u_sram/dout[13]	output	0.2426989720305528	0.2427041345676173	0.17875304014758342	0.17875297075864438	0.01021058746179717	0.01101458859423211
max_ss_100C_1v60	u_memory.g_read[0].g_bank[0].g_slice[0].u_sram/dout[14]	output	0.2436801593841409	0.24368493334314678	0.179442752323844	0.17944146168957786	0.010335379131850252	0.011139380264285192
max_ss_100C_1v60	u_memory.g_read[0].g_bank[0].g_slice[0].u_sram/dout[15]	output	0.2421779443650962	0.24218330119119003	0.17838723553875724	0.17838719390539381	0.01014429527521326	0.0109482964076482
max_ss_100C_1v60	u_memory.g_read[0].g_bank[0].g_slice[0].u_sram/dout[16]	output	0.2431106149725082	0.24311563873169462	0.17904190630080308	0.17904182303407623	0.010262940027168117	0.011066941159603057
max_ss_100C_1v60	u_memory.g_read[0].g_bank[0].g_slice[0].u_sram/dout[17]	output	0.24158136602281388	0.241586917137937	0.17796955575910545	0.1779683900249296	0.010068401123139274	0.010872402255574214
max_ss_100C_1v60	u_memory.g_read[0].g_bank[0].g_slice[0].u_sram/dout[18]	output	0.2445114943849802	0.2445159352770787	0.18002628554558697	0.18002496715574523	0.010441167617731683	0.011245168750166623
max_ss_100C_1v60	u_memory.g_read[0].g_bank[0].g_slice[0].u_sram/dout[19]	output	0.24146087906906644	0.24146529220558932	0.17788284734088222	0.17788283346309441	0.010052895338006837	0.010856896470441777
max_ss_100C_1v60	u_memory.g_read[0].g_bank[0].g_slice[0].u_sram/dout[20]	output	0.24310570223562422	0.24311067048365942	0.17903957483245136	0.17903832583154866	0.010262303058391781	0.011066304190826722
max_ss_100C_1v60	u_memory.g_read[0].g_bank[0].g_slice[0].u_sram/dout[21]	output	0.24197846504314668	0.24198262837948903	0.1782463621147201	0.1782463204813567	0.010118769937347751	0.010922771069782691
max_ss_100C_1v60	u_memory.g_read[0].g_bank[0].g_slice[0].u_sram/dout[22]	output	0.24293275724396324	0.2429378365143009	0.1789170755994718	0.17891699233274494	0.01024031408308106	0.011044315215516
max_ss_100C_1v60	u_memory.g_read[0].g_bank[0].g_slice[0].u_sram/dout[23]	output	0.24093499417787712	0.2409420718496591	0.17751451697467502	0.17751453085246283	0.009986163541323301	0.010790164673758242
max_ss_100C_1v60	u_memory.g_read[0].g_bank[0].g_slice[0].u_sram/dout[24]	output	0.24424906541753444	0.24425231281988147	0.17984141953419908	0.17984010114435733	0.010407652218074725	0.011211654197542612
max_ss_100C_1v60	u_memory.g_read[0].g_bank[0].g_slice[0].u_sram/dout[25]	output	0.24351132221767102	0.24351615168782814	0.17932320905966748	0.17932311191515282	0.010313929716526931	0.011117930848961871
max_ss_100C_1v60	u_memory.g_read[0].g_bank[0].g_slice[0].u_sram/dout[26]	output	0.2423512501792402	0.24235652373860717	0.1785084580152585	0.17850840250410727	0.01016625968656851	0.010970260819003451
max_ss_100C_1v60	u_memory.g_read[0].g_bank[0].g_slice[0].u_sram/dout[27]	output	0.24351781702236508	0.2435226464925222	0.17932896834160772	0.1793276915851294	0.010314764891012924	0.011118766023447864
max_ss_100C_1v60	u_memory.g_read[0].g_bank[0].g_slice[0].u_sram/dout[28]	output	0.2407374855017963	0.24074214843849973	0.17737515622950895	0.177376308085897	0.00996091687729744	0.01076491800973238
max_ss_100C_1v60	u_memory.g_read[0].g_bank[0].g_slice[0].u_sram/dout[29]	output	0.2462449411044787	0.24624871586276242	0.18124066136770978	0.18124046707868047	0.010661565590607252	0.01146556757007514
max_ss_100C_1v60	u_memory.g_read[0].g_bank[0].g_slice[0].u_sram/dout[30]	output	0.24405338860944426	0.24405802379057207	0.17970246124487943	0.17970233634478916	0.010382673216460196	0.011186675195928083
max_ss_100C_1v60	u_memory.g_read[0].g_bank[0].g_slice[0].u_sram/dout[31]	output	0.24144886090482487	0.24145324628577214	0.17787442352368288	0.17787440964589507	0.010051372372767674	0.010855373505202614
max_ss_100C_1v60	u_memory.g_read[0].g_bank[0].g_slice[0].u_sram/din[0]	input	0.48339443559086703	0.48525133911070384	0.26850041634496336	0.2693263390085576	0.08183250355554145	0.08216821320572443
max_ss_100C_1v60	u_memory.g_read[0].g_bank[0].g_slice[0].u_sram/din[1]	input	0.4874511350116961	0.4893250804549609	0.2694410250470014	0.27027083349118186	0.08209619507641708	0.08243189795033648
max_ss_100C_1v60	u_memory.g_read[0].g_bank[0].g_slice[0].u_sram/din[2]	input	0.40180886395901894	0.404123706720938	0.2269622545458816	0.22793106291274512	0.06696996201951272	0.06738846405809212
max_ss_100C_1v60	u_memory.g_read[0].g_bank[0].g_slice[0].u_sram/din[3]	input	0.3639289425372283	0.3657899261266806	0.2076003674522653	0.20840990044845853	0.06021037482614386	0.06054607770006326
max_ss_100C_1v60	u_memory.g_read[0].g_bank[0].g_slice[0].u_sram/din[4]	input	0.49255832745842554	0.4944303855225485	0.27288385440193963	0.2737161330923499	0.08294843897036289	0.08328414862054587
max_ss_100C_1v60	u_memory.g_read[0].g_bank[0].g_slice[0].u_sram/din[5]	input	0.36540817593966324	0.36727293428739927	0.2091113254776289	0.20992441118750094	0.060579884479054075	0.0609155805767099
max_ss_100C_1v60	u_memory.g_read[0].g_bank[0].g_slice[0].u_sram/din[6]	input	0.4878193959889643	0.4896926752984143	0.2698844203674611	0.270713257366495	0.08219544023278097	0.08253114310670037
max_ss_100C_1v60	u_memory.g_read[0].g_bank[0].g_slice[0].u_sram/din[7]	input	0.4934593289540601	0.4953253363026988	0.2729454717798063	0.273781691761954	0.08303318969893336	0.08336889257285277
max_ss_100C_1v60	u_memory.g_read[0].g_bank[0].g_slice[0].u_sram/din[8]	input	0.4856610114067905	0.4875148618133096	0.26954552478919425	0.270374084232472	0.08221240122051679	0.08254809731817261
max_ss_100C_1v60	u_memory.g_read[0].g_bank[0].g_slice[0].u_sram/din[9]	input	0.48768933336162945	0.48956216858186963	0.27020033432911816	0.2710317248411087	0.08210511941554935	0.08244082228946875
max_ss_100C_1v60	u_memory.g_read[0].g_bank[0].g_slice[0].u_sram/din[10]	input	0.40504638532112835	0.40736036766020334	0.22854083903123268	0.2295106882321818	0.06753752830428172	0.06795603034286113
max_ss_100C_1v60	u_memory.g_read[0].g_bank[0].g_slice[0].u_sram/din[11]	input	0.48259335416744875	0.4844480372412363	0.26797772334496983	0.2688068101441843	0.08163460277774495	0.08197029887540078
max_ss_100C_1v60	u_memory.g_read[0].g_bank[0].g_slice[0].u_sram/din[12]	input	0.3835639861282658	0.38542627422977205	0.21807375349958136	0.21889100254579574	0.0637720535016581	0.0641077563755775
max_ss_100C_1v60	u_memory.g_read[0].g_bank[0].g_slice[0].u_sram/din[13]	input	0.38851122319272235	0.3903822543005475	0.21983452558327343	0.22065896332357227	0.06414646916939881	0.06448217204331821
max_ss_100C_1v60	u_memory.g_read[0].g_bank[0].g_slice[0].u_sram/din[14]	input	0.4001353415272746	0.40200709428006576	0.2259169518126214	0.22674193078664473	0.06625367707799659	0.06658937317565242
max_ss_100C_1v60	u_memory.g_read[0].g_bank[0].g_slice[0].u_sram/din[15]	input	0.3633975897976427	0.36525296676082064	0.20723753269002998	0.20804752365322088	0.060045528662081016	0.06038123153600042
max_ss_100C_1v60	u_memory.g_read[0].g_bank[0].g_slice[0].u_sram/din[16]	input	0.4234658734780794	0.4253316587821132	0.23712695695898844	0.23795149184380193	0.07045567200405362	0.07079137487797302
max_ss_100C_1v60	u_memory.g_read[0].g_bank[0].g_slice[0].u_sram/din[17]	input	0.37970965260925027	0.3815713578436686	0.21596308075189086	0.21678013550907593	0.0630363545649909	0.06337205066264673
max_ss_100C_1v60	u_memory.g_read[0].g_bank[0].g_slice[0].u_sram/din[18]	input	0.48090337267936434	0.483232398540423	0.2659747699862436	0.26695287647093835	0.08087591197875749	0.08129442079360047
max_ss_100C_1v60	u_memory.g_read[0].g_bank[0].g_slice[0].u_sram/din[19]	input	0.47915532652709203	0.48101034266778697	0.2662696174660084	0.26709726097529085	0.0810105969936345	0.08134629309129032
max_ss_100C_1v60	u_memory.g_read[0].g_bank[0].g_slice[0].u_sram/din[20]	input	0.4023170407929655	0.4041743606464365	0.22713118885686612	0.22795086651594687	0.06706814330249486	0.06740384617641426
max_ss_100C_1v60	u_memory.g_read[0].g_bank[0].g_slice[0].u_sram/din[21]	input	0.3681128457611038	0.36997496732915636	0.20998335015232072	0.21079485379438268	0.0609630889606555	0.0612987918345749
max_ss_100C_1v60	u_memory.g_read[0].g_bank[0].g_slice[0].u_sram/din[22]	input	0.3678818083496793	0.36973965555908705	0.2098472923206529	0.21066103028655192	0.06078864083110258	0.06112434370502198
max_ss_100C_1v60	u_memory.g_read[0].g_bank[0].g_slice[0].u_sram/din[23]	input	0.377465447787273	0.37932854080047207	0.21511473158319916	0.21593238308525997	0.0626763113522992	0.0630120142262186
max_ss_100C_1v60	u_memory.g_read[0].g_bank[0].g_slice[0].u_sram/din[24]	input	0.4900804762009159	0.49194814888409155	0.27080018782932314	0.27163382654293855	0.08248343143484743	0.08281913430876683
max_ss_100C_1v60	u_memory.g_read[0].g_bank[0].g_slice[0].u_sram/din[25]	input	0.4279416820907045	0.4298026379245812	0.23954890848720822	0.24036836410168405	0.07186159761869704	0.07219729371635286
max_ss_100C_1v60	u_memory.g_read[0].g_bank[0].g_slice[0].u_sram/din[26]	input	0.4770582817670288	0.4793852537154919	0.2640739016346316	0.265058752724201	0.0801537858980371	0.0805722879366165
max_ss_100C_1v60	u_memory.g_read[0].g_bank[0].g_slice[0].u_sram/din[27]	input	0.37825548249159624	0.3801188530605515	0.21525328741667238	0.2163076939787345	0.06282806577512928	0.06316376864904868
max_ss_100C_1v60	u_memory.g_read[0].g_bank[0].g_slice[0].u_sram/din[28]	input	0.36502884048772444	0.3668875758755519	0.20813784029627413	0.2089484696377042	0.06034993197453348	0.0606856280721893
max_ss_100C_1v60	u_memory.g_read[0].g_bank[0].g_slice[0].u_sram/din[29]	input	0.4768249128872526	0.47867743102614213	0.26513133355443586	0.2659639175561779	0.08057785802527764	0.08091356089919705
max_ss_100C_1v60	u_memory.g_read[0].g_bank[0].g_slice[0].u_sram/din[30]	input	0.4818053178645698	0.4836819278430937	0.26686938769948654	0.26769877981003276	0.08110972017725399	0.08144542305117339
max_ss_100C_1v60	u_memory.g_read[0].g_bank[0].g_slice[0].u_sram/din[31]	input	0.4712034651355168	0.47352344267892477	0.2626835138297423	0.26365998273547575	0.07966409921057044	0.08008260802541342
max_ss_100C_1v60	u_memory.g_read[0].g_bank[0].g_slice[0].u_sram/wmask[0]	input	0.39495301473735367	0.396799121338276	0.2098728690835827	0.21057033894322785	0.09204942851784997	0.09251452414479194
max_ss_100C_1v60	u_memory.g_read[0].g_bank[0].g_slice[0].u_sram/wmask[1]	input	0.34456928976744905	0.3463870579256678	0.18674929658235584	0.1874452121297665	0.07896598143170702	0.07943108383491257
max_ss_100C_1v60	u_memory.g_read[0].g_bank[0].g_slice[0].u_sram/wmask[2]	input	0.4744331594253026	0.4763526795237283	0.26560481591886287	0.2664441722810551	0.10869180989275806	0.10915690551970003
max_ss_100C_1v60	u_memory.g_read[0].g_bank[0].g_slice[0].u_sram/wmask[3]	input	0.40357789332645666	0.40510725329845343	0.22133038457550214	0.22194662774310814	0.11552015583265324	0.11598526501212236
max_ss_100C_1v60	u_memory.g_read[0].g_bank[0].g_slice[0].u_sram/addr[0]	input	0.3341625032238227	0.3351641464366395	0.1868680349348395	0.18725791750551224	0.13134075261839878	0.1317707607525337
max_ss_100C_1v60	u_memory.g_read[0].g_bank[0].g_slice[0].u_sram/addr[1]	input	0.2914237462459113	0.2924271935711431	0.16503699795666904	0.16542274494657505	0.11339152137862171	0.11382152273649304
max_ss_100C_1v60	u_memory.g_read[0].g_bank[0].g_slice[0].u_sram/addr[2]	input	0.2755730643677623	0.2765780104940774	0.15738768621709198	0.15777225359503433	0.1066667167461989	0.10709672488033381
max_ss_100C_1v60	u_memory.g_read[0].g_bank[0].g_slice[0].u_sram/addr[3]	input	0.2701356083267825	0.2711229574181573	0.15459233893011515	0.15497399197261785	0.10474076711204997	0.1051707684699213
max_ss_100C_1v60	u_memory.g_read[0].g_bank[0].g_slice[0].u_sram/addr[4]	input	0.2698459511396578	0.27083094100710525	0.15340306802613668	0.15377668582949866	0.10483309370330068	0.10526309506117201
max_ss_100C_1v60	u_memory.g_read[0].g_bank[0].g_slice[0].u_sram/addr[5]	input	0.27025984228323807	0.2712456925735296	0.15418526178034853	0.15456043389594498	0.10533802698381792	0.10576802834168925
max_ss_100C_1v60	u_memory.g_read[0].g_bank[0].g_slice[0].u_sram/addr[6]	input	0.2706823931664104	0.2716699643023901	0.15454600099662485	0.1549222278240947	0.1055011655294591	0.105931173663594
max_ss_100C_1v60	u_memory.g_read[0].g_bank[0].g_slice[0].u_sram/addr[7]	input	0.27075133801623963	0.27173732708440923	0.15454018620353338	0.15491488647434437	0.10550021685255817	0.1059302182104295
max_ss_100C_1v60	u_memory.g_read[0].g_bank[0].g_slice[0].u_sram/addr[8]	input	0.2700922541176709	0.27107904809753336	0.15430469402222258	0.1546807126828753	0.10531329362175809	0.10574329497962942
max_ss_100C_1v60	u_memory.g_read[0].g_bank[0].g_slice[0].u_sram/we	input	0.48520149009689817	0.48669673846646333	0.27693561333030914	0.2775672192090184	0.13569839154257968	0.13612938901119698
max_ss_100C_1v60	u_memory.g_read[0].g_bank[0].g_slice[0].u_sram/ce	input	0.08597095951801137	0.08675058588147877	0.06402402219496395	0.06431852966892748	0.013324570261171939	0.013540030031965015
max_ss_100C_1v60	u_memory.g_read[0].g_bank[0].g_slice[0].u_sram/clk	input	0.14459301811431402	0.3318755548153973	0.13799987541585068	0.3452576835538679	0.07009461912808879	0.24253271916838126
max_ss_100C_1v60	u_memory.g_read[0].g_bank[0].g_slice[0].u_sram/rstb	input	0.0	0.0	0.0	0.0	0.08030114930206861	0.3348269469842513
max_ss_100C_1v60	u_memory.g_read[0].g_bank[1].g_slice[0].u_sram/dout[0]	output	0.25162089078989425	0.2516226116355824	0.18499554665929452	0.1849951442034481	0.011342780827008209	0.012146781959443149
max_ss_100C_1v60	u_memory.g_read[0].g_bank[1].g_slice[0].u_sram/dout[1]	output	0.2510183727544302	0.25102028788914765	0.18458413963973186	0.1845824465496193	0.011267873468317775	0.012071874600752715
max_ss_100C_1v60	u_memory.g_read[0].g_bank[1].g_slice[0].u_sram/dout[2]	output	0.24782129126599273	0.24782309537840774	0.18234701248953655	0.1823467349337804	0.010862235319108321	0.011666236451543261
max_ss_100C_1v60	u_memory.g_read[0].g_bank[1].g_slice[0].u_sram/dout[3]	output	0.24702015433142321	0.24702226375517	0.18178543392810553	0.1817851980057128	0.010760389771596358	0.011564391751064246
max_ss_100C_1v60	u_memory.g_read[0].g_bank[1].g_slice[0].u_sram/dout[4]	output	0.24537874510066615	0.24538410192675997	0.1806340355070546	0.1806338689736009	0.010551585985702806	0.011355587118137746
max_ss_100C_1v60	u_memory.g_read[0].g_bank[1].g_slice[0].u_sram/dout[5]	output	0.257480925469622	0.25748050913598775	0.18903879850373784	0.18903674459114228	0.012071957609981546	0.012875959589449433
max_ss_100C_1v60	u_memory.g_read[0].g_bank[1].g_slice[0].u_sram/dout[6]	output	0.2537453580586657	0.25374627399266103	0.18645344990186885	0.18645293642371996	0.011607359191379615	0.012411360323814555
max_ss_100C_1v60	u_memory.g_read[0].g_bank[1].g_slice[0].u_sram/dout[7]	output	0.24423704725329287	0.24424282041302092	0.1798338283842682	0.17983252387221427	0.010406289342062593	0.011210290474497533
max_ss_100C_1v60	u_memory.g_read[0].g_bank[1].g_slice[0].u_sram/dout[8]	output	0.25329821573549793	0.25329791042416616	0.18614744468070654	0.18614562669050372	0.011551587154000603	0.01235558913346849
max_ss_100C_1v60	u_memory.g_read[0].g_bank[1].g_slice[0].u_sram/dout[9]	output	0.2439950463895002	0.24399834930299846	0.17966197973784404	0.17966185483775376	0.010375347228499393	0.011179348360934333
max_ss_100C_1v60	u_memory.g_read[0].g_bank[1].g_slice[0].u_sram/dout[10]	output	0.2487829109387718	0.24878568649633337	0.18302452609031405	0.18302422077898228	0.01098491448899095	0.01178891562142589
max_ss_100C_1v60	u_memory.g_read[0].g_bank[1].g_slice[0].u_sram/dout[11]	output	0.24440749424314845	0.24441193513524695	0.17995251122560063	0.17995356593747402	0.010428019972324402	0.011232021951792289
max_ss_100C_1v60	u_memory.g_read[0].g_bank[1].g_slice[0].u_sram/dout[12]	output	0.2510814334222289	0.25108334855694636	0.18462606443669927	0.18462567585864065	0.011275711064178719	0.012079713043646606
max_ss_100C_1v60	u_memory.g_read[0].g_bank[1].g_slice[0].u_sram/dout[13]	output	0.2445104119175312	0.24451479729847847	0.18002549451168193	0.18002417612184018	0.010441016845867072	0.011245017978302012
max_ss_100C_1v60	u_memory.g_read[0].g_bank[1].g_slice[0].u_sram/dout[14]	output	0.2516129804508438	0.25161470129653196	0.18499114740055944	0.18499074494471301	0.011341967675378845	0.012145969654846732
max_ss_100C_1v60	u_memory.g_read[0].g_bank[1].g_slice[0].u_sram/dout[15]	output	0.24520166452823844	0.24520580010900517	0.18050951011705507	0.18050934358360138	0.01052898460557122	0.01133298573800616
max_ss_100C_1v60	u_memory.g_read[0].g_bank[1].g_slice[0].u_sram/dout[16]	output	0.2532356269124847	0.25323676489108493	0.18610392393814124	0.18610345209335577	0.011543904565169006	0.012347905697603946
max_ss_100C_1v60	u_memory.g_read[0].g_bank[1].g_slice[0].u_sram/dout[17]	output	0.24710586354892428	0.24710924972914938	0.18184602434967445	0.18184578842728172	0.010771368165625721	0.011575369298060662
max_ss_100C_1v60	u_memory.g_read[0].g_bank[1].g_slice[0].u_sram/dout[18]	output	0.25269020209606197	0.2526901188293351	0.18573118043541115	0.18573070859062568	0.011476036897303202	0.012280038029738143
max_ss_100C_1v60	u_memory.g_read[0].g_bank[1].g_slice[0].u_sram/dout[19]	output	0.24803992193511704	0.24804297504843476	0.182501222467657	0.18250094491190083	0.010890196723730133	0.01169419870319802
max_ss_100C_1v60	u_memory.g_read[0].g_bank[1].g_slice[0].u_sram/dout[20]	output	0.2513652064273231	0.2513670105397381	0.1848209502108844	0.18482053387725017	0.011311064525331219	0.012115066504799106
max_ss_100C_1v60	u_memory.g_read[0].g_bank[1].g_slice[0].u_sram/dout[21]	output	0.24796462105847183	0.24796772968294079	0.1824488615742581	0.18244734889538705	0.010880482102858073	0.011684483235293013
max_ss_100C_1v60	u_memory.g_read[0].g_bank[1].g_slice[0].u_sram/dout[22]	output	0.24819005184362197	0.24819307720136408	0.18260820633386743	0.18260792877811127	0.010909371855590076	0.011713373835057963
max_ss_100C_1v60	u_memory.g_read[0].g_bank[1].g_slice[0].u_sram/dout[23]	output	0.25160581951233496	0.25160615257924235	0.18498623466367548	0.1849844999401995	0.011340824180900051	0.012144825313334991
max_ss_100C_1v60	u_memory.g_read[0].g_bank[1].g_slice[0].u_sram/dout[24]	output	0.24385218844180656	0.24385682362293437	0.1795631837664402	0.17956187925438627	0.010357203782769206	0.011161204915204146
max_ss_100C_1v60	u_memory.g_read[0].g_bank[1].g_slice[0].u_sram/dout[25]	output	0.251095505499066	0.2510974483893591	0.18463539031010612	0.1846349878542597	0.011277361931392917	0.012081363063827857
max_ss_100C_1v60	u_memory.g_read[0].g_bank[1].g_slice[0].u_sram/dout[26]	output	0.24383337016153916	0.24383672858618866	0.17954904230066404	0.17954776554418572	0.010354642355136709	0.011158643487571649
max_ss_100C_1v60	u_memory.g_read[0].g_bank[1].g_slice[0].u_sram/dout[27]	output	0.2530702869485424	0.25307003714836185	0.18599011220032935	0.18598964035554388	0.011523257290046735	0.012327259269514623
max_ss_100C_1v60	u_memory.g_read[0].g_bank[1].g_slice[0].u_sram/dout[28]	output	0.24507174067878168	0.24507590401512402	0.18041816651770404	0.18041680649449887	0.010512197259589587	0.011316198392024527
max_ss_100C_1v60	u_memory.g_read[0].g_bank[1].g_slice[0].u_sram/dout[29]	output	0.2516113706274581	0.2516117036943655	0.18498898246566142	0.1849885661320272	0.011341583122420791	0.012145585101888678
max_ss_100C_1v60	u_memory.g_read[0].g_bank[1].g_slice[0].u_sram/dout[30]	output	0.25062851793933305	0.25062921182872344	0.18431384196659906	0.18431345338854044	0.011219031854513197	0.012023032986948137
max_ss_100C_1v60	u_memory.g_read[0].g_bank[1].g_slice[0].u_sram/dout[31]	output	0.2482719863028393	0.24827362388180063	0.18266418932988415	0.18266264889543748	0.010919521851397024	0.011723523830864911
max_ss_100C_1v60	u_memory.g_read[0].g_bank[1].g_slice[0].u_sram/din[0]	input	0.46437051426373444	0.4662296104740449	0.258147642151485	0.2589741199265916	0.07825076713983622	0.07877747933149326
max_ss_100C_1v60	u_memory.g_read[0].g_bank[1].g_slice[0].u_sram/din[1]	input	0.4395608321772215	0.4414322796186809	0.2457231917940561	0.24655968933195993	0.07320280991617023	0.07372951533156369
max_ss_100C_1v60	u_memory.g_read[0].g_bank[1].g_slice[0].u_sram/din[2]	input	0.5207165254539348	0.5229501831571781	0.2863226322702417	0.28731622636612997	0.08787091334509084	0.08848030950492705
max_ss_100C_1v60	u_memory.g_read[0].g_bank[1].g_slice[0].u_sram/din[3]	input	0.41790987337364527	0.4197864000854423	0.23427734752168305	0.235101271783833	0.06940155644185458	0.06992826185724804
max_ss_100C_1v60	u_memory.g_read[0].g_bank[1].g_slice[0].u_sram/din[4]	input	0.46483850102418955	0.4667096709098928	0.25816174198389774	0.25899538069751316	0.07778760952427757	0.07831430816340745
max_ss_100C_1v60	u_memory.g_read[0].g_bank[1].g_slice[0].u_sram/din[5]	input	0.3102477441618845	0.31159416713499866	0.16956831772052539	0.17014538389314993	0.07040152288180154	0.07092822152093142
max_ss_100C_1v60	u_memory.g_read[0].g_bank[1].g_slice[0].u_sram/din[6]	input	0.38021824577683105	0.38156827697477524	0.20388261912085426	0.2044715924354179	0.08780800929029595	0.08833472148195298
max_ss_100C_1v60	u_memory.g_read[0].g_bank[1].g_slice[0].u_sram/din[7]	input	0.6313430889193228	0.6332449564716569	0.3282448202135413	0.32905383973158564	0.10750059018958466	0.10802728882871454
max_ss_100C_1v60	u_memory.g_read[0].g_bank[1].g_slice[0].u_sram/din[8]	input	0.5213172671325594	0.5230633703945387	0.2862807491066377	0.2867213688695358	0.08799401094924941	0.08852071636464287
max_ss_100C_1v60	u_memory.g_read[0].g_bank[1].g_slice[0].u_sram/din[9]	input	0.4389519858705171	0.4408223786001031	0.2446390034993584	0.24546872867681202	0.07316541171748306	0.0736921239091401
max_ss_100C_1v60	u_memory.g_read[0].g_bank[1].g_slice[0].u_sram/din[10]	input	0.5421129101179645	0.544428224724669	0.2859469050431329	0.2868650594844979	0.0916682772441127	0.09227768018021248
max_ss_100C_1v60	u_memory.g_read[0].g_bank[1].g_slice[0].u_sram/din[11]	input	0.5543969727739295	0.5563043914413868	0.29152938396670436	0.29230276532565824	0.09378100780752657	0.09430771322292003
max_ss_100C_1v60	u_memory.g_read[0].g_bank[1].g_slice[0].u_sram/din[12]	input	0.4041139645138969	0.4059718672344559	0.22812010613826317	0.22894608431300867	0.06725555442427256	0.06778225983966601
max_ss_100C_1v60	u_memory.g_read[0].g_bank[1].g_slice[0].u_sram/din[13]	input	0.5303741335005441	0.532231536620742	0.2803250132021873	0.28109872762804855	0.08969710282684396	0.09022380824223741
max_ss_100C_1v60	u_memory.g_read[0].g_bank[1].g_slice[0].u_sram/din[14]	input	0.5102518962907254	0.5121228441318237	0.2805138066275248	0.2813493882314333	0.08601972622699836	0.08654643841865539
max_ss_100C_1v60	u_memory.g_read[0].g_bank[1].g_slice[0].u_sram/din[15]	input	0.5061942531803254	0.5080628140419208	0.2783266395134376	0.27915608713513507	0.08528131000863637	0.08580801542402983
max_ss_100C_1v60	u_memory.g_read[0].g_bank[1].g_slice[0].u_sram/din[16]	input	0.5620571230657845	0.5639608224861092	0.29488977926206417	0.2956748179627766	0.09529774566046159	0.09582445785211863
max_ss_100C_1v60	u_memory.g_read[0].g_bank[1].g_slice[0].u_sram/din[17]	input	0.441132241846276	0.4430026900870132	0.2459022152567769	0.24673210696768422	0.07354902277489916	0.07407572819029262
max_ss_100C_1v60	u_memory.g_read[0].g_bank[1].g_slice[0].u_sram/din[18]	input	0.5172389738739014	0.5195538443913961	0.2844174618044093	0.285404311295423	0.08712774696596065	0.08773714312579686
max_ss_100C_1v60	u_memory.g_read[0].g_bank[1].g_slice[0].u_sram/din[19]	input	0.5502650002320308	0.5521665902286088	0.2893537909276489	0.2901278939315688	0.09320175246808546	0.09372845110721534
max_ss_100C_1v60	u_memory.g_read[0].g_bank[1].g_slice[0].u_sram/din[20]	input	0.5184236928634789	0.520581910912199	0.285240608910442	0.28608018731723917	0.08742680380645004	0.08795350244557992
max_ss_100C_1v60	u_memory.g_read[0].g_bank[1].g_slice[0].u_sram/din[21]	input	0.41180389653838745	0.41366171599221957	0.2316865588269934	0.23251292557979752	0.06869105165317052	0.06921775706856398
max_ss_100C_1v60	u_memory.g_read[0].g_bank[1].g_slice[0].u_sram/din[22]	input	0.513990183748092	0.5158629079460297	0.2824468714468509	0.28327812318096335	0.08670716461446279	0.08723387680611983
max_ss_100C_1v60	u_memory.g_read[0].g_bank[1].g_slice[0].u_sram/din[23]	input	0.3917658142338354	0.3936243553326335	0.22132007337916093	0.2221426098625301	0.06505752425493838	0.06558422967033184
max_ss_100C_1v60	u_memory.g_read[0].g_bank[1].g_slice[0].u_sram/din[24]	input	0.5805895209043399	0.5825590565500249	0.31549513002104845	0.31636973596427254	0.0970125401452554	0.09753924556064886
max_ss_100C_1v60	u_memory.g_read[0].g_bank[1].g_slice[0].u_sram/din[25]	input	0.38963271498104746	0.39148725927695693	0.21995680277164809	0.22091029006077179	0.06463726716409227	0.06516397257948572
max_ss_100C_1v60	u_memory.g_read[0].g_bank[1].g_slice[0].u_sram/din[26]	input	0.5558158377994005	0.5582296846995405	0.30082855650981344	0.3018593708326023	0.09321294007925279	0.09382234301535258
max_ss_100C_1v60	u_memory.g_read[0].g_bank[1].g_slice[0].u_sram/din[27]	input	0.38542199987112724	0.3872829279494283	0.21804402727809702	0.2188582509665693	0.06396969678143863	0.06449639542056851
max_ss_100C_1v60	u_memory.g_read[0].g_bank[1].g_slice[0].u_sram/din[28]	input	0.46522102836732415	0.4670773212644974	0.25754479104911354	0.25836899286701964	0.07837126265878083	0.07889796129791071
max_ss_100C_1v60	u_memory.g_read[0].g_bank[1].g_slice[0].u_sram/din[29]	input	0.5648879142228225	0.5668364111421909	0.3097939682561446	0.31068153605318116	0.09389897578015657	0.09442567441928645
max_ss_100C_1v60	u_memory.g_read[0].g_bank[1].g_slice[0].u_sram/din[30]	input	0.3864400188735573	0.388298587727931	0.218460249890029	0.2192738213224743	0.06412075324912017	0.06464746544077721
max_ss_100C_1v60	u_memory.g_read[0].g_bank[1].g_slice[0].u_sram/din[31]	input	0.3893999567239348	0.39170583443493	0.21953358575466098	0.220501492065317	0.06447515183425137	0.06508454799408758
max_ss_100C_1v60	u_memory.g_read[0].g_bank[1].g_slice[0].u_sram/wmask[0]	input	0.3942249582333801	0.39606862234364826	0.2083468120250842	0.20903989650378207	0.09204942851784997	0.09251452414479194
max_ss_100C_1v60	u_memory.g_read[0].g_bank[1].g_slice[0].u_sram/wmask[1]	input	0.34371311352643374	0.34552735672654933	0.185351942127987	0.1860433057609967	0.07896598143170702	0.07943108383491257
max_ss_100C_1v60	u_memory.g_read[0].g_bank[1].g_slice[0].u_sram/wmask[2]	input	0.4722141011548331	0.4741186332424263	0.26152605081541935	0.2623426753611824	0.10869180989275806	0.10915690551970003
max_ss_100C_1v60	u_memory.g_read[0].g_bank[1].g_slice[0].u_sram/wmask[3]	input	0.4007139065009824	0.4022303601303179	0.21595397692308893	0.2165491952421661	0.11552015583265324	0.11598526501212236
max_ss_100C_1v60	u_memory.g_read[0].g_bank[1].g_slice[0].u_sram/addr[0]	input	0.33184771597305485	0.3328391173784695	0.18264291468117477	0.18301711535162468	0.13134075261839878	0.1317707607525337
max_ss_100C_1v60	u_memory.g_read[0].g_bank[1].g_slice[0].u_sram/addr[1]	input	0.289983315138187	0.29097813047940235	0.1624763934504614	0.16284920634213051	0.11339152137862171	0.11382152273649304
max_ss_100C_1v60	u_memory.g_read[0].g_bank[1].g_slice[0].u_sram/addr[2]	input	0.2746101401829293	0.27560670412540844	0.1557060869128435	0.156078511226454	0.1066667167461989	0.10709672488033381
max_ss_100C_1v60	u_memory.g_read[0].g_bank[1].g_slice[0].u_sram/addr[3]	input	0.2692126799264116	0.27019195214528224	0.15298262656671113	0.15335256675630404	0.10474076711204997	0.1051707684699213
max_ss_100C_1v60	u_memory.g_read[0].g_bank[1].g_slice[0].u_sram/addr[4]	input	0.2690089540013929	0.269986533130151	0.15193024616166895	0.1522929976571774	0.10483309370330068	0.10526309506117201
max_ss_100C_1v60	u_memory.g_read[0].g_bank[1].g_slice[0].u_sram/addr[5]	input	0.26940627506633064	0.2703845758400547	0.152688306442883	0.15305245959496006	0.10533802698381792	0.10576802834168925
max_ss_100C_1v60	u_memory.g_read[0].g_bank[1].g_slice[0].u_sram/addr[6]	input	0.26981419876115353	0.27079413711383893	0.15302496769731277	0.15339002290559733	0.1055011655294591	0.105931173663594
max_ss_100C_1v60	u_memory.g_read[0].g_bank[1].g_slice[0].u_sram/addr[7]	input	0.269884281589583	0.2708626378744583	0.15302069333866797	0.15338424974586928	0.10550021685255817	0.1059302182104295
max_ss_100C_1v60	u_memory.g_read[0].g_bank[1].g_slice[0].u_sram/addr[8]	input	0.26922711282573175	0.2702062740222999	0.15279001674972648	0.15315489154676953	0.10531329362175809	0.10574329497962942
max_ss_100C_1v60	u_memory.g_read[0].g_bank[1].g_slice[0].u_sram/we	input	0.4806239295440662	0.4820993604326418	0.26900615068825573	0.2696100842580762	0.13569839154257968	0.13612938901119698
max_ss_100C_1v60	u_memory.g_read[0].g_bank[1].g_slice[0].u_sram/ce	input	0.44773096341543805	0.44898226803091745	0.2589824465992763	0.2595238191016591	0.07380365443137096	0.07401911928436172
max_ss_100C_1v60	u_memory.g_read[0].g_bank[1].g_slice[0].u_sram/clk	input	0.14515171009588101	0.3460672304278489	0.1387781278783251	0.3570136963837456	0.07063709290882833	0.24307519972538438
max_ss_100C_1v60	u_memory.g_read[0].g_bank[1].g_slice[0].u_sram/rstb	input	0.0	0.0	0.0	0.0	0.08085095499999959	0.3353767459059187
max_ss_100C_1v60	u_memory.g_read[0].g_bank[2].g_slice[0].u_sram/dout[0]	output	0.24697011102858824	0.2469735804755402	0.18175101701434215	0.18174954596883452	0.010753915898780494	0.011557917878248381
max_ss_100C_1v60	u_memory.g_read[0].g_bank[2].g_slice[0].u_sram/dout[1]	output	0.24572066603667508	0.24572463508398812	0.18087334408001254	0.18087437103631032	0.01059497778952475	0.01139897892195969
max_ss_100C_1v60	u_memory.g_read[0].g_bank[2].g_slice[0].u_sram/dout[2]	output	0.247547593534847	0.24755086869276965	0.1821570949633866	0.18215559616230337	0.010827559484313624	0.011631561463781512
max_ss_100C_1v60	u_memory.g_read[0].g_bank[2].g_slice[0].u_sram/dout[3]	output	0.24835672407519382	0.24835966616620908	0.1827235723839138	0.18272328095036983	0.010930515492019437	0.011734516624454377
max_ss_100C_1v60	u_memory.g_read[0].g_bank[2].g_slice[0].u_sram/dout[4]	output	0.24449647861857216	0.24450089175509504	0.1800147947372821	0.1800158633269433	0.010439311768544249	0.011243312900979189
max_ss_100C_1v60	u_memory.g_read[0].g_bank[2].g_slice[0].u_sram/dout[5]	output	0.2508059870898194	0.2508079854912637	0.18443713223348368	0.18443543914337113	0.011241126708942326	0.012045127841377266
max_ss_100C_1v60	u_memory.g_read[0].g_bank[2].g_slice[0].u_sram/dout[6]	output	0.24724686187305167	0.2472502758088524	0.1819448758322295	0.18194462603204897	0.010789275289163625	0.011593277268631512
max_ss_100C_1v60	u_memory.g_read[0].g_bank[2].g_slice[0].u_sram/dout[7]	output	0.24320917502151929	0.24321406000282764	0.17911089278399572	0.17911080951726888	0.010275447315667274	0.011079448448102214
max_ss_100C_1v60	u_memory.g_read[0].g_bank[2].g_slice[0].u_sram/dout[8]	output	0.25295762706711855	0.25295887606802125	0.18591368722287172	0.185914533767928	0.01150943201828165	0.012313433997749538
max_ss_100C_1v60	u_memory.g_read[0].g_bank[2].g_slice[0].u_sram/dout[9]	output	0.24637930584603396	0.24638302509316645	0.18133593238101042	0.1813357242141933	0.010678851838994818	0.011482853818462705
max_ss_100C_1v60	u_memory.g_read[0].g_bank[2].g_slice[0].u_sram/dout[10]	output	0.2484889793930023	0.24849189372844194	0.18281690050692134	0.18281659519558957	0.010947477326788205	0.011751478459223145
max_ss_100C_1v60	u_memory.g_read[0].g_bank[2].g_slice[0].u_sram/dout[11]	output	0.24436028200902626	0.24436347390022206	0.17991812206741287	0.17991796941174698	0.010421772257305454	0.011225773389740394
max_ss_100C_1v60	u_memory.g_read[0].g_bank[2].g_slice[0].u_sram/dout[12]	output	0.2543903421248217	0.2543910360142121	0.18689541581018432	0.18689488845424762	0.011687583375879964	0.012491584508314904
max_ss_100C_1v60	u_memory.g_read[0].g_bank[2].g_slice[0].u_sram/dout[13]	output	0.2514378982798604	0.2514397023922754	0.18487099351371938	0.18487188169213908	0.011320149800723468	0.012124150933158408
max_ss_100C_1v60	u_memory.g_read[0].g_bank[2].g_slice[0].u_sram/dout[14]	output	0.25704222084144135	0.2570419432856852	0.18871847140555786	0.1887178330273187	0.012017301114994067	0.012821303094461955
max_ss_100C_1v60	u_memory.g_read[0].g_bank[2].g_slice[0].u_sram/dout[15]	output	0.24570659395983796	0.245710563007151	0.18086288022800545	0.18086268593897614	0.01059305587176743	0.011397057851235317
max_ss_100C_1v60	u_memory.g_read[0].g_bank[2].g_slice[0].u_sram/dout[16]	output	0.25255789126710226	0.25255786351152665	0.18563992010278696	0.18563815762373537	0.011459444368899438	0.012263445501334378
max_ss_100C_1v60	u_memory.g_read[0].g_bank[2].g_slice[0].u_sram/dout[17]	output	0.24945193133341093	0.24945448484636756	0.18349195773925686	0.18349163855013728	0.011069916786346761	0.011873917918781701
max_ss_100C_1v60	u_memory.g_read[0].g_bank[2].g_slice[0].u_sram/dout[18]	output	0.25092972144591386	0.25093169209178257	0.18452160632786985	0.18452121774981123	0.01125676293714864	0.01206076406958358
max_ss_100C_1v60	u_memory.g_read[0].g_bank[2].g_slice[0].u_sram/dout[19]	output	0.24456703329178708	0.24457141867273435	0.18006394986169738	0.1800638110838193	0.010448207308556313	0.0112522092880242
max_ss_100C_1v60	u_memory.g_read[0].g_bank[2].g_slice[0].u_sram/dout[20]	output	0.24725893554844447	0.24726232172866958	0.18195311923818736	0.18195286943800681	0.010790765220117845	0.011594767199585732
max_ss_100C_1v60	u_memory.g_read[0].g_bank[2].g_slice[0].u_sram/dout[21]	output	0.24612870075380044	0.24613250326765979	0.1811602395873635	0.18116004529833418	0.010646997470947425	0.011450998603382365
max_ss_100C_1v60	u_memory.g_read[0].g_bank[2].g_slice[0].u_sram/dout[22]	output	0.25455260121987067	0.2545532395981098	0.18700806181382035	0.18700617443467848	0.011707740218925775	0.012511742198393662
max_ss_100C_1v60	u_memory.g_read[0].g_bank[2].g_slice[0].u_sram/dout[23]	output	0.2508905583287202	0.25089114119580813	0.18449348992977121	0.1844930874739248	0.011251614670895228	0.012055615803330168
max_ss_100C_1v60	u_memory.g_read[0].g_bank[2].g_slice[0].u_sram/dout[24]	output	0.24490257044540442	0.2449068170484736	0.18029901183158614	0.18029885917592026	0.01049081137173731	0.01129481250417225
max_ss_100C_1v60	u_memory.g_read[0].g_bank[2].g_slice[0].u_sram/dout[25]	output	0.25144203386062713	0.25144381021746653	0.18487254782595386	0.18487214537010743	0.011320395440278172	0.01212439741974606
max_ss_100C_1v60	u_memory.g_read[0].g_bank[2].g_slice[0].u_sram/dout[26]	output	0.24433469136830865	0.24433916001598277	0.1799002474767164	0.17990012257662613	0.010418511180458525	0.011222512312893465
max_ss_100C_1v60	u_memory.g_read[0].g_bank[2].g_slice[0].u_sram/dout[27]	output	0.25328156239012856	0.2532826726131532	0.18613462160477212	0.1861354681498284	0.011549435690314577	0.012353437669782464
max_ss_100C_1v60	u_memory.g_read[0].g_bank[2].g_slice[0].u_sram/dout[28]	output	0.24475291238168495	0.244757242251481	0.18019515046763246	0.1801938043222151	0.010471756518555878	0.011275757650990818
max_ss_100C_1v60	u_memory.g_read[0].g_bank[2].g_slice[0].u_sram/dout[29]	output	0.24642191065460395	0.24642562990173644	0.18136551982461668	0.18136656065870227	0.01068420339315557	0.01148820452559051
max_ss_100C_1v60	u_memory.g_read[0].g_bank[2].g_slice[0].u_sram/dout[30]	output	0.24790944297414796	0.24791255159861691	0.1824106560244232	0.18240912946776433	0.010873510174669223	0.01167751215413711
max_ss_100C_1v60	u_memory.g_read[0].g_bank[2].g_slice[0].u_sram/dout[31]	output	0.24495949713099208	0.24496374373406127	0.18033881332701895	0.18033866067135307	0.010498015386953708	0.011302017366421595
max_ss_100C_1v60	u_memory.g_read[0].g_bank[2].g_slice[0].u_sram/din[0]	input	0.3840454343428945	0.3852949348459589	0.28223798298476765	0.2830445322565822	0.09801587438820064	0.09873558134282368
max_ss_100C_1v60	u_memory.g_read[0].g_bank[2].g_slice[0].u_sram/din[1]	input	0.4633846362178673	0.4646271145603009	0.33919250741476503	0.33998884263475304	0.12061570275542777	0.1213354097100508
max_ss_100C_1v60	u_memory.g_read[0].g_bank[2].g_slice[0].u_sram/din[2]	input	0.4163357159026049	0.4187934166122176	0.31338104333755723	0.3148899752059009	0.06362568620837256	0.06455709041343696
max_ss_100C_1v60	u_memory.g_read[0].g_bank[2].g_slice[0].u_sram/din[3]	input	0.3935069492477794	0.3954869487454715	0.29528543499246496	0.29656302413805236	0.059325022108355774	0.060661728190549574
max_ss_100C_1v60	u_memory.g_read[0].g_bank[2].g_slice[0].u_sram/din[4]	input	0.46585002522192553	0.4670986375465702	0.34541908222607276	0.3462222175620866	0.11868837076350891	0.11940807771813194
max_ss_100C_1v60	u_memory.g_read[0].g_bank[2].g_slice[0].u_sram/din[5]	input	0.4421645827257237	0.4441427781110008	0.3304112816682192	0.33168703894581597	0.06765316524224088	0.0689898645481711
max_ss_100C_1v60	u_memory.g_read[0].g_bank[2].g_slice[0].u_sram/din[6]	input	0.4123001939859705	0.4142636234050201	0.30968699826772195	0.31096189512247463	0.06294693499081516	0.06428364107300896
max_ss_100C_1v60	u_memory.g_read[0].g_bank[2].g_slice[0].u_sram/din[7]	input	0.4291743627149458	0.43043874020654016	0.3147239413525682	0.31554572843539574	0.1109273941148417	0.11164710106946474
max_ss_100C_1v60	u_memory.g_read[0].g_bank[2].g_slice[0].u_sram/din[8]	input	0.4286958010801811	0.42993647531019974	0.3131559733748901	0.31395910871090393	0.11106812355683032	0.11178783051145336
max_ss_100C_1v60	u_memory.g_read[0].g_bank[2].g_slice[0].u_sram/din[9]	input	0.44500134133151903	0.44623738038040983	0.32478228439991597	0.3255756497733131	0.11599645939955328	0.11671615280164915
max_ss_100C_1v60	u_memory.g_read[0].g_bank[2].g_slice[0].u_sram/din[10]	input	0.6190332690891864	0.6214918024660676	0.3331302178555262	0.3342090770797057	0.10349682807823946	0.10429922577730524
max_ss_100C_1v60	u_memory.g_read[0].g_bank[2].g_slice[0].u_sram/din[11]	input	0.37446307166177917	0.3757073818722034	0.2746714800050398	0.2754684258476914	0.09580292288646763	0.09652262984109067
max_ss_100C_1v60	u_memory.g_read[0].g_bank[2].g_slice[0].u_sram/din[12]	input	0.455293414081126	0.4565418876278926	0.3372185308769815	0.33802136090166357	0.1161278104927499	0.11684751744737293
max_ss_100C_1v60	u_memory.g_read[0].g_bank[2].g_slice[0].u_sram/din[13]	input	0.47979348272164657	0.4810599696369877	0.3568030593203986	0.357618573643137	0.12199261240943005	0.12271230581152592
max_ss_100C_1v60	u_memory.g_read[0].g_bank[2].g_slice[0].u_sram/din[14]	input	0.41070766232387257	0.4119453111961491	0.2991511205419073	0.2999451520491192	0.10696409307332094	0.10768380002794398
max_ss_100C_1v60	u_memory.g_read[0].g_bank[2].g_slice[0].u_sram/din[15]	input	0.4556237331865276	0.4567324296544939	0.31452637716533616	0.3145998461739907	0.1255475893602656	0.1262672827623615
max_ss_100C_1v60	u_memory.g_read[0].g_bank[2].g_slice[0].u_sram/din[16]	input	0.48010828646027903	0.48136333807846654	0.3561845540733799	0.35698774492054497	0.1224124561481979	0.12313216310282094
max_ss_100C_1v60	u_memory.g_read[0].g_bank[2].g_slice[0].u_sram/din[17]	input	0.43470604893514064	0.43584402753538143	0.30658001137773283	0.30725968991340835	0.11792903621948153	0.11864874317410457
max_ss_100C_1v60	u_memory.g_read[0].g_bank[2].g_slice[0].u_sram/din[18]	input	0.7277162206165144	0.7300933746456906	0.37524158780222194	0.3762026801190643	0.12446781886416014	0.1252702233394895
max_ss_100C_1v60	u_memory.g_read[0].g_bank[2].g_slice[0].u_sram/din[19]	input	0.46754655702585524	0.4686550592047922	0.3220542166282314	0.32269928396111425	0.12905994361319534	0.12977963701529122
max_ss_100C_1v60	u_memory.g_read[0].g_bank[2].g_slice[0].u_sram/din[20]	input	0.45718306918018925	0.458293680782873	0.31505537068099443	0.3156978845009206	0.1260039165021376	0.12672362345676064
max_ss_100C_1v60	u_memory.g_read[0].g_bank[2].g_slice[0].u_sram/din[21]	input	0.41759196101054386	0.4187652447029677	0.2989185288182483	0.2996409509403719	0.11113057360196549	0.11185028055658852
max_ss_100C_1v60	u_memory.g_read[0].g_bank[2].g_slice[0].u_sram/din[22]	input	0.3727474162662503	0.37400707530999	0.27546839809211576	0.2762861328609034	0.0943739579756589	0.09509366493028193
max_ss_100C_1v60	u_memory.g_read[0].g_bank[2].g_slice[0].u_sram/din[23]	input	0.42791709065070904	0.4291692279334569	0.31251143339794396	0.3133253934084479	0.11118261530624479	0.11190232226086783
max_ss_100C_1v60	u_memory.g_read[0].g_bank[2].g_slice[0].u_sram/din[24]	input	0.7574271765342644	0.759320273324704	0.38933789525685825	0.39014136365977947	0.13042228430050484	0.1309489897158983
max_ss_100C_1v60	u_memory.g_read[0].g_bank[2].g_slice[0].u_sram/din[25]	input	0.46303466616492983	0.46414894150359487	0.31877064876617567	0.31941488343179003	0.12783223373065422	0.12855194068527726
max_ss_100C_1v60	u_memory.g_read[0].g_bank[2].g_slice[0].u_sram/din[26]	input	0.7201482743468546	0.7225124387666426	0.3711791152216648	0.3721253027944016	0.12377147646635417	0.12438089295498111
max_ss_100C_1v60	u_memory.g_read[0].g_bank[2].g_slice[0].u_sram/din[27]	input	0.36598238328799937	0.3672183390701633	0.27121380141714724	0.27200391938819735	0.09250332975736103	0.09322303671198406
max_ss_100C_1v60	u_memory.g_read[0].g_bank[2].g_slice[0].u_sram/din[28]	input	0.5886870990678972	0.5905916311554904	0.3081388477710334	0.3089468680883556	0.10014355338906766	0.10067025880446112
max_ss_100C_1v60	u_memory.g_read[0].g_bank[2].g_slice[0].u_sram/din[29]	input	0.6060226764859067	0.6079242664824847	0.3162684003576999	0.31707372838418735	0.10325198134637434	0.10377867998550422
max_ss_100C_1v60	u_memory.g_read[0].g_bank[2].g_slice[0].u_sram/din[30]	input	0.398274524471276	0.39951261743276234	0.2955951872163354	0.29639143916959654	0.10130104762841319	0.10202075458303622
max_ss_100C_1v60	u_memory.g_read[0].g_bank[2].g_slice[0].u_sram/din[31]	input	0.62127009092805	0.6237056426883214	0.33163266577318495	0.33267869015141116	0.10446752783579288	0.10526993231112225
max_ss_100C_1v60	u_memory.g_read[0].g_bank[2].g_slice[0].u_sram/wmask[0]	input	0.48979376110480644	0.49237219856834713	0.2701847634511978	0.27120794499069234	0.08262555678713313	0.08309065919033867
max_ss_100C_1v60	u_memory.g_read[0].g_bank[2].g_slice[0].u_sram/wmask[1]	input	0.3749595356428159	0.37749062209435635	0.21285626039535543	0.21386568904713243	0.06188720868237352	0.06235231786184264
max_ss_100C_1v60	u_memory.g_read[0].g_bank[2].g_slice[0].u_sram/wmask[2]	input	0.3800582903945582	0.38259886925295916	0.21566362584657384	0.21667659333424183	0.06295307428561686	0.06341816991255883
max_ss_100C_1v60	u_memory.g_read[0].g_bank[2].g_slice[0].u_sram/wmask[3]	input	0.340563494072299	0.34211217192492427	0.24587368252504405	0.24673343923531377	0.08976880924802672	0.09023391165123226
max_ss_100C_1v60	u_memory.g_read[0].g_bank[2].g_slice[0].u_sram/addr[0]	input	0.543057820934223	0.5447834405813978	0.27000479629890606	0.27062319052362227	0.12903756839086067	0.13024973352475377
max_ss_100C_1v60	u_memory.g_read[0].g_bank[2].g_slice[0].u_sram/addr[1]	input	0.4061564418122998	0.40787415112042424	0.21396909244408846	0.21460253019078834	0.09436016150301402	0.09557232663690712
max_ss_100C_1v60	u_memory.g_read[0].g_bank[2].g_slice[0].u_sram/addr[2]	input	0.351144696653094	0.35256494945734573	0.24797391917630307	0.24871341097743027	0.09240887541934681	0.09362104732950349
max_ss_100C_1v60	u_memory.g_read[0].g_bank[2].g_slice[0].u_sram/addr[3]	input	0.46165643530216016	0.46337439441046513	0.24110921592601642	0.2417467337423318	0.10840169772019168	0.10961386963034836
max_ss_100C_1v60	u_memory.g_read[0].g_bank[2].g_slice[0].u_sram/addr[4]	input	0.45575307416889643	0.4574697842762987	0.2382855024407604	0.2389248243694908	0.10697751685146903	0.10818967520909856
max_ss_100C_1v60	u_memory.g_read[0].g_bank[2].g_slice[0].u_sram/addr[5]	input	0.35725672420383603	0.35868089054424956	0.2521853836867649	0.2529277343121805	0.0943768243351524	0.09558898269278193
max_ss_100C_1v60	u_memory.g_read[0].g_bank[2].g_slice[0].u_sram/addr[6]	input	0.3563672967832332	0.3577903806561977	0.2516671870900211	0.2524098430267685	0.09421652504395042	0.09542868340157995
max_ss_100C_1v60	u_memory.g_read[0].g_bank[2].g_slice[0].u_sram/addr[7]	input	0.36567066041826024	0.3670922177345659	0.2578840474498634	0.2586297564999285	0.09686402477641562	0.0980761966865723
max_ss_100C_1v60	u_memory.g_read[0].g_bank[2].g_slice[0].u_sram/addr[8]	input	0.33629937723489434	0.3377248758429374	0.2381013441965507	0.2388422515320343	0.08828139906385743	0.08949357097401411
max_ss_100C_1v60	u_memory.g_read[0].g_bank[2].g_slice[0].u_sram/we	input	0.3779701551742676	0.37851780043673955	0.2159366851994804	0.21618748458074322	0.14004940328098126	0.14566303621187798
max_ss_100C_1v60	u_memory.g_read[0].g_bank[2].g_slice[0].u_sram/ce	input	0.5536882063950088	0.5558649651682401	0.3279361504571199	0.3288688765756831	0.05312444616698865	0.05333990763184762
max_ss_100C_1v60	u_memory.g_read[0].g_bank[2].g_slice[0].u_sram/clk	input	0.14487831767606707	0.34551997374343557	0.13797975262352935	0.3561749506442169	0.07026041396905255	0.2426985207856086
max_ss_100C_1v60	u_memory.g_read[0].g_bank[2].g_slice[0].u_sram/rstb	input	0.0	0.0	0.0	0.0	0.08055522530492701	0.3350810297633733
max_ss_100C_1v60	u_memory.g_read[0].g_bank[3].g_slice[0].u_sram/dout[0]	output	0.24490792727149824	0.2449121461189918	0.18030310577898945	0.18030295312332356	0.010491567772159208	0.011295569751627096
max_ss_100C_1v60	u_memory.g_read[0].g_bank[3].g_slice[0].u_sram/dout[1]	output	0.24499344219997	0.24499763329188795	0.18036365456719494	0.18036348803374125	0.010502552095419202	0.011306553227854142
max_ss_100C_1v60	u_memory.g_read[0].g_bank[3].g_slice[0].u_sram/dout[2]	output	0.2437806900790207	0.24378660201662683	0.17951336250821015	0.17951208575173183	0.010348188811111578	0.011152190790579466
max_ss_100C_1v60	u_memory.g_read[0].g_bank[3].g_slice[0].u_sram/dout[3]	output	0.24576304880064015	0.24576690682565072	0.18090355602407016	0.18090458298036793	0.010600438610935698	0.011404440590403585
max_ss_100C_1v60	u_memory.g_read[0].g_bank[3].g_slice[0].u_sram/dout[4]	output	0.24196672443466127	0.24197077674870116	0.17823910403169663	0.17823792441973296	0.010117241889910904	0.010921243869378792
max_ss_100C_1v60	u_memory.g_read[0].g_bank[3].g_slice[0].u_sram/dout[5]	output	0.24595195324828012	0.24595445125008553	0.18103675503144956	0.18103532561930535	0.010624379150156894	0.011428380282591834
max_ss_100C_1v60	u_memory.g_read[0].g_bank[3].g_slice[0].u_sram/dout[6]	output	0.2456445324927614	0.24564847378449883	0.18082055297519162	0.18082037256395012	0.010585395305792462	0.011389396438227402
max_ss_100C_1v60	u_memory.g_read[0].g_bank[3].g_slice[0].u_sram/dout[7]	output	0.2441437052524975	0.24414817390017163	0.1797677423587274	0.17976643784667345	0.01039429281443063	0.01119829394686557
max_ss_100C_1v60	u_memory.g_read[0].g_bank[3].g_slice[0].u_sram/dout[8]	output	0.2457070380490478	0.24570961931758006	0.18086337982836653	0.18086319941712503	0.0105931575157211	0.01139715864815604
max_ss_100C_1v60	u_memory.g_read[0].g_bank[3].g_slice[0].u_sram/dout[9]	output	0.24402385667698923	0.24402707632376064	0.17968315724203876	0.17968185272998483	0.010378971682480694	0.011182972814915634
max_ss_100C_1v60	u_memory.g_read[0].g_bank[3].g_slice[0].u_sram/dout[10]	output	0.24540339205181283	0.24540611209822316	0.18065034190772877	0.18065017537427508	0.010554529425194515	0.011358530557629455
max_ss_100C_1v60	u_memory.g_read[0].g_bank[3].g_slice[0].u_sram/dout[11]	output	0.24510454776915935	0.24510737883787215	0.18044023220031846	0.18044007954465258	0.010516429883227017	0.011320431015661957
max_ss_100C_1v60	u_memory.g_read[0].g_bank[3].g_slice[0].u_sram/dout[12]	output	0.24529614450763404	0.24529889230962	0.1805751104200226	0.1805749300087811	0.010540888806611932	0.011344890786079819
max_ss_100C_1v60	u_memory.g_read[0].g_bank[3].g_slice[0].u_sram/dout[13]	output	0.24682275667764486	0.24682628163574805	0.18164841852907898	0.18164696136135916	0.01073529303240216	0.011539295011870048
max_ss_100C_1v60	u_memory.g_read[0].g_bank[3].g_slice[0].u_sram/dout[14]	output	0.24623386662980806	0.24623755812136494	0.1812357069974624	0.181234291463106	0.010660472918105294	0.011464474050540234
max_ss_100C_1v60	u_memory.g_read[0].g_bank[3].g_slice[0].u_sram/dout[15]	output	0.24548793553513804	0.24549187682687545	0.18071162621868808	0.1807102384399073	0.010565423115929153	0.011369424248364093
max_ss_100C_1v60	u_memory.g_read[0].g_bank[3].g_slice[0].u_sram/dout[16]	output	0.24673391108009923	0.24673743603820242	0.1815850386721607	0.18158481662755577	0.010724024953104837	0.011528026085539777
max_ss_100C_1v60	u_memory.g_read[0].g_bank[3].g_slice[0].u_sram/dout[17]	output	0.2442285540471545	0.2442330226948286	0.17982665356797156	0.1798265286678813	0.010405199210659476	0.011209200343094416
max_ss_100C_1v60	u_memory.g_read[0].g_bank[3].g_slice[0].u_sram/dout[18]	output	0.24427054823306094	0.24427626588163776	0.17985736511239026	0.1798560467225485	0.010410540600424862	0.01121454257989275
max_ss_100C_1v60	u_memory.g_read[0].g_bank[3].g_slice[0].u_sram/dout[19]	output	0.245668679843547	0.24567128886765488	0.1808361654864754	0.1808372201983488	0.010588219313638608	0.011392220446073548
max_ss_100C_1v60	u_memory.g_read[0].g_bank[3].g_slice[0].u_sram/dout[20]	output	0.24367738382657933	0.24368077000680444	0.179439213487953	0.17943911634343834	0.01033496916790378	0.011138971147371668
max_ss_100C_1v60	u_memory.g_read[0].g_bank[3].g_slice[0].u_sram/dout[21]	output	0.24409108068113028	0.24409557708438	0.17973016130934383	0.17973003640925356	0.010387704592166886	0.011191705724601826
max_ss_100C_1v60	u_memory.g_read[0].g_bank[3].g_slice[0].u_sram/dout[22]	output	0.24601271020330273	0.24601648496158646	0.18107919330656586	0.18108020638507583	0.01063229636711488	0.01143629749954982
max_ss_100C_1v60	u_memory.g_read[0].g_bank[3].g_slice[0].u_sram/dout[23]	output	0.24777233043060676	0.24777546681065132	0.18231474663288338	0.18231323395401233	0.010856140917052826	0.011660142049487766
max_ss_100C_1v60	u_memory.g_read[0].g_bank[3].g_slice[0].u_sram/dout[24]	output	0.24399507414507582	0.24399959830390117	0.17966271526059785	0.17966379772804686	0.010375479365639165	0.011179480498074105
max_ss_100C_1v60	u_memory.g_read[0].g_bank[3].g_slice[0].u_sram/dout[25]	output	0.24531884856848762	0.24532423315015706	0.18059187478769445	0.18059170825424076	0.010543921184563102	0.01134792316403099
max_ss_100C_1v60	u_memory.g_read[0].g_bank[3].g_slice[0].u_sram/dout[26]	output	0.2420495193167227	0.24205354387518696	0.17829597520613305	0.17829591969498182	0.010127755262852225	0.010931756395287165
max_ss_100C_1v60	u_memory.g_read[0].g_bank[3].g_slice[0].u_sram/dout[27]	output	0.24687046851212813	0.24687393795908008	0.18168208604230074	0.18168062887458092	0.010741403528083653	0.01154540550755154
max_ss_100C_1v60	u_memory.g_read[0].g_bank[3].g_slice[0].u_sram/dout[28]	output	0.24198745784964615	0.24199275916458873	0.17825352305322895	0.17825349529765333	0.010120068438855892	0.01092407041832378
max_ss_100C_1v60	u_memory.g_read[0].g_bank[3].g_slice[0].u_sram/dout[29]	output	0.24491483840982653	0.2449190295017445	0.18030929527235173	0.18030794912693437	0.010492472403346876	0.011296474382814763
max_ss_100C_1v60	u_memory.g_read[0].g_bank[3].g_slice[0].u_sram/dout[30]	output	0.24503069018244616	0.2450348535187885	0.1803897031749102	0.1803907578867836	0.01050726668080362	0.011311268660271507
max_ss_100C_1v60	u_memory.g_read[0].g_bank[3].g_slice[0].u_sram/dout[31]	output	0.24554996924663897	0.245553938293952	0.18075405061601657	0.18075387020477507	0.010573347956183664	0.011377349088618604
max_ss_100C_1v60	u_memory.g_read[0].g_bank[3].g_slice[0].u_sram/din[0]	input	0.5902093258569607	0.592094429041623	0.3104324575176065	0.31123698063240113	0.10112802929047524	0.10146372538813106
max_ss_100C_1v60	u_memory.g_read[0].g_bank[3].g_slice[0].u_sram/din[1]	input	0.3839168705166429	0.3857736907697529	0.2178150992904193	0.2186339442822316	0.06378558570002343	0.06412128857394284
max_ss_100C_1v60	u_memory.g_read[0].g_bank[3].g_slice[0].u_sram/din[2]	input	0.6262708684978691	0.628641971811561	0.3263464221081591	0.32730865240360174	0.10676896378732786	0.10718747260217085
max_ss_100C_1v60	u_memory.g_read[0].g_bank[3].g_slice[0].u_sram/din[3]	input	0.4569815637012198	0.4583289303639049	0.2418850675312001	0.24246790686355268	0.10713098566898435	0.10746668854290375
max_ss_100C_1v60	u_memory.g_read[0].g_bank[3].g_slice[0].u_sram/din[4]	input	0.6398889196290725	0.6417880671349963	0.33307065439025507	0.3338800069752068	0.109182519796025	0.1095182226699444
max_ss_100C_1v60	u_memory.g_read[0].g_bank[3].g_slice[0].u_sram/din[5]	input	0.5165669003659445	0.5187279494833774	0.28494054338246144	0.2857790670773852	0.08729250503859698	0.08762820791251638
max_ss_100C_1v60	u_memory.g_read[0].g_bank[3].g_slice[0].u_sram/din[6]	input	0.5115944334832534	0.513468101370762	0.2820909894563073	0.2829320944197633	0.0864251975107172	0.0867609003846366
max_ss_100C_1v60	u_memory.g_read[0].g_bank[3].g_slice[0].u_sram/din[7]	input	0.505557096186493	0.507426045626147	0.27886246090069733	0.2797001519283526	0.08534560319746476	0.08568129929512058
max_ss_100C_1v60	u_memory.g_read[0].g_bank[3].g_slice[0].u_sram/din[8]	input	0.39785905125988563	0.39971687071371775	0.2252359271315285	0.22606183591733497	0.06634086726145516	0.06667657691163814
max_ss_100C_1v60	u_memory.g_read[0].g_bank[3].g_slice[0].u_sram/din[9]	input	0.47158094096388936	0.4734517777826852	0.2620274830444913	0.26286314791512666	0.07920401124241264	0.07953970734006846
max_ss_100C_1v60	u_memory.g_read[0].g_bank[3].g_slice[0].u_sram/din[10]	input	0.3800956493993368	0.38240136057687835	0.21561946672576937	0.216588122436967	0.06295977601029554	0.06337827804887494
max_ss_100C_1v60	u_memory.g_read[0].g_bank[3].g_slice[0].u_sram/din[11]	input	0.5151491455634982	0.5170221473171921	0.2836348100831998	0.2844657565059805	0.08710017434946163	0.08743587722338103
max_ss_100C_1v60	u_memory.g_read[0].g_bank[3].g_slice[0].u_sram/din[12]	input	0.39332054280194484	0.39517533689803486	0.2228568718454227	0.22368118468563125	0.06549602304733657	0.06583172592125597
max_ss_100C_1v60	u_memory.g_read[0].g_bank[3].g_slice[0].u_sram/din[13]	input	0.40004988210995407	0.40190528682870763	0.2266173776410696	0.22744323091572483	0.06668524375275445	0.06702094662667385
max_ss_100C_1v60	u_memory.g_read[0].g_bank[3].g_slice[0].u_sram/din[14]	input	0.5170243677632413	0.5188961482716081	0.2846032576275803	0.2854386171868839	0.0874172221697507	0.08775291826740653
max_ss_100C_1v60	u_memory.g_read[0].g_bank[3].g_slice[0].u_sram/din[15]	input	0.5132230751492273	0.5150920245888813	0.282496831482959	0.28332788892804217	0.08673093574709453	0.08706663184475036
max_ss_100C_1v60	u_memory.g_read[0].g_bank[3].g_slice[0].u_sram/din[16]	input	0.3995049568938924	0.4013603338570704	0.22619876804963468	0.22702455193535087	0.06658955613476902	0.06692525900868843
max_ss_100C_1v60	u_memory.g_read[0].g_bank[3].g_slice[0].u_sram/din[17]	input	0.5092667398898243	0.5111347456399074	0.2804369791942207	0.2812731714207928	0.08602975509709385	0.08636545797101325
max_ss_100C_1v60	u_memory.g_read[0].g_bank[3].g_slice[0].u_sram/din[18]	input	0.39260683593056456	0.3949067461928024	0.2222097367221565	0.22318302761448194	0.06512984731610674	0.06554834935468615
max_ss_100C_1v60	u_memory.g_read[0].g_bank[3].g_slice[0].u_sram/din[19]	input	0.5062655850096576	0.508136810406512	0.2794301456887638	0.2802650334032819	0.08544142634072174	0.08577712243837757
max_ss_100C_1v60	u_memory.g_read[0].g_bank[3].g_slice[0].u_sram/din[20]	input	0.39912567695310486	0.4009818033168244	0.22598277416019386	0.22680909927963455	0.06653672838391467	0.06687243125783407
max_ss_100C_1v60	u_memory.g_read[0].g_bank[3].g_slice[0].u_sram/din[21]	input	0.3987149499451448	0.4005729914435818	0.22561917611962912	0.22644480734967942	0.06650689249538058	0.06684259536929998
max_ss_100C_1v60	u_memory.g_read[0].g_bank[3].g_slice[0].u_sram/din[22]	input	0.4013655519052861	0.4032276179621874	0.22705012869828067	0.22787176312544233	0.06703231719695779	0.0673680200708772
max_ss_100C_1v60	u_memory.g_read[0].g_bank[3].g_slice[0].u_sram/din[23]	input	0.4353763738418337	0.4372509021521864	0.24355703565070996	0.2443902025195399	0.07270547960338755	0.07304118247730695
max_ss_100C_1v60	u_memory.g_read[0].g_bank[3].g_slice[0].u_sram/din[24]	input	0.6016102616079877	0.6035059674225352	0.31506980358031456	0.3158866224151069	0.10265451818669905	0.10299022106061845
max_ss_100C_1v60	u_memory.g_read[0].g_bank[3].g_slice[0].u_sram/din[25]	input	0.5218136478468693	0.523493137727371	0.28672414442709737	0.28450103384258796	0.08827072644872203	0.08860642254637785
max_ss_100C_1v60	u_memory.g_read[0].g_bank[3].g_slice[0].u_sram/din[26]	input	0.39645114968678286	0.3987517538384111	0.22432089519242027	0.22529544896343623	0.06583561549654976	0.06625411753512916
max_ss_100C_1v60	u_memory.g_read[0].g_bank[3].g_slice[0].u_sram/din[27]	input	0.5062114616372071	0.5080849074801108	0.2789469766284469	0.27977689609492984	0.08551025284988384	0.08584595572380324
max_ss_100C_1v60	u_memory.g_read[0].g_bank[3].g_slice[0].u_sram/din[28]	input	0.526363286290632	0.5281304837900791	0.2796597675658319	0.2795605691385816	0.08915570647201332	0.08949140934593272
max_ss_100C_1v60	u_memory.g_read[0].g_bank[3].g_slice[0].u_sram/din[29]	input	0.4051817492634058	0.40703537762531994	0.22862449433613818	0.2294512219114253	0.06749828696190133	0.06783398983582073
max_ss_100C_1v60	u_memory.g_read[0].g_bank[3].g_slice[0].u_sram/din[30]	input	0.5085848964192508	0.5104590083959692	0.2802935938905904	0.2811256227808201	0.08591017437373227	0.0862458704713881
max_ss_100C_1v60	u_memory.g_read[0].g_bank[3].g_slice[0].u_sram/din[31]	input	0.38190287043882165	0.38421230086349567	0.21645644998624647	0.2174277702327032	0.06328408798514026	0.06370259002371967
max_ss_100C_1v60	u_memory.g_read[0].g_bank[3].g_slice[0].u_sram/wmask[0]	input	0.49042586658387677	0.49300691307152533	0.27126742518923663	0.27229482557622475	0.08262555678713313	0.08309065919033867
max_ss_100C_1v60	u_memory.g_read[0].g_bank[3].g_slice[0].u_sram/wmask[1]	input	0.3752930466394133	0.377826714359486	0.21347593137654997	0.2144895233646693	0.06188720868237352	0.06235231786184264
max_ss_100C_1v60	u_memory.g_read[0].g_bank[3].g_slice[0].u_sram/wmask[2]	input	0.3804086767811299	0.38295192017478996	0.21631438307245787	0.2173316526743463	0.06295307428561686	0.06341816991255883
max_ss_100C_1v60	u_memory.g_read[0].g_bank[3].g_slice[0].u_sram/wmask[3]	input	0.34177755070530225	0.34333552667575873	0.2475726013084767	0.2484429884042072	0.08976880924802672	0.09023391165123226
max_ss_100C_1v60	u_memory.g_read[0].g_bank[3].g_slice[0].u_sram/addr[0]	input	0.5429376948029585	0.5446634254724358	0.26977303724251556	0.27039157024510985	0.12903756839086067	0.13024973352475377
max_ss_100C_1v60	u_memory.g_read[0].g_bank[3].g_slice[0].u_sram/addr[1]	input	0.40602807227507753	0.40774578158320196	0.21373824932169327	0.21437161767945412	0.09436016150301402	0.09557232663690712
max_ss_100C_1v60	u_memory.g_read[0].g_bank[3].g_slice[0].u_sram/addr[2]	input	0.3508422996567617	0.3522620528606524	0.24788177066525918	0.24862140124426446	0.09240887541934681	0.09362104732950349
max_ss_100C_1v60	u_memory.g_read[0].g_bank[3].g_slice[0].u_sram/addr[3]	input	0.46156511945838474	0.463283272855719	0.2409452914964305	0.24158311462407767	0.10840169772019168	0.10961386963034836
max_ss_100C_1v60	u_memory.g_read[0].g_bank[3].g_slice[0].u_sram/addr[4]	input	0.4556522936738361	0.45736897602566273	0.23810373117605366	0.23874299759363282	0.10697751685146903	0.10818967520909856
max_ss_100C_1v60	u_memory.g_read[0].g_bank[3].g_slice[0].u_sram/addr[5]	input	0.35715733148755646	0.35858141456124315	0.2520615938195192	0.25280383342263235	0.0943768243351524	0.09558898269278193
max_ss_100C_1v60	u_memory.g_read[0].g_bank[3].g_slice[0].u_sram/addr[6]	input	0.3562815042990053	0.3577047269498479	0.2515616881471061	0.25230442735058034	0.09421652504395042	0.09542868340157995
max_ss_100C_1v60	u_memory.g_read[0].g_bank[3].g_slice[0].u_sram/addr[7]	input	0.3655525326884401	0.366974145515897	0.25773733147715916	0.2584830682827999	0.09686402477641562	0.0980761966865723
max_ss_100C_1v60	u_memory.g_read[0].g_bank[3].g_slice[0].u_sram/addr[8]	input	0.33619476647039903	0.33762029283401773	0.23797355752641636	0.23871446486189996	0.08828139906385743	0.08949357097401411
max_ss_100C_1v60	u_memory.g_read[0].g_bank[3].g_slice[0].u_sram/we	input	0.42101327979437997	0.42252842891166154	0.3372153389857857	0.3381478985708952	0.1662075831783058	0.16685405227617744
max_ss_100C_1v60	u_memory.g_read[0].g_bank[3].g_slice[0].u_sram/ce	input	0.5217138943081068	0.5231393651605742	0.28658184159091604	0.29317975824838527	0.08096490464832781	0.08118036950131857
max_ss_100C_1v60	u_memory.g_read[0].g_bank[3].g_slice[0].u_sram/clk	input	0.14596075736950098	0.3459423303375786	0.1386262632463442	0.35630329242586356	0.0701567777938901	0.2425948981629733
max_ss_100C_1v60	u_memory.g_read[0].g_bank[3].g_slice[0].u_sram/rstb	input	0.0	0.0	0.0	0.0	0.08041038267094652	0.3349361532480749
max_ss_100C_1v60	u_memory.g_read[1].g_bank[0].g_slice[0].u_sram/dout[0]	output	0.24244489749136733	0.24244872776080229	0.17857369749574303	0.1785736419845918	0.010178091042775759	0.010982093022243646
max_ss_100C_1v60	u_memory.g_read[1].g_bank[0].g_slice[0].u_sram/dout[1]	output	0.2423960199227082	0.24240243146067542	0.1785414871502411	0.17854027978270182	0.010172037298301732	0.01097603927776962
max_ss_100C_1v60	u_memory.g_read[1].g_bank[0].g_slice[0].u_sram/dout[2]	output	0.2406330412707547	0.24063881443048274	0.17730256152148627	0.1773026031548497	0.009947769231890159	0.010751770364325099
max_ss_100C_1v60	u_memory.g_read[1].g_bank[0].g_slice[0].u_sram/dout[3]	output	0.2436778834269404	0.24368126960716552	0.17943931063246765	0.179439213487953	0.010334975097134411	0.011138977076602299
max_ss_100C_1v60	u_memory.g_read[1].g_bank[0].g_slice[0].u_sram/dout[4]	output	0.24358079442343694	0.24358545736014037	0.1793717396836314	0.1793728221510804	0.010322720224453536	0.011126721356888476
max_ss_100C_1v60	u_memory.g_read[1].g_bank[0].g_slice[0].u_sram/dout[5]	output	0.2425611655976212	0.24256496811148054	0.17865652013338007	0.17865529888805298	0.010192888708364291	0.010996890687832179
max_ss_100C_1v60	u_memory.g_read[1].g_bank[0].g_slice[0].u_sram/dout[6]	output	0.24048224522843498	0.24048807389931426	0.17719656297821018	0.1771965907337858	0.00992856191277822	0.01073256304521316
max_ss_100C_1v60	u_memory.g_read[1].g_bank[0].g_slice[0].u_sram/dout[7]	output	0.24654972508031392	0.24655461006162227	0.18145604463448706	0.18145705771299703	0.010700644302661776	0.011504645435096716
max_ss_100C_1v60	u_memory.g_read[1].g_bank[0].g_slice[0].u_sram/dout[8]	output	0.24350349514534742	0.24350693683672375	0.17931800488923955	0.17931672813276123	0.010312781139850454	0.011116782272285394
max_ss_100C_1v60	u_memory.g_read[1].g_bank[0].g_slice[0].u_sram/dout[9]	output	0.24368085327353128	0.2436855162102347	0.17944214170118045	0.17944203067887798	0.010335490093166342	0.011139491225601282
max_ss_100C_1v60	u_memory.g_read[1].g_bank[0].g_slice[0].u_sram/dout[10]	output	0.24083707250710518	0.240842790155682	0.17744568314714826	0.1774468350035363	0.009973691828207929	0.010777693807675817
max_ss_100C_1v60	u_memory.g_read[1].g_bank[0].g_slice[0].u_sram/dout[11]	output	0.2432017365272543	0.2432053169965087	0.17910489757966275	0.1791048281907237	0.010274359725362999	0.01107836085779794
max_ss_100C_1v60	u_memory.g_read[1].g_bank[0].g_slice[0].u_sram/dout[12]	output	0.24149146571339486	0.24149693356179114	0.17790525996819184	0.17790639794679208	0.010056964484285447	0.010860965616720387
max_ss_100C_1v60	u_memory.g_read[1].g_bank[0].g_slice[0].u_sram/dout[13]	output	0.24314270041791985	0.2431488066445553	0.17906427729474927	0.17906535976219828	0.010266994773886623	0.011070995906321563
max_ss_100C_1v60	u_memory.g_read[1].g_bank[0].g_slice[0].u_sram/dout[14]	output	0.24245450092053034	0.242459580190868	0.17858245437984976	0.17858123313452268	0.0101794666242821	0.01098346775671704
max_ss_100C_1v60	u_memory.g_read[1].g_bank[0].g_slice[0].u_sram/dout[15]	output	0.24432797451900967	0.24433108314347862	0.17989641720728144	0.1798950988174397	0.010417612478501488	0.011221613610936428
max_ss_100C_1v60	u_memory.g_read[1].g_bank[0].g_slice[0].u_sram/dout[16]	output	0.24278606902683464	0.24278978827396713	0.1788130338242766	0.17881296443533756	0.010221458282642232	0.01102546026211012
max_ss_100C_1v60	u_memory.g_read[1].g_bank[0].g_slice[0].u_sram/dout[17]	output	0.2432304913035921	0.2432365697746519	0.17912583916146474	0.1791257697725257	0.010278151891867857	0.011082153871335744
max_ss_100C_1v60	u_memory.g_read[1].g_bank[0].g_slice[0].u_sram/dout[18]	output	0.24360821693214518	0.24361290762442422	0.1793921539094967	0.17939087715301838	0.010326211694262118	0.011130212826697058
max_ss_100C_1v60	u_memory.g_read[1].g_bank[0].g_slice[0].u_sram/dout[19]	output	0.2422658185174953	0.2422709810545598	0.178448630872019	0.17844858923865559	0.010155418511876603	0.010959419644311543
max_ss_100C_1v60	u_memory.g_read[1].g_bank[0].g_slice[0].u_sram/dout[20]	output	0.2436121582238826	0.24361682116058603	0.17939506824493634	0.1793937776106702	0.010326737701722363	0.011130738834157303
max_ss_100C_1v60	u_memory.g_read[1].g_bank[0].g_slice[0].u_sram/dout[21]	output	0.2433029611115245	0.243307762826106	0.1791767151315682	0.17917661798705353	0.010287370151432825	0.011091371283867765
max_ss_100C_1v60	u_memory.g_read[1].g_bank[0].g_slice[0].u_sram/dout[22]	output	0.24362450945503156	0.24362917239173498	0.17940242347247448	0.1794035059399235	0.010328286077949944	0.011132288057417832
max_ss_100C_1v60	u_memory.g_read[1].g_bank[0].g_slice[0].u_sram/dout[23]	output	0.24179339086494167	0.24179996893636257	0.17811691011004882	0.1781168823544732	0.010095307971741754	0.010899309951209642
max_ss_100C_1v60	u_memory.g_read[1].g_bank[0].g_slice[0].u_sram/dout[24]	output	0.24617227700751698	0.24617466398701993	0.18119011846451372	0.1811899241754844	0.0106524193288428	0.01145642046127774
max_ss_100C_1v60	u_memory.g_read[1].g_bank[0].g_slice[0].u_sram/dout[25]	output	0.24404681053802335	0.24405130694127308	0.17970012977652772	0.17969882526447378	0.010382044718013333	0.011186045850448273
max_ss_100C_1v60	u_memory.g_read[1].g_bank[0].g_slice[0].u_sram/dout[26]	output	0.24384366748009256	0.24384827490564476	0.17955641140599	0.17955631426147534	0.010356204283891446	0.011160205416326386
max_ss_100C_1v60	u_memory.g_read[1].g_bank[0].g_slice[0].u_sram/dout[27]	output	0.24095725414952085	0.24096413753227353	0.17753111480889316	0.17752999070808073	0.009988962985213977	0.010792964964681864
max_ss_100C_1v60	u_memory.g_read[1].g_bank[0].g_slice[0].u_sram/dout[28]	output	0.24416471622323854	0.24416915711533704	0.17978261934725737	0.17978131483520343	0.010396984685137004	0.011200986664604892
max_ss_100C_1v60	u_memory.g_read[1].g_bank[0].g_slice[0].u_sram/dout[29]	output	0.24112173369061907	0.24112734031689342	0.1776455649249442	0.17764668902575664	0.010009903333735998	0.010813905313203885
max_ss_100C_1v60	u_memory.g_read[1].g_bank[0].g_slice[0].u_sram/dout[30]	output	0.24381527352623777	0.24381857643973603	0.1795365384138492	0.17953523390179527	0.010352378236068698	0.011156379368503638
max_ss_100C_1v60	u_memory.g_read[1].g_bank[0].g_slice[0].u_sram/dout[31]	output	0.24159996225847635	0.24160665135219972	0.17798239271282768	0.17798122697865182	0.01007072538154654	0.01087472651398148
max_ss_100C_1v60	u_memory.g_read[1].g_bank[0].g_slice[0].u_sram/din[0]	input	0.48794629448067894	0.48982962130850183	0.27086963227951344	0.271704631016334	0.08212479090871638	0.08246048700637221
max_ss_100C_1v60	u_memory.g_read[1].g_bank[0].g_slice[0].u_sram/din[1]	input	0.3620636845891312	0.36392638902427166	0.20704349346090112	0.20785348442409202	0.05997143021985521	0.06030713309377461
max_ss_100C_1v60	u_memory.g_read[1].g_bank[0].g_slice[0].u_sram/din[2]	input	0.4045648815953484	0.4069060643985267	0.22863991255839267	0.22961685330891157	0.06715874194653318	0.06757724398511258
max_ss_100C_1v60	u_memory.g_read[1].g_bank[0].g_slice[0].u_sram/din[3]	input	0.40376418874998876	0.4056392721718538	0.2279414851313888	0.22876671390559267	0.066985052758501	0.0673207556324204
max_ss_100C_1v60	u_memory.g_read[1].g_bank[0].g_slice[0].u_sram/din[4]	input	0.3650808266808525	0.3669428649821782	0.20891463559102874	0.2097291645908328	0.060436674924595896	0.06077237102225172
max_ss_100C_1v60	u_memory.g_read[1].g_bank[0].g_slice[0].u_sram/din[5]	input	0.48264026109023916	0.48450793377341483	0.2668705534336624	0.2676990018546377	0.0811797122037515	0.08151540830140733
max_ss_100C_1v60	u_memory.g_read[1].g_bank[0].g_slice[0].u_sram/din[6]	input	0.3763095113296089	0.3781657487156309	0.21377188907933942	0.21458448906663818	0.062337762447677025	0.06267346532159643
max_ss_100C_1v60	u_memory.g_read[1].g_bank[0].g_slice[0].u_sram/din[7]	input	0.4813702214612192	0.48324549917211357	0.2666264153905473	0.26745383685522484	0.08104197787026438	0.08137768074418378
max_ss_100C_1v60	u_memory.g_read[1].g_bank[0].g_slice[0].u_sram/din[8]	input	0.49658716028133654	0.49846482497173383	0.2750619454428005	0.2758948347558743	0.08375945607669993	0.08409515217435576
max_ss_100C_1v60	u_memory.g_read[1].g_bank[0].g_slice[0].u_sram/din[9]	input	0.4132175712712183	0.415076500948075	0.2328641723892133	0.23368493251574307	0.06915364006258862	0.06948933616024444
max_ss_100C_1v60	u_memory.g_read[1].g_bank[0].g_slice[0].u_sram/din[10]	input	0.42038916792108694	0.42269773792291687	0.23552879091504053	0.23649707192596736	0.07038387071518076	0.07080237953002375
max_ss_100C_1v60	u_memory.g_read[1].g_bank[0].g_slice[0].u_sram/din[11]	input	0.36112129953025374	0.3629858080778092	0.20660351207624217	0.2074121430162279	0.05983446838041598	0.06017017125433538
max_ss_100C_1v60	u_memory.g_read[1].g_bank[0].g_slice[0].u_sram/din[12]	input	0.40896175335092266	0.41083886292980765	0.2305431956450832	0.23136703664050629	0.0680405371259428	0.06837623322359862
max_ss_100C_1v60	u_memory.g_read[1].g_bank[0].g_slice[0].u_sram/din[13]	input	0.37713812628403787	0.3789993319180951	0.214768133832699	0.2158314083011703	0.06262140328852639	0.06295711293870937
max_ss_100C_1v60	u_memory.g_read[1].g_bank[0].g_slice[0].u_sram/din[14]	input	0.4849236012738345	0.4867973801836456	0.2689460321114723	0.269778061001702	0.08162574620124846	0.08196144907516786
max_ss_100C_1v60	u_memory.g_read[1].g_bank[0].g_slice[0].u_sram/din[15]	input	0.4017851606974432	0.4036465328649541	0.22775162311639008	0.2285721473205271	0.0671774308814814	0.06751312697913722
max_ss_100C_1v60	u_memory.g_read[1].g_bank[0].g_slice[0].u_sram/din[16]	input	0.3806070736356304	0.3824696670484684	0.216452078483087	0.21726608012695436	0.06331273125128462	0.06364843412520402
max_ss_100C_1v60	u_memory.g_read[1].g_bank[0].g_slice[0].u_sram/din[17]	input	0.42003686639979776	0.4219128380000825	0.23605861709796727	0.23688176420399998	0.06999849105297079	0.07033419392689019
max_ss_100C_1v60	u_memory.g_read[1].g_bank[0].g_slice[0].u_sram/din[18]	input	0.4761873673153616	0.47850606810229124	0.26496688176891325	0.2659447939645787	0.08055653990006115	0.08097504193864055
max_ss_100C_1v60	u_memory.g_read[1].g_bank[0].g_slice[0].u_sram/din[19]	input	0.4136761488915397	0.4155363830804504	0.23351295896922863	0.2343365779200468	0.0692438795646573	0.0695795824385767
max_ss_100C_1v60	u_memory.g_read[1].g_bank[0].g_slice[0].u_sram/din[20]	input	0.48148057762986696	0.4833403677295678	0.26784188755790694	0.2686680045105305	0.0815356218956606	0.08187132476958
max_ss_100C_1v60	u_memory.g_read[1].g_bank[0].g_slice[0].u_sram/din[21]	input	0.36452021956456804	0.366383756666977	0.20835483338643712	0.20916587906150141	0.060434682703103954	0.06077037880075978
max_ss_100C_1v60	u_memory.g_read[1].g_bank[0].g_slice[0].u_sram/din[22]	input	0.3629654909964586	0.3648293334101993	0.20762414010278007	0.2084345473996052	0.060154775583486086	0.06049047168114191
max_ss_100C_1v60	u_memory.g_read[1].g_bank[0].g_slice[0].u_sram/din[23]	input	0.48269316321736255	0.4845672196829298	0.26728749769056037	0.26811541875559897	0.08128902011152878	0.0816247162091846
max_ss_100C_1v60	u_memory.g_read[1].g_bank[0].g_slice[0].u_sram/din[24]	input	0.4772433004340826	0.4791123053848878	0.2642074059533428	0.2650334118836639	0.08024879588966471	0.08058449876358412
max_ss_100C_1v60	u_memory.g_read[1].g_bank[0].g_slice[0].u_sram/din[25]	input	0.3873615317395718	0.38923669842816366	0.2197309417750759	0.2205540472477452	0.06409108676717554	0.06442678964109494
max_ss_100C_1v60	u_memory.g_read[1].g_bank[0].g_slice[0].u_sram/din[26]	input	0.37637676308932555	0.37869288260772294	0.21419638285280485	0.2154080247507295	0.06243583531044192	0.06285433734902132
max_ss_100C_1v60	u_memory.g_read[1].g_bank[0].g_slice[0].u_sram/din[27]	input	0.4984995749524046	0.5003785719104314	0.27556995574329335	0.2763986817200248	0.08413791039753316	0.08447362004771614
max_ss_100C_1v60	u_memory.g_read[1].g_bank[0].g_slice[0].u_sram/din[28]	input	0.48792342388637167	0.4897803829173597	0.2707910562449456	0.2716188662876817	0.08264629892994549	0.08298200180386489
max_ss_100C_1v60	u_memory.g_read[1].g_bank[0].g_slice[0].u_sram/din[29]	input	0.360636603913278	0.36249267476584635	0.20590694427280454	0.20671701850272228	0.059594500558327046	0.05993019665598287
max_ss_100C_1v60	u_memory.g_read[1].g_bank[0].g_slice[0].u_sram/din[30]	input	0.3684261229430774	0.37028233257352383	0.21034016195464744	0.21115162396334597	0.06115432189509121	0.06149002476901061
max_ss_100C_1v60	u_memory.g_read[1].g_bank[0].g_slice[0].u_sram/din[31]	input	0.3667065262558111	0.36901434685709944	0.20923357491042793	0.210202993899955	0.06048131017278441	0.06089981221136381
max_ss_100C_1v60	u_memory.g_read[1].g_bank[0].g_slice[0].u_sram/wmask[0]	input	0.6090121185131636	0.6116316897397667	0.31883259921094975	0.3198465103881887	0.1042935947022719	0.10475870388174102
max_ss_100C_1v60	u_memory.g_read[1].g_bank[0].g_slice[0].u_sram/wmask[1]	input	0.5781040646191116	0.5807221370446314	0.3037809170880479	0.30479332946420357	0.09882750813452329	0.09929260376146526
max_ss_100C_1v60	u_memory.g_read[1].g_bank[0].g_slice[0].u_sram/wmask[2]	input	0.48034892730086654	0.48219694903650634	0.24454191449585494	0.24523061359360554	0.11360363875740492	0.11406874793687405
max_ss_100C_1v60	u_memory.g_read[1].g_bank[0].g_slice[0].u_sram/wmask[3]	input	0.5721070839292963	0.5734234753695944	0.2994954839685704	0.30000349426906325	0.09712027595988257	0.09772423078006562
max_ss_100C_1v60	u_memory.g_read[1].g_bank[0].g_slice[0].u_sram/addr[0]	input	0.2872286852806383	0.2882852567775984	0.1639884478210618	0.1643722102873113	0.11337645096842416	0.11380645232629549
max_ss_100C_1v60	u_memory.g_read[1].g_bank[0].g_slice[0].u_sram/addr[1]	input	0.2686825484321531	0.26972457600749067	0.1537991262123839	0.15417571386233675	0.10521032152042628	0.10564032287829761
max_ss_100C_1v60	u_memory.g_read[1].g_bank[0].g_slice[0].u_sram/addr[2]	input	0.27216462417101184	0.27321134243862844	0.15649555262786663	0.156879106927299	0.10657917419703428	0.1070091755549056
max_ss_100C_1v60	u_memory.g_read[1].g_bank[0].g_slice[0].u_sram/addr[3]	input	0.27061583529608413	0.27159105520091487	0.15461902591606957	0.15499472538760273	0.10590453617146875	0.10633453752934008
max_ss_100C_1v60	u_memory.g_read[1].g_bank[0].g_slice[0].u_sram/addr[4]	input	0.2906042351202842	0.2915974961492651	0.16512904932319827	0.16551555959143371	0.11349178297452231	0.1139217978849208
max_ss_100C_1v60	u_memory.g_read[1].g_bank[0].g_slice[0].u_sram/addr[5]	input	0.29047500516021785	0.29147767532933244	0.16425263926755918	0.16463617968920374	0.1135311191845928	0.1139611273187277
max_ss_100C_1v60	u_memory.g_read[1].g_bank[0].g_slice[0].u_sram/addr[6]	input	0.2703380574953229	0.27132782132177624	0.15500020711378681	0.15537857112057907	0.10542539335012951	0.10585540148426442
max_ss_100C_1v60	u_memory.g_read[1].g_bank[0].g_slice[0].u_sram/addr[7]	input	0.2729793335820574	0.2739720950106772	0.15679769982401837	0.15718179535717525	0.10643742153924537	0.1068674228971167
max_ss_100C_1v60	u_memory.g_read[1].g_bank[0].g_slice[0].u_sram/addr[8]	input	0.3360092759585598	0.3370780876643664	0.18572378357450958	0.18610787910766646	0.1343805573544507	0.1348105654885856
max_ss_100C_1v60	u_memory.g_read[1].g_bank[0].g_slice[0].u_sram/we	input	0.5210878950556719	0.5225914700979217	0.2938596310730901	0.29453081640262724	0.14646695857024883	0.14807821852383385
max_ss_100C_1v60	u_memory.g_read[1].g_bank[0].g_slice[0].u_sram/ce	input	0.09105446258095284	0.09213192708745765	0.07619704867067867	0.07680200225790301	0.0070257757673729965	0.007241235538166073
max_ss_100C_1v60	u_memory.g_read[1].g_bank[0].g_slice[0].u_sram/clk	input	0.14675102799621698	0.33342456573492996	0.13973110168929992	0.34650446401052193	0.07043974100838166	0.2428778478249377
max_ss_100C_1v60	u_memory.g_read[1].g_bank[0].g_slice[0].u_sram/rstb	input	0.0	0.0	0.0	0.0	0.08055238605048781	0.3350781566276162
max_ss_100C_1v60	u_memory.g_read[1].g_bank[1].g_slice[0].u_sram/dout[0]	output	0.24609550508536415	0.24609919657692103	0.18113764654881237	0.18113624489224378	0.01064266150929043	0.01144666264172537
max_ss_100C_1v60	u_memory.g_read[1].g_bank[1].g_slice[0].u_sram/dout[1]	output	0.24514731911118304	0.24515137142522292	0.18047088823358592	0.18047073557792004	0.010522001665954055	0.011326002798388995
max_ss_100C_1v60	u_memory.g_read[1].g_bank[1].g_slice[0].u_sram/dout[2]	output	0.2464930481949068	0.24649662866416122	0.18141574353869316	0.18141553537187605	0.010693309844371501	0.011497310976806441
max_ss_100C_1v60	u_memory.g_read[1].g_bank[1].g_slice[0].u_sram/dout[3]	output	0.24675755883052375	0.24676105603305132	0.18160331571870358	0.18160185855098376	0.010727136105120102	0.011531137237555042
max_ss_100C_1v60	u_memory.g_read[1].g_bank[1].g_slice[0].u_sram/dout[4]	output	0.24757426664301363	0.2475774307786338	0.18217592712144182	0.18217442832035857	0.010830983191486426	0.011634984323921366
max_ss_100C_1v60	u_memory.g_read[1].g_bank[1].g_slice[0].u_sram/dout[5]	output	0.2526579778727722	0.25265928238482616	0.18570849025234537	0.18570937843076507	0.011472178662228459	0.0122761797946634
max_ss_100C_1v60	u_memory.g_read[1].g_bank[1].g_slice[0].u_sram/dout[6]	output	0.2507292984343934	0.2507312968358377	0.18438611748550215	0.18438445215096522	0.0112319414836623	0.01203594261609724
max_ss_100C_1v60	u_memory.g_read[1].g_bank[1].g_slice[0].u_sram/dout[7]	output	0.2503725282654301	0.2503746932003281	0.18413852387322294	0.18413817692852774	0.011187255413496952	0.011991256545931892
max_ss_100C_1v60	u_memory.g_read[1].g_bank[1].g_slice[0].u_sram/dout[8]	output	0.24289384392695013	0.24289870115268286	0.17889068004706132	0.17888943104615862	0.010235319129791101	0.011039320262226041
max_ss_100C_1v60	u_memory.g_read[1].g_bank[1].g_slice[0].u_sram/dout[9]	output	0.25275762038923233	0.25275889714571065	0.18577588078994012	0.18577542282294246	0.011484378477767763	0.012288379610202703
max_ss_100C_1v60	u_memory.g_read[1].g_bank[1].g_slice[0].u_sram/dout[10]	output	0.24439866797010268	0.24440299783989872	0.17994698786605312	0.17994566947621138	0.010426784998287305	0.011230786977755192
max_ss_100C_1v60	u_memory.g_read[1].g_bank[1].g_slice[0].u_sram/dout[11]	output	0.25204796583189193	0.2520494923885508	0.1852894226939128	0.1852903108723325	0.011396110868400287	0.012200112000835227
max_ss_100C_1v60	u_memory.g_read[1].g_bank[1].g_slice[0].u_sram/dout[12]	output	0.24469223869338919	0.24469645754088276	0.18015175462515742	0.18015161584727934	0.010464123904668169	0.01126812503710311
max_ss_100C_1v60	u_memory.g_read[1].g_bank[1].g_slice[0].u_sram/dout[13]	output	0.2518741881729625	0.25187577024077257	0.18517012922991682	0.18517103128612433	0.01137443190714826	0.012178433886616147
max_ss_100C_1v60	u_memory.g_read[1].g_bank[1].g_slice[0].u_sram/dout[14]	output	0.2485852357292373	0.24858803904237448	0.18288404124433555	0.1828837636885794	0.010959650884306144	0.011763652863774031
max_ss_100C_1v60	u_memory.g_read[1].g_bank[1].g_slice[0].u_sram/dout[15]	output	0.2518119324168566	0.2518135422402423	0.18512778809931518	0.18512738564346876	0.011366776423370976	0.012170777555805916
max_ss_100C_1v60	u_memory.g_read[1].g_bank[1].g_slice[0].u_sram/dout[16]	output	0.2489686790063672	0.2489713435416263	0.18315313154992907	0.1831540891172878	0.011008459463825778	0.011812460596260718
max_ss_100C_1v60	u_memory.g_read[1].g_bank[1].g_slice[0].u_sram/dout[17]	output	0.25249372037627893	0.2524936648651277	0.1855961079266777	0.1855943315698383	0.011451508517216612	0.0122555104966845
max_ss_100C_1v60	u_memory.g_read[1].g_bank[1].g_slice[0].u_sram/dout[18]	output	0.2458746817257662	0.24587848423962555	0.1809819377696087	0.1809817573583672	0.010614654364889467	0.011418655497324407
max_ss_100C_1v60	u_memory.g_read[1].g_bank[1].g_slice[0].u_sram/dout[19]	output	0.25210161735955694	0.2521031439162158	0.18532556045336435	0.18532644863178405	0.011402629633962356	0.012206631613430243
max_ss_100C_1v60	u_memory.g_read[1].g_bank[1].g_slice[0].u_sram/dout[20]	output	0.2475449289995879	0.2475480931352081	0.18215427777246163	0.18215402797228109	0.010827274881243347	0.011631276860711234
max_ss_100C_1v60	u_memory.g_read[1].g_bank[1].g_slice[0].u_sram/dout[21]	output	0.248193299245969	0.24819624133698426	0.18260863654528947	0.18260835898953331	0.01090967594041814	0.01171367707285308
max_ss_100C_1v60	u_memory.g_read[1].g_bank[1].g_slice[0].u_sram/dout[22]	output	0.24849833302198476	0.24850116409069756	0.1828248108459718	0.18282325653373732	0.010948684348738042	0.01175268632820593
max_ss_100C_1v60	u_memory.g_read[1].g_bank[1].g_slice[0].u_sram/dout[23]	output	0.25359053745788174	0.2535915366586039	0.18634790932559042	0.18634740972522934	0.011588203541277459	0.012392205520745346
max_ss_100C_1v60	u_memory.g_read[1].g_bank[1].g_slice[0].u_sram/dout[24]	output	0.24938090481541053	0.24938343057279155	0.18344162300287792	0.18344130381375834	0.011060806099966094	0.011864807232401034
max_ss_100C_1v60	u_memory.g_read[1].g_bank[1].g_slice[0].u_sram/dout[25]	output	0.24472701642963557	0.24473123527712914	0.180177275876936	0.18017592973151864	0.010468533558191575	0.011272534690626515
max_ss_100C_1v60	u_memory.g_read[1].g_bank[1].g_slice[0].u_sram/dout[26]	output	0.2509323304700217	0.2509342733603148	0.18452393779622156	0.184522244706109	0.011256886603958939	0.01206088773639388
max_ss_100C_1v60	u_memory.g_read[1].g_bank[1].g_slice[0].u_sram/dout[27]	output	0.24848284541079124	0.24848567647950404	0.1828120432811886	0.18281173796985684	0.010946565919336959	0.0117505670517719
max_ss_100C_1v60	u_memory.g_read[1].g_bank[1].g_slice[0].u_sram/dout[28]	output	0.25810720227781303	0.25810656389957387	0.1894951418002222	0.18949447566640742	0.012149584791465613	0.0129535867709335
max_ss_100C_1v60	u_memory.g_read[1].g_bank[1].g_slice[0].u_sram/dout[29]	output	0.2554665923248933	0.25546542659071747	0.18763031406354713	0.1876311328530278	0.011820811494087698	0.012624812626522638
max_ss_100C_1v60	u_memory.g_read[1].g_bank[1].g_slice[0].u_sram/dout[30]	output	0.2584832625718292	0.25848245766013633	0.18977035221023897	0.1897711016107806	0.012196540062896655	0.013000541195331596
max_ss_100C_1v60	u_memory.g_read[1].g_bank[1].g_slice[0].u_sram/dout[31]	output	0.2509622509805354	0.25096413835967724	0.18454487937802355	0.1845432001656988	0.011260688087826216	0.012064690067294104
max_ss_100C_1v60	u_memory.g_read[1].g_bank[1].g_slice[0].u_sram/din[0]	input	0.3002008364116904	0.30154748142940946	0.16451182083265792	0.16508697187056498	0.06790960616108802	0.06843631835274505
max_ss_100C_1v60	u_memory.g_read[1].g_bank[1].g_slice[0].u_sram/din[1]	input	0.32801314442387763	0.32936112170922627	0.1794395604326482	0.18003151747159052	0.07481651610090692	0.0753432147400368
max_ss_100C_1v60	u_memory.g_read[1].g_bank[1].g_slice[0].u_sram/din[2]	input	0.39697908849056773	0.3992877140035489	0.22384888387350088	0.22482402051160477	0.06585349127986861	0.0664628942159684
max_ss_100C_1v60	u_memory.g_read[1].g_bank[1].g_slice[0].u_sram/din[3]	input	0.44297987500385716	0.44483514094473264	0.24778593066265842	0.2486170436188928	0.07426572784475713	0.07479242648388701
max_ss_100C_1v60	u_memory.g_read[1].g_bank[1].g_slice[0].u_sram/din[4]	input	0.37516473261334227	0.376508296762168	0.20131571409898186	0.20190224492289133	0.0867650948917914	0.08729180030718486
max_ss_100C_1v60	u_memory.g_read[1].g_bank[1].g_slice[0].u_sram/din[5]	input	0.5291761473458223	0.5310339390440788	0.27964233706434527	0.2804184384697095	0.0894819767870321	0.09000868897868913
max_ss_100C_1v60	u_memory.g_read[1].g_bank[1].g_slice[0].u_sram/din[6]	input	0.5175798123424613	0.5194473184921833	0.28427052378710016	0.28510555027949636	0.08731546301959936	0.08784216843499282
max_ss_100C_1v60	u_memory.g_read[1].g_bank[1].g_slice[0].u_sram/din[7]	input	0.3759289268767674	0.3772722689809882	0.2017320754887919	0.20232085451432624	0.08695336659904351	0.08748007201443697
max_ss_100C_1v60	u_memory.g_read[1].g_bank[1].g_slice[0].u_sram/din[8]	input	0.3093912626095374	0.3107352430919974	0.16911820555076673	0.1696937451667324	0.07017127222168351	0.07069797763707697
max_ss_100C_1v60	u_memory.g_read[1].g_bank[1].g_slice[0].u_sram/din[9]	input	0.40664804856760384	0.4079960536085281	0.2167738627489868	0.21736359934187988	0.09441651291092895	0.09494321832632241
max_ss_100C_1v60	u_memory.g_read[1].g_bank[1].g_slice[0].u_sram/din[10]	input	0.5595256480361854	0.5618748799562923	0.2949035182719939	0.2958636113881141	0.0954914790361576	0.09610088197225738
max_ss_100C_1v60	u_memory.g_read[1].g_bank[1].g_slice[0].u_sram/din[11]	input	0.30115548943498993	0.30250446592106073	0.16475533437532164	0.16531880031589452	0.06820507158188105	0.06873177699727451
max_ss_100C_1v60	u_memory.g_read[1].g_bank[1].g_slice[0].u_sram/din[12]	input	0.33750810479737936	0.3388543334814642	0.18252545308516943	0.18310372662533325	0.07727846818407838	0.07780516682320826
max_ss_100C_1v60	u_memory.g_read[1].g_bank[1].g_slice[0].u_sram/din[13]	input	0.3834106643285651	0.3847612506380216	0.20533352795837345	0.20592330618462995	0.08862273978907376	0.08914944520446721
max_ss_100C_1v60	u_memory.g_read[1].g_bank[1].g_slice[0].u_sram/din[14]	input	0.39596331768976256	0.3973120166200772	0.21150800555425064	0.2120998238153149	0.0917516930487583	0.09227839846415176
max_ss_100C_1v60	u_memory.g_read[1].g_bank[1].g_slice[0].u_sram/din[15]	input	0.2974537560707091	0.2988019554006627	0.16310201800262547	0.16367644739556653	0.06724894756728397	0.06777565975894101
max_ss_100C_1v60	u_memory.g_read[1].g_bank[1].g_slice[0].u_sram/din[16]	input	0.3368034462436498	0.33814970268331024	0.1822144518603963	0.18279396052367503	0.07709547518615356	0.07762218060154702
max_ss_100C_1v60	u_memory.g_read[1].g_bank[1].g_slice[0].u_sram/din[17]	input	0.3740560639009516	0.37540090480625565	0.20080107021591687	0.20138943290781697	0.08648806090793063	0.08701477309958766
max_ss_100C_1v60	u_memory.g_read[1].g_bank[1].g_slice[0].u_sram/din[18]	input	0.4078491988579458	0.4101744222051451	0.2300251933373687	0.23099630541700833	0.0680041011566837	0.0686135040927835
max_ss_100C_1v60	u_memory.g_read[1].g_bank[1].g_slice[0].u_sram/din[19]	input	0.38919106826185157	0.39053946188083444	0.20815026091636213	0.20874074690979683	0.09006695129293307	0.09059365670832653
max_ss_100C_1v60	u_memory.g_read[1].g_bank[1].g_slice[0].u_sram/din[20]	input	0.37597785995657773	0.3773250323302335	0.20167242875679392	0.2022484957286963	0.0869957250226698	0.08752242366179969
max_ss_100C_1v60	u_memory.g_read[1].g_bank[1].g_slice[0].u_sram/din[21]	input	0.3111791657683938	0.312525366696903	0.16985987616457976	0.17043631783675295	0.07065873629469657	0.07118543493382645
max_ss_100C_1v60	u_memory.g_read[1].g_bank[1].g_slice[0].u_sram/din[22]	input	0.3082515909191841	0.30960017882719626	0.16806651903511494	0.16862880536372415	0.0700007407724787	0.07052744618787216
max_ss_100C_1v60	u_memory.g_read[1].g_bank[1].g_slice[0].u_sram/din[23]	input	0.36086361676623824	0.3622107336287428	0.19535677242554783	0.19595064459920764	0.08308923617498729	0.08361593481411717
max_ss_100C_1v60	u_memory.g_read[1].g_bank[1].g_slice[0].u_sram/din[24]	input	0.4640262341037982	0.46537129705370717	0.2444200120077511	0.24500312889585985	0.10860239031858232	0.10925809546371082
max_ss_100C_1v60	u_memory.g_read[1].g_bank[1].g_slice[0].u_sram/din[25]	input	0.39202538437699275	0.3933746384188197	0.20911743170426433	0.20970777891982095	0.09084842389006989	0.09137512252919977
max_ss_100C_1v60	u_memory.g_read[1].g_bank[1].g_slice[0].u_sram/din[26]	input	0.43322850862281825	0.4349022253435919	0.22928325904558733	0.2299685303297494	0.10092930180852222	0.10166771125062063
max_ss_100C_1v60	u_memory.g_read[1].g_bank[1].g_slice[0].u_sram/din[27]	input	0.3059243136593892	0.30727320687873316	0.16678278202952868	0.16735700325565261	0.06943448908284383	0.06996119449823729
max_ss_100C_1v60	u_memory.g_read[1].g_bank[1].g_slice[0].u_sram/din[28]	input	0.4784946328051376	0.4799464714544399	0.27654298295765045	0.27729560314604385	0.10700851825733854	0.10772822521196157
max_ss_100C_1v60	u_memory.g_read[1].g_bank[1].g_slice[0].u_sram/din[29]	input	0.46345668969216547	0.464906418917721	0.2649714059277386	0.2657135345085493	0.10430184819130994	0.10495755333643844
max_ss_100C_1v60	u_memory.g_read[1].g_bank[1].g_slice[0].u_sram/din[30]	input	0.2941503707276638	0.2955005962146373	0.16140240532980243	0.16196241570121117	0.0664838125416338	0.06701051795702725
max_ss_100C_1v60	u_memory.g_read[1].g_bank[1].g_slice[0].u_sram/din[31]	input	0.6324830104098567	0.6349682446504801	0.34621644440235855	0.34730060494148063	0.10495173930228849	0.10556114223838828
max_ss_100C_1v60	u_memory.g_read[1].g_bank[1].g_slice[0].u_sram/wmask[0]	input	0.6090082327325774	0.6116278039591805	0.3188248276497774	0.3198387665825919	0.1042935947022719	0.10475870388174102
max_ss_100C_1v60	u_memory.g_read[1].g_bank[1].g_slice[0].u_sram/wmask[1]	input	0.5781073397770342	0.5807254677137053	0.30378743964831756	0.3047999352912001	0.09882750813452329	0.09929260376146526
max_ss_100C_1v60	u_memory.g_read[1].g_bank[1].g_slice[0].u_sram/wmask[2]	input	0.4795916441757697	0.4814350584858573	0.24299193213117576	0.24367277640102714	0.11360363875740492	0.11406874793687405
max_ss_100C_1v60	u_memory.g_read[1].g_bank[1].g_slice[0].u_sram/wmask[3]	input	0.29859606454074594	0.2995098891123149	0.16306640759911062	0.1634121310489789	0.06663347309901826	0.0674594250902813
max_ss_100C_1v60	u_memory.g_read[1].g_bank[1].g_slice[0].u_sram/addr[0]	input	0.2858848990872076	0.28693350473396606	0.16161495752786692	0.16198635488517965	0.11337645096842416	0.11380645232629549
max_ss_100C_1v60	u_memory.g_read[1].g_bank[1].g_slice[0].u_sram/addr[1]	input	0.26781971085299006	0.2688544387119407	0.15228991678828407	0.15265554098586875	0.10521032152042628	0.10564032287829761
max_ss_100C_1v60	u_memory.g_read[1].g_bank[1].g_slice[0].u_sram/addr[2]	input	0.2712302882290629	0.2722691239132047	0.1548717681876255	0.15524362351193588	0.10657917419703428	0.1070091755549056
max_ss_100C_1v60	u_memory.g_read[1].g_bank[1].g_slice[0].u_sram/addr[3]	input	0.2697655154815237	0.270733185869787	0.15312913437259823	0.1534938703917632	0.10590453617146875	0.10633453752934008
max_ss_100C_1v60	u_memory.g_read[1].g_bank[1].g_slice[0].u_sram/addr[4]	input	0.2896315409728345	0.29061655859585755	0.16341025754762484	0.16378483291834556	0.11349178297452231	0.1139217978849208
max_ss_100C_1v60	u_memory.g_read[1].g_bank[1].g_slice[0].u_sram/addr[5]	input	0.28940808083355307	0.29040167492944136	0.16235472688475028	0.16272497238567496	0.1135311191845928	0.1139611273187277
max_ss_100C_1v60	u_memory.g_read[1].g_bank[1].g_slice[0].u_sram/addr[6]	input	0.2694385548007716	0.2704204637993257	0.15343092074626696	0.15379784945590558	0.10542539335012951	0.10585540148426442
max_ss_100C_1v60	u_memory.g_read[1].g_bank[1].g_slice[0].u_sram/addr[7]	input	0.271692141007307	0.27267360591665124	0.15455701996014426	0.15492479521483915	0.10643742153924537	0.1068674228971167
max_ss_100C_1v60	u_memory.g_read[1].g_bank[1].g_slice[0].u_sram/addr[8]	input	0.33492872364426773	0.3359903189004143	0.18373831622842118	0.184111295653544	0.1343805573544507	0.1348105654885856
max_ss_100C_1v60	u_memory.g_read[1].g_bank[1].g_slice[0].u_sram/we	input	0.5179254802811784	0.5194031871269544	0.2884478766951304	0.2890850614445384	0.14646695857024883	0.14807821852383385
max_ss_100C_1v60	u_memory.g_read[1].g_bank[1].g_slice[0].u_sram/ce	input	0.43977360641989094	0.4410635190410517	0.3370698997695598	0.3378484436655782	0.06756049983781126	0.06777595791453844
max_ss_100C_1v60	u_memory.g_read[1].g_bank[1].g_slice[0].u_sram/clk	input	0.14689893745867266	0.3473817622445807	0.14002157766590528	0.35799110897904995	0.07081767355691937	0.24325577359721184
max_ss_100C_1v60	u_memory.g_read[1].g_bank[1].g_slice[0].u_sram/rstb	input	0.0	0.0	0.0	0.0	0.08106393296425721	0.33558971031764917
max_ss_100C_1v60	u_memory.g_read[1].g_bank[2].g_slice[0].u_sram/dout[0]	output	0.24908175522142528	0.2490828654444499	0.18323084716165283	0.18323181860679938	0.011022537998442092	0.011826539130877032
max_ss_100C_1v60	u_memory.g_read[1].g_bank[2].g_slice[0].u_sram/dout[1]	output	0.24723081915034584	0.24723528779801995	0.1819339956465882	0.18193375972419545	0.01078733643074736	0.0115913375631823
max_ss_100C_1v60	u_memory.g_read[1].g_bank[2].g_slice[0].u_sram/dout[2]	output	0.2532519749465223	0.2532515863684637	0.18611555352432418	0.18611374941190917	0.011545772272817702	0.012349773405252642
max_ss_100C_1v60	u_memory.g_read[1].g_bank[2].g_slice[0].u_sram/dout[3]	output	0.25130067471401674	0.2513023678041293	0.18477518126669423	0.18477480656642342	0.011302739885525603	0.012106741017960543
max_ss_100C_1v60	u_memory.g_read[1].g_bank[2].g_slice[0].u_sram/dout[4]	output	0.24472268655983953	0.24472540660624986	0.18017164149508602	0.18017151659499575	0.010467719559529264	0.011271720691964204
max_ss_100C_1v60	u_memory.g_read[1].g_bank[2].g_slice[0].u_sram/dout[5]	output	0.2488684813783948	0.2488723949145566	0.18308290994362153	0.18308261851007757	0.01099572093533202	0.011799722914799908
max_ss_100C_1v60	u_memory.g_read[1].g_bank[2].g_slice[0].u_sram/dout[6]	output	0.24841667611852358	0.24842072843256346	0.18276541391415435	0.182765150236186	0.01093810660129273	0.01174210773372767
max_ss_100C_1v60	u_memory.g_read[1].g_bank[2].g_slice[0].u_sram/dout[7]	output	0.24978991097768244	0.24979351920251247	0.1837289487216509	0.18372864341031914	0.01111290286138697	0.011916904840854857
max_ss_100C_1v60	u_memory.g_read[1].g_bank[2].g_slice[0].u_sram/dout[8]	output	0.24740953730173487	0.2474125904150526	0.1820595618706733	0.18205809082516566	0.010809852260551273	0.011613853392986213
max_ss_100C_1v60	u_memory.g_read[1].g_bank[2].g_slice[0].u_sram/dout[9]	output	0.2502515972224728	0.2502522911118632	0.18405217627748272	0.18405184321057533	0.01117156582221496	0.0119755669546499
max_ss_100C_1v60	u_memory.g_read[1].g_bank[2].g_slice[0].u_sram/dout[10]	output	0.24906005036129386	0.24906252060752365	0.18321688610711817	0.1832165807957864	0.011020015534325169	0.011824016666760109
max_ss_100C_1v60	u_memory.g_read[1].g_bank[2].g_slice[0].u_sram/dout[11]	output	0.25349217169789995	0.2534931153874709	0.18628082409932745	0.1862803661323298	0.011575758086183451	0.012379760065651339
max_ss_100C_1v60	u_memory.g_read[1].g_bank[2].g_slice[0].u_sram/dout[12]	output	0.24395102604657382	0.2439539958931647	0.17963058818182276	0.1796304771595203	0.010369650931929108	0.011173652064364048
max_ss_100C_1v60	u_memory.g_read[1].g_bank[2].g_slice[0].u_sram/dout[13]	output	0.25451701857193143	0.254517629194595	0.18698197157274166	0.18698148585016838	0.0117032899078209	0.012507291887288788
max_ss_100C_1v60	u_memory.g_read[1].g_bank[2].g_slice[0].u_sram/dout[14]	output	0.24611382376527047	0.2461160164557441	0.18114859612339274	0.18114841571215123	0.010644884123744026	0.011448886103211913
max_ss_100C_1v60	u_memory.g_read[1].g_bank[2].g_slice[0].u_sram/dout[15]	output	0.24806973142332822	0.24807389475967057	0.18252170608246132	0.18252144240449297	0.010893886399248372	0.011697887531683313
max_ss_100C_1v60	u_memory.g_read[1].g_bank[2].g_slice[0].u_sram/dout[16]	output	0.24701254930370453	0.24701440892727078	0.18178065996909964	0.18177918892359202	0.010759286934699033	0.011563288067133973
max_ss_100C_1v60	u_memory.g_read[1].g_bank[2].g_slice[0].u_sram/dout[17]	output	0.25234866973811165	0.2523500020057412	0.18549699276615428	0.1854952441648905	0.011433503137856828	0.012237505117324715
max_ss_100C_1v60	u_memory.g_read[1].g_bank[2].g_slice[0].u_sram/dout[18]	output	0.24671087395233826	0.24671550913346607	0.18156846859351816	0.18156826042670104	0.010721017139109137	0.011525018271544077
max_ss_100C_1v60	u_memory.g_read[1].g_bank[2].g_slice[0].u_sram/dout[19]	output	0.25379198742569997	0.25379143231418766	0.18648491084682917	0.18648578514746106	0.011613060570147583	0.01241706254961547
max_ss_100C_1v60	u_memory.g_read[1].g_bank[2].g_slice[0].u_sram/dout[20]	output	0.2523884989891201	0.25238983125674963	0.18552381852998678	0.1855220838065108	0.011438363412908173	0.01224236539237606
max_ss_100C_1v60	u_memory.g_read[1].g_bank[2].g_slice[0].u_sram/dout[21]	output	0.2507336005486138	0.2507369034621121	0.18438819915367333	0.1843865476969242	0.011232281143874149	0.012036282276309089
max_ss_100C_1v60	u_memory.g_read[1].g_bank[2].g_slice[0].u_sram/dout[22]	output	0.2475792071354732	0.2475822047376397	0.1821778283783715	0.18217759245597875	0.010831526986638564	0.011635528119073504
max_ss_100C_1v60	u_memory.g_read[1].g_bank[2].g_slice[0].u_sram/dout[23]	output	0.24668353471035687	0.2466855331118012	0.18154820702331875	0.18154799885650164	0.010717330004689739	0.011521331984157626
max_ss_100C_1v60	u_memory.g_read[1].g_bank[2].g_slice[0].u_sram/dout[24]	output	0.24760846151217208	0.24761145911433857	0.18219860342671979	0.18219836750432705	0.010835318306110474	0.011639319438545414
max_ss_100C_1v60	u_memory.g_read[1].g_bank[2].g_slice[0].u_sram/dout[25]	output	0.2439554391830967	0.2439596857861659	0.17963429355116745	0.17963537601861645	0.010370311617627966	0.011174312750062906
max_ss_100C_1v60	u_memory.g_read[1].g_bank[2].g_slice[0].u_sram/dout[26]	output	0.2518056874123431	0.2518072417245776	0.18512295862915806	0.18512387456315338	0.011365873486249203	0.012169874618684143
max_ss_100C_1v60	u_memory.g_read[1].g_bank[2].g_slice[0].u_sram/dout[27]	output	0.2532178910996663	0.2532189458115397	0.18609030982830177	0.18609121188450928	0.011541332126108195	0.012345334105576082
max_ss_100C_1v60	u_memory.g_read[1].g_bank[2].g_slice[0].u_sram/dout[28]	output	0.2500885887268822	0.2500907259062046	0.18394036294111515	0.18393873923994164	0.011151049837199514	0.011955051816667402
max_ss_100C_1v60	u_memory.g_read[1].g_bank[2].g_slice[0].u_sram/dout[29]	output	0.24826979361236567	0.24827256916992724	0.18266370360731088	0.18266219092843983	0.01091945493579419	0.01172345606822913
max_ss_100C_1v60	u_memory.g_read[1].g_bank[2].g_slice[0].u_sram/dout[30]	output	0.2529060016964735	0.2529071396750737	0.1858788539754741	0.1858770914964225	0.011502804832502333	0.012306805964937273
max_ss_100C_1v60	u_memory.g_read[1].g_bank[2].g_slice[0].u_sram/dout[31]	output	0.24473728599261335	0.244741282795502	0.1801827714809079	0.1801826327030298	0.01046973210981194	0.011273734089279827
max_ss_100C_1v60	u_memory.g_read[1].g_bank[2].g_slice[0].u_sram/din[0]	input	0.4393762853549532	0.44136092003377314	0.3292070505089839	0.3304921059044119	0.06707554975858565	0.06841224906451587
max_ss_100C_1v60	u_memory.g_read[1].g_bank[2].g_slice[0].u_sram/din[1]	input	0.43411149674987826	0.43609627020657626	0.32484476220062675	0.3261272918386737	0.06623469676371452	0.06757140284590832
max_ss_100C_1v60	u_memory.g_read[1].g_bank[2].g_slice[0].u_sram/din[2]	input	0.6128563767582307	0.615244133417292	0.3194743081191831	0.3204414789070853	0.10409167560017363	0.10489407329923942
max_ss_100C_1v60	u_memory.g_read[1].g_bank[2].g_slice[0].u_sram/din[3]	input	0.5085256105097358	0.5096693622697046	0.3482525934295211	0.3489226962916092	0.1411024346410078	0.141822155148158
max_ss_100C_1v60	u_memory.g_read[1].g_bank[2].g_slice[0].u_sram/din[4]	input	0.4330652503270471	0.4350295124133652	0.32459418486396885	0.32586572329407204	0.06651794458127636	0.06785464388720658
max_ss_100C_1v60	u_memory.g_read[1].g_bank[2].g_slice[0].u_sram/din[5]	input	0.4728292757327779	0.47393933222394935	0.325580423732319	0.32622887724542693	0.13065370725422187	0.1313734142088449
max_ss_100C_1v60	u_memory.g_read[1].g_bank[2].g_slice[0].u_sram/din[6]	input	0.4720175361683232	0.4731322555961981	0.32538891026057115	0.3260425540663192	0.13026728404742088	0.13098697744951676
max_ss_100C_1v60	u_memory.g_read[1].g_bank[2].g_slice[0].u_sram/din[7]	input	0.41673259287833275	0.4186980484544023	0.31282293422307816	0.31409780332225523	0.06369991339960634	0.06503660592927299
max_ss_100C_1v60	u_memory.g_read[1].g_bank[2].g_slice[0].u_sram/din[8]	input	0.48178816491883936	0.4837554246073239	0.3606361043129169	0.3619125554799041	0.0748290183072084	0.0761657243894022
max_ss_100C_1v60	u_memory.g_read[1].g_bank[2].g_slice[0].u_sram/din[9]	input	0.4203146719561346	0.422291979162992	0.31439531533727916	0.31567110037045154	0.06393320660207091	0.06526990590800114
max_ss_100C_1v60	u_memory.g_read[1].g_bank[2].g_slice[0].u_sram/din[10]	input	0.4114638629815204	0.41393360961095027	0.30983673959816826	0.3113466429116585	0.06281710178066002	0.06381250101895539
max_ss_100C_1v60	u_memory.g_read[1].g_bank[2].g_slice[0].u_sram/din[11]	input	0.39686651187587074	0.39884415214963553	0.2971930201933759	0.2984690550267288	0.059942177089988835	0.06127887639591906
max_ss_100C_1v60	u_memory.g_read[1].g_bank[2].g_slice[0].u_sram/din[12]	input	0.42399750377342116	0.42598333194199256	0.31792352084281106	0.319209159105327	0.06446244634004256	0.06579915919849993
max_ss_100C_1v60	u_memory.g_read[1].g_bank[2].g_slice[0].u_sram/din[13]	input	0.4127695685252064	0.4147505672236207	0.30877203571755274	0.3100479595286032	0.06264323640977482	0.06397994249196862
max_ss_100C_1v60	u_memory.g_read[1].g_bank[2].g_slice[0].u_sram/din[14]	input	0.41538114614603217	0.41736300526729053	0.31106489606358423	0.3123456215892162	0.06304922268952559	0.06438592199545581
max_ss_100C_1v60	u_memory.g_read[1].g_bank[2].g_slice[0].u_sram/din[15]	input	0.41252401494773494	0.41450562426881277	0.3089001554545945	0.31018052015774344	0.06257215340484124	0.06390885948703504
max_ss_100C_1v60	u_memory.g_read[1].g_bank[2].g_slice[0].u_sram/din[16]	input	0.42244957532133753	0.42440859160386424	0.3159873196434404	0.3172604956525049	0.06445426061364029	0.06597697513105114
max_ss_100C_1v60	u_memory.g_read[1].g_bank[2].g_slice[0].u_sram/din[17]	input	0.41123457417135967	0.4132168773818279	0.3081204180688246	0.30940111583888097	0.06231930390569046	0.06365600321162068
max_ss_100C_1v60	u_memory.g_read[1].g_bank[2].g_slice[0].u_sram/din[18]	input	0.3765835976388132	0.3790190938879334	0.28502544768826965	0.28652610839507986	0.05726558008171956	0.05819697751052039
max_ss_100C_1v60	u_memory.g_read[1].g_bank[2].g_slice[0].u_sram/din[19]	input	0.40777081711240726	0.40975695059231043	0.30688426799763135	0.3081760124867827	0.06162544162035405	0.06296214770254785
max_ss_100C_1v60	u_memory.g_read[1].g_bank[2].g_slice[0].u_sram/din[20]	input	0.36711073070350153	0.3690736327666144	0.2762122475186146	0.27748350839296165	0.05520508773422875	0.05654179042829076
max_ss_100C_1v60	u_memory.g_read[1].g_bank[2].g_slice[0].u_sram/din[21]	input	0.439827035902951	0.4417934351685915	0.32983399345098974	0.33110911235034735	0.06764388176113897	0.06898058784333277
max_ss_100C_1v60	u_memory.g_read[1].g_bank[2].g_slice[0].u_sram/din[22]	input	0.39529432505069906	0.3972743245483912	0.2958765732419266	0.29715188643031354	0.059678350043841644	0.061015049349771866
max_ss_100C_1v60	u_memory.g_read[1].g_bank[2].g_slice[0].u_sram/din[23]	input	0.4119722063489206	0.41393360961095027	0.3070139975580588	0.3082698818435148	0.06293214240742431	0.06426884848961811
max_ss_100C_1v60	u_memory.g_read[1].g_bank[2].g_slice[0].u_sram/din[24]	input	0.3527934888669648	0.35476874216122667	0.2657687681040244	0.2670372811763855	0.052759900127149345	0.05379460169419731
max_ss_100C_1v60	u_memory.g_read[1].g_bank[2].g_slice[0].u_sram/din[25]	input	0.41198738864878237	0.4139475151543337	0.306343367340034	0.3075993626477924	0.06279758614155528	0.06432030065896613
max_ss_100C_1v60	u_memory.g_read[1].g_bank[2].g_slice[0].u_sram/din[26]	input	0.5013629511552153	0.5055315610569266	0.291216883940848	0.2930741482831678	0.04738337882324341	0.0485007779109977
max_ss_100C_1v60	u_memory.g_read[1].g_bank[2].g_slice[0].u_sram/din[27]	input	0.40081704621997005	0.4027814470841662	0.30043187382311487	0.30170252407479836	0.060785347567003656	0.062308048531887344
max_ss_100C_1v60	u_memory.g_read[1].g_bank[2].g_slice[0].u_sram/din[28]	input	0.4261963837404181	0.42815723189093546	0.3189490338506573	0.3202097198506948	0.06567652915652825	0.06671123749983979
max_ss_100C_1v60	u_memory.g_read[1].g_bank[2].g_slice[0].u_sram/din[29]	input	0.40262299050297656	0.40459455230568153	0.3004456405886202	0.30170246856364713	0.06142948563020445	0.06246418719725241
max_ss_100C_1v60	u_memory.g_read[1].g_bank[2].g_slice[0].u_sram/din[30]	input	0.3760975419986323	0.3780581125933935	0.2806784527020767	0.2819322275637859	0.05678182262488368	0.05811852870707748
max_ss_100C_1v60	u_memory.g_read[1].g_bank[2].g_slice[0].u_sram/din[31]	input	0.41741932133021464	0.4254143703974478	0.2685095756849165	0.27238358790704353	0.018926861420904932	0.019345361765418442
max_ss_100C_1v60	u_memory.g_read[1].g_bank[2].g_slice[0].u_sram/wmask[0]	input	0.39852560140829496	0.40110259558190364	0.2250448161156271	0.22606481964171365	0.06615781327715814	0.06662290890410011
max_ss_100C_1v60	u_memory.g_read[1].g_bank[2].g_slice[0].u_sram/wmask[1]	input	0.5040413086909723	0.506623576423948	0.27860180829009096	0.27963645288231476	0.08498444190128268	0.08544954430448823
max_ss_100C_1v60	u_memory.g_read[1].g_bank[2].g_slice[0].u_sram/wmask[2]	input	0.6037761401955777	0.6051684153796089	0.447655218449583	0.44847012214965787	0.09574722199985619	0.09655117146328135
max_ss_100C_1v60	u_memory.g_read[1].g_bank[2].g_slice[0].u_sram/wmask[3]	input	0.35036798462506624	0.35220976135619253	0.18845257299116014	0.1891524020747326	0.08088482954162618	0.0813499387210953
max_ss_100C_1v60	u_memory.g_read[1].g_bank[2].g_slice[0].u_sram/addr[0]	input	0.40958614277997185	0.411952971735019	0.2308925273197815	0.23179863584132931	0.06862342454266174	0.06905342590053307
max_ss_100C_1v60	u_memory.g_read[1].g_bank[2].g_slice[0].u_sram/addr[1]	input	0.42042419545751386	0.4223226768296229	0.23688381811659553	0.23780413749285856	0.07001080352389208	0.07044081165802699
max_ss_100C_1v60	u_memory.g_read[1].g_bank[2].g_slice[0].u_sram/addr[2]	input	0.4352602722690335	0.4376529139094032	0.24486709881976765	0.24579521751277866	0.07258612927298763	0.07301613063085896
max_ss_100C_1v60	u_memory.g_read[1].g_bank[2].g_slice[0].u_sram/addr[3]	input	0.37739314451279427	0.379769243830097	0.21448075260277477	0.21537857608500133	0.0628236815325943	0.0632536896667292
max_ss_100C_1v60	u_memory.g_read[1].g_bank[2].g_slice[0].u_sram/addr[4]	input	0.37734307345438367	0.37971775723733003	0.21440529907046368	0.21530441318695637	0.06281855190106572	0.06324855325893705
max_ss_100C_1v60	u_memory.g_read[1].g_bank[2].g_slice[0].u_sram/addr[5]	input	0.3120748381935101	0.3135315618241208	0.22284667167138394	0.2235887308632556	0.08124460170377476	0.08245677361393144
max_ss_100C_1v60	u_memory.g_read[1].g_bank[2].g_slice[0].u_sram/addr[6]	input	0.3133161230461923	0.3147718474760808	0.22396515197975475	0.22471062510742712	0.08153936239315568	0.08275152752704878
max_ss_100C_1v60	u_memory.g_read[1].g_bank[2].g_slice[0].u_sram/addr[7]	input	0.3141778781579063	0.31562935598472563	0.22390654608184235	0.2246450803156108	0.08198656868425164	0.08319873381814474
max_ss_100C_1v60	u_memory.g_read[1].g_bank[2].g_slice[0].u_sram/addr[8]	input	0.47796638869002095	0.48032694488497896	0.26496313476620514	0.26587634871511057	0.08097931098469471	0.08140931911882962
max_ss_100C_1v60	u_memory.g_read[1].g_bank[2].g_slice[0].u_sram/we	input	0.37843025935124786	0.37975969591208525	0.2827928724524753	0.2835387757915697	0.1662075831783058	0.16685405227617744
max_ss_100C_1v60	u_memory.g_read[1].g_bank[2].g_slice[0].u_sram/ce	input	0.2694867939911916	0.27353086462511556	0.24689661426435805	0.24921698038582463	0.010897432079165579	0.011112892696991603
max_ss_100C_1v60	u_memory.g_read[1].g_bank[2].g_slice[0].u_sram/clk	input	0.15097838257371876	0.3490901734348739	0.14283906002443558	0.35876415727109645	0.07043390664544097	0.2428720202382606
max_ss_100C_1v60	u_memory.g_read[1].g_bank[2].g_slice[0].u_sram/rstb	input	0.0	0.0	0.0	0.0	0.0817755084025866	0.3363012993085057
max_ss_100C_1v60	u_memory.g_read[1].g_bank[3].g_slice[0].u_sram/dout[0]	output	0.24401525244854838	0.24401855536204664	0.17967689835973744	0.1796755799698957	0.010377824799870112	0.011181825932305052
max_ss_100C_1v60	u_memory.g_read[1].g_bank[3].g_slice[0].u_sram/dout[1]	output	0.24359875228086025	0.24360349848429053	0.1793852288933806	0.17938513174886594	0.010325191866593624	0.011129192999028564
max_ss_100C_1v60	u_memory.g_read[1].g_bank[3].g_slice[0].u_sram/dout[2]	output	0.24941643195219854	0.2494175976863744	0.18346719976580772	0.18346686669890033	0.011065482568867885	0.011869484548335772
max_ss_100C_1v60	u_memory.g_read[1].g_bank[3].g_slice[0].u_sram/dout[3]	output	0.2473973526040396	0.24740065551753787	0.1820505413085982	0.18205029150841767	0.010808453809155356	0.011612454941590297
max_ss_100C_1v60	u_memory.g_read[1].g_bank[3].g_slice[0].u_sram/dout[4]	output	0.24580792956641062	0.24581314761462636	0.18093496145787924	0.18093476716884993	0.010606144224868403	0.011410145357303343
max_ss_100C_1v60	u_memory.g_read[1].g_bank[3].g_slice[0].u_sram/dout[5]	output	0.2458520886872151	0.24585466995574734	0.1809659644358419	0.18096699139213968	0.010611785464297117	0.011415787443765004
max_ss_100C_1v60	u_memory.g_read[1].g_bank[3].g_slice[0].u_sram/dout[6]	output	0.24613594495903612	0.24613974747289546	0.18116562416903292	0.18116542988000361	0.010647980876199187	0.011451982855667075
max_ss_100C_1v60	u_memory.g_read[1].g_bank[3].g_slice[0].u_sram/dout[7]	output	0.2476349403313094	0.24763949224571036	0.18221724129574568	0.18221697761777733	0.010838686109108757	0.011642688088576644
max_ss_100C_1v60	u_memory.g_read[1].g_bank[3].g_slice[0].u_sram/dout[8]	output	0.2462312853612758	0.24623370009635437	0.18123105793854677	0.18123086364951746	0.010659841031526642	0.011463842163961582
max_ss_100C_1v60	u_memory.g_read[1].g_bank[3].g_slice[0].u_sram/dout[9]	output	0.2437288426637707	0.24373350560047413	0.17947725250433422	0.1794759757478559	0.010341641246429303	0.011145642378864243
max_ss_100C_1v60	u_memory.g_read[1].g_bank[3].g_slice[0].u_sram/dout[10]	output	0.24260851660962146	0.24261237463463203	0.178688730478882	0.17868867496773078	0.010198933982508845	0.011002935961976733
max_ss_100C_1v60	u_memory.g_read[1].g_bank[3].g_slice[0].u_sram/dout[11]	output	0.2480130267823455	0.24801474762803366	0.1824818907092407	0.18248159927569674	0.010886703559855656	0.011690704692290596
max_ss_100C_1v60	u_memory.g_read[1].g_bank[3].g_slice[0].u_sram/dout[12]	output	0.24151236566183343	0.24151911026670803	0.17792158024665383	0.17792041451247798	0.010059723270594654	0.010863724403029594
max_ss_100C_1v60	u_memory.g_read[1].g_bank[3].g_slice[0].u_sram/dout[13]	output	0.2444089930442317	0.24441212942427626	0.17995270551462994	0.17995376022650333	0.01042805131254345	0.011232053292011338
max_ss_100C_1v60	u_memory.g_read[1].g_bank[3].g_slice[0].u_sram/dout[14]	output	0.2427669731908111	0.24277202470557313	0.17880225078314993	0.17880102953782284	0.010219310207087995	0.011023311339522935
max_ss_100C_1v60	u_memory.g_read[1].g_bank[3].g_slice[0].u_sram/dout[15]	output	0.2443965585463559	0.24439969492640046	0.17994387924158417	0.17994494783124537	0.010426444491042509	0.011230445623477449
max_ss_100C_1v60	u_memory.g_read[1].g_bank[3].g_slice[0].u_sram/dout[16]	output	0.24527763153869842	0.24528301612036785	0.18056323103365912	0.18056306450020543	0.010538753436551904	0.011342754568986844
max_ss_100C_1v60	u_memory.g_read[1].g_bank[3].g_slice[0].u_sram/dout[17]	output	0.24528570841120256	0.24528981623639368	0.18056861561532855	0.18056846295966267	0.010539710583782301	0.011343711716217241
max_ss_100C_1v60	u_memory.g_read[1].g_bank[3].g_slice[0].u_sram/dout[18]	output	0.2431042589456922	0.24310792268167347	0.17903808990915593	0.17903684090825323	0.01026204725444171	0.01106604838687665
max_ss_100C_1v60	u_memory.g_read[1].g_bank[3].g_slice[0].u_sram/dout[19]	output	0.2455670944367938	0.24557106348410684	0.18076597163574348	0.18076579122450198	0.010575487561408428	0.011379489540876316
max_ss_100C_1v60	u_memory.g_read[1].g_bank[3].g_slice[0].u_sram/dout[20]	output	0.2449275504634585	0.244933073823006	0.18031766357839984	0.18031871829027324	0.010494225761547692	0.011298226893982632
max_ss_100C_1v60	u_memory.g_read[1].g_bank[3].g_slice[0].u_sram/dout[21]	output	0.24577312407458862	0.2457757330986965	0.1809108973738205	0.1809094957172519	0.010601566011788494	0.011405567991256381
max_ss_100C_1v60	u_memory.g_read[1].g_bank[3].g_slice[0].u_sram/dout[22]	output	0.24389781860811865	0.24390373054572478	0.17959611575690815	0.17959483900042983	0.010363194846805136	0.011167195979240076
max_ss_100C_1v60	u_memory.g_read[1].g_bank[3].g_slice[0].u_sram/dout[23]	output	0.24603494241937085	0.2460387449332302	0.18109466703997157	0.18109447275094226	0.01063510682243387	0.01143910795486881
max_ss_100C_1v60	u_memory.g_read[1].g_bank[3].g_slice[0].u_sram/dout[24]	output	0.24595472880584168	0.2459572545632227	0.18103715748729599	0.18103694932047887	0.010624665447293066	0.011428667426760953
max_ss_100C_1v60	u_memory.g_read[1].g_bank[3].g_slice[0].u_sram/dout[25]	output	0.2406279064892658	0.24063373516014508	0.17730025780871017	0.17729914758568555	0.009947144968608032	0.010751146101042972
max_ss_100C_1v60	u_memory.g_read[1].g_bank[3].g_slice[0].u_sram/dout[26]	output	0.24751661831245997	0.24751856120275306	0.1821339745688988	0.18213497376962096	0.010823607228581736	0.011627608361016676
max_ss_100C_1v60	u_memory.g_read[1].g_bank[3].g_slice[0].u_sram/dout[27]	output	0.24489107963709955	0.24489404948369042	0.18029241988237743	0.18029107373696007	0.010489434096165075	0.011293436075632962
max_ss_100C_1v60	u_memory.g_read[1].g_bank[3].g_slice[0].u_sram/dout[28]	output	0.24466478842910533	0.24466911829890137	0.18013299185604126	0.18013285307816318	0.010460729843648521	0.011264730976083461
max_ss_100C_1v60	u_memory.g_read[1].g_bank[3].g_slice[0].u_sram/dout[29]	output	0.24196877834725683	0.24197413517335065	0.17824042242153837	0.1782415604001386	0.010117694205504738	0.010921696184972626
max_ss_100C_1v60	u_memory.g_read[1].g_bank[3].g_slice[0].u_sram/dout[30]	output	0.24441318413614965	0.24441759727267254	0.1799565496618527	0.1799576182515139	0.010428743338461357	0.011232745317929244
max_ss_100C_1v60	u_memory.g_read[1].g_bank[3].g_slice[0].u_sram/dout[31]	output	0.24163995804293847	0.24164545364691037	0.17800971807702126	0.17800969032144565	0.010075891435491844	0.010879892567926784
max_ss_100C_1v60	u_memory.g_read[1].g_bank[3].g_slice[0].u_sram/din[0]	input	0.4320937496693489	0.43395395610268395	0.24262400422081498	0.24345528371050307	0.07254250368807225	0.07287819978572807
max_ss_100C_1v60	u_memory.g_read[1].g_bank[3].g_slice[0].u_sram/din[1]	input	0.5125894708690737	0.5144610848439868	0.2822231615073889	0.28306129662425406	0.08662841765542245	0.08696412052934185
max_ss_100C_1v60	u_memory.g_read[1].g_bank[3].g_slice[0].u_sram/din[2]	input	0.40709788318160633	0.4094085070960318	0.2296808576662812	0.23066223930889862	0.0678314690657697	0.0682499711043491
max_ss_100C_1v60	u_memory.g_read[1].g_bank[3].g_slice[0].u_sram/din[3]	input	0.45968248651995225	0.461552462915904	0.25617394316945763	0.2570071377938632	0.07700613015087718	0.077341826248533
max_ss_100C_1v60	u_memory.g_read[1].g_bank[3].g_slice[0].u_sram/din[4]	input	0.38683295455754774	0.3886952981702052	0.21931816085452027	0.22029082724639437	0.06433788506295113	0.06467358793687053
max_ss_100C_1v60	u_memory.g_read[1].g_bank[3].g_slice[0].u_sram/din[5]	input	0.4055213664866386	0.40737976880755866	0.22933838161875997	0.23016882844117958	0.0676734601516571	0.0680091630255765
max_ss_100C_1v60	u_memory.g_read[1].g_bank[3].g_slice[0].u_sram/din[6]	input	0.4174911527599079	0.4193452252110319	0.2352712191733275	0.2361002227058151	0.06985518663082252	0.07019088950474192
max_ss_100C_1v60	u_memory.g_read[1].g_bank[3].g_slice[0].u_sram/din[7]	input	0.4430856237469527	0.44496123452475445	0.24741744764078533	0.24825247413318152	0.07410623492892093	0.07444193102657676
max_ss_100C_1v60	u_memory.g_read[1].g_bank[3].g_slice[0].u_sram/din[8]	input	0.42721032267323267	0.4290709731957776	0.2397337606208083	0.24056723280097003	0.07163066255595762	0.07196635865361345
max_ss_100C_1v60	u_memory.g_read[1].g_bank[3].g_slice[0].u_sram/din[9]	input	0.45641140866692353	0.4582712820333512	0.2539327081940712	0.25476462606199846	0.0769960064130916	0.077331709287011
max_ss_100C_1v60	u_memory.g_read[1].g_bank[3].g_slice[0].u_sram/din[10]	input	0.5054828222661456	0.5078179543538397	0.27860425078074513	0.27959681792033564	0.08535730580466402	0.08577580784324343
max_ss_100C_1v60	u_memory.g_read[1].g_bank[3].g_slice[0].u_sram/din[11]	input	0.4048470447770569	0.40671044310158777	0.22876027461204984	0.22958199230593834	0.06763667859295552	0.06797238146687493
max_ss_100C_1v60	u_memory.g_read[1].g_bank[3].g_slice[0].u_sram/din[12]	input	0.40540976131708817	0.40727304861931657	0.22921950448839823	0.23005347626892103	0.06770391268017678	0.06803961555409618
max_ss_100C_1v60	u_memory.g_read[1].g_bank[3].g_slice[0].u_sram/din[13]	input	0.5061083219182194	0.507983655140265	0.2788872466297221	0.2797230502782355	0.08547113348024785	0.08580683635416725
max_ss_100C_1v60	u_memory.g_read[1].g_bank[3].g_slice[0].u_sram/din[14]	input	0.4448685864133495	0.446745945792415	0.24844773460763747	0.24928378805633145	0.07442092460948485	0.07475662748340425
max_ss_100C_1v60	u_memory.g_read[1].g_bank[3].g_slice[0].u_sram/din[15]	input	0.43253764459016963	0.4343995996247685	0.24280508159613134	0.24363763784229775	0.07264212153893293	0.07297782441285233
max_ss_100C_1v60	u_memory.g_read[1].g_bank[3].g_slice[0].u_sram/din[16]	input	0.28785998584801575	0.2892085182448767	0.15869879022023525	0.15927362206902274	0.06504602493564646	0.06538172103330228
max_ss_100C_1v60	u_memory.g_read[1].g_bank[3].g_slice[0].u_sram/din[17]	input	0.5259634394683133	0.5277563386307804	0.2799842580003542	0.2792676923046855	0.08908713746086719	0.08942284033478659
max_ss_100C_1v60	u_memory.g_read[1].g_bank[3].g_slice[0].u_sram/din[18]	input	0.5087681387294651	0.5111072676200479	0.280197726132414	0.2811788857304265	0.08596675617460886	0.08638526498945184
max_ss_100C_1v60	u_memory.g_read[1].g_bank[3].g_slice[0].u_sram/din[19]	input	0.39921993488789553	0.401082278500553	0.2254788300515287	0.22630614049390374	0.06662156720391166	0.06695727007783106
max_ss_100C_1v60	u_memory.g_read[1].g_bank[3].g_slice[0].u_sram/din[20]	input	0.6446277400762312	0.6465296076285654	0.3352000066403349	0.3360079159353546	0.10998036384596635	0.11031606671988575
max_ss_100C_1v60	u_memory.g_read[1].g_bank[3].g_slice[0].u_sram/din[21]	input	0.48152620779617905	0.4834030953304591	0.2671550480837226	0.2679969857144471	0.08098797782581102	0.08132368069973042
max_ss_100C_1v60	u_memory.g_read[1].g_bank[3].g_slice[0].u_sram/din[22]	input	0.5223523280584175	0.5240951006513228	0.2856258285444113	0.2833216994346799	0.08840492357262142	0.08874061967027724
max_ss_100C_1v60	u_memory.g_read[1].g_bank[3].g_slice[0].u_sram/din[23]	input	0.5168426242541102	0.5187176799203996	0.28435254151304434	0.2851889557842213	0.08739835027568588	0.08773405314960528
max_ss_100C_1v60	u_memory.g_read[1].g_bank[3].g_slice[0].u_sram/din[24]	input	0.5323874119333993	0.5342544184827602	0.2814933841577272	0.2822631295362754	0.09026189084354597	0.09059759371746537
max_ss_100C_1v60	u_memory.g_read[1].g_bank[3].g_slice[0].u_sram/din[25]	input	0.38968916982184965	0.391039839398033	0.20903945241457222	0.20963217273184398	0.09032961282174484	0.09066531569566424
max_ss_100C_1v60	u_memory.g_read[1].g_bank[3].g_slice[0].u_sram/din[26]	input	0.4527028751866169	0.45504608414681513	0.25316895801985595	0.25415439197651324	0.07570641569155587	0.07612491773013527
max_ss_100C_1v60	u_memory.g_read[1].g_bank[3].g_slice[0].u_sram/din[27]	input	0.2861900438855258	0.2875397420165626	0.15779218209832635	0.15836691680259918	0.06465825325239344	0.06499395612631284
max_ss_100C_1v60	u_memory.g_read[1].g_bank[3].g_slice[0].u_sram/din[28]	input	0.5246310608164606	0.526341692452803	0.28245519811953557	0.2796674003491262	0.08883608367156459	0.089171786545484
max_ss_100C_1v60	u_memory.g_read[1].g_bank[3].g_slice[0].u_sram/din[29]	input	0.3977830287382744	0.3996468156408639	0.22471019489600508	0.22553750533838013	0.06636691521864913	0.06670261809256853
max_ss_100C_1v60	u_memory.g_read[1].g_bank[3].g_slice[0].u_sram/din[30]	input	0.3973150142222437	0.3991815489268191	0.2251597241986758	0.2259832182494037	0.06628299119423517	0.06661869406815457
max_ss_100C_1v60	u_memory.g_read[1].g_bank[3].g_slice[0].u_sram/din[31]	input	0.3963061545597668	0.39861422496123566	0.22441443148224494	0.22538587662879195	0.06604895260277702	0.06646744786509284
max_ss_100C_1v60	u_memory.g_read[1].g_bank[3].g_slice[0].u_sram/wmask[0]	input	0.39915798444312145	0.4017388643973163	0.2263400022961548	0.2273659455154231	0.06615781327715814	0.06662290890410011
max_ss_100C_1v60	u_memory.g_read[1].g_bank[3].g_slice[0].u_sram/wmask[1]	input	0.5050375118109685	0.5076241094137401	0.28041852173643633	0.28145993868911034	0.08498444190128268	0.08544954430448823
max_ss_100C_1v60	u_memory.g_read[1].g_bank[3].g_slice[0].u_sram/wmask[2]	input	0.5969290062246557	0.5982453976649538	0.31269306588477264	0.3132032133645879	0.10161171898467533	0.1018442735744099
max_ss_100C_1v60	u_memory.g_read[1].g_bank[3].g_slice[0].u_sram/wmask[3]	input	0.3512040103181846	0.35304961731874585	0.19003522366833892	0.19074135326757613	0.08088482954162618	0.0813499387210953
max_ss_100C_1v60	u_memory.g_read[1].g_bank[3].g_slice[0].u_sram/addr[0]	input	0.40996012140581684	0.4123295038738206	0.2317124547790428	0.23262212989205722	0.06862342454266174	0.06905342590053307
max_ss_100C_1v60	u_memory.g_read[1].g_bank[3].g_slice[0].u_sram/addr[1]	input	0.42106951259057723	0.4229736283445362	0.23805002413723741	0.23897794854121912	0.07001080352389208	0.07044081165802699
max_ss_100C_1v60	u_memory.g_read[1].g_bank[3].g_slice[0].u_sram/addr[2]	input	0.43599165944208096	0.43839021302005676	0.24619295491135063	0.24712967783280249	0.07258612927298763	0.07301613063085896
max_ss_100C_1v60	u_memory.g_read[1].g_bank[3].g_slice[0].u_sram/addr[3]	input	0.37769962157874204	0.38007832992015267	0.21498922087026529	0.21589073584404872	0.0628236815325943	0.0632536896667292
max_ss_100C_1v60	u_memory.g_read[1].g_bank[3].g_slice[0].u_sram/addr[4]	input	0.37763853155681204	0.3800156578304126	0.21489453272405257	0.2157970885319216	0.06281855190106572	0.06324855325893705
max_ss_100C_1v60	u_memory.g_read[1].g_bank[3].g_slice[0].u_sram/addr[5]	input	0.3128280134934158	0.31429139846217424	0.22390066189981184	0.22465006244143382	0.08124460170377476	0.08245677361393144
max_ss_100C_1v60	u_memory.g_read[1].g_bank[3].g_slice[0].u_sram/addr[6]	input	0.31414684742436805	0.31560981605949223	0.22512763875326414	0.22588114712007723	0.08153936239315568	0.08275152752704878
max_ss_100C_1v60	u_memory.g_read[1].g_bank[3].g_slice[0].u_sram/addr[7]	input	0.3148086791249227	0.3162657358224408	0.22479113015450025	0.22553579837047977	0.08198656868425164	0.08319873381814474
max_ss_100C_1v60	u_memory.g_read[1].g_bank[3].g_slice[0].u_sram/addr[8]	input	0.4783459739421403	0.4807091946723574	0.2657985775922356	0.2667156773217272	0.08097931098469471	0.08140931911882962
max_ss_100C_1v60	u_memory.g_read[1].g_bank[3].g_slice[0].u_sram/we	input	0.3899034428656023	0.3912824231289136	0.29839630766304026	0.29919580701864845	0.1662075831783058	0.16685405227617744
max_ss_100C_1v60	u_memory.g_read[1].g_bank[3].g_slice[0].u_sram/ce	input	0.3839494833179913	0.3858385555499666	0.21266419181209528	0.21882833045605565	0.05764379723332755	0.05785925531005473
max_ss_100C_1v60	u_memory.g_read[1].g_bank[3].g_slice[0].u_sram/clk	input	0.14531355285729575	0.34564301421013965	0.13855459835010464	0.3563319916910501	0.07011840381324769	0.24255651740606732
max_ss_100C_1v60	u_memory.g_read[1].g_bank[3].g_slice[0].u_sram/rstb	input	0.0	0.0	0.0	0.0	0.08040756374529806	0.33493336142748076
