
===========================================================================
report_checks -unconstrained
===========================================================================
======================= max_ss_100C_1v60 Corner ===================================

Startpoint: rst_n (input port clocked by sys_clk)
Endpoint: u_memory._430_ (recovery check against rising-edge clock sys_clk)
Path Group: asynchronous
Path Type: max

Fanout         Cap        Slew       Delay        Time   Description
---------------------------------------------------------------------------------------------
                                  0.000000    0.000000   clock sys_clk (rise edge)
                                  0.000000    0.000000   clock network delay (propagated)
                                  2.000000    2.000000 ^ input external delay
     1    0.002228    0.150000    0.000000    2.000000 ^ rst_n (in)
                                                         rst_n (net)
                      0.150134    0.000067    2.000067 ^ hold1/A (sky130_fd_sc_hd__dlygate4sd3_1)
     1    0.002885    0.092639    1.074055    3.074122 ^ hold1/X (sky130_fd_sc_hd__dlygate4sd3_1)
                                                         net657 (net)
                      0.092639    0.000212    3.074334 ^ input25/A (sky130_fd_sc_hd__clkbuf_2)
     1    0.003456    0.051707    0.180997    3.255331 ^ input25/X (sky130_fd_sc_hd__clkbuf_2)
                                                         net25 (net)
                      0.051707    0.000252    3.255584 ^ hold2/A (sky130_fd_sc_hd__dlygate4sd3_1)
     1    0.006318    0.138885    1.080273    4.335857 ^ hold2/X (sky130_fd_sc_hd__dlygate4sd3_1)
                                                         net658 (net)
                      0.138885    0.000499    4.336355 ^ wire647/A (sky130_fd_sc_hd__buf_6)
     8    0.145948    0.458630    0.444528    4.780883 ^ wire647/X (sky130_fd_sc_hd__buf_6)
                                                         net647 (net)
                      0.477986    0.073968    4.854851 ^ u_memory._430_/RESET_B (sky130_fd_sc_hd__dfrtp_4)
                                              4.854851   data arrival time

                                 10.000000   10.000000   clock sys_clk (rise edge)
                                  0.000000   10.000000   clock source latency
     1    0.168169    0.150000    0.000000   10.000000 ^ clk (in)
                                                         clk (net)
                      0.326383    0.088192   10.088192 ^ clkbuf_0_clk/A (sky130_fd_sc_hd__clkbuf_16)
     2    0.113540    0.198267    0.433937   10.522129 ^ clkbuf_0_clk/X (sky130_fd_sc_hd__clkbuf_16)
                                                         clknet_0_clk (net)
                      0.203000    0.024205   10.546334 ^ clkbuf_1_1_0_clk/A (sky130_fd_sc_hd__clkbuf_16)
     4    0.135705    0.227963    0.406539   10.952872 ^ clkbuf_1_1_0_clk/X (sky130_fd_sc_hd__clkbuf_16)
                                                         clknet_1_1_0_clk (net)
                      0.229737    0.016217   10.969090 ^ clkbuf_3_4_0_clk/A (sky130_fd_sc_hd__clkbuf_16)
     2    0.066260    0.129375    0.346841   11.315930 ^ clkbuf_3_4_0_clk/X (sky130_fd_sc_hd__clkbuf_16)
                                                         clknet_3_4_0_clk (net)
                      0.131528    0.012997   11.328927 ^ clkbuf_4_9__f_clk/A (sky130_fd_sc_hd__clkbuf_16)
     6    0.089328    0.161701    0.329741   11.658669 ^ clkbuf_4_9__f_clk/X (sky130_fd_sc_hd__clkbuf_16)
                                                         clknet_4_9__leaf_clk (net)
                      0.161950    0.003810   11.662478 ^ u_memory._430_/CLK (sky130_fd_sc_hd__dfrtp_4)
                                 -0.250000   11.412478   clock uncertainty
                                  0.000000   11.412478   clock reconvergence pessimism
                                  0.284525   11.697003   library recovery time
                                             11.697003   data required time
---------------------------------------------------------------------------------------------
                                             11.697003   data required time
                                             -4.854851   data arrival time
---------------------------------------------------------------------------------------------
                                              6.842153   slack (MET)


Startpoint: u_memory.g_read[0].g_bank[3].g_slice[0].u_sram
            (rising edge-triggered flip-flop clocked by sys_clk)
Endpoint: _010_ (rising edge-triggered flip-flop clocked by sys_clk)
Path Group: sys_clk
Path Type: max

Fanout         Cap        Slew       Delay        Time   Description
---------------------------------------------------------------------------------------------
                                  0.000000    0.000000   clock sys_clk (rise edge)
                                  0.000000    0.000000   clock source latency
     1    0.168169    0.150000    0.000000    0.000000 ^ clk (in)
                                                         clk (net)
                      0.326383    0.088192    0.088192 ^ clkbuf_0_clk/A (sky130_fd_sc_hd__clkbuf_16)
     2    0.113540    0.198267    0.433938    0.522129 ^ clkbuf_0_clk/X (sky130_fd_sc_hd__clkbuf_16)
                                                         clknet_0_clk (net)
                      0.203000    0.024205    0.546334 ^ clkbuf_1_1_0_clk/A (sky130_fd_sc_hd__clkbuf_16)
     4    0.135705    0.227963    0.406538    0.952872 ^ clkbuf_1_1_0_clk/X (sky130_fd_sc_hd__clkbuf_16)
                                                         clknet_1_1_0_clk (net)
                      0.230031    0.017460    0.970332 ^ clkbuf_3_5_0_clk/A (sky130_fd_sc_hd__clkbuf_16)
     2    0.061202    0.122911    0.338827    1.309159 ^ clkbuf_3_5_0_clk/X (sky130_fd_sc_hd__clkbuf_16)
                                                         clknet_3_5_0_clk (net)
                      0.127244    0.017650    1.326809 ^ clkbuf_4_10__f_clk/A (sky130_fd_sc_hd__clkbuf_16)
     9    0.150312    0.249094    0.385988    1.712797 ^ clkbuf_4_10__f_clk/X (sky130_fd_sc_hd__clkbuf_16)
                                                         clknet_4_10__leaf_clk (net)
                      0.250688    0.016215    1.729012 ^ m6_leaf_3_pre/A (sky130_fd_sc_hd__clkinv_2)
     1    0.036989    0.273846    0.329853    2.058865 v m6_leaf_3_pre/Y (sky130_fd_sc_hd__clkinv_2)
                                                         m6_leaf_3_inverted (net)
                      0.273849    0.001222    2.060087 v m6_leaf_3_drive/A (sky130_fd_sc_hd__clkinv_16)
     1    0.242595    0.257913    0.319347    2.379435 ^ m6_leaf_3_drive/Y (sky130_fd_sc_hd__clkinv_16)
                                                         m6_leaf_3_local (net)
                      0.345942    0.016062    2.395496 ^ u_memory.g_read[0].g_bank[3].g_slice[0].u_sram/clk (sram22_512x32m4w8)
     1    0.010379    0.179682    6.784658    9.180155 v u_memory.g_read[0].g_bank[3].g_slice[0].u_sram/dout[9] (sram22_512x32m4w8)
                                                         m6_out_3_9_local (net)
                      0.134778    0.000633    9.180788 v m6_out_3_9/A (sky130_fd_sc_hd__buf_12)
     1    0.054553    0.073167    0.283809    9.464597 v m6_out_3_9/X (sky130_fd_sc_hd__buf_12)
                                                         u_memory.g_read[0].bank_data[3][9] (net)
                      0.077631    0.014367    9.478964 v u_memory._235_/C (sky130_fd_sc_hd__and3_4)
     1    0.062206    0.176528    0.440349    9.919312 v u_memory._235_/X (sky130_fd_sc_hd__and3_4)
                                                         u_memory._049_ (net)
                      0.179925    0.019557    9.938869 v u_memory._236_/C1 (sky130_fd_sc_hd__a211o_4)
     1    0.104286    0.271570    0.753580   10.692450 v u_memory._236_/X (sky130_fd_sc_hd__a211o_4)
                                                         u_memory._050_ (net)
                      0.272768    0.015288   10.707738 v u_memory._237_/B2 (sky130_fd_sc_hd__o22a_2)
     1    0.040210    0.241651    0.627610   11.335348 v u_memory._237_/X (sky130_fd_sc_hd__o22a_2)
                                                         result[9] (net)
                      0.241930    0.007367   11.342714 v _010_/D (sky130_fd_sc_hd__dfxtp_1)
                                             11.342714   data arrival time

                                 10.000000   10.000000   clock sys_clk (rise edge)
                                  0.000000   10.000000   clock source latency
     1    0.168169    0.150000    0.000000   10.000000 ^ clk (in)
                                                         clk (net)
                      0.326383    0.088192   10.088192 ^ clkbuf_0_clk/A (sky130_fd_sc_hd__clkbuf_16)
     2    0.113540    0.198267    0.433937   10.522129 ^ clkbuf_0_clk/X (sky130_fd_sc_hd__clkbuf_16)
                                                         clknet_0_clk (net)
                      0.199578    0.012953   10.535083 ^ clkbuf_1_0_0_clk/A (sky130_fd_sc_hd__clkbuf_16)
     4    0.099803    0.177907    0.366090   10.901173 ^ clkbuf_1_0_0_clk/X (sky130_fd_sc_hd__clkbuf_16)
                                                         clknet_1_0_0_clk (net)
                      0.180647    0.017478   10.918652 ^ clkbuf_3_1_0_clk/A (sky130_fd_sc_hd__clkbuf_16)
     2    0.079761    0.149303    0.335787   11.254438 ^ clkbuf_3_1_0_clk/X (sky130_fd_sc_hd__clkbuf_16)
                                                         clknet_3_1_0_clk (net)
                      0.153900    0.020456   11.274894 ^ clkbuf_4_3__f_clk/A (sky130_fd_sc_hd__clkbuf_16)
     7    0.088829    0.161150    0.337685   11.612578 ^ clkbuf_4_3__f_clk/X (sky130_fd_sc_hd__clkbuf_16)
                                                         clknet_4_3__leaf_clk (net)
                      0.161947    0.008368   11.620947 ^ _010_/CLK (sky130_fd_sc_hd__dfxtp_1)
                                 -0.250000   11.370947   clock uncertainty
                                  0.000000   11.370947   clock reconvergence pessimism
                                 -0.315574   11.055373   library setup time
                                             11.055373   data required time
---------------------------------------------------------------------------------------------
                                             11.055373   data required time
                                            -11.342714   data arrival time
---------------------------------------------------------------------------------------------
                                             -0.287342   slack (VIOLATED)




===========================================================================
report_checks --slack_max -0.01
============================================================================
======================= max_ss_100C_1v60 Corner ===================================

Startpoint: u_memory.g_read[0].g_bank[3].g_slice[0].u_sram
            (rising edge-triggered flip-flop clocked by sys_clk)
Endpoint: _010_ (rising edge-triggered flip-flop clocked by sys_clk)
Path Group: sys_clk
Path Type: max

Fanout         Cap        Slew       Delay        Time   Description
---------------------------------------------------------------------------------------------
                                  0.000000    0.000000   clock sys_clk (rise edge)
                                  0.000000    0.000000   clock source latency
     1    0.168169    0.150000    0.000000    0.000000 ^ clk (in)
                                                         clk (net)
                      0.326383    0.088192    0.088192 ^ clkbuf_0_clk/A (sky130_fd_sc_hd__clkbuf_16)
     2    0.113540    0.198267    0.433938    0.522129 ^ clkbuf_0_clk/X (sky130_fd_sc_hd__clkbuf_16)
                                                         clknet_0_clk (net)
                      0.203000    0.024205    0.546334 ^ clkbuf_1_1_0_clk/A (sky130_fd_sc_hd__clkbuf_16)
     4    0.135705    0.227963    0.406538    0.952872 ^ clkbuf_1_1_0_clk/X (sky130_fd_sc_hd__clkbuf_16)
                                                         clknet_1_1_0_clk (net)
                      0.230031    0.017460    0.970332 ^ clkbuf_3_5_0_clk/A (sky130_fd_sc_hd__clkbuf_16)
     2    0.061202    0.122911    0.338827    1.309159 ^ clkbuf_3_5_0_clk/X (sky130_fd_sc_hd__clkbuf_16)
                                                         clknet_3_5_0_clk (net)
                      0.127244    0.017650    1.326809 ^ clkbuf_4_10__f_clk/A (sky130_fd_sc_hd__clkbuf_16)
     9    0.150312    0.249094    0.385988    1.712797 ^ clkbuf_4_10__f_clk/X (sky130_fd_sc_hd__clkbuf_16)
                                                         clknet_4_10__leaf_clk (net)
                      0.250688    0.016215    1.729012 ^ m6_leaf_3_pre/A (sky130_fd_sc_hd__clkinv_2)
     1    0.036989    0.273846    0.329853    2.058865 v m6_leaf_3_pre/Y (sky130_fd_sc_hd__clkinv_2)
                                                         m6_leaf_3_inverted (net)
                      0.273849    0.001222    2.060087 v m6_leaf_3_drive/A (sky130_fd_sc_hd__clkinv_16)
     1    0.242595    0.257913    0.319347    2.379435 ^ m6_leaf_3_drive/Y (sky130_fd_sc_hd__clkinv_16)
                                                         m6_leaf_3_local (net)
                      0.345942    0.016062    2.395496 ^ u_memory.g_read[0].g_bank[3].g_slice[0].u_sram/clk (sram22_512x32m4w8)
     1    0.010379    0.179682    6.784658    9.180155 v u_memory.g_read[0].g_bank[3].g_slice[0].u_sram/dout[9] (sram22_512x32m4w8)
                                                         m6_out_3_9_local (net)
                      0.134778    0.000633    9.180788 v m6_out_3_9/A (sky130_fd_sc_hd__buf_12)
     1    0.054553    0.073167    0.283809    9.464597 v m6_out_3_9/X (sky130_fd_sc_hd__buf_12)
                                                         u_memory.g_read[0].bank_data[3][9] (net)
                      0.077631    0.014367    9.478964 v u_memory._235_/C (sky130_fd_sc_hd__and3_4)
     1    0.062206    0.176528    0.440349    9.919312 v u_memory._235_/X (sky130_fd_sc_hd__and3_4)
                                                         u_memory._049_ (net)
                      0.179925    0.019557    9.938869 v u_memory._236_/C1 (sky130_fd_sc_hd__a211o_4)
     1    0.104286    0.271570    0.753580   10.692450 v u_memory._236_/X (sky130_fd_sc_hd__a211o_4)
                                                         u_memory._050_ (net)
                      0.272768    0.015288   10.707738 v u_memory._237_/B2 (sky130_fd_sc_hd__o22a_2)
     1    0.040210    0.241651    0.627610   11.335348 v u_memory._237_/X (sky130_fd_sc_hd__o22a_2)
                                                         result[9] (net)
                      0.241930    0.007367   11.342714 v _010_/D (sky130_fd_sc_hd__dfxtp_1)
                                             11.342714   data arrival time

                                 10.000000   10.000000   clock sys_clk (rise edge)
                                  0.000000   10.000000   clock source latency
     1    0.168169    0.150000    0.000000   10.000000 ^ clk (in)
                                                         clk (net)
                      0.326383    0.088192   10.088192 ^ clkbuf_0_clk/A (sky130_fd_sc_hd__clkbuf_16)
     2    0.113540    0.198267    0.433937   10.522129 ^ clkbuf_0_clk/X (sky130_fd_sc_hd__clkbuf_16)
                                                         clknet_0_clk (net)
                      0.199578    0.012953   10.535083 ^ clkbuf_1_0_0_clk/A (sky130_fd_sc_hd__clkbuf_16)
     4    0.099803    0.177907    0.366090   10.901173 ^ clkbuf_1_0_0_clk/X (sky130_fd_sc_hd__clkbuf_16)
                                                         clknet_1_0_0_clk (net)
                      0.180647    0.017478   10.918652 ^ clkbuf_3_1_0_clk/A (sky130_fd_sc_hd__clkbuf_16)
     2    0.079761    0.149303    0.335787   11.254438 ^ clkbuf_3_1_0_clk/X (sky130_fd_sc_hd__clkbuf_16)
                                                         clknet_3_1_0_clk (net)
                      0.153900    0.020456   11.274894 ^ clkbuf_4_3__f_clk/A (sky130_fd_sc_hd__clkbuf_16)
     7    0.088829    0.161150    0.337685   11.612578 ^ clkbuf_4_3__f_clk/X (sky130_fd_sc_hd__clkbuf_16)
                                                         clknet_4_3__leaf_clk (net)
                      0.161947    0.008368   11.620947 ^ _010_/CLK (sky130_fd_sc_hd__dfxtp_1)
                                 -0.250000   11.370947   clock uncertainty
                                  0.000000   11.370947   clock reconvergence pessimism
                                 -0.315574   11.055373   library setup time
                                             11.055373   data required time
---------------------------------------------------------------------------------------------
                                             11.055373   data required time
                                            -11.342714   data arrival time
---------------------------------------------------------------------------------------------
                                             -0.287342   slack (VIOLATED)




===========================================================================
 report_check_types -max_slew -max_cap -max_fanout -violators
============================================================================
======================= max_ss_100C_1v60 Corner ===================================

max slew

Pin                                        Limit        Slew       Slack
------------------------------------------------------------------------
u_memory.g_read[0].g_bank[2].g_slice[0].u_sram/din[24]    0.350000    0.759320   -0.409320 (VIOLATED)
u_memory.g_read[0].g_bank[2].g_slice[0].u_sram/din[18]    0.350000    0.730093   -0.380093 (VIOLATED)
u_memory.g_read[0].g_bank[2].g_slice[0].u_sram/din[26]    0.350000    0.722512   -0.372512 (VIOLATED)
wire167/A                               0.350000    0.687235   -0.337235 (VIOLATED)
wire168/X                               0.350000    0.685327   -0.335327 (VIOLATED)
u_memory.g_read[1].g_bank[3].g_slice[0].u_sram/din[20]    0.350000    0.646530   -0.296530 (VIOLATED)
hold200/A                               0.350000    0.645038   -0.295038 (VIOLATED)
hold206/X                               0.350000    0.643444   -0.293444 (VIOLATED)
u_memory.g_read[0].g_bank[3].g_slice[0].u_sram/din[4]    0.350000    0.641788   -0.291788 (VIOLATED)
u_memory.g_read[1].g_bank[1].g_slice[0].u_sram/din[31]    0.350000    0.634968   -0.284968 (VIOLATED)
u_memory.g_read[0].g_bank[1].g_slice[0].u_sram/din[7]    0.350000    0.633245   -0.283245 (VIOLATED)
u_memory.g_read[0].g_bank[3].g_slice[0].u_sram/din[2]    0.350000    0.628642   -0.278642 (VIOLATED)
u_memory._414_/A1                       0.350000    0.624657   -0.274657 (VIOLATED)
u_memory.g_read[0].g_bank[2].g_slice[0].u_sram/din[31]    0.350000    0.623706   -0.273706 (VIOLATED)
u_memory.g_read[0].g_bank[2].g_slice[0].u_sram/din[10]    0.350000    0.621492   -0.271492 (VIOLATED)
max_cap194/A                            0.350000    0.618745   -0.268745 (VIOLATED)
wire193/A                               0.350000    0.618728   -0.268728 (VIOLATED)
wire195/X                               0.350000    0.616390   -0.266390 (VIOLATED)
u_memory.g_read[1].g_bank[2].g_slice[0].u_sram/din[2]    0.350000    0.615244   -0.265244 (VIOLATED)
u_memory._372_/B1                       0.350000    0.611661   -0.261661 (VIOLATED)
u_memory.g_read[1].g_bank[0].g_slice[0].u_sram/wmask[0]    0.350000    0.611632   -0.261632 (VIOLATED)
u_memory.g_read[1].g_bank[1].g_slice[0].u_sram/wmask[0]    0.350000    0.611628   -0.261628 (VIOLATED)
u_memory._371_/X                        0.350000    0.611368   -0.261368 (VIOLATED)
u_memory.g_read[0].g_bank[2].g_slice[0].u_sram/din[29]    0.350000    0.607924   -0.257924 (VIOLATED)
u_memory.g_read[1].g_bank[2].g_slice[0].u_sram/wmask[2]    0.350000    0.605168   -0.255168 (VIOLATED)
u_memory.g_read[0].g_bank[3].g_slice[0].u_sram/din[24]    0.350000    0.603506   -0.253506 (VIOLATED)
wire263/X                               0.350000    0.603363   -0.253363 (VIOLATED)
u_memory.g_read[1].g_bank[3].g_slice[0].u_sram/wmask[2]    0.350000    0.598245   -0.248245 (VIOLATED)
u_memory.g_read[0].g_bank[3].g_slice[0].u_sram/din[0]    0.350000    0.592094   -0.242094 (VIOLATED)
wire392/A                               0.350000    0.591336   -0.241336 (VIOLATED)
u_memory.g_read[0].g_bank[2].g_slice[0].u_sram/din[28]    0.350000    0.590592   -0.240592 (VIOLATED)
fanout189/A                             0.350000    0.589990   -0.239990 (VIOLATED)
fanout190/A                             0.350000    0.589169   -0.239169 (VIOLATED)
max_cap393/A                            0.350000    0.589132   -0.239132 (VIOLATED)
u_memory._203_/X                        0.350000    0.588616   -0.238616 (VIOLATED)
wire394/X                               0.350000    0.584185   -0.234185 (VIOLATED)
u_memory.g_read[0].g_bank[1].g_slice[0].u_sram/din[24]    0.350000    0.582559   -0.232559 (VIOLATED)
u_memory._419_/A1                       0.350000    0.581254   -0.231253 (VIOLATED)
fanout204/A                             0.350000    0.581057   -0.231057 (VIOLATED)
u_memory.g_read[1].g_bank[1].g_slice[0].u_sram/wmask[1]    0.350000    0.580725   -0.230725 (VIOLATED)
u_memory.g_read[1].g_bank[0].g_slice[0].u_sram/wmask[1]    0.350000    0.580722   -0.230722 (VIOLATED)
u_memory._174_/Y                        0.350000    0.579693   -0.229693 (VIOLATED)
u_memory.g_read[1].g_bank[0].g_slice[0].u_sram/wmask[3]    0.350000    0.573424   -0.223423 (VIOLATED)
max_cap455/A                            0.350000    0.569469   -0.219469 (VIOLATED)
u_memory._411_/A1                       0.350000    0.569238   -0.219238 (VIOLATED)
wire22/X                                0.350000    0.569200   -0.219200 (VIOLATED)
wire264/X                               0.350000    0.568110   -0.218110 (VIOLATED)
u_memory.g_read[0].g_bank[1].g_slice[0].u_sram/din[29]    0.350000    0.566836   -0.216836 (VIOLATED)
u_memory.g_read[0].g_bank[1].g_slice[0].u_sram/din[16]    0.350000    0.563961   -0.213961 (VIOLATED)
u_memory.g_read[1].g_bank[1].g_slice[0].u_sram/din[10]    0.350000    0.561875   -0.211875 (VIOLATED)
u_memory.g_read[0].g_bank[1].g_slice[0].u_sram/din[26]    0.350000    0.558230   -0.208230 (VIOLATED)
u_memory.g_read[0].g_bank[1].g_slice[0].u_sram/din[11]    0.350000    0.556304   -0.206304 (VIOLATED)
u_memory.g_read[0].g_bank[2].g_slice[0].u_sram/ce    0.350000    0.555865   -0.205865 (VIOLATED)
u_memory.g_read[0].g_bank[1].g_slice[0].u_sram/din[19]    0.350000    0.552167   -0.202167 (VIOLATED)
u_memory._194_/A                        0.350000    0.550842   -0.200842 (VIOLATED)
u_memory._196_/A_N                      0.350000    0.550835   -0.200835 (VIOLATED)
u_memory._198_/B                        0.350000    0.550810   -0.200810 (VIOLATED)
wire628/X                               0.350000    0.549671   -0.199671 (VIOLATED)
u_memory._387_/B2                       0.350000    0.548281   -0.198281 (VIOLATED)
u_memory._386_/X                        0.350000    0.548187   -0.198187 (VIOLATED)
u_memory._181_/A_N                      0.350000    0.548098   -0.198098 (VIOLATED)
u_memory._185_/B                        0.350000    0.548090   -0.198090 (VIOLATED)
u_memory._190_/A                        0.350000    0.548074   -0.198074 (VIOLATED)
u_memory._177_/A                        0.350000    0.548065   -0.198065 (VIOLATED)
max_cap496/A                            0.350000    0.547531   -0.197531 (VIOLATED)
max_cap495/A                            0.350000    0.547468   -0.197468 (VIOLATED)
wire627/X                               0.350000    0.546834   -0.196834 (VIOLATED)
u_memory._417_/A1                       0.350000    0.546732   -0.196732 (VIOLATED)
wire21/X                                0.350000    0.546592   -0.196591 (VIOLATED)
u_memory.g_read[0].g_bank[2].g_slice[0].u_sram/addr[0]    0.350000    0.544783   -0.194783 (VIOLATED)
u_memory.g_read[0].g_bank[3].g_slice[0].u_sram/addr[0]    0.350000    0.544663   -0.194663 (VIOLATED)
u_memory.g_read[0].g_bank[1].g_slice[0].u_sram/din[10]    0.350000    0.544428   -0.194428 (VIOLATED)
u_memory._183_/B                        0.350000    0.544324   -0.194324 (VIOLATED)
u_memory._422_/A0                       0.350000    0.544324   -0.194324 (VIOLATED)
hold223/X                               0.350000    0.544248   -0.194247 (VIOLATED)
max_cap441/A                            0.350000    0.541864   -0.191864 (VIOLATED)
wire23/X                                0.350000    0.541608   -0.191608 (VIOLATED)
u_memory._195_/A1                       0.350000    0.539079   -0.189079 (VIOLATED)
wire193/X                               0.350000    0.537612   -0.187612 (VIOLATED)
u_memory._318_/A1                       0.350000    0.534578   -0.184578 (VIOLATED)
hold185/X                               0.350000    0.534571   -0.184571 (VIOLATED)
u_memory.g_read[1].g_bank[3].g_slice[0].u_sram/din[24]    0.350000    0.534254   -0.184254 (VIOLATED)
u_memory.g_read[0].g_bank[1].g_slice[0].u_sram/din[13]    0.350000    0.532232   -0.182232 (VIOLATED)
u_memory.g_read[1].g_bank[1].g_slice[0].u_sram/din[5]    0.350000    0.531034   -0.181034 (VIOLATED)
wire261/X                               0.350000    0.529509   -0.179509 (VIOLATED)
u_memory.g_read[0].g_bank[3].g_slice[0].u_sram/din[28]    0.350000    0.528130   -0.178130 (VIOLATED)
u_memory.g_read[1].g_bank[3].g_slice[0].u_sram/din[17]    0.350000    0.527756   -0.177756 (VIOLATED)
u_memory.g_read[1].g_bank[3].g_slice[0].u_sram/din[28]    0.350000    0.526342   -0.176342 (VIOLATED)
u_memory._399_/A1                       0.350000    0.524678   -0.174678 (VIOLATED)
u_memory.g_read[1].g_bank[3].g_slice[0].u_sram/din[22]    0.350000    0.524095   -0.174095 (VIOLATED)
u_memory.g_read[0].g_bank[3].g_slice[0].u_sram/din[25]    0.350000    0.523493   -0.173493 (VIOLATED)
u_memory.g_read[0].g_bank[3].g_slice[0].u_sram/ce    0.350000    0.523139   -0.173139 (VIOLATED)
u_memory.g_read[0].g_bank[1].g_slice[0].u_sram/din[8]    0.350000    0.523063   -0.173063 (VIOLATED)
u_memory.g_read[0].g_bank[1].g_slice[0].u_sram/din[2]    0.350000    0.522950   -0.172950 (VIOLATED)
u_memory.g_read[1].g_bank[0].g_slice[0].u_sram/we    0.350000    0.522591   -0.172591 (VIOLATED)
u_memory.g_read[0].g_bank[1].g_slice[0].u_sram/din[20]    0.350000    0.520582   -0.170582 (VIOLATED)
u_memory.g_read[0].g_bank[1].g_slice[0].u_sram/din[18]    0.350000    0.519554   -0.169554 (VIOLATED)
u_memory.g_read[1].g_bank[1].g_slice[0].u_sram/din[6]    0.350000    0.519447   -0.169447 (VIOLATED)
u_memory.g_read[1].g_bank[1].g_slice[0].u_sram/we    0.350000    0.519403   -0.169403 (VIOLATED)
u_memory.g_read[0].g_bank[3].g_slice[0].u_sram/din[14]    0.350000    0.518896   -0.168896 (VIOLATED)
u_memory.g_read[0].g_bank[3].g_slice[0].u_sram/din[5]    0.350000    0.518728   -0.168728 (VIOLATED)
u_memory.g_read[1].g_bank[3].g_slice[0].u_sram/din[23]    0.350000    0.518718   -0.168718 (VIOLATED)
u_memory.g_read[0].g_bank[3].g_slice[0].u_sram/din[11]    0.350000    0.517022   -0.167022 (VIOLATED)
u_memory.g_read[0].g_bank[1].g_slice[0].u_sram/din[22]    0.350000    0.515863   -0.165863 (VIOLATED)
u_memory.g_read[0].g_bank[3].g_slice[0].u_sram/din[15]    0.350000    0.515092   -0.165092 (VIOLATED)
u_memory.g_read[1].g_bank[3].g_slice[0].u_sram/din[1]    0.350000    0.514461   -0.164461 (VIOLATED)
u_memory._424_/A                        0.350000    0.514320   -0.164320 (VIOLATED)
u_memory._196_/C                        0.350000    0.514313   -0.164313 (VIOLATED)
u_memory._194_/C_N                      0.350000    0.514311   -0.164311 (VIOLATED)
u_memory._198_/A                        0.350000    0.514275   -0.164275 (VIOLATED)
u_memory.g_read[0].g_bank[3].g_slice[0].u_sram/din[6]    0.350000    0.513468   -0.163468 (VIOLATED)
wire632/X                               0.350000    0.513287   -0.163287 (VIOLATED)
_003_/D                                 0.350000    0.513182   -0.163182 (VIOLATED)
u_memory._215_/X                        0.350000    0.513098   -0.163098 (VIOLATED)
u_memory.g_read[0].g_bank[1].g_slice[0].u_sram/din[14]    0.350000    0.512123   -0.162123 (VIOLATED)
u_memory._315_/A1                       0.350000    0.511645   -0.161645 (VIOLATED)
hold195/X                               0.350000    0.511589   -0.161589 (VIOLATED)
u_memory._201_/A2                       0.350000    0.511288   -0.161288 (VIOLATED)
u_memory._199_/B                        0.350000    0.511258   -0.161258 (VIOLATED)
u_memory._426_/A2                       0.350000    0.511210   -0.161210 (VIOLATED)
wire191/X                               0.350000    0.511181   -0.161181 (VIOLATED)
u_memory.g_read[0].g_bank[3].g_slice[0].u_sram/din[17]    0.350000    0.511135   -0.161135 (VIOLATED)
u_memory.g_read[1].g_bank[3].g_slice[0].u_sram/din[18]    0.350000    0.511107   -0.161107 (VIOLATED)
u_memory.g_read[0].g_bank[3].g_slice[0].u_sram/din[30]    0.350000    0.510459   -0.160459 (VIOLATED)
wire268/X                               0.350000    0.509977   -0.159977 (VIOLATED)
u_memory.g_read[1].g_bank[2].g_slice[0].u_sram/din[3]    0.350000    0.509669   -0.159669 (VIOLATED)
_104_/D                                 0.350000    0.508610   -0.158610 (VIOLATED)
wire643/X                               0.350000    0.508523   -0.158523 (VIOLATED)
u_memory.g_read[0].g_bank[3].g_slice[0].u_sram/din[19]    0.350000    0.508137   -0.158137 (VIOLATED)
u_memory.g_read[0].g_bank[3].g_slice[0].u_sram/din[27]    0.350000    0.508085   -0.158085 (VIOLATED)
u_memory.g_read[0].g_bank[1].g_slice[0].u_sram/din[15]    0.350000    0.508063   -0.158063 (VIOLATED)
u_memory.g_read[1].g_bank[3].g_slice[0].u_sram/din[13]    0.350000    0.507984   -0.157984 (VIOLATED)
u_memory.g_read[1].g_bank[3].g_slice[0].u_sram/din[10]    0.350000    0.507818   -0.157818 (VIOLATED)
u_memory.g_read[1].g_bank[3].g_slice[0].u_sram/wmask[1]    0.350000    0.507624   -0.157624 (VIOLATED)
u_memory.g_read[0].g_bank[3].g_slice[0].u_sram/din[7]    0.350000    0.507426   -0.157426 (VIOLATED)
u_memory.g_read[1].g_bank[2].g_slice[0].u_sram/wmask[1]    0.350000    0.506624   -0.156624 (VIOLATED)
u_memory.g_read[1].g_bank[2].g_slice[0].u_sram/din[26]    0.350000    0.505532   -0.155532 (VIOLATED)
u_memory._308_/A1                       0.350000    0.503584   -0.153584 (VIOLATED)
u_memory._317_/A0                       0.350000    0.502838   -0.152838 (VIOLATED)
hold209/X                               0.350000    0.502556   -0.152556 (VIOLATED)
wire385/A                               0.350000    0.501323   -0.151323 (VIOLATED)
u_memory.g_read[1].g_bank[0].g_slice[0].u_sram/din[27]    0.350000    0.500379   -0.150379 (VIOLATED)
u_memory._288_/B2                       0.350000    0.500035   -0.150035 (VIOLATED)
u_memory._287_/X                        0.350000    0.499178   -0.149178 (VIOLATED)
u_memory.g_read[1].g_bank[0].g_slice[0].u_sram/din[8]    0.350000    0.498465   -0.148465 (VIOLATED)
max_cap386/A                            0.350000    0.498219   -0.148219 (VIOLATED)
u_memory._360_/B1                       0.350000    0.496967   -0.146967 (VIOLATED)
wire387/X                               0.350000    0.496010   -0.146010 (VIOLATED)
u_memory._358_/X                        0.350000    0.495896   -0.145896 (VIOLATED)
u_memory.g_read[0].g_bank[0].g_slice[0].u_sram/din[7]    0.350000    0.495325   -0.145325 (VIOLATED)
u_memory.g_read[0].g_bank[0].g_slice[0].u_sram/din[4]    0.350000    0.494430   -0.144430 (VIOLATED)
u_memory._288_/B1                       0.350000    0.493043   -0.143043 (VIOLATED)
u_memory.g_read[0].g_bank[3].g_slice[0].u_sram/wmask[0]    0.350000    0.493007   -0.143007 (VIOLATED)
u_memory._313_/A0                       0.350000    0.492723   -0.142723 (VIOLATED)
u_memory._304_/A1                       0.350000    0.492700   -0.142700 (VIOLATED)
hold199/X                               0.350000    0.492575   -0.142575 (VIOLATED)
u_memory.g_read[0].g_bank[2].g_slice[0].u_sram/wmask[0]    0.350000    0.492372   -0.142372 (VIOLATED)
u_memory._286_/X                        0.350000    0.492169   -0.142169 (VIOLATED)
u_memory.g_read[0].g_bank[0].g_slice[0].u_sram/din[24]    0.350000    0.491948   -0.141948 (VIOLATED)
u_memory.g_read[1].g_bank[0].g_slice[0].u_sram/din[0]    0.350000    0.489830   -0.139830 (VIOLATED)
u_memory.g_read[1].g_bank[0].g_slice[0].u_sram/din[28]    0.350000    0.489780   -0.139780 (VIOLATED)
u_memory.g_read[0].g_bank[0].g_slice[0].u_sram/din[6]    0.350000    0.489693   -0.139693 (VIOLATED)
u_memory.g_read[0].g_bank[0].g_slice[0].u_sram/din[9]    0.350000    0.489562   -0.139562 (VIOLATED)
u_memory.g_read[0].g_bank[0].g_slice[0].u_sram/din[1]    0.350000    0.489325   -0.139325 (VIOLATED)
u_memory._178_/A2                       0.350000    0.488171   -0.138171 (VIOLATED)
u_memory._177_/Y                        0.350000    0.488163   -0.138163 (VIOLATED)
u_memory._314_/A1                       0.350000    0.487875   -0.137875 (VIOLATED)
hold189/X                               0.350000    0.487833   -0.137833 (VIOLATED)
u_memory._307_/A1                       0.350000    0.487579   -0.137579 (VIOLATED)
u_memory.g_read[0].g_bank[0].g_slice[0].u_sram/din[8]    0.350000    0.487515   -0.137515 (VIOLATED)
u_memory._316_/A0                       0.350000    0.487040   -0.137040 (VIOLATED)
u_memory.g_read[1].g_bank[0].g_slice[0].u_sram/din[14]    0.350000    0.486797   -0.136797 (VIOLATED)
u_memory.g_read[0].g_bank[0].g_slice[0].u_sram/we    0.350000    0.486697   -0.136697 (VIOLATED)
hold203/X                               0.350000    0.486581   -0.136581 (VIOLATED)
u_memory._414_/B1                       0.350000    0.485603   -0.135603 (VIOLATED)
u_memory._321_/A1                       0.350000    0.485595   -0.135595 (VIOLATED)
hold183/X                               0.350000    0.485550   -0.135549 (VIOLATED)
u_memory.g_read[0].g_bank[0].g_slice[0].u_sram/din[0]    0.350000    0.485251   -0.135251 (VIOLATED)
u_memory.g_read[1].g_bank[0].g_slice[0].u_sram/din[23]    0.350000    0.484567   -0.134567 (VIOLATED)
u_memory.g_read[1].g_bank[0].g_slice[0].u_sram/din[5]    0.350000    0.484508   -0.134508 (VIOLATED)
u_memory.g_read[0].g_bank[0].g_slice[0].u_sram/din[11]    0.350000    0.484448   -0.134448 (VIOLATED)
wire171/X                               0.350000    0.484336   -0.134336 (VIOLATED)
max_cap485/X                            0.350000    0.484086   -0.134086 (VIOLATED)
u_memory.g_read[1].g_bank[2].g_slice[0].u_sram/din[8]    0.350000    0.483755   -0.133755 (VIOLATED)
u_memory.g_read[0].g_bank[0].g_slice[0].u_sram/din[30]    0.350000    0.483682   -0.133682 (VIOLATED)
u_memory.g_read[1].g_bank[3].g_slice[0].u_sram/din[21]    0.350000    0.483403   -0.133403 (VIOLATED)
u_memory.g_read[1].g_bank[0].g_slice[0].u_sram/din[20]    0.350000    0.483340   -0.133340 (VIOLATED)
u_memory.g_read[1].g_bank[0].g_slice[0].u_sram/din[7]    0.350000    0.483246   -0.133245 (VIOLATED)
u_memory.g_read[0].g_bank[0].g_slice[0].u_sram/din[18]    0.350000    0.483232   -0.133232 (VIOLATED)
u_memory.g_read[1].g_bank[0].g_slice[0].u_sram/wmask[2]    0.350000    0.482197   -0.132197 (VIOLATED)
u_memory._333_/B1                       0.350000    0.482123   -0.132123 (VIOLATED)
u_memory.g_read[0].g_bank[1].g_slice[0].u_sram/we    0.350000    0.482099   -0.132099 (VIOLATED)
u_memory._428_/RESET_B                  0.350000    0.481943   -0.131943 (VIOLATED)
u_memory._427_/RESET_B                  0.350000    0.481831   -0.131831 (VIOLATED)
u_memory._191_/B1                       0.350000    0.481555   -0.131555 (VIOLATED)
u_memory.g_read[1].g_bank[1].g_slice[0].u_sram/wmask[2]    0.350000    0.481435   -0.131435 (VIOLATED)
u_memory.g_read[0].g_bank[2].g_slice[0].u_sram/din[16]    0.350000    0.481363   -0.131363 (VIOLATED)
u_memory._331_/X                        0.350000    0.481286   -0.131286 (VIOLATED)
u_memory.g_read[0].g_bank[2].g_slice[0].u_sram/din[13]    0.350000    0.481060   -0.131060 (VIOLATED)
u_memory.g_read[0].g_bank[0].g_slice[0].u_sram/din[19]    0.350000    0.481010   -0.131010 (VIOLATED)
u_memory._186_/B1                       0.350000    0.480987   -0.130987 (VIOLATED)
u_memory._318_/A0                       0.350000    0.480715   -0.130715 (VIOLATED)
u_memory.g_read[1].g_bank[3].g_slice[0].u_sram/addr[8]    0.350000    0.480709   -0.130709 (VIOLATED)
u_memory._182_/B1                       0.350000    0.480597   -0.130597 (VIOLATED)
max_cap595/X                            0.350000    0.480541   -0.130541 (VIOLATED)
u_memory.g_read[1].g_bank[2].g_slice[0].u_sram/addr[8]    0.350000    0.480327   -0.130327 (VIOLATED)
u_memory._425_/A0                       0.350000    0.480098   -0.130098 (VIOLATED)
u_memory.g_read[1].g_bank[1].g_slice[0].u_sram/din[28]    0.350000    0.479946   -0.129946 (VIOLATED)
u_memory._178_/B1                       0.350000    0.479392   -0.129392 (VIOLATED)
u_memory.g_read[0].g_bank[0].g_slice[0].u_sram/din[26]    0.350000    0.479385   -0.129385 (VIOLATED)
hold46/X                                0.350000    0.479366   -0.129366 (VIOLATED)
u_memory.g_read[1].g_bank[0].g_slice[0].u_sram/din[24]    0.350000    0.479112   -0.129112 (VIOLATED)
u_memory._340_/C                        0.350000    0.478805   -0.128805 (VIOLATED)
u_memory.g_read[0].g_bank[0].g_slice[0].u_sram/din[29]    0.350000    0.478677   -0.128677 (VIOLATED)
u_memory.g_read[1].g_bank[0].g_slice[0].u_sram/din[18]    0.350000    0.478506   -0.128506 (VIOLATED)
wire212/X                               0.350000    0.478125   -0.128125 (VIOLATED)
u_memory._430_/RESET_B                  0.350000    0.477986   -0.127986 (VIOLATED)
u_memory._240_/B1                       0.350000    0.477625   -0.127625 (VIOLATED)
u_memory._238_/X                        0.350000    0.476617   -0.126617 (VIOLATED)
u_memory._429_/RESET_B                  0.350000    0.476438   -0.126438 (VIOLATED)
u_memory.g_read[0].g_bank[0].g_slice[0].u_sram/wmask[2]    0.350000    0.476353   -0.126353 (VIOLATED)
max_cap403/A                            0.350000    0.476090   -0.126090 (VIOLATED)
u_memory._236_/A1                       0.350000    0.475718   -0.125718 (VIOLATED)
u_memory._408_/A1                       0.350000    0.474976   -0.124976 (VIOLATED)
u_memory._351_/A1                       0.350000    0.474962   -0.124962 (VIOLATED)
max_cap572/A                            0.350000    0.474934   -0.124934 (VIOLATED)
u_memory._309_/A1                       0.350000    0.474856   -0.124855 (VIOLATED)
output77/A                              0.350000    0.474781   -0.124781 (VIOLATED)
_014_/Q                                 0.350000    0.474698   -0.124698 (VIOLATED)
max_cap207/X                            0.350000    0.474610   -0.124610 (VIOLATED)
hold179/X                               0.350000    0.474458   -0.124458 (VIOLATED)
wire254/X                               0.350000    0.474326   -0.124326 (VIOLATED)
max_cap573/X                            0.350000    0.474198   -0.124198 (VIOLATED)
u_memory.g_read[0].g_bank[1].g_slice[0].u_sram/wmask[2]    0.350000    0.474119   -0.124119 (VIOLATED)
u_memory._354_/A1                       0.350000    0.474047   -0.124047 (VIOLATED)
wire265/X                               0.350000    0.473948   -0.123948 (VIOLATED)
u_memory.g_read[1].g_bank[2].g_slice[0].u_sram/din[5]    0.350000    0.473939   -0.123939 (VIOLATED)
u_memory.g_read[0].g_bank[0].g_slice[0].u_sram/din[31]    0.350000    0.473523   -0.123523 (VIOLATED)
u_memory.g_read[0].g_bank[3].g_slice[0].u_sram/din[9]    0.350000    0.473452   -0.123452 (VIOLATED)
wire253/X                               0.350000    0.473402   -0.123402 (VIOLATED)
u_memory.g_read[1].g_bank[2].g_slice[0].u_sram/din[6]    0.350000    0.473132   -0.123132 (VIOLATED)
u_memory._319_/A1                       0.350000    0.472435   -0.122435 (VIOLATED)
hold193/X                               0.350000    0.472382   -0.122382 (VIOLATED)
u_memory._375_/B1                       0.350000    0.471156   -0.121156 (VIOLATED)
output93/A                              0.350000    0.470931   -0.120931 (VIOLATED)
max_cap612/X                            0.350000    0.470707   -0.120707 (VIOLATED)
_029_/Q                                 0.350000    0.470436   -0.120436 (VIOLATED)
u_memory._345_/B1                       0.350000    0.470388   -0.120388 (VIOLATED)
u_memory._373_/X                        0.350000    0.470320   -0.120320 (VIOLATED)
u_memory._343_/X                        0.350000    0.469582   -0.119582 (VIOLATED)
u_memory._294_/B2                       0.350000    0.469017   -0.119017 (VIOLATED)
u_memory.g_read[0].g_bank[2].g_slice[0].u_sram/din[19]    0.350000    0.468655   -0.118655 (VIOLATED)
u_memory._293_/X                        0.350000    0.468233   -0.118233 (VIOLATED)
max_cap406/A                            0.350000    0.467681   -0.117681 (VIOLATED)
max_cap405/A                            0.350000    0.467679   -0.117679 (VIOLATED)
max_cap409/X                            0.350000    0.467562   -0.117562 (VIOLATED)
u_memory.g_read[0].g_bank[2].g_slice[0].u_sram/din[4]    0.350000    0.467099   -0.117099 (VIOLATED)
u_memory.g_read[0].g_bank[1].g_slice[0].u_sram/din[28]    0.350000    0.467077   -0.117077 (VIOLATED)
u_memory.g_read[0].g_bank[1].g_slice[0].u_sram/din[4]    0.350000    0.466710   -0.116710 (VIOLATED)
u_memory.g_read[0].g_bank[1].g_slice[0].u_sram/din[0]    0.350000    0.466230   -0.116230 (VIOLATED)
max_cap552/A                            0.350000    0.465952   -0.115952 (VIOLATED)
max_cap553/A                            0.350000    0.465849   -0.115849 (VIOLATED)
u_memory.g_read[1].g_bank[1].g_slice[0].u_sram/din[24]    0.350000    0.465371   -0.115371 (VIOLATED)
u_memory.g_read[1].g_bank[1].g_slice[0].u_sram/din[29]    0.350000    0.464906   -0.114906 (VIOLATED)
u_memory.g_read[0].g_bank[2].g_slice[0].u_sram/din[1]    0.350000    0.464627   -0.114627 (VIOLATED)
u_memory._359_/A2                       0.350000    0.464597   -0.114597 (VIOLATED)
u_memory.g_read[0].g_bank[2].g_slice[0].u_sram/din[25]    0.350000    0.464149   -0.114149 (VIOLATED)
wire250/X                               0.350000    0.463959   -0.113959 (VIOLATED)
u_memory._373_/C                        0.350000    0.463947   -0.113947 (VIOLATED)
wire26/X                                0.350000    0.463932   -0.113932 (VIOLATED)
u_memory.g_read[0].g_bank[2].g_slice[0].u_sram/addr[3]    0.350000    0.463374   -0.113374 (VIOLATED)
u_memory.g_read[0].g_bank[3].g_slice[0].u_sram/addr[3]    0.350000    0.463283   -0.113283 (VIOLATED)
wire226/X                               0.350000    0.463116   -0.113116 (VIOLATED)
_109_/D                                 0.350000    0.461665   -0.111665 (VIOLATED)
wire642/X                               0.350000    0.461628   -0.111628 (VIOLATED)
u_memory.g_read[1].g_bank[3].g_slice[0].u_sram/din[3]    0.350000    0.461552   -0.111552 (VIOLATED)
max_cap610/A                            0.350000    0.461368   -0.111368 (VIOLATED)
max_cap609/A                            0.350000    0.461368   -0.111368 (VIOLATED)
u_memory._341_/A2                       0.350000    0.460878   -0.110878 (VIOLATED)
wire20/X                                0.350000    0.460537   -0.110537 (VIOLATED)
u_memory._236_/B1                       0.350000    0.460476   -0.110476 (VIOLATED)
wire554/X                               0.350000    0.460422   -0.110422 (VIOLATED)
wire238/X                               0.350000    0.460262   -0.110262 (VIOLATED)
wire391/A                               0.350000    0.460249   -0.110249 (VIOLATED)
max_cap396/A                            0.350000    0.460217   -0.110217 (VIOLATED)
hold131/X                               0.350000    0.459755   -0.109755 (VIOLATED)
wire28/X                                0.350000    0.459710   -0.109710 (VIOLATED)
u_memory._362_/A2                       0.350000    0.459267   -0.109267 (VIOLATED)
_113_/D                                 0.350000    0.459159   -0.109159 (VIOLATED)
input41/X                               0.350000    0.459121   -0.109121 (VIOLATED)
wire249/X                               0.350000    0.458642   -0.108642 (VIOLATED)
wire647/X                               0.350000    0.458630   -0.108630 (VIOLATED)
u_memory._220_/A2                       0.350000    0.458611   -0.108611 (VIOLATED)
wire18/X                                0.350000    0.458342   -0.108342 (VIOLATED)
u_memory.g_read[0].g_bank[3].g_slice[0].u_sram/din[3]    0.350000    0.458329   -0.108329 (VIOLATED)
u_memory.g_read[0].g_bank[2].g_slice[0].u_sram/din[20]    0.350000    0.458294   -0.108294 (VIOLATED)
u_memory.g_read[1].g_bank[3].g_slice[0].u_sram/din[9]    0.350000    0.458271   -0.108271 (VIOLATED)
_002_/D                                 0.350000    0.458080   -0.108080 (VIOLATED)
u_memory._212_/X                        0.350000    0.458028   -0.108028 (VIOLATED)
wire319/X                               0.350000    0.457969   -0.107969 (VIOLATED)
u_memory._388_/C                        0.350000    0.457563   -0.107563 (VIOLATED)
u_memory.g_read[0].g_bank[2].g_slice[0].u_sram/addr[4]    0.350000    0.457470   -0.107470 (VIOLATED)
u_memory.g_read[0].g_bank[3].g_slice[0].u_sram/addr[4]    0.350000    0.457369   -0.107369 (VIOLATED)
wire221/X                               0.350000    0.456761   -0.106761 (VIOLATED)
u_memory.g_read[0].g_bank[2].g_slice[0].u_sram/din[15]    0.350000    0.456732   -0.106732 (VIOLATED)
u_memory.g_read[0].g_bank[2].g_slice[0].u_sram/din[12]    0.350000    0.456542   -0.106542 (VIOLATED)
_112_/D                                 0.350000    0.456390   -0.106390 (VIOLATED)
input40/X                               0.350000    0.456351   -0.106351 (VIOLATED)
max_cap420/A                            0.350000    0.455911   -0.105911 (VIOLATED)
wire25/X                                0.350000    0.455419   -0.105419 (VIOLATED)
u_memory.g_read[1].g_bank[3].g_slice[0].u_sram/din[26]    0.350000    0.455046   -0.105046 (VIOLATED)
wire387/A                               0.350000    0.454442   -0.104442 (VIOLATED)
max_cap389/A                            0.350000    0.453886   -0.103886 (VIOLATED)
max_cap390/A                            0.350000    0.453724   -0.103724 (VIOLATED)
hold112/X                               0.350000    0.453266   -0.103266 (VIOLATED)
max_cap455/X                            0.350000    0.451776   -0.101776 (VIOLATED)
u_memory._179_/C_N                      0.350000    0.450637   -0.100637 (VIOLATED)
u_memory._183_/C                        0.350000    0.450573   -0.100573 (VIOLATED)
u_memory._421_/A                        0.350000    0.450510   -0.100510 (VIOLATED)
u_memory._187_/A                        0.350000    0.450449   -0.100449 (VIOLATED)
_065_/Q                                 0.350000    0.450054   -0.100054 (VIOLATED)
u_memory.g_read[0].g_bank[1].g_slice[0].u_sram/ce    0.350000    0.448982   -0.098982 (VIOLATED)
u_memory._181_/B                        0.350000    0.448042   -0.098042 (VIOLATED)
u_memory._190_/B                        0.350000    0.448040   -0.098040 (VIOLATED)
_079_/D                                 0.350000    0.448032   -0.098032 (VIOLATED)
hold12/X                                0.350000    0.447993   -0.097992 (VIOLATED)
max_cap390/X                            0.350000    0.447737   -0.097737 (VIOLATED)
input4/X                                0.350000    0.447326   -0.097326 (VIOLATED)
u_memory.g_read[1].g_bank[3].g_slice[0].u_sram/din[14]    0.350000    0.446746   -0.096746 (VIOLATED)
u_memory._297_/A1                       0.350000    0.446716   -0.096716 (VIOLATED)
u_memory._396_/B1                       0.350000    0.446490   -0.096490 (VIOLATED)
wire172/X                               0.350000    0.446366   -0.096366 (VIOLATED)
u_memory.g_read[0].g_bank[2].g_slice[0].u_sram/din[9]    0.350000    0.446237   -0.096237 (VIOLATED)
output89/A                              0.350000    0.446212   -0.096212 (VIOLATED)
wire347/X                               0.350000    0.446091   -0.096091 (VIOLATED)
_025_/Q                                 0.350000    0.445607   -0.095607 (VIOLATED)
u_memory.g_read[1].g_bank[3].g_slice[0].u_sram/din[7]    0.350000    0.444961   -0.094961 (VIOLATED)
u_memory.g_read[1].g_bank[1].g_slice[0].u_sram/din[3]    0.350000    0.444835   -0.094835 (VIOLATED)
u_memory.g_read[0].g_bank[2].g_slice[0].u_sram/din[5]    0.350000    0.444143   -0.094143 (VIOLATED)
max_cap623/X                            0.350000    0.443482   -0.093482 (VIOLATED)
_039_/D                                 0.350000    0.443125   -0.093125 (VIOLATED)
u_memory._345_/X                        0.350000    0.443070   -0.093070 (VIOLATED)
u_memory.g_read[0].g_bank[1].g_slice[0].u_sram/din[17]    0.350000    0.443003   -0.093003 (VIOLATED)
max_cap427/A                            0.350000    0.442901   -0.092901 (VIOLATED)
wire24/X                                0.350000    0.442304   -0.092304 (VIOLATED)
output128/A                             0.350000    0.441807   -0.091807 (VIOLATED)
u_memory.g_read[1].g_bank[2].g_slice[0].u_sram/din[21]    0.350000    0.441793   -0.091793 (VIOLATED)
_006_/Q                                 0.350000    0.441729   -0.091729 (VIOLATED)
u_memory.g_read[0].g_bank[1].g_slice[0].u_sram/din[1]    0.350000    0.441432   -0.091432 (VIOLATED)
u_memory.g_read[1].g_bank[2].g_slice[0].u_sram/din[0]    0.350000    0.441361   -0.091361 (VIOLATED)
u_memory.g_read[1].g_bank[1].g_slice[0].u_sram/ce    0.350000    0.441064   -0.091064 (VIOLATED)
u_memory.g_read[0].g_bank[1].g_slice[0].u_sram/din[9]    0.350000    0.440822   -0.090822 (VIOLATED)
u_memory._390_/B2                       0.350000    0.440326   -0.090326 (VIOLATED)
u_memory._389_/X                        0.350000    0.440283   -0.090283 (VIOLATED)
u_memory._320_/A1                       0.350000    0.440138   -0.090138 (VIOLATED)
hold181/X                               0.350000    0.440105   -0.090105 (VIOLATED)
output80/A                              0.350000    0.439811   -0.089811 (VIOLATED)
_017_/Q                                 0.350000    0.439767   -0.089767 (VIOLATED)
fanout176/A                             0.350000    0.439019   -0.089019 (VIOLATED)
u_memory._417_/A2                       0.350000    0.439000   -0.089000 (VIOLATED)
u_memory._420_/A2                       0.350000    0.438980   -0.088980 (VIOLATED)
u_memory._405_/A2                       0.350000    0.438918   -0.088918 (VIOLATED)
u_memory._411_/A2                       0.350000    0.438663   -0.088663 (VIOLATED)
u_memory.g_read[1].g_bank[3].g_slice[0].u_sram/addr[2]    0.350000    0.438390   -0.088390 (VIOLATED)
u_memory._396_/A2                       0.350000    0.438003   -0.088003 (VIOLATED)
u_memory._381_/A2                       0.350000    0.437759   -0.087759 (VIOLATED)
u_memory.g_read[1].g_bank[2].g_slice[0].u_sram/addr[2]    0.350000    0.437653   -0.087653 (VIOLATED)
u_memory._323_/X                        0.350000    0.437401   -0.087401 (VIOLATED)
u_memory.g_read[0].g_bank[3].g_slice[0].u_sram/din[23]    0.350000    0.437251   -0.087251 (VIOLATED)
max_cap452/A                            0.350000    0.436730   -0.086730 (VIOLATED)
u_memory._267_/B1                       0.350000    0.436277   -0.086277 (VIOLATED)
u_memory.g_read[1].g_bank[2].g_slice[0].u_sram/din[1]    0.350000    0.436096   -0.086096 (VIOLATED)
u_memory._399_/B1                       0.350000    0.435960   -0.085960 (VIOLATED)
u_memory.g_read[0].g_bank[2].g_slice[0].u_sram/din[17]    0.350000    0.435844   -0.085844 (VIOLATED)
u_memory._265_/X                        0.350000    0.435488   -0.085488 (VIOLATED)
wire19/X                                0.350000    0.435224   -0.085224 (VIOLATED)
u_memory.g_read[1].g_bank[2].g_slice[0].u_sram/din[4]    0.350000    0.435030   -0.085030 (VIOLATED)
u_memory.g_read[1].g_bank[1].g_slice[0].u_sram/din[26]    0.350000    0.434902   -0.084902 (VIOLATED)
_033_/D                                 0.350000    0.434811   -0.084811 (VIOLATED)
u_memory._327_/X                        0.350000    0.434795   -0.084795 (VIOLATED)
u_memory.g_read[1].g_bank[3].g_slice[0].u_sram/din[15]    0.350000    0.434400   -0.084400 (VIOLATED)
u_memory.g_read[1].g_bank[3].g_slice[0].u_sram/din[0]    0.350000    0.433954   -0.083954 (VIOLATED)
u_memory._258_/A2                       0.350000    0.433868   -0.083868 (VIOLATED)
u_memory._261_/A2                       0.350000    0.433864   -0.083864 (VIOLATED)
u_memory._267_/A2                       0.350000    0.433844   -0.083844 (VIOLATED)
u_memory._270_/A2                       0.350000    0.433840   -0.083840 (VIOLATED)
u_memory._273_/A2                       0.350000    0.433837   -0.083837 (VIOLATED)
u_memory._279_/A2                       0.350000    0.433834   -0.083834 (VIOLATED)
u_memory._288_/A2                       0.350000    0.433617   -0.083617 (VIOLATED)
u_memory._282_/A2                       0.350000    0.433584   -0.083584 (VIOLATED)
u_memory._285_/A2                       0.350000    0.433571   -0.083571 (VIOLATED)
u_memory._294_/A2                       0.350000    0.433571   -0.083571 (VIOLATED)
fanout183/X                             0.350000    0.433564   -0.083564 (VIOLATED)
u_memory._291_/A2                       0.350000    0.433564   -0.083564 (VIOLATED)
u_memory._405_/A1                       0.350000    0.433483   -0.083483 (VIOLATED)
_081_/D                                 0.350000    0.432408   -0.082408 (VIOLATED)
wire644/X                               0.350000    0.432350   -0.082350 (VIOLATED)
u_memory._397_/X                        0.350000    0.431541   -0.081541 (VIOLATED)
wire11/X                                0.350000    0.431511   -0.081511 (VIOLATED)
_083_/D                                 0.350000    0.431370   -0.081370 (VIOLATED)
input8/X                                0.350000    0.430869   -0.080869 (VIOLATED)
u_memory.g_read[0].g_bank[2].g_slice[0].u_sram/din[7]    0.350000    0.430439   -0.080439 (VIOLATED)
u_memory.g_read[0].g_bank[2].g_slice[0].u_sram/din[8]    0.350000    0.429936   -0.079936 (VIOLATED)
_076_/D                                 0.350000    0.429868   -0.079868 (VIOLATED)
max_cap380/A                            0.350000    0.429827   -0.079827 (VIOLATED)
u_memory.g_read[0].g_bank[0].g_slice[0].u_sram/din[25]    0.350000    0.429803   -0.079803 (VIOLATED)
hold145/X                               0.350000    0.429599   -0.079598 (VIOLATED)
_111_/D                                 0.350000    0.429539   -0.079539 (VIOLATED)
input39/X                               0.350000    0.429508   -0.079508 (VIOLATED)
input22/X                               0.350000    0.429261   -0.079261 (VIOLATED)
u_memory.g_read[0].g_bank[2].g_slice[0].u_sram/din[23]    0.350000    0.429169   -0.079169 (VIOLATED)
u_memory.g_read[1].g_bank[3].g_slice[0].u_sram/din[8]    0.350000    0.429071   -0.079071 (VIOLATED)
u_memory._300_/B1                       0.350000    0.428909   -0.078909 (VIOLATED)
u_memory._299_/X                        0.350000    0.428218   -0.078218 (VIOLATED)
u_memory.g_read[1].g_bank[2].g_slice[0].u_sram/din[28]    0.350000    0.428157   -0.078157 (VIOLATED)
output97/A                              0.350000    0.427972   -0.077972 (VIOLATED)
_032_/Q                                 0.350000    0.427267   -0.077267 (VIOLATED)
u_memory._420_/A1                       0.350000    0.426921   -0.076921 (VIOLATED)
_100_/D                                 0.350000    0.426825   -0.076825 (VIOLATED)
wire645/X                               0.350000    0.426801   -0.076801 (VIOLATED)
u_memory.g_read[1].g_bank[2].g_slice[0].u_sram/din[12]    0.350000    0.425983   -0.075983 (VIOLATED)
wire260/X                               0.350000    0.425982   -0.075982 (VIOLATED)
_040_/D                                 0.350000    0.425857   -0.075857 (VIOLATED)
u_memory._348_/X                        0.350000    0.425825   -0.075825 (VIOLATED)
u_memory._377_/A2                       0.350000    0.425750   -0.075750 (VIOLATED)
u_memory._258_/B1                       0.350000    0.425651   -0.075651 (VIOLATED)
u_memory.g_read[1].g_bank[2].g_slice[0].u_sram/din[31]    0.350000    0.425414   -0.075414 (VIOLATED)
u_memory.g_read[0].g_bank[0].g_slice[0].u_sram/din[16]    0.350000    0.425332   -0.075332 (VIOLATED)
hold199/A                               0.350000    0.425303   -0.075303 (VIOLATED)
hold213/X                               0.350000    0.425293   -0.075293 (VIOLATED)
wire244/X                               0.350000    0.425155   -0.075155 (VIOLATED)
u_memory._348_/B1                       0.350000    0.425101   -0.075101 (VIOLATED)
u_memory._249_/B1                       0.350000    0.425036   -0.075036 (VIOLATED)
max_cap417/A                            0.350000    0.424920   -0.074920 (VIOLATED)
u_memory._256_/X                        0.350000    0.424852   -0.074852 (VIOLATED)
u_memory._346_/X                        0.350000    0.424651   -0.074651 (VIOLATED)
u_memory._247_/X                        0.350000    0.424512   -0.074512 (VIOLATED)
output78/A                              0.350000    0.424485   -0.074485 (VIOLATED)
_015_/Q                                 0.350000    0.424462   -0.074462 (VIOLATED)
u_memory.g_read[1].g_bank[2].g_slice[0].u_sram/din[16]    0.350000    0.424409   -0.074409 (VIOLATED)
_108_/D                                 0.350000    0.424183   -0.074183 (VIOLATED)
input67/X                               0.350000    0.424164   -0.074164 (VIOLATED)
_107_/D                                 0.350000    0.424096   -0.074096 (VIOLATED)
input66/X                               0.350000    0.424052   -0.074052 (VIOLATED)
u_memory._192_/A1                       0.350000    0.423892   -0.073892 (VIOLATED)
u_memory._330_/B1                       0.350000    0.423825   -0.073825 (VIOLATED)
_084_/D                                 0.350000    0.423791   -0.073791 (VIOLATED)
wire266/X                               0.350000    0.423776   -0.073776 (VIOLATED)
u_memory._188_/A_N                      0.350000    0.423738   -0.073738 (VIOLATED)
hold21/X                                0.350000    0.423583   -0.073583 (VIOLATED)
input9/X                                0.350000    0.423258   -0.073258 (VIOLATED)
u_memory._328_/X                        0.350000    0.423082   -0.073082 (VIOLATED)
output106/A                             0.350000    0.423008   -0.073008 (VIOLATED)
_004_/Q                                 0.350000    0.422983   -0.072983 (VIOLATED)
u_memory.g_read[1].g_bank[3].g_slice[0].u_sram/addr[1]    0.350000    0.422974   -0.072974 (VIOLATED)
max_cap508/A                            0.350000    0.422965   -0.072965 (VIOLATED)
u_memory._402_/B1                       0.350000    0.422953   -0.072953 (VIOLATED)
u_memory._204_/A_N                      0.350000    0.422865   -0.072865 (VIOLATED)
u_memory._172_/A                        0.350000    0.422756   -0.072756 (VIOLATED)
u_memory._261_/B1                       0.350000    0.422731   -0.072731 (VIOLATED)
u_memory.g_read[1].g_bank[0].g_slice[0].u_sram/din[10]    0.350000    0.422698   -0.072698 (VIOLATED)
u_memory._227_/B1                       0.350000    0.422617   -0.072617 (VIOLATED)
u_memory._203_/B                        0.350000    0.422537   -0.072537 (VIOLATED)
u_memory.g_read[0].g_bank[3].g_slice[0].u_sram/we    0.350000    0.422528   -0.072528 (VIOLATED)
_093_/D                                 0.350000    0.422390   -0.072390 (VIOLATED)
u_memory.g_read[1].g_bank[2].g_slice[0].u_sram/addr[1]    0.350000    0.422323   -0.072323 (VIOLATED)
u_memory._400_/X                        0.350000    0.422315   -0.072315 (VIOLATED)
u_memory.g_read[1].g_bank[2].g_slice[0].u_sram/din[9]    0.350000    0.422292   -0.072292 (VIOLATED)
u_memory._259_/X                        0.350000    0.422241   -0.072241 (VIOLATED)
max_cap509/X                            0.350000    0.422190   -0.072190 (VIOLATED)
u_memory._207_/A                        0.350000    0.422128   -0.072128 (VIOLATED)
u_memory.g_read[1].g_bank[0].g_slice[0].u_sram/din[17]    0.350000    0.421913   -0.071913 (VIOLATED)
input31/X                               0.350000    0.421855   -0.071855 (VIOLATED)
u_memory._206_/A                        0.350000    0.421843   -0.071843 (VIOLATED)
u_memory._225_/X                        0.350000    0.421831   -0.071831 (VIOLATED)
max_cap550/A                            0.350000    0.421398   -0.071398 (VIOLATED)
u_memory._294_/B1                       0.350000    0.420925   -0.070925 (VIOLATED)
_086_/D                                 0.350000    0.420881   -0.070881 (VIOLATED)
max_cap556/X                            0.350000    0.420742   -0.070742 (VIOLATED)
u_memory._235_/A                        0.350000    0.420735   -0.070735 (VIOLATED)
u_memory._292_/X                        0.350000    0.420499   -0.070499 (VIOLATED)
u_memory._262_/A                        0.350000    0.420459   -0.070459 (VIOLATED)
input11/X                               0.350000    0.420444   -0.070444 (VIOLATED)
u_memory._279_/B1                       0.350000    0.420122   -0.070122 (VIOLATED)
u_memory.g_read[0].g_bank[1].g_slice[0].u_sram/din[3]    0.350000    0.419786   -0.069786 (VIOLATED)
u_memory._277_/X                        0.350000    0.419691   -0.069691 (VIOLATED)
fanout377/A                             0.350000    0.419378   -0.069378 (VIOLATED)
hold168/A                               0.350000    0.419364   -0.069364 (VIOLATED)
u_memory.g_read[1].g_bank[3].g_slice[0].u_sram/din[6]    0.350000    0.419345   -0.069345 (VIOLATED)
u_memory._352_/C                        0.350000    0.419073   -0.069073 (VIOLATED)
wire13/X                                0.350000    0.418997   -0.068997 (VIOLATED)
u_memory.g_read[0].g_bank[2].g_slice[0].u_sram/din[2]    0.350000    0.418793   -0.068793 (VIOLATED)
u_memory.g_read[0].g_bank[2].g_slice[0].u_sram/din[21]    0.350000    0.418765   -0.068765 (VIOLATED)
u_memory.g_read[1].g_bank[2].g_slice[0].u_sram/din[7]    0.350000    0.418698   -0.068698 (VIOLATED)
max_cap438/A                            0.350000    0.418559   -0.068559 (VIOLATED)
u_memory._291_/A1                       0.350000    0.418461   -0.068461 (VIOLATED)
wire208/X                               0.350000    0.418312   -0.068312 (VIOLATED)
u_memory._177_/B                        0.350000    0.418212   -0.068212 (VIOLATED)
u_memory._185_/A_N                      0.350000    0.418211   -0.068211 (VIOLATED)
hold12/A                                0.350000    0.418112   -0.068112 (VIOLATED)
_098_/Q                                 0.350000    0.418052   -0.068052 (VIOLATED)
wire349/X                               0.350000    0.417945   -0.067945 (VIOLATED)
u_memory.g_read[1].g_bank[2].g_slice[0].u_sram/din[14]    0.350000    0.417363   -0.067363 (VIOLATED)
max_cap544/A                            0.350000    0.417224   -0.067224 (VIOLATED)
u_memory._303_/A1                       0.350000    0.417105   -0.067105 (VIOLATED)
u_memory._381_/B1                       0.350000    0.416713   -0.066713 (VIOLATED)
u_memory._405_/B1                       0.350000    0.416577   -0.066577 (VIOLATED)
wire344/X                               0.350000    0.416574   -0.066574 (VIOLATED)
output94/A                              0.350000    0.416522   -0.066522 (VIOLATED)
max_cap545/X                            0.350000    0.416370   -0.066370 (VIOLATED)
u_memory._403_/X                        0.350000    0.416253   -0.066253 (VIOLATED)
wire148/X                               0.350000    0.416073   -0.066073 (VIOLATED)
_030_/Q                                 0.350000    0.415991   -0.065991 (VIOLATED)
u_memory._379_/X                        0.350000    0.415856   -0.065856 (VIOLATED)
u_memory._417_/B1                       0.350000    0.415717   -0.065717 (VIOLATED)
output74/A                              0.350000    0.415649   -0.065649 (VIOLATED)
_011_/Q                                 0.350000    0.415597   -0.065598 (VIOLATED)
u_memory.g_read[1].g_bank[0].g_slice[0].u_sram/din[19]    0.350000    0.415536   -0.065536 (VIOLATED)
u_memory._415_/X                        0.350000    0.415412   -0.065412 (VIOLATED)
u_memory._422_/A1                       0.350000    0.415382   -0.065382 (VIOLATED)
u_memory._321_/A0                       0.350000    0.415368   -0.065367 (VIOLATED)
fanout378/X                             0.350000    0.415351   -0.065351 (VIOLATED)
hold174/X                               0.350000    0.415086   -0.065086 (VIOLATED)
u_memory.g_read[1].g_bank[0].g_slice[0].u_sram/din[9]    0.350000    0.415077   -0.065077 (VIOLATED)
u_memory.g_read[1].g_bank[2].g_slice[0].u_sram/din[13]    0.350000    0.414751   -0.064751 (VIOLATED)
wire12/X                                0.350000    0.414565   -0.064565 (VIOLATED)
u_memory.g_read[1].g_bank[2].g_slice[0].u_sram/din[15]    0.350000    0.414506   -0.064506 (VIOLATED)
u_memory.g_read[0].g_bank[2].g_slice[0].u_sram/din[6]    0.350000    0.414264   -0.064264 (VIOLATED)
u_memory._301_/C                        0.350000    0.414146   -0.064146 (VIOLATED)
max_cap488/A                            0.350000    0.414124   -0.064124 (VIOLATED)
u_memory.g_read[1].g_bank[2].g_slice[0].u_sram/din[25]    0.350000    0.413948   -0.063948 (VIOLATED)
u_memory.g_read[1].g_bank[2].g_slice[0].u_sram/din[10]    0.350000    0.413934   -0.063934 (VIOLATED)
u_memory.g_read[1].g_bank[2].g_slice[0].u_sram/din[23]    0.350000    0.413934   -0.063934 (VIOLATED)
u_memory.g_read[0].g_bank[1].g_slice[0].u_sram/din[21]    0.350000    0.413662   -0.063662 (VIOLATED)
wire291/X                               0.350000    0.413603   -0.063603 (VIOLATED)
max_cap489/X                            0.350000    0.413349   -0.063349 (VIOLATED)
u_memory.g_read[1].g_bank[2].g_slice[0].u_sram/din[17]    0.350000    0.413217   -0.063217 (VIOLATED)
_034_/D                                 0.350000    0.413200   -0.063200 (VIOLATED)
u_memory._330_/X                        0.350000    0.413158   -0.063158 (VIOLATED)
u_memory._237_/B2                       0.350000    0.412902   -0.062902 (VIOLATED)
u_memory._289_/C                        0.350000    0.412506   -0.062506 (VIOLATED)
u_memory.g_read[1].g_bank[3].g_slice[0].u_sram/addr[0]    0.350000    0.412330   -0.062330 (VIOLATED)
u_memory._180_/A2                       0.350000    0.412272   -0.062272 (VIOLATED)
u_memory._270_/B1                       0.350000    0.412239   -0.062239 (VIOLATED)
u_memory._236_/X                        0.350000    0.412053   -0.062053 (VIOLATED)
_038_/D                                 0.350000    0.411994   -0.061994 (VIOLATED)
u_memory.g_read[1].g_bank[2].g_slice[0].u_sram/addr[0]    0.350000    0.411953   -0.061953 (VIOLATED)
u_memory._342_/X                        0.350000    0.411952   -0.061952 (VIOLATED)
u_memory.g_read[0].g_bank[2].g_slice[0].u_sram/din[14]    0.350000    0.411945   -0.061945 (VIOLATED)
wire296/X                               0.350000    0.411909   -0.061909 (VIOLATED)
u_memory._268_/X                        0.350000    0.411766   -0.061766 (VIOLATED)
u_memory._336_/B1                       0.350000    0.411708   -0.061708 (VIOLATED)
u_memory._334_/X                        0.350000    0.411349   -0.061349 (VIOLATED)
u_memory._249_/A1                       0.350000    0.411146   -0.061146 (VIOLATED)
u_memory._320_/A0                       0.350000    0.411092   -0.061092 (VIOLATED)
u_memory._315_/A0                       0.350000    0.410996   -0.060996 (VIOLATED)
u_memory.g_read[1].g_bank[0].g_slice[0].u_sram/din[12]    0.350000    0.410839   -0.060839 (VIOLATED)
output84/A                              0.350000    0.410798   -0.060798 (VIOLATED)
u_memory._351_/B1                       0.350000    0.410782   -0.060782 (VIOLATED)
_002_/Q                                 0.350000    0.410736   -0.060736 (VIOLATED)
wire364/X                               0.350000    0.410615   -0.060615 (VIOLATED)
u_memory._184_/B1                       0.350000    0.410514   -0.060514 (VIOLATED)
_085_/D                                 0.350000    0.410398   -0.060398 (VIOLATED)
u_memory._349_/X                        0.350000    0.410294   -0.060294 (VIOLATED)
input10/X                               0.350000    0.410256   -0.060256 (VIOLATED)
u_memory.g_read[1].g_bank[1].g_slice[0].u_sram/din[18]    0.350000    0.410174   -0.060174 (VIOLATED)
max_cap164/X                            0.350000    0.409799   -0.059799 (VIOLATED)
u_memory.g_read[1].g_bank[2].g_slice[0].u_sram/din[19]    0.350000    0.409757   -0.059757 (VIOLATED)
u_memory._356_/A2                       0.350000    0.409509   -0.059509 (VIOLATED)
u_memory._312_/A1                       0.350000    0.409482   -0.059482 (VIOLATED)
u_memory._408_/B1                       0.350000    0.409433   -0.059433 (VIOLATED)
u_memory.g_read[1].g_bank[3].g_slice[0].u_sram/din[2]    0.350000    0.409409   -0.059409 (VIOLATED)
_019_/D                                 0.350000    0.409406   -0.059406 (VIOLATED)
hold175/X                               0.350000    0.409047   -0.059047 (VIOLATED)
u_memory._202_/B                        0.350000    0.408943   -0.058943 (VIOLATED)
u_memory._179_/X                        0.350000    0.408883   -0.058883 (VIOLATED)
wire251/X                               0.350000    0.408825   -0.058825 (VIOLATED)
max_cap145/A                            0.350000    0.408720   -0.058720 (VIOLATED)
max_cap551/A                            0.350000    0.408319   -0.058319 (VIOLATED)
u_memory.g_read[1].g_bank[1].g_slice[0].u_sram/din[9]    0.350000    0.407996   -0.057996 (VIOLATED)
u_memory._201_/X                        0.350000    0.407920   -0.057920 (VIOLATED)
u_memory.g_read[0].g_bank[2].g_slice[0].u_sram/addr[1]    0.350000    0.407874   -0.057874 (VIOLATED)
u_memory._283_/C                        0.350000    0.407865   -0.057865 (VIOLATED)
wire1/X                                 0.350000    0.407750   -0.057750 (VIOLATED)
u_memory.g_read[0].g_bank[3].g_slice[0].u_sram/addr[1]    0.350000    0.407746   -0.057746 (VIOLATED)
u_memory.g_read[1].g_bank[3].g_slice[0].u_sram/din[5]    0.350000    0.407380   -0.057380 (VIOLATED)
max_cap552/X                            0.350000    0.407367   -0.057367 (VIOLATED)
u_memory.g_read[0].g_bank[0].g_slice[0].u_sram/din[10]    0.350000    0.407360   -0.057360 (VIOLATED)
u_memory.g_read[1].g_bank[3].g_slice[0].u_sram/din[12]    0.350000    0.407273   -0.057273 (VIOLATED)
wire298/X                               0.350000    0.407170   -0.057170 (VIOLATED)
u_memory.g_read[0].g_bank[3].g_slice[0].u_sram/din[29]    0.350000    0.407035   -0.057035 (VIOLATED)
u_memory._419_/B2                       0.350000    0.406931   -0.056931 (VIOLATED)
u_memory.g_read[1].g_bank[0].g_slice[0].u_sram/din[2]    0.350000    0.406906   -0.056906 (VIOLATED)
u_memory._306_/A1                       0.350000    0.406889   -0.056889 (VIOLATED)
fanout174/A                             0.350000    0.406764   -0.056764 (VIOLATED)
u_memory._311_/A1                       0.350000    0.406735   -0.056735 (VIOLATED)
hold171/X                               0.350000    0.406730   -0.056730 (VIOLATED)
u_memory.g_read[1].g_bank[3].g_slice[0].u_sram/din[11]    0.350000    0.406710   -0.056710 (VIOLATED)
hold161/X                               0.350000    0.406551   -0.056551 (VIOLATED)
u_memory._291_/B1                       0.350000    0.405991   -0.055991 (VIOLATED)
u_memory.g_read[0].g_bank[1].g_slice[0].u_sram/din[12]    0.350000    0.405972   -0.055972 (VIOLATED)
u_memory.g_read[1].g_bank[0].g_slice[0].u_sram/din[3]    0.350000    0.405639   -0.055639 (VIOLATED)
u_memory._264_/X                        0.350000    0.405629   -0.055629 (VIOLATED)
u_memory._289_/X                        0.350000    0.405570   -0.055570 (VIOLATED)
u_memory.g_read[0].g_bank[0].g_slice[0].u_sram/wmask[3]    0.350000    0.405107   -0.055107 (VIOLATED)
u_memory._325_/X                        0.350000    0.405057   -0.055057 (VIOLATED)
u_memory._214_/B1                       0.350000    0.404815   -0.054815 (VIOLATED)
u_memory._406_/X                        0.350000    0.404799   -0.054799 (VIOLATED)
u_memory._226_/B1                       0.350000    0.404697   -0.054697 (VIOLATED)
u_memory.g_read[1].g_bank[2].g_slice[0].u_sram/din[29]    0.350000    0.404595   -0.054595 (VIOLATED)
u_memory._239_/B1                       0.350000    0.404580   -0.054580 (VIOLATED)
u_memory._251_/B1                       0.350000    0.404480   -0.054480 (VIOLATED)
hold164/A                               0.350000    0.404361   -0.054361 (VIOLATED)
u_memory.g_read[0].g_bank[0].g_slice[0].u_sram/din[20]    0.350000    0.404174   -0.054174 (VIOLATED)
u_memory.g_read[0].g_bank[0].g_slice[0].u_sram/din[2]    0.350000    0.404124   -0.054124 (VIOLATED)
u_memory._257_/A2                       0.350000    0.403874   -0.053874 (VIOLATED)
u_memory.g_read[1].g_bank[0].g_slice[0].u_sram/din[15]    0.350000    0.403647   -0.053647 (VIOLATED)
u_memory._250_/C                        0.350000    0.403430   -0.053430 (VIOLATED)
u_memory.g_read[0].g_bank[3].g_slice[0].u_sram/din[22]    0.350000    0.403228   -0.053228 (VIOLATED)
wire329/X                               0.350000    0.403222   -0.053222 (VIOLATED)
u_memory._192_/A2                       0.350000    0.403126   -0.053126 (VIOLATED)
u_memory._188_/B                        0.350000    0.402977   -0.052977 (VIOLATED)
_066_/D                                 0.350000    0.402811   -0.052811 (VIOLATED)
u_memory.g_read[1].g_bank[2].g_slice[0].u_sram/din[27]    0.350000    0.402781   -0.052781 (VIOLATED)
input24/X                               0.350000    0.402763   -0.052763 (VIOLATED)
wire309/X                               0.350000    0.402738   -0.052738 (VIOLATED)
u_memory._423_/A2                       0.350000    0.402717   -0.052717 (VIOLATED)
u_memory._187_/X                        0.350000    0.402655   -0.052655 (VIOLATED)
u_memory._390_/B1                       0.350000    0.402584   -0.052584 (VIOLATED)
u_memory._282_/B2                       0.350000    0.402370   -0.052370 (VIOLATED)
u_memory.g_read[0].g_bank[1].g_slice[0].u_sram/wmask[3]    0.350000    0.402230   -0.052230 (VIOLATED)
u_memory._388_/X                        0.350000    0.402220   -0.052220 (VIOLATED)
u_memory._299_/B1                       0.350000    0.402030   -0.052030 (VIOLATED)
u_memory._287_/B1                       0.350000    0.402020   -0.052020 (VIOLATED)
u_memory.g_read[0].g_bank[0].g_slice[0].u_sram/din[14]    0.350000    0.402007   -0.052007 (VIOLATED)
u_memory._275_/B1                       0.350000    0.401978   -0.051978 (VIOLATED)
u_memory._226_/B2                       0.350000    0.401963   -0.051963 (VIOLATED)
u_memory.g_read[0].g_bank[3].g_slice[0].u_sram/din[13]    0.350000    0.401905   -0.051905 (VIOLATED)
u_memory._281_/X                        0.350000    0.401875   -0.051875 (VIOLATED)
wire188/X                               0.350000    0.401782   -0.051782 (VIOLATED)
u_memory.g_read[1].g_bank[3].g_slice[0].u_sram/wmask[0]    0.350000    0.401739   -0.051739 (VIOLATED)
u_memory._342_/B1                       0.350000    0.401649   -0.051649 (VIOLATED)
u_memory._378_/B1                       0.350000    0.401544   -0.051544 (VIOLATED)
u_memory.g_read[0].g_bank[3].g_slice[0].u_sram/din[16]    0.350000    0.401360   -0.051360 (VIOLATED)
wire317/X                               0.350000    0.401274   -0.051274 (VIOLATED)
u_memory._340_/X                        0.350000    0.401187   -0.051187 (VIOLATED)
u_memory._376_/X                        0.350000    0.401179   -0.051179 (VIOLATED)
u_memory.g_read[1].g_bank[2].g_slice[0].u_sram/wmask[0]    0.350000    0.401103   -0.051103 (VIOLATED)
fanout182/A                             0.350000    0.401102   -0.051102 (VIOLATED)
u_memory.g_read[1].g_bank[3].g_slice[0].u_sram/din[19]    0.350000    0.401082   -0.051082 (VIOLATED)
u_memory.g_read[0].g_bank[3].g_slice[0].u_sram/din[20]    0.350000    0.400982   -0.050982 (VIOLATED)
u_memory._255_/A1                       0.350000    0.400919   -0.050919 (VIOLATED)
fanout183/A                             0.350000    0.400816   -0.050816 (VIOLATED)
hold172/X                               0.350000    0.400760   -0.050760 (VIOLATED)
output136/A                             0.350000    0.400755   -0.050755 (VIOLATED)
_010_/Q                                 0.350000    0.400718   -0.050718 (VIOLATED)
u_memory._300_/A2                       0.350000    0.400714   -0.050714 (VIOLATED)
u_memory._267_/A1                       0.350000    0.400713   -0.050713 (VIOLATED)
u_memory._297_/A2                       0.350000    0.400693   -0.050693 (VIOLATED)
u_memory._243_/A1                       0.350000    0.400668   -0.050668 (VIOLATED)
u_memory._303_/A2                       0.350000    0.400596   -0.050596 (VIOLATED)
u_memory.g_read[0].g_bank[3].g_slice[0].u_sram/din[21]    0.350000    0.400573   -0.050573 (VIOLATED)
wire362/X                               0.350000    0.400453   -0.050453 (VIOLATED)
u_memory._300_/A1                       0.350000    0.400446   -0.050446 (VIOLATED)
wire358/X                               0.350000    0.400208   -0.050208 (VIOLATED)
u_memory._194_/B                        0.350000    0.400194   -0.050194 (VIOLATED)
wire366/X                               0.350000    0.400183   -0.050183 (VIOLATED)
hold222/X                               0.350000    0.400181   -0.050181 (VIOLATED)
hold8/A                                 0.350000    0.400181   -0.050181 (VIOLATED)
max_cap457/X                            0.350000    0.400103   -0.050103 (VIOLATED)
u_memory._366_/B1                       0.350000    0.400054   -0.050054 (VIOLATED)
max_cap384/A                            0.350000    0.399982   -0.049982 (VIOLATED)
wire345/X                               0.350000    0.399932   -0.049932 (VIOLATED)
u_memory._347_/A2                       0.350000    0.399913   -0.049913 (VIOLATED)
u_memory._273_/B1                       0.350000    0.399909   -0.049909 (VIOLATED)
u_memory._273_/A1                       0.350000    0.399901   -0.049901 (VIOLATED)
u_memory.g_read[0].g_bank[3].g_slice[0].u_sram/din[8]    0.350000    0.399717   -0.049717 (VIOLATED)
u_memory._364_/X                        0.350000    0.399673   -0.049673 (VIOLATED)
u_memory.g_read[1].g_bank[3].g_slice[0].u_sram/din[29]    0.350000    0.399647   -0.049647 (VIOLATED)
wire388/A                               0.350000    0.399623   -0.049623 (VIOLATED)
u_memory.g_read[0].g_bank[2].g_slice[0].u_sram/din[30]    0.350000    0.399513   -0.049513 (VIOLATED)
u_memory._271_/X                        0.350000    0.399486   -0.049486 (VIOLATED)
wire355/X                               0.350000    0.399402   -0.049402 (VIOLATED)
wire236/X                               0.350000    0.399397   -0.049397 (VIOLATED)
wire381/A                               0.350000    0.399341   -0.049341 (VIOLATED)
u_memory.g_read[1].g_bank[1].g_slice[0].u_sram/din[2]    0.350000    0.399288   -0.049288 (VIOLATED)
hold144/X                               0.350000    0.399263   -0.049263 (VIOLATED)
u_memory.g_read[1].g_bank[3].g_slice[0].u_sram/din[30]    0.350000    0.399182   -0.049182 (VIOLATED)
max_cap530/A                            0.350000    0.399174   -0.049174 (VIOLATED)
u_memory.g_read[1].g_bank[2].g_slice[0].u_sram/din[11]    0.350000    0.398844   -0.048844 (VIOLATED)
u_memory.g_read[0].g_bank[3].g_slice[0].u_sram/din[26]    0.350000    0.398752   -0.048752 (VIOLATED)
u_memory._314_/A0                       0.350000    0.398712   -0.048712 (VIOLATED)
u_memory.g_read[1].g_bank[3].g_slice[0].u_sram/din[31]    0.350000    0.398614   -0.048614 (VIOLATED)
max_cap531/X                            0.350000    0.398416   -0.048416 (VIOLATED)
max_cap587/A                            0.350000    0.398263   -0.048263 (VIOLATED)
u_memory._276_/A2                       0.350000    0.397977   -0.047977 (VIOLATED)
u_memory._221_/A1                       0.350000    0.397810   -0.047810 (VIOLATED)
u_memory._214_/B2                       0.350000    0.397776   -0.047776 (VIOLATED)
u_memory._175_/Y                        0.350000    0.397735   -0.047735 (VIOLATED)
wire17/A                                0.350000    0.397735   -0.047735 (VIOLATED)
max_cap588/X                            0.350000    0.397524   -0.047524 (VIOLATED)
wire342/X                               0.350000    0.397327   -0.047327 (VIOLATED)
u_memory.g_read[1].g_bank[1].g_slice[0].u_sram/din[14]    0.350000    0.397312   -0.047312 (VIOLATED)
u_memory.g_read[1].g_bank[2].g_slice[0].u_sram/din[22]    0.350000    0.397274   -0.047274 (VIOLATED)
wire184/X                               0.350000    0.397121   -0.047121 (VIOLATED)
wire321/X                               0.350000    0.397112   -0.047112 (VIOLATED)
u_memory.g_read[0].g_bank[0].g_slice[0].u_sram/wmask[0]    0.350000    0.396799   -0.046799 (VIOLATED)
u_memory._224_/A1                       0.350000    0.396132   -0.046132 (VIOLATED)
u_memory.g_read[0].g_bank[1].g_slice[0].u_sram/wmask[0]    0.350000    0.396069   -0.046069 (VIOLATED)
hold137/A                               0.350000    0.395925   -0.045925 (VIOLATED)
u_memory._230_/B1                       0.350000    0.395925   -0.045925 (VIOLATED)
hold155/X                               0.350000    0.395893   -0.045893 (VIOLATED)
u_memory._328_/C                        0.350000    0.395766   -0.045766 (VIOLATED)
wire341/X                               0.350000    0.395682   -0.045682 (VIOLATED)
output82/A                              0.350000    0.395561   -0.045561 (VIOLATED)
_043_/D                                 0.350000    0.395560   -0.045560 (VIOLATED)
u_memory._357_/X                        0.350000    0.395536   -0.045536 (VIOLATED)
u_memory._228_/X                        0.350000    0.395532   -0.045532 (VIOLATED)
u_memory.g_read[0].g_bank[2].g_slice[0].u_sram/din[3]    0.350000    0.395487   -0.045487 (VIOLATED)
max_cap427/X                            0.350000    0.395332   -0.045332 (VIOLATED)
wire223/X                               0.350000    0.395250   -0.045250 (VIOLATED)
max_cap506/X                            0.350000    0.395208   -0.045208 (VIOLATED)
u_memory.g_read[0].g_bank[3].g_slice[0].u_sram/din[12]    0.350000    0.395175   -0.045175 (VIOLATED)
max_cap389/X                            0.350000    0.395129   -0.045129 (VIOLATED)
output91/A                              0.350000    0.395013   -0.045013 (VIOLATED)
u_memory.g_read[0].g_bank[3].g_slice[0].u_sram/din[18]    0.350000    0.394907   -0.044907 (VIOLATED)
u_memory._402_/A1                       0.350000    0.394693   -0.044693 (VIOLATED)
u_memory._393_/A1                       0.350000    0.394560   -0.044560 (VIOLATED)
_027_/Q                                 0.350000    0.394521   -0.044521 (VIOLATED)
u_memory._305_/A1                       0.350000    0.394101   -0.044101 (VIOLATED)
max_cap429/X                            0.350000    0.394027   -0.044027 (VIOLATED)
u_memory._272_/B2                       0.350000    0.393924   -0.043924 (VIOLATED)
u_memory._278_/B2                       0.350000    0.393873   -0.043873 (VIOLATED)
hold173/X                               0.350000    0.393709   -0.043709 (VIOLATED)
u_memory._241_/C                        0.350000    0.393690   -0.043690 (VIOLATED)
u_memory.g_read[0].g_bank[1].g_slice[0].u_sram/din[23]    0.350000    0.393624   -0.043624 (VIOLATED)
u_memory._284_/B2                       0.350000    0.393601   -0.043601 (VIOLATED)
u_memory._394_/B                        0.350000    0.393406   -0.043406 (VIOLATED)
u_memory._379_/B                        0.350000    0.393387   -0.043387 (VIOLATED)
u_memory._409_/B                        0.350000    0.393376   -0.043376 (VIOLATED)
u_memory.g_read[1].g_bank[1].g_slice[0].u_sram/din[25]    0.350000    0.393375   -0.043375 (VIOLATED)
u_memory._403_/B                        0.350000    0.393266   -0.043266 (VIOLATED)
u_memory._271_/C                        0.350000    0.393236   -0.043236 (VIOLATED)
u_memory._415_/B                        0.350000    0.393161   -0.043161 (VIOLATED)
wire312/X                               0.350000    0.393056   -0.043056 (VIOLATED)
u_memory._261_/A1                       0.350000    0.392865   -0.042865 (VIOLATED)
wire302/X                               0.350000    0.392762   -0.042762 (VIOLATED)
hold131/A                               0.350000    0.392704   -0.042704 (VIOLATED)
hold154/X                               0.350000    0.392674   -0.042674 (VIOLATED)
max_cap471/X                            0.350000    0.392364   -0.042364 (VIOLATED)
wire360/X                               0.350000    0.392356   -0.042356 (VIOLATED)
max_cap565/A                            0.350000    0.392303   -0.042303 (VIOLATED)
max_cap606/A                            0.350000    0.392213   -0.042213 (VIOLATED)
u_memory._290_/B2                       0.350000    0.392205   -0.042205 (VIOLATED)
u_memory._189_/B1                       0.350000    0.392139   -0.042139 (VIOLATED)
u_memory._296_/B2                       0.350000    0.392086   -0.042086 (VIOLATED)
u_memory._281_/B2                       0.350000    0.392053   -0.042053 (VIOLATED)
u_memory._302_/B2                       0.350000    0.392040   -0.042040 (VIOLATED)
u_memory._186_/X                        0.350000    0.391960   -0.041959 (VIOLATED)
u_memory._200_/B1                       0.350000    0.391960   -0.041959 (VIOLATED)
max_cap447/X                            0.350000    0.391915   -0.041915 (VIOLATED)
wire397/A                               0.350000    0.391791   -0.041791 (VIOLATED)
max_cap402/A                            0.350000    0.391775   -0.041775 (VIOLATED)
u_memory._293_/B2                       0.350000    0.391722   -0.041722 (VIOLATED)
u_memory.g_read[0].g_bank[1].g_slice[0].u_sram/din[31]    0.350000    0.391706   -0.041706 (VIOLATED)
u_memory._358_/C                        0.350000    0.391668   -0.041668 (VIOLATED)
fanout370/A                             0.350000    0.391664   -0.041664 (VIOLATED)
u_memory._430_/Q                        0.350000    0.391650   -0.041650 (VIOLATED)
max_cap566/X                            0.350000    0.391586   -0.041586 (VIOLATED)
_019_/Q                                 0.350000    0.391536   -0.041536 (VIOLATED)
u_memory.g_read[0].g_bank[1].g_slice[0].u_sram/din[25]    0.350000    0.391487   -0.041487 (VIOLATED)
max_cap607/X                            0.350000    0.391477   -0.041477 (VIOLATED)
fanout190/X                             0.350000    0.391424   -0.041424 (VIOLATED)
hold137/X                               0.350000    0.391357   -0.041357 (VIOLATED)
u_memory.g_read[1].g_bank[3].g_slice[0].u_sram/we    0.350000    0.391282   -0.041282 (VIOLATED)
u_memory._308_/A0                       0.350000    0.391259   -0.041259 (VIOLATED)
hold214/X                               0.350000    0.391246   -0.041246 (VIOLATED)
u_memory._382_/C                        0.350000    0.391199   -0.041199 (VIOLATED)
u_memory.g_read[1].g_bank[3].g_slice[0].u_sram/din[25]    0.350000    0.391040   -0.041040 (VIOLATED)
wire231/X                               0.350000    0.391035   -0.041035 (VIOLATED)
_117_/D                                 0.350000    0.391004   -0.041004 (VIOLATED)
input45/X                               0.350000    0.390982   -0.040982 (VIOLATED)
u_memory._201_/A1                       0.350000    0.390772   -0.040772 (VIOLATED)
u_memory._199_/A_N                      0.350000    0.390705   -0.040705 (VIOLATED)
u_memory._196_/B                        0.350000    0.390585   -0.040585 (VIOLATED)
u_memory._369_/A1                       0.350000    0.390565   -0.040565 (VIOLATED)
u_memory.g_read[1].g_bank[1].g_slice[0].u_sram/din[19]    0.350000    0.390539   -0.040539 (VIOLATED)
wire224/X                               0.350000    0.390539   -0.040539 (VIOLATED)
max_cap481/A                            0.350000    0.390437   -0.040437 (VIOLATED)
u_memory.g_read[0].g_bank[0].g_slice[0].u_sram/din[13]    0.350000    0.390382   -0.040382 (VIOLATED)
hold8/X                                 0.350000    0.390301   -0.040301 (VIOLATED)
wire279/X                               0.350000    0.390102   -0.040102 (VIOLATED)
u_memory._292_/C                        0.350000    0.390097   -0.040097 (VIOLATED)
u_memory._303_/B1                       0.350000    0.390038   -0.040038 (VIOLATED)
u_memory._301_/X                        0.350000    0.389664   -0.039664 (VIOLATED)
max_cap494/A                            0.350000    0.389663   -0.039663 (VIOLATED)
max_cap482/X                            0.350000    0.389640   -0.039640 (VIOLATED)
wire295/X                               0.350000    0.389623   -0.039623 (VIOLATED)
max_cap580/A                            0.350000    0.389589   -0.039589 (VIOLATED)
_007_/D                                 0.350000    0.389346   -0.039346 (VIOLATED)
u_memory._227_/X                        0.350000    0.389319   -0.039319 (VIOLATED)
u_memory.g_read[1].g_bank[0].g_slice[0].u_sram/din[25]    0.350000    0.389237   -0.039237 (VIOLATED)
u_memory._342_/A1                       0.350000    0.389175   -0.039175 (VIOLATED)
wire270/X                               0.350000    0.389003   -0.039003 (VIOLATED)
u_memory._211_/A2                       0.350000    0.388979   -0.038979 (VIOLATED)
max_cap495/X                            0.350000    0.388963   -0.038963 (VIOLATED)
max_cap581/X                            0.350000    0.388910   -0.038910 (VIOLATED)
u_memory.g_read[1].g_bank[3].g_slice[0].u_sram/din[4]    0.350000    0.388695   -0.038695 (VIOLATED)
wire257/X                               0.350000    0.388690   -0.038690 (VIOLATED)
wire326/X                               0.350000    0.388477   -0.038477 (VIOLATED)
max_cap525/X                            0.350000    0.388454   -0.038454 (VIOLATED)
max_cap464/X                            0.350000    0.388341   -0.038341 (VIOLATED)
u_memory.g_read[0].g_bank[1].g_slice[0].u_sram/din[30]    0.350000    0.388299   -0.038299 (VIOLATED)
max_cap586/X                            0.350000    0.388262   -0.038262 (VIOLATED)
u_memory._246_/A1                       0.350000    0.388083   -0.038083 (VIOLATED)
wire267/X                               0.350000    0.387774   -0.037774 (VIOLATED)
_068_/D                                 0.350000    0.387738   -0.037738 (VIOLATED)
u_memory._193_/X                        0.350000    0.387732   -0.037732 (VIOLATED)
wire648/X                               0.350000    0.387706   -0.037706 (VIOLATED)
wire365/X                               0.350000    0.387634   -0.037634 (VIOLATED)
hold158/A                               0.350000    0.387526   -0.037526 (VIOLATED)
_074_/D                                 0.350000    0.387301   -0.037301 (VIOLATED)
u_memory.g_read[0].g_bank[1].g_slice[0].u_sram/din[27]    0.350000    0.387283   -0.037283 (VIOLATED)
input20/X                               0.350000    0.387282   -0.037282 (VIOLATED)
max_cap546/X                            0.350000    0.387064   -0.037064 (VIOLATED)
max_cap467/A                            0.350000    0.386898   -0.036898 (VIOLATED)
u_memory._374_/B2                       0.350000    0.386771   -0.036771 (VIOLATED)
u_memory._377_/B2                       0.350000    0.386730   -0.036730 (VIOLATED)
output133/A                             0.350000    0.386445   -0.036445 (VIOLATED)
_007_/Q                                 0.350000    0.386428   -0.036428 (VIOLATED)
max_cap468/X                            0.350000    0.386217   -0.036217 (VIOLATED)
load_slew8/A                            0.350000    0.386076   -0.036076 (VIOLATED)
u_memory._360_/A1                       0.350000    0.385849   -0.035849 (VIOLATED)
u_memory.g_read[1].g_bank[3].g_slice[0].u_sram/ce    0.350000    0.385839   -0.035839 (VIOLATED)
u_memory.g_read[0].g_bank[3].g_slice[0].u_sram/din[1]    0.350000    0.385774   -0.035774 (VIOLATED)
max_cap518/X                            0.350000    0.385635   -0.035635 (VIOLATED)
u_memory.g_read[0].g_bank[0].g_slice[0].u_sram/din[12]    0.350000    0.385426   -0.035426 (VIOLATED)
u_memory.g_read[0].g_bank[2].g_slice[0].u_sram/din[0]    0.350000    0.385295   -0.035295 (VIOLATED)
_110_/D                                 0.350000    0.385231   -0.035231 (VIOLATED)
input38/X                               0.350000    0.385211   -0.035211 (VIOLATED)
max_cap618/X                            0.350000    0.385168   -0.035168 (VIOLATED)
wire282/X                               0.350000    0.385161   -0.035161 (VIOLATED)
u_memory._389_/B2                       0.350000    0.385114   -0.035114 (VIOLATED)
u_memory._268_/C                        0.350000    0.384990   -0.034990 (VIOLATED)
u_memory.g_read[1].g_bank[1].g_slice[0].u_sram/din[13]    0.350000    0.384761   -0.034761 (VIOLATED)
fanout173/A                             0.350000    0.384629   -0.034629 (VIOLATED)
wire303/X                               0.350000    0.384521   -0.034521 (VIOLATED)
u_memory._386_/B2                       0.350000    0.384506   -0.034506 (VIOLATED)
max_cap579/X                            0.350000    0.384346   -0.034346 (VIOLATED)
hold162/X                               0.350000    0.384218   -0.034218 (VIOLATED)
u_memory.g_read[0].g_bank[3].g_slice[0].u_sram/din[31]    0.350000    0.384212   -0.034212 (VIOLATED)
output135/A                             0.350000    0.384209   -0.034209 (VIOLATED)
_009_/Q                                 0.350000    0.384170   -0.034170 (VIOLATED)
max_cap523/A                            0.350000    0.384089   -0.034089 (VIOLATED)
u_memory._401_/B2                       0.350000    0.384012   -0.034012 (VIOLATED)
u_memory._392_/B2                       0.350000    0.383910   -0.033910 (VIOLATED)
max_cap524/X                            0.350000    0.383422   -0.033422 (VIOLATED)
u_memory._407_/B2                       0.350000    0.383316   -0.033316 (VIOLATED)
u_memory._383_/B2                       0.350000    0.382953   -0.032953 (VIOLATED)
u_memory.g_read[0].g_bank[3].g_slice[0].u_sram/wmask[2]    0.350000    0.382952   -0.032952 (VIOLATED)
max_cap504/X                            0.350000    0.382675   -0.032675 (VIOLATED)
max_cap500/X                            0.350000    0.382655   -0.032655 (VIOLATED)
u_memory.g_read[0].g_bank[2].g_slice[0].u_sram/wmask[2]    0.350000    0.382599   -0.032599 (VIOLATED)
u_memory.g_read[1].g_bank[0].g_slice[0].u_sram/din[16]    0.350000    0.382470   -0.032470 (VIOLATED)
u_memory._411_/B1                       0.350000    0.382414   -0.032414 (VIOLATED)
u_memory.g_read[0].g_bank[3].g_slice[0].u_sram/din[10]    0.350000    0.382401   -0.032401 (VIOLATED)
max_cap603/A                            0.350000    0.382226   -0.032226 (VIOLATED)
max_cap602/A                            0.350000    0.382218   -0.032218 (VIOLATED)
max_cap413/X                            0.350000    0.382152   -0.032152 (VIOLATED)
u_memory._413_/B2                       0.350000    0.382144   -0.032144 (VIOLATED)
u_memory._277_/C                        0.350000    0.381902   -0.031902 (VIOLATED)
u_memory._374_/C1                       0.350000    0.381861   -0.031861 (VIOLATED)
output92/A                              0.350000    0.381804   -0.031804 (VIOLATED)
u_memory._377_/C1                       0.350000    0.381785   -0.031785 (VIOLATED)
u_memory._327_/B1                       0.350000    0.381602   -0.031602 (VIOLATED)
u_memory._331_/C                        0.350000    0.381584   -0.031584 (VIOLATED)
u_memory.g_read[0].g_bank[0].g_slice[0].u_sram/din[17]    0.350000    0.381571   -0.031571 (VIOLATED)
u_memory.g_read[0].g_bank[1].g_slice[0].u_sram/din[6]    0.350000    0.381568   -0.031568 (VIOLATED)
u_memory._409_/X                        0.350000    0.381430   -0.031430 (VIOLATED)
_028_/Q                                 0.350000    0.381416   -0.031416 (VIOLATED)
u_memory._416_/B2                       0.350000    0.381398   -0.031398 (VIOLATED)
wire300/X                               0.350000    0.381328   -0.031328 (VIOLATED)
u_memory._324_/X                        0.350000    0.381285   -0.031285 (VIOLATED)
wire604/X                               0.350000    0.381240   -0.031240 (VIOLATED)
u_memory._349_/C                        0.350000    0.381158   -0.031158 (VIOLATED)
u_memory._398_/B2                       0.350000    0.381127   -0.031127 (VIOLATED)
max_cap516/A                            0.350000    0.381045   -0.031045 (VIOLATED)
u_memory._366_/A1                       0.350000    0.381045   -0.031045 (VIOLATED)
wire215/X                               0.350000    0.381007   -0.031007 (VIOLATED)
u_memory._367_/C                        0.350000    0.380828   -0.030828 (VIOLATED)
u_memory._404_/B2                       0.350000    0.380705   -0.030705 (VIOLATED)
wire209/X                               0.350000    0.380606   -0.030606 (VIOLATED)
wire280/X                               0.350000    0.380595   -0.030595 (VIOLATED)
output73/A                              0.350000    0.380505   -0.030505 (VIOLATED)
_001_/Q                                 0.350000    0.380461   -0.030461 (VIOLATED)
u_memory._389_/C1                       0.350000    0.380458   -0.030458 (VIOLATED)
u_memory._410_/B2                       0.350000    0.380452   -0.030452 (VIOLATED)
max_cap517/X                            0.350000    0.380398   -0.030398 (VIOLATED)
max_cap433/X                            0.350000    0.380395   -0.030395 (VIOLATED)
max_cap490/X                            0.350000    0.380364   -0.030364 (VIOLATED)
u_memory._227_/A1                       0.350000    0.380344   -0.030344 (VIOLATED)
max_cap534/X                            0.350000    0.380314   -0.030314 (VIOLATED)
wire228/X                               0.350000    0.380256   -0.030256 (VIOLATED)
_032_/D                                 0.350000    0.380255   -0.030255 (VIOLATED)
max_cap555/X                            0.350000    0.380190   -0.030190 (VIOLATED)
u_memory.g_read[0].g_bank[0].g_slice[0].u_sram/din[27]    0.350000    0.380119   -0.030119 (VIOLATED)
u_memory.g_read[1].g_bank[3].g_slice[0].u_sram/addr[3]    0.350000    0.380078   -0.030078 (VIOLATED)
u_memory.g_read[1].g_bank[3].g_slice[0].u_sram/addr[4]    0.350000    0.380016   -0.030016 (VIOLATED)
fanout177/A                             0.350000    0.379950   -0.029950 (VIOLATED)
wire340/X                               0.350000    0.379914   -0.029914 (VIOLATED)
max_cap574/X                            0.350000    0.379856   -0.029856 (VIOLATED)
u_memory.g_read[1].g_bank[2].g_slice[0].u_sram/addr[3]    0.350000    0.379769   -0.029769 (VIOLATED)
u_memory.g_read[1].g_bank[2].g_slice[0].u_sram/we    0.350000    0.379760   -0.029760 (VIOLATED)
max_cap395/X                            0.350000    0.379757   -0.029757 (VIOLATED)
u_memory._395_/B2                       0.350000    0.379755   -0.029755 (VIOLATED)
u_memory.g_read[1].g_bank[2].g_slice[0].u_sram/addr[4]    0.350000    0.379718   -0.029718 (VIOLATED)
u_memory._303_/X                        0.350000    0.379638   -0.029638 (VIOLATED)
u_memory._380_/B2                       0.350000    0.379615   -0.029615 (VIOLATED)
u_memory._244_/C                        0.350000    0.379594   -0.029594 (VIOLATED)
u_memory._264_/A1                       0.350000    0.379580   -0.029580 (VIOLATED)
fanout174/X                             0.350000    0.379526   -0.029526 (VIOLATED)
u_memory._386_/C1                       0.350000    0.379508   -0.029508 (VIOLATED)
_030_/D                                 0.350000    0.379467   -0.029467 (VIOLATED)
u_memory._297_/X                        0.350000    0.379431   -0.029431 (VIOLATED)
u_memory._348_/A1                       0.350000    0.379423   -0.029423 (VIOLATED)
u_memory.g_read[0].g_bank[0].g_slice[0].u_sram/din[23]    0.350000    0.379329   -0.029329 (VIOLATED)
wire442/A                               0.350000    0.379163   -0.029163 (VIOLATED)
max_cap444/A                            0.350000    0.379105   -0.029105 (VIOLATED)
max_cap443/A                            0.350000    0.379092   -0.029092 (VIOLATED)
u_memory._401_/C1                       0.350000    0.379057   -0.029057 (VIOLATED)
wire311/X                               0.350000    0.379020   -0.029020 (VIOLATED)
u_memory.g_read[1].g_bank[2].g_slice[0].u_sram/din[18]    0.350000    0.379019   -0.029019 (VIOLATED)
u_memory.g_read[1].g_bank[0].g_slice[0].u_sram/din[13]    0.350000    0.378999   -0.028999 (VIOLATED)
u_memory._392_/C1                       0.350000    0.378997   -0.028997 (VIOLATED)
wire255/X                               0.350000    0.378995   -0.028995 (VIOLATED)
hold104/X                               0.350000    0.378930   -0.028930 (VIOLATED)
u_memory.g_read[1].g_bank[0].g_slice[0].u_sram/din[26]    0.350000    0.378693   -0.028693 (VIOLATED)
u_memory._242_/A2                       0.350000    0.378664   -0.028664 (VIOLATED)
u_memory._407_/C1                       0.350000    0.378658   -0.028658 (VIOLATED)
u_memory._383_/C1                       0.350000    0.378623   -0.028623 (VIOLATED)
u_memory.g_read[0].g_bank[2].g_slice[0].u_sram/we    0.350000    0.378518   -0.028518 (VIOLATED)
u_memory._413_/C1                       0.350000    0.378495   -0.028495 (VIOLATED)
u_memory._416_/C1                       0.350000    0.378352   -0.028352 (VIOLATED)
u_memory._398_/C1                       0.350000    0.378318   -0.028318 (VIOLATED)
u_memory._191_/A2                       0.350000    0.378221   -0.028221 (VIOLATED)
wire334/X                               0.350000    0.378186   -0.028186 (VIOLATED)
u_memory._190_/X                        0.350000    0.378186   -0.028186 (VIOLATED)
u_memory._404_/C1                       0.350000    0.378179   -0.028179 (VIOLATED)
u_memory.g_read[1].g_bank[0].g_slice[0].u_sram/din[6]    0.350000    0.378166   -0.028166 (VIOLATED)
u_memory._410_/C1                       0.350000    0.378165   -0.028165 (VIOLATED)
u_memory.g_read[1].g_bank[2].g_slice[0].u_sram/din[30]    0.350000    0.378058   -0.028058 (VIOLATED)
u_memory.g_read[0].g_bank[3].g_slice[0].u_sram/wmask[1]    0.350000    0.377827   -0.027827 (VIOLATED)
u_memory._395_/C1                       0.350000    0.377786   -0.027786 (VIOLATED)
u_memory._380_/C1                       0.350000    0.377636   -0.027636 (VIOLATED)
fanout178/X                             0.350000    0.377535   -0.027535 (VIOLATED)
u_memory._276_/A1                       0.350000    0.377510   -0.027510 (VIOLATED)
u_memory.g_read[0].g_bank[2].g_slice[0].u_sram/wmask[1]    0.350000    0.377491   -0.027491 (VIOLATED)
u_memory.g_read[1].g_bank[1].g_slice[0].u_sram/din[20]    0.350000    0.377325   -0.027325 (VIOLATED)
u_memory.g_read[1].g_bank[1].g_slice[0].u_sram/din[7]    0.350000    0.377272   -0.027272 (VIOLATED)
u_memory._344_/A2                       0.350000    0.376879   -0.026879 (VIOLATED)
_092_/D                                 0.350000    0.376853   -0.026853 (VIOLATED)
input30/X                               0.350000    0.376542   -0.026542 (VIOLATED)
u_memory.g_read[1].g_bank[1].g_slice[0].u_sram/din[4]    0.350000    0.376508   -0.026508 (VIOLATED)
fanout169/A                             0.350000    0.376421   -0.026421 (VIOLATED)
u_memory._214_/A1                       0.350000    0.376403   -0.026403 (VIOLATED)
wire237/X                               0.350000    0.376339   -0.026339 (VIOLATED)
load_slew10/X                           0.350000    0.376273   -0.026273 (VIOLATED)
u_memory._226_/A1                       0.350000    0.376254   -0.026254 (VIOLATED)
u_memory._239_/A1                       0.350000    0.376103   -0.026103 (VIOLATED)
u_memory._229_/A2                       0.350000    0.376083   -0.026083 (VIOLATED)
u_memory._251_/A1                       0.350000    0.375896   -0.025896 (VIOLATED)
u_memory.g_read[0].g_bank[2].g_slice[0].u_sram/din[11]    0.350000    0.375707   -0.025707 (VIOLATED)
u_memory._361_/C                        0.350000    0.375600   -0.025600 (VIOLATED)
wire316/X                               0.350000    0.375600   -0.025600 (VIOLATED)
u_memory._300_/B2                       0.350000    0.375530   -0.025530 (VIOLATED)
u_memory._393_/B1                       0.350000    0.375434   -0.025434 (VIOLATED)
u_memory.g_read[1].g_bank[1].g_slice[0].u_sram/din[17]    0.350000    0.375401   -0.025401 (VIOLATED)
u_memory._391_/X                        0.350000    0.375135   -0.025135 (VIOLATED)
wire230/X                               0.350000    0.375027   -0.025027 (VIOLATED)
u_memory._346_/C                        0.350000    0.374915   -0.024915 (VIOLATED)
wire180/X                               0.350000    0.374900   -0.024900 (VIOLATED)
max_cap435/X                            0.350000    0.374735   -0.024735 (VIOLATED)
wire210/X                               0.350000    0.374389   -0.024389 (VIOLATED)
u_memory._231_/C                        0.350000    0.374158   -0.024158 (VIOLATED)
u_memory._212_/A1                       0.350000    0.374045   -0.024045 (VIOLATED)
u_memory.g_read[0].g_bank[2].g_slice[0].u_sram/din[22]    0.350000    0.374007   -0.024007 (VIOLATED)
u_memory._370_/C                        0.350000    0.373989   -0.023989 (VIOLATED)
u_memory._272_/A1                       0.350000    0.373755   -0.023755 (VIOLATED)
u_memory._173_/A                        0.350000    0.373604   -0.023604 (VIOLATED)
wire285/X                               0.350000    0.373587   -0.023587 (VIOLATED)
u_memory._204_/B                        0.350000    0.373475   -0.023475 (VIOLATED)
wire227/X                               0.350000    0.373432   -0.023432 (VIOLATED)
wire357/X                               0.350000    0.373366   -0.023366 (VIOLATED)
wire324/X                               0.350000    0.373232   -0.023232 (VIOLATED)
max_cap564/X                            0.350000    0.373220   -0.023220 (VIOLATED)
u_memory._223_/A2                       0.350000    0.373142   -0.023142 (VIOLATED)
u_memory._228_/C                        0.350000    0.372874   -0.022874 (VIOLATED)
u_memory._203_/A_N                      0.350000    0.372780   -0.022780 (VIOLATED)
wire318/X                               0.350000    0.372667   -0.022667 (VIOLATED)
hold178/A                               0.350000    0.372500   -0.022500 (VIOLATED)
wire286/X                               0.350000    0.372341   -0.022341 (VIOLATED)
wire354/X                               0.350000    0.372264   -0.022264 (VIOLATED)
u_memory._299_/A1                       0.350000    0.372166   -0.022166 (VIOLATED)
u_memory._287_/A1                       0.350000    0.372067   -0.022067 (VIOLATED)
u_memory._207_/B                        0.350000    0.372032   -0.022032 (VIOLATED)
u_memory._275_/A1                       0.350000    0.372016   -0.022016 (VIOLATED)
u_memory._263_/A1                       0.350000    0.371778   -0.021778 (VIOLATED)
u_memory._173_/Y                        0.350000    0.371752   -0.021752 (VIOLATED)
u_memory._206_/B                        0.350000    0.371709   -0.021709 (VIOLATED)
u_memory._400_/C                        0.350000    0.371161   -0.021161 (VIOLATED)
_087_/D                                 0.350000    0.371141   -0.021141 (VIOLATED)
input13/X                               0.350000    0.371079   -0.021079 (VIOLATED)
_077_/D                                 0.350000    0.370871   -0.020871 (VIOLATED)
max_cap572/X                            0.350000    0.370740   -0.020740 (VIOLATED)
wire218/X                               0.350000    0.370616   -0.020616 (VIOLATED)
u_memory._213_/C                        0.350000    0.370574   -0.020574 (VIOLATED)
u_memory.g_read[1].g_bank[0].g_slice[0].u_sram/din[30]    0.350000    0.370282   -0.020282 (VIOLATED)
input2/X                                0.350000    0.370273   -0.020273 (VIOLATED)
u_memory._225_/C                        0.350000    0.370258   -0.020258 (VIOLATED)
hold180/X                               0.350000    0.370156   -0.020156 (VIOLATED)
wire293/X                               0.350000    0.370141   -0.020141 (VIOLATED)
u_memory._216_/C                        0.350000    0.370051   -0.020051 (VIOLATED)
max_cap593/X                            0.350000    0.370045   -0.020045 (VIOLATED)
_036_/D                                 0.350000    0.370021   -0.020021 (VIOLATED)
u_memory._336_/X                        0.350000    0.369986   -0.019986 (VIOLATED)
u_memory.g_read[0].g_bank[0].g_slice[0].u_sram/din[21]    0.350000    0.369975   -0.019975 (VIOLATED)
u_memory._278_/A1                       0.350000    0.369792   -0.019792 (VIOLATED)
u_memory.g_read[0].g_bank[0].g_slice[0].u_sram/din[22]    0.350000    0.369740   -0.019740 (VIOLATED)
wire287/X                               0.350000    0.369676   -0.019676 (VIOLATED)
wire290/X                               0.350000    0.369619   -0.019619 (VIOLATED)
output90/A                              0.350000    0.369526   -0.019526 (VIOLATED)
wire323/X                               0.350000    0.369274   -0.019274 (VIOLATED)
_026_/Q                                 0.350000    0.369190   -0.019190 (VIOLATED)
u_memory._235_/B                        0.350000    0.369097   -0.019097 (VIOLATED)
u_memory.g_read[1].g_bank[2].g_slice[0].u_sram/din[20]    0.350000    0.369074   -0.019074 (VIOLATED)
max_cap399/X                            0.350000    0.369054   -0.019054 (VIOLATED)
u_memory.g_read[1].g_bank[0].g_slice[0].u_sram/din[31]    0.350000    0.369014   -0.019014 (VIOLATED)
u_memory._232_/A2                       0.350000    0.369013   -0.019013 (VIOLATED)
output117/A                             0.350000    0.368779   -0.018779 (VIOLATED)
u_memory._339_/B1                       0.350000    0.368777   -0.018777 (VIOLATED)
_005_/Q                                 0.350000    0.368736   -0.018736 (VIOLATED)
u_memory._262_/B                        0.350000    0.368672   -0.018672 (VIOLATED)
u_memory._357_/A1                       0.350000    0.368617   -0.018616 (VIOLATED)
wire315/X                               0.350000    0.368549   -0.018549 (VIOLATED)
u_memory._394_/A                        0.350000    0.368510   -0.018510 (VIOLATED)
u_memory._379_/A                        0.350000    0.368483   -0.018483 (VIOLATED)
wire154/A                               0.350000    0.368480   -0.018480 (VIOLATED)
u_memory._180_/Y                        0.350000    0.368477   -0.018477 (VIOLATED)
u_memory._409_/A                        0.350000    0.368464   -0.018464 (VIOLATED)
u_memory._418_/A                        0.350000    0.368414   -0.018414 (VIOLATED)
u_memory._337_/X                        0.350000    0.368381   -0.018381 (VIOLATED)
u_memory._403_/A                        0.350000    0.368364   -0.018364 (VIOLATED)
u_memory._415_/A                        0.350000    0.368310   -0.018310 (VIOLATED)
_035_/D                                 0.350000    0.368300   -0.018300 (VIOLATED)
max_cap452/X                            0.350000    0.368288   -0.018288 (VIOLATED)
fanout374/A                             0.350000    0.368271   -0.018271 (VIOLATED)
u_memory._333_/X                        0.350000    0.368265   -0.018265 (VIOLATED)
wire283/X                               0.350000    0.368213   -0.018213 (VIOLATED)
hold13/A                                0.350000    0.368185   -0.018185 (VIOLATED)
output98/A                              0.350000    0.368072   -0.018072 (VIOLATED)
_033_/Q                                 0.350000    0.368052   -0.018052 (VIOLATED)
u_memory._304_/A0                       0.350000    0.367627   -0.017627 (VIOLATED)
hold205/X                               0.350000    0.367610   -0.017610 (VIOLATED)
u_memory.g_read[0].g_bank[0].g_slice[0].u_sram/din[5]    0.350000    0.367273   -0.017273 (VIOLATED)
u_memory.g_read[0].g_bank[2].g_slice[0].u_sram/din[27]    0.350000    0.367218   -0.017218 (VIOLATED)
u_memory._374_/A2                       0.350000    0.367156   -0.017156 (VIOLATED)
u_memory.g_read[0].g_bank[2].g_slice[0].u_sram/addr[7]    0.350000    0.367092   -0.017092 (VIOLATED)
fanout372/A                             0.350000    0.367021   -0.017021 (VIOLATED)
u_memory._429_/Q                        0.350000    0.367006   -0.017006 (VIOLATED)
u_memory.g_read[0].g_bank[3].g_slice[0].u_sram/addr[7]    0.350000    0.366974   -0.016974 (VIOLATED)
u_memory.g_read[1].g_bank[0].g_slice[0].u_sram/din[4]    0.350000    0.366943   -0.016943 (VIOLATED)
u_memory.g_read[0].g_bank[0].g_slice[0].u_sram/din[28]    0.350000    0.366888   -0.016888 (VIOLATED)
u_memory._335_/A2                       0.350000    0.366865   -0.016865 (VIOLATED)
wire245/X                               0.350000    0.366728   -0.016727 (VIOLATED)
max_cap426/X                            0.350000    0.366721   -0.016721 (VIOLATED)
max_cap620/X                            0.350000    0.366686   -0.016686 (VIOLATED)
max_cap578/X                            0.350000    0.366628   -0.016628 (VIOLATED)
max_cap558/X                            0.350000    0.366452   -0.016452 (VIOLATED)
wire240/X                               0.350000    0.366438   -0.016438 (VIOLATED)
u_memory.g_read[1].g_bank[0].g_slice[0].u_sram/din[21]    0.350000    0.366384   -0.016384 (VIOLATED)
max_cap614/X                            0.350000    0.366350   -0.016350 (VIOLATED)
u_memory.g_read[0].g_bank[0].g_slice[0].u_sram/din[3]    0.350000    0.365790   -0.015790 (VIOLATED)
u_memory._365_/A2                       0.350000    0.365637   -0.015637 (VIOLATED)
u_memory._197_/X                        0.350000    0.365617   -0.015617 (VIOLATED)
u_memory._294_/A1                       0.350000    0.365322   -0.015322 (VIOLATED)
u_memory.g_read[0].g_bank[0].g_slice[0].u_sram/din[15]    0.350000    0.365253   -0.015253 (VIOLATED)
u_memory._217_/A2                       0.350000    0.365162   -0.015162 (VIOLATED)
wire248/X                               0.350000    0.365092   -0.015092 (VIOLATED)
max_cap565/X                            0.350000    0.365025   -0.015025 (VIOLATED)
wire348/X                               0.350000    0.364861   -0.014861 (VIOLATED)
u_memory.g_read[1].g_bank[0].g_slice[0].u_sram/din[22]    0.350000    0.364829   -0.014829 (VIOLATED)
u_memory._423_/B2                       0.350000    0.364753   -0.014753 (VIOLATED)
wire320/X                               0.350000    0.364713   -0.014713 (VIOLATED)
fanout375/X                             0.350000    0.364692   -0.014692 (VIOLATED)
max_cap522/X                            0.350000    0.364369   -0.014369 (VIOLATED)
u_memory.g_read[1].g_bank[0].g_slice[0].u_sram/din[1]    0.350000    0.363926   -0.013926 (VIOLATED)
u_memory._258_/A1                       0.350000    0.363696   -0.013696 (VIOLATED)
max_cap621/X                            0.350000    0.363332   -0.013332 (VIOLATED)
wire361/X                               0.350000    0.363235   -0.013235 (VIOLATED)
u_memory._243_/B1                       0.350000    0.363150   -0.013150 (VIOLATED)
u_memory.g_read[1].g_bank[0].g_slice[0].u_sram/din[11]    0.350000    0.362986   -0.012986 (VIOLATED)
wire568/A                               0.350000    0.362880   -0.012880 (VIOLATED)
max_cap459/X                            0.350000    0.362803   -0.012803 (VIOLATED)
u_memory._241_/X                        0.350000    0.362788   -0.012788 (VIOLATED)
max_cap587/X                            0.350000    0.362745   -0.012745 (VIOLATED)
max_cap544/X                            0.350000    0.362722   -0.012722 (VIOLATED)
max_cap569/A                            0.350000    0.362681   -0.012681 (VIOLATED)
max_cap570/A                            0.350000    0.362653   -0.012653 (VIOLATED)
u_memory.g_read[1].g_bank[0].g_slice[0].u_sram/din[29]    0.350000    0.362493   -0.012493 (VIOLATED)
hold100/X                               0.350000    0.362355   -0.012355 (VIOLATED)
u_memory.g_read[1].g_bank[1].g_slice[0].u_sram/din[23]    0.350000    0.362211   -0.012211 (VIOLATED)
max_cap411/X                            0.350000    0.362126   -0.012126 (VIOLATED)
max_cap480/X                            0.350000    0.361902   -0.011902 (VIOLATED)
u_memory._260_/A2                       0.350000    0.361868   -0.011868 (VIOLATED)
max_cap478/X                            0.350000    0.361820   -0.011820 (VIOLATED)
max_cap571/X                            0.350000    0.361819   -0.011819 (VIOLATED)
fanout185/A                             0.350000    0.361807   -0.011807 (VIOLATED)
u_memory._266_/C1                       0.350000    0.361798   -0.011798 (VIOLATED)
max_cap494/X                            0.350000    0.361795   -0.011795 (VIOLATED)
u_memory._272_/C1                       0.350000    0.361788   -0.011788 (VIOLATED)
u_memory._260_/C1                       0.350000    0.361781   -0.011781 (VIOLATED)
u_memory._269_/A1                       0.350000    0.361779   -0.011779 (VIOLATED)
_045_/D                                 0.350000    0.361688   -0.011688 (VIOLATED)
u_memory._363_/X                        0.350000    0.361652   -0.011652 (VIOLATED)
u_memory._278_/C1                       0.350000    0.361623   -0.011623 (VIOLATED)
u_memory._269_/C1                       0.350000    0.361503   -0.011503 (VIOLATED)
u_memory._284_/C1                       0.350000    0.361448   -0.011448 (VIOLATED)
wire328/X                               0.350000    0.361294   -0.011294 (VIOLATED)
wire325/X                               0.350000    0.361252   -0.011252 (VIOLATED)
max_cap510/A                            0.350000    0.361017   -0.011017 (VIOLATED)
max_cap509/A                            0.350000    0.360962   -0.010962 (VIOLATED)
wire425/A                               0.350000    0.360696   -0.010696 (VIOLATED)
u_memory._290_/C1                       0.350000    0.360694   -0.010694 (VIOLATED)
u_memory._296_/C1                       0.350000    0.360675   -0.010675 (VIOLATED)
u_memory._281_/C1                       0.350000    0.360663   -0.010663 (VIOLATED)
u_memory._302_/C1                       0.350000    0.360658   -0.010658 (VIOLATED)
u_memory._376_/C                        0.350000    0.360651   -0.010651 (VIOLATED)
max_cap532/A                            0.350000    0.360631   -0.010631 (VIOLATED)
fanout186/X                             0.350000    0.360617   -0.010617 (VIOLATED)
max_cap531/A                            0.350000    0.360596   -0.010596 (VIOLATED)
wire388/X                               0.350000    0.360387   -0.010387 (VIOLATED)
wire225/X                               0.350000    0.360159   -0.010159 (VIOLATED)
max_cap488/X                            0.350000    0.360146   -0.010145 (VIOLATED)
hold184/X                               0.350000    0.360073   -0.010073 (VIOLATED)
max_cap426/A                            0.350000    0.359989   -0.009989 (VIOLATED)
u_memory._209_/B2                       0.350000    0.359966   -0.009966 (VIOLATED)
_120_/D                                 0.350000    0.359790   -0.009790 (VIOLATED)
input49/X                               0.350000    0.359772   -0.009772 (VIOLATED)
u_memory._205_/X                        0.350000    0.359631   -0.009631 (VIOLATED)
max_cap438/X                            0.350000    0.358915   -0.008915 (VIOLATED)
u_memory.g_read[1].g_bank[2].g_slice[0].u_sram/clk    0.350000    0.358764   -0.008764 (VIOLATED)
max_cap454/X                            0.350000    0.358726   -0.008726 (VIOLATED)
u_memory.g_read[0].g_bank[2].g_slice[0].u_sram/addr[5]    0.350000    0.358681   -0.008681 (VIOLATED)
u_memory._215_/A1                       0.350000    0.358642   -0.008642 (VIOLATED)
_099_/D                                 0.350000    0.358627   -0.008627 (VIOLATED)
input27/X                               0.350000    0.358606   -0.008606 (VIOLATED)
u_memory.g_read[0].g_bank[3].g_slice[0].u_sram/addr[5]    0.350000    0.358581   -0.008581 (VIOLATED)
max_cap417/X                            0.350000    0.358399   -0.008399 (VIOLATED)
max_cap498/X                            0.350000    0.358274   -0.008274 (VIOLATED)
wire346/X                               0.350000    0.358263   -0.008263 (VIOLATED)
_046_/D                                 0.350000    0.358094   -0.008094 (VIOLATED)
u_memory._366_/X                        0.350000    0.358078   -0.008078 (VIOLATED)
u_memory._184_/A2                       0.350000    0.358075   -0.008075 (VIOLATED)
u_memory.g_read[1].g_bank[1].g_slice[0].u_sram/clk    0.350000    0.357991   -0.007991 (VIOLATED)
_080_/D                                 0.350000    0.357887   -0.007887 (VIOLATED)
input5/X                                0.350000    0.357843   -0.007843 (VIOLATED)
u_memory._183_/X                        0.350000    0.357814   -0.007814 (VIOLATED)
u_memory.g_read[0].g_bank[2].g_slice[0].u_sram/addr[6]    0.350000    0.357790   -0.007790 (VIOLATED)
u_memory.g_read[0].g_bank[3].g_slice[0].u_sram/addr[6]    0.350000    0.357705   -0.007705 (VIOLATED)
u_memory._374_/A1                       0.350000    0.357069   -0.007069 (VIOLATED)
u_memory._253_/C                        0.350000    0.357062   -0.007062 (VIOLATED)
u_memory.g_read[0].g_bank[1].g_slice[0].u_sram/clk    0.350000    0.357014   -0.007014 (VIOLATED)
u_memory._377_/A1                       0.350000    0.356983   -0.006983 (VIOLATED)
u_memory._291_/B2                       0.350000    0.356752   -0.006752 (VIOLATED)
u_memory._290_/X                        0.350000    0.356712   -0.006712 (VIOLATED)
u_memory._389_/A2                       0.350000    0.356682   -0.006682 (VIOLATED)
wire308/X                               0.350000    0.356512   -0.006512 (VIOLATED)
_089_/D                                 0.350000    0.356496   -0.006496 (VIOLATED)
u_memory.g_read[1].g_bank[3].g_slice[0].u_sram/clk    0.350000    0.356332   -0.006332 (VIOLATED)
u_memory.g_read[0].g_bank[3].g_slice[0].u_sram/clk    0.350000    0.356303   -0.006303 (VIOLATED)
fanout203/A                             0.350000    0.356224   -0.006224 (VIOLATED)
u_memory.g_read[0].g_bank[2].g_slice[0].u_sram/clk    0.350000    0.356175   -0.006175 (VIOLATED)
input26/X                               0.350000    0.356136   -0.006136 (VIOLATED)
u_memory._175_/D                        0.350000    0.355922   -0.005922 (VIOLATED)
u_memory._386_/A1                       0.350000    0.355837   -0.005837 (VIOLATED)
output87/A                              0.350000    0.355787   -0.005787 (VIOLATED)
max_cap589/A                            0.350000    0.355403   -0.005403 (VIOLATED)
max_cap588/A                            0.350000    0.355403   -0.005403 (VIOLATED)
u_memory._401_/A1                       0.350000    0.355238   -0.005238 (VIOLATED)
u_memory._392_/A1                       0.350000    0.354918   -0.004918 (VIOLATED)
u_memory._278_/A2                       0.350000    0.354912   -0.004912 (VIOLATED)
fanout205/A                             0.350000    0.354891   -0.004891 (VIOLATED)
u_memory._284_/A2                       0.350000    0.354854   -0.004854 (VIOLATED)
max_cap582/A                            0.350000    0.354791   -0.004791 (VIOLATED)
u_memory.g_read[1].g_bank[2].g_slice[0].u_sram/din[24]    0.350000    0.354769   -0.004769 (VIOLATED)
max_cap581/A                            0.350000    0.354695   -0.004695 (VIOLATED)
max_cap404/X                            0.350000    0.354542   -0.004542 (VIOLATED)
u_memory._375_/A1                       0.350000    0.354463   -0.004463 (VIOLATED)
max_cap560/X                            0.350000    0.354410   -0.004410 (VIOLATED)
u_memory._290_/A1                       0.350000    0.354299   -0.004299 (VIOLATED)
u_memory._296_/A1                       0.350000    0.354268   -0.004268 (VIOLATED)
u_memory._281_/A1                       0.350000    0.354249   -0.004249 (VIOLATED)
u_memory._302_/A1                       0.350000    0.354243   -0.004243 (VIOLATED)
u_memory._407_/A1                       0.350000    0.354209   -0.004209 (VIOLATED)
wire590/X                               0.350000    0.354202   -0.004202 (VIOLATED)
u_memory._383_/A1                       0.350000    0.354166   -0.004166 (VIOLATED)
u_memory._293_/A1                       0.350000    0.354072   -0.004072 (VIOLATED)
wire277/X                               0.350000    0.354068   -0.004068 (VIOLATED)
fanout206/X                             0.350000    0.354022   -0.004022 (VIOLATED)
u_memory._288_/A1                       0.350000    0.353817   -0.003817 (VIOLATED)
u_memory._413_/A1                       0.350000    0.353755   -0.003755 (VIOLATED)
u_memory._393_/B2                       0.350000    0.353454   -0.003454 (VIOLATED)
u_memory._392_/X                        0.350000    0.353435   -0.003435 (VIOLATED)
wire350/X                               0.350000    0.353373   -0.003373 (VIOLATED)
u_memory._208_/B2                       0.350000    0.353371   -0.003371 (VIOLATED)
wire583/X                               0.350000    0.353370   -0.003370 (VIOLATED)
u_memory._416_/A1                       0.350000    0.353365   -0.003365 (VIOLATED)
u_memory._211_/B2                       0.350000    0.353361   -0.003361 (VIOLATED)
u_memory._398_/A1                       0.350000    0.353316   -0.003316 (VIOLATED)
u_memory._220_/B2                       0.350000    0.353314   -0.003314 (VIOLATED)
u_memory._217_/B2                       0.350000    0.353301   -0.003301 (VIOLATED)
u_memory._223_/B2                       0.350000    0.353295   -0.003295 (VIOLATED)
u_memory._229_/B2                       0.350000    0.353236   -0.003236 (VIOLATED)
u_memory._232_/B2                       0.350000    0.353202   -0.003202 (VIOLATED)
u_memory._234_/B                        0.350000    0.353160   -0.003160 (VIOLATED)
_132_/D                                 0.350000    0.353065   -0.003065 (VIOLATED)
u_memory.g_read[1].g_bank[3].g_slice[0].u_sram/wmask[3]    0.350000    0.353050   -0.003050 (VIOLATED)
u_memory._245_/B2                       0.350000    0.353020   -0.003020 (VIOLATED)
u_memory._242_/B2                       0.350000    0.352983   -0.002983 (VIOLATED)
u_memory._248_/B2                       0.350000    0.352949   -0.002949 (VIOLATED)
u_memory._254_/B2                       0.350000    0.352948   -0.002948 (VIOLATED)
u_memory._404_/A1                       0.350000    0.352932   -0.002932 (VIOLATED)
u_memory._257_/B2                       0.350000    0.352894   -0.002894 (VIOLATED)
u_memory._384_/B2                       0.350000    0.352872   -0.002872 (VIOLATED)
input69/X                               0.350000    0.352825   -0.002825 (VIOLATED)
u_memory._260_/B2                       0.350000    0.352745   -0.002745 (VIOLATED)
u_memory.g_read[0].g_bank[2].g_slice[0].u_sram/addr[2]    0.350000    0.352565   -0.002565 (VIOLATED)
u_memory._410_/A1                       0.350000    0.352545   -0.002545 (VIOLATED)
u_memory._266_/B2                       0.350000    0.352489   -0.002489 (VIOLATED)
u_memory._269_/B2                       0.350000    0.352407   -0.002407 (VIOLATED)
fanout189/X                             0.350000    0.352404   -0.002404 (VIOLATED)
u_memory._383_/X                        0.350000    0.352388   -0.002388 (VIOLATED)
u_memory.g_read[0].g_bank[3].g_slice[0].u_sram/addr[2]    0.350000    0.352262   -0.002262 (VIOLATED)
u_memory.g_read[1].g_bank[2].g_slice[0].u_sram/wmask[3]    0.350000    0.352210   -0.002210 (VIOLATED)
hold153/A                               0.350000    0.352204   -0.002204 (VIOLATED)
_023_/Q                                 0.350000    0.352142   -0.002142 (VIOLATED)
u_memory._395_/A1                       0.350000    0.352068   -0.002068 (VIOLATED)
u_memory._380_/A1                       0.350000    0.351927   -0.001927 (VIOLATED)
_134_/Q                                 0.350000    0.351845   -0.001845 (VIOLATED)
fanout204/X                             0.350000    0.351820   -0.001820 (VIOLATED)
_072_/D                                 0.350000    0.351729   -0.001729 (VIOLATED)
input18/X                               0.350000    0.351701   -0.001701 (VIOLATED)
max_cap489/A                            0.350000    0.351466   -0.001466 (VIOLATED)
max_cap490/A                            0.350000    0.351453   -0.001453 (VIOLATED)
u_memory._371_/A1                       0.350000    0.351314   -0.001314 (VIOLATED)
u_memory._297_/B1                       0.350000    0.350663   -0.000663 (VIOLATED)
wire385/X                               0.350000    0.350548   -0.000548 (VIOLATED)
wire491/X                               0.350000    0.350373   -0.000373 (VIOLATED)
wire246/X                               0.350000    0.350364   -0.000364 (VIOLATED)
u_memory._295_/X                        0.350000    0.350298   -0.000298 (VIOLATED)
u_memory._364_/C                        0.350000    0.350283   -0.000283 (VIOLATED)
max_cap424/A                            0.350000    0.350271   -0.000271 (VIOLATED)
max_cap595/A                            0.350000    0.350228   -0.000228 (VIOLATED)
max_cap594/A                            0.350000    0.350197   -0.000197 (VIOLATED)
_028_/D                                 0.350000    0.350160   -0.000160 (VIOLATED)
load_slew8/X                            0.350000    0.350084   -0.000084 (VIOLATED)
max_cap593/A                            0.350000    0.350028   -0.000028 (VIOLATED)
u_memory._291_/X                        0.350000    0.350016   -0.000016 (VIOLATED)

max capacitance

Pin                                        Limit         Cap       Slack
------------------------------------------------------------------------
u_memory.g_read[1].g_bank[1].g_slice[0].u_sram/dout[30]    0.013000    0.013001    0.000000 (VIOLATED)



===========================================================================
report_parasitic_annotation -report_unannotated
============================================================================
Found 16 unannotated drivers.
 clkload0/X
 clkload1/X
 clkload2/X
 clkload3/X
 clkload4/X
 clkload5/Y
 clkload6/Y
 clkload7/X
 u_memory.g_read\[0\].g_bank\[0\].g_slice\[0\].u_sram_649/LO
 u_memory.g_read\[0\].g_bank\[1\].g_slice\[0\].u_sram_650/LO
 u_memory.g_read\[0\].g_bank\[2\].g_slice\[0\].u_sram_651/LO
 u_memory.g_read\[0\].g_bank\[3\].g_slice\[0\].u_sram_652/LO
 u_memory.g_read\[1\].g_bank\[0\].g_slice\[0\].u_sram_653/LO
 u_memory.g_read\[1\].g_bank\[1\].g_slice\[0\].u_sram_654/LO
 u_memory.g_read\[1\].g_bank\[2\].g_slice\[0\].u_sram_655/LO
 u_memory.g_read\[1\].g_bank\[3\].g_slice\[0\].u_sram_656/LO
Found 0 partially unannotated drivers.

===========================================================================
max slew violation count 1268
max fanout violation count 0
max cap violation count 1
============================================================================

===========================================================================
check_setup -verbose -unconstrained_endpoints -multiple_clock -no_clock -no_input_delay -loops -generated_clocks
===========================================================================
Warning: There are 8 unconstrained endpoints.
  u_memory.g_read[0].g_bank[0].g_slice[0].u_sram/rstb
  u_memory.g_read[0].g_bank[1].g_slice[0].u_sram/rstb
  u_memory.g_read[0].g_bank[2].g_slice[0].u_sram/rstb
  u_memory.g_read[0].g_bank[3].g_slice[0].u_sram/rstb
  u_memory.g_read[1].g_bank[0].g_slice[0].u_sram/rstb
  u_memory.g_read[1].g_bank[1].g_slice[0].u_sram/rstb
  u_memory.g_read[1].g_bank[2].g_slice[0].u_sram/rstb
  u_memory.g_read[1].g_bank[3].g_slice[0].u_sram/rstb
