
===========================================================================
report_checks -unconstrained
===========================================================================
======================= max_ss_100C_1v60 Corner ===================================

Startpoint: rst_n (input port clocked by sys_clk)
Endpoint: u_memory._430_ (recovery check against rising-edge clock sys_clk)
Path Group: asynchronous
Path Type: max

Fanout         Cap        Slew       Delay        Time   Description
---------------------------------------------------------------------------------------------
                                  0.000000    0.000000   clock sys_clk (rise edge)
                                  0.000000    0.000000   clock network delay (propagated)
                                  2.000000    2.000000 ^ input external delay
     1    0.002228    0.150000    0.000000    2.000000 ^ rst_n (in)
                                                         rst_n (net)
                      0.150134    0.000067    2.000067 ^ hold1/A (sky130_fd_sc_hd__dlygate4sd3_1)
     1    0.002899    0.092814    1.074281    3.074347 ^ hold1/X (sky130_fd_sc_hd__dlygate4sd3_1)
                                                         net657 (net)
                      0.092814    0.000214    3.074561 ^ input25/A (sky130_fd_sc_hd__clkbuf_2)
     1    0.003456    0.051707    0.181078    3.255639 ^ input25/X (sky130_fd_sc_hd__clkbuf_2)
                                                         net25 (net)
                      0.051708    0.000252    3.255892 ^ hold2/A (sky130_fd_sc_hd__dlygate4sd3_1)
     1    0.006318    0.138885    1.080274    4.336165 ^ hold2/X (sky130_fd_sc_hd__dlygate4sd3_1)
                                                         net658 (net)
                      0.138885    0.000499    4.336664 ^ wire647/A (sky130_fd_sc_hd__buf_6)
     8    0.145555    0.457463    0.444819    4.781483 ^ wire647/X (sky130_fd_sc_hd__buf_6)
                                                         net647 (net)
                      0.476182    0.072724    4.854207 ^ u_memory._430_/RESET_B (sky130_fd_sc_hd__dfrtp_4)
                                              4.854207   data arrival time

                                 10.000000   10.000000   clock sys_clk (rise edge)
                                  0.000000   10.000000   clock source latency
     2    0.164759    0.150000    0.000000   10.000000 ^ clk (in)
                                                         clk (net)
                      0.314374    0.082188   10.082188 ^ clkbuf_0_clk/A (sky130_fd_sc_hd__clkbuf_16)
     2    0.113860    0.198645    0.429129   10.511316 ^ clkbuf_0_clk/X (sky130_fd_sc_hd__clkbuf_16)
                                                         clknet_0_clk (net)
                      0.203430    0.024357   10.535673 ^ clkbuf_1_1_0_clk/A (sky130_fd_sc_hd__clkbuf_16)
     4    0.136598    0.228986    0.411032   10.946705 ^ clkbuf_1_1_0_clk/X (sky130_fd_sc_hd__clkbuf_16)
                                                         clknet_1_1_0_clk (net)
                      0.229695    0.009594   10.956299 ^ clkbuf_3_5_0_clk/A (sky130_fd_sc_hd__clkbuf_16)
     2    0.066841    0.130136    0.346814   11.303113 ^ clkbuf_3_5_0_clk/X (sky130_fd_sc_hd__clkbuf_16)
                                                         clknet_3_5_0_clk (net)
                      0.132586    0.013886   11.316999 ^ clkbuf_4_11__f_clk/A (sky130_fd_sc_hd__clkbuf_16)
     5    0.099861    0.176760    0.340489   11.657489 ^ clkbuf_4_11__f_clk/X (sky130_fd_sc_hd__clkbuf_16)
                                                         clknet_4_11__leaf_clk (net)
                      0.176864    0.003523   11.661011 ^ u_memory._430_/CLK (sky130_fd_sc_hd__dfrtp_4)
                                 -0.250000   11.411011   clock uncertainty
                                  0.000000   11.411011   clock reconvergence pessimism
                                  0.290526   11.701538   library recovery time
                                             11.701538   data required time
---------------------------------------------------------------------------------------------
                                             11.701538   data required time
                                             -4.854207   data arrival time
---------------------------------------------------------------------------------------------
                                              6.847332   slack (MET)


Startpoint: u_memory.g_read[0].g_bank[2].g_slice[0].u_sram
            (rising edge-triggered flip-flop clocked by sys_clk)
Endpoint: _027_ (rising edge-triggered flip-flop clocked by sys_clk)
Path Group: sys_clk
Path Type: max

Fanout         Cap        Slew       Delay        Time   Description
---------------------------------------------------------------------------------------------
                                  0.000000    0.000000   clock sys_clk (rise edge)
                                  0.000000    0.000000   clock source latency
     2    0.164759    0.150000    0.000000    0.000000 ^ clk (in)
                                                         clk (net)
                      0.314374    0.082187    0.082187 ^ clkbuf_0_clk/A (sky130_fd_sc_hd__clkbuf_16)
     2    0.113860    0.198645    0.429129    0.511316 ^ clkbuf_0_clk/X (sky130_fd_sc_hd__clkbuf_16)
                                                         clknet_0_clk (net)
                      0.203430    0.024356    0.535673 ^ clkbuf_1_1_0_clk/A (sky130_fd_sc_hd__clkbuf_16)
     4    0.136598    0.228986    0.411032    0.946705 ^ clkbuf_1_1_0_clk/X (sky130_fd_sc_hd__clkbuf_16)
                                                         clknet_1_1_0_clk (net)
                      0.229788    0.010279    0.956983 ^ clkbuf_3_4_0_clk/A (sky130_fd_sc_hd__clkbuf_16)
     2    0.065818    0.128652    0.346056    1.303039 ^ clkbuf_3_4_0_clk/X (sky130_fd_sc_hd__clkbuf_16)
                                                         clknet_3_4_0_clk (net)
                      0.131239    0.014176    1.317215 ^ clkbuf_4_8__f_clk/A (sky130_fd_sc_hd__clkbuf_16)
     9    0.148181    0.247493    0.384621    1.701836 ^ clkbuf_4_8__f_clk/X (sky130_fd_sc_hd__clkbuf_16)
                                                         clknet_4_8__leaf_clk (net)
                      0.248253    0.011356    1.713192 ^ m6_leaf_2_pre/A (sky130_fd_sc_hd__clkinv_2)
     1    0.039661    0.292011    0.341458    2.054650 v m6_leaf_2_pre/Y (sky130_fd_sc_hd__clkinv_2)
                                                         m6_leaf_2_inverted (net)
                      0.292034    0.002697    2.057348 v m6_leaf_2_drive/A (sky130_fd_sc_hd__clkinv_16)
     1    0.242747    0.260091    0.328162    2.385509 ^ m6_leaf_2_drive/Y (sky130_fd_sc_hd__clkinv_16)
                                                         m6_leaf_2_local (net)
                      0.348873    0.016199    2.401708 ^ u_memory.g_read[0].g_bank[2].g_slice[0].u_sram/clk (sram22_512x32m4w8)
     1    0.080801    0.660991    6.991582    9.393291 v u_memory.g_read[0].g_bank[2].g_slice[0].u_sram/dout[26] (sram22_512x32m4w8)
                                                         u_memory.g_read[0].bank_data[2][26] (net)
                      0.498189    0.031893    9.425183 v u_memory._287_/B2 (sky130_fd_sc_hd__a221o_2)
     1    0.065868    0.348654    1.135693   10.560877 v u_memory._287_/X (sky130_fd_sc_hd__a221o_2)
                                                         u_memory._084_ (net)
                      0.350440    0.018457   10.579334 v u_memory._288_/B2 (sky130_fd_sc_hd__o22a_2)
     2    0.042519    0.252041    0.671228   11.250563 v u_memory._288_/X (sky130_fd_sc_hd__o22a_2)
                                                         result[26] (net)
                      0.252387    0.008286   11.258848 v _027_/D (sky130_fd_sc_hd__dfxtp_2)
                                             11.258848   data arrival time

                                 10.000000   10.000000   clock sys_clk (rise edge)
                                  0.000000   10.000000   clock source latency
     2    0.164759    0.150000    0.000000   10.000000 ^ clk (in)
                                                         clk (net)
                      0.314374    0.082188   10.082188 ^ clkbuf_0_clk/A (sky130_fd_sc_hd__clkbuf_16)
     2    0.113860    0.198645    0.429129   10.511316 ^ clkbuf_0_clk/X (sky130_fd_sc_hd__clkbuf_16)
                                                         clknet_0_clk (net)
                      0.199924    0.012813   10.524130 ^ clkbuf_1_0_0_clk/A (sky130_fd_sc_hd__clkbuf_16)
     4    0.101883    0.180927    0.368088   10.892218 ^ clkbuf_1_0_0_clk/X (sky130_fd_sc_hd__clkbuf_16)
                                                         clknet_1_0_0_clk (net)
                      0.184051    0.018810   10.911027 ^ clkbuf_3_0_0_clk/A (sky130_fd_sc_hd__clkbuf_16)
     2    0.029599    0.080228    0.286230   11.197257 ^ clkbuf_3_0_0_clk/X (sky130_fd_sc_hd__clkbuf_16)
                                                         clknet_3_0_0_clk (net)
                      0.080456    0.003610   11.200867 ^ clkbuf_4_0__f_clk/A (sky130_fd_sc_hd__clkbuf_16)
     8    0.045081    0.100565    0.259812   11.460678 ^ clkbuf_4_0__f_clk/X (sky130_fd_sc_hd__clkbuf_16)
                                                         clknet_4_0__leaf_clk (net)
                      0.100771    0.003693   11.464371 ^ _027_/CLK (sky130_fd_sc_hd__dfxtp_2)
                                 -0.250000   11.214371   clock uncertainty
                                  0.000000   11.214371   clock reconvergence pessimism
                                 -0.341832   10.872540   library setup time
                                             10.872540   data required time
---------------------------------------------------------------------------------------------
                                             10.872540   data required time
                                            -11.258848   data arrival time
---------------------------------------------------------------------------------------------
                                             -0.386309   slack (VIOLATED)




===========================================================================
report_checks --slack_max -0.01
============================================================================
======================= max_ss_100C_1v60 Corner ===================================

Startpoint: u_memory.g_read[0].g_bank[2].g_slice[0].u_sram
            (rising edge-triggered flip-flop clocked by sys_clk)
Endpoint: _027_ (rising edge-triggered flip-flop clocked by sys_clk)
Path Group: sys_clk
Path Type: max

Fanout         Cap        Slew       Delay        Time   Description
---------------------------------------------------------------------------------------------
                                  0.000000    0.000000   clock sys_clk (rise edge)
                                  0.000000    0.000000   clock source latency
     2    0.164759    0.150000    0.000000    0.000000 ^ clk (in)
                                                         clk (net)
                      0.314374    0.082187    0.082187 ^ clkbuf_0_clk/A (sky130_fd_sc_hd__clkbuf_16)
     2    0.113860    0.198645    0.429129    0.511316 ^ clkbuf_0_clk/X (sky130_fd_sc_hd__clkbuf_16)
                                                         clknet_0_clk (net)
                      0.203430    0.024356    0.535673 ^ clkbuf_1_1_0_clk/A (sky130_fd_sc_hd__clkbuf_16)
     4    0.136598    0.228986    0.411032    0.946705 ^ clkbuf_1_1_0_clk/X (sky130_fd_sc_hd__clkbuf_16)
                                                         clknet_1_1_0_clk (net)
                      0.229788    0.010279    0.956983 ^ clkbuf_3_4_0_clk/A (sky130_fd_sc_hd__clkbuf_16)
     2    0.065818    0.128652    0.346056    1.303039 ^ clkbuf_3_4_0_clk/X (sky130_fd_sc_hd__clkbuf_16)
                                                         clknet_3_4_0_clk (net)
                      0.131239    0.014176    1.317215 ^ clkbuf_4_8__f_clk/A (sky130_fd_sc_hd__clkbuf_16)
     9    0.148181    0.247493    0.384621    1.701836 ^ clkbuf_4_8__f_clk/X (sky130_fd_sc_hd__clkbuf_16)
                                                         clknet_4_8__leaf_clk (net)
                      0.248253    0.011356    1.713192 ^ m6_leaf_2_pre/A (sky130_fd_sc_hd__clkinv_2)
     1    0.039661    0.292011    0.341458    2.054650 v m6_leaf_2_pre/Y (sky130_fd_sc_hd__clkinv_2)
                                                         m6_leaf_2_inverted (net)
                      0.292034    0.002697    2.057348 v m6_leaf_2_drive/A (sky130_fd_sc_hd__clkinv_16)
     1    0.242747    0.260091    0.328162    2.385509 ^ m6_leaf_2_drive/Y (sky130_fd_sc_hd__clkinv_16)
                                                         m6_leaf_2_local (net)
                      0.348873    0.016199    2.401708 ^ u_memory.g_read[0].g_bank[2].g_slice[0].u_sram/clk (sram22_512x32m4w8)
     1    0.080801    0.660991    6.991582    9.393291 v u_memory.g_read[0].g_bank[2].g_slice[0].u_sram/dout[26] (sram22_512x32m4w8)
                                                         u_memory.g_read[0].bank_data[2][26] (net)
                      0.498189    0.031893    9.425183 v u_memory._287_/B2 (sky130_fd_sc_hd__a221o_2)
     1    0.065868    0.348654    1.135693   10.560877 v u_memory._287_/X (sky130_fd_sc_hd__a221o_2)
                                                         u_memory._084_ (net)
                      0.350440    0.018457   10.579334 v u_memory._288_/B2 (sky130_fd_sc_hd__o22a_2)
     2    0.042519    0.252041    0.671228   11.250563 v u_memory._288_/X (sky130_fd_sc_hd__o22a_2)
                                                         result[26] (net)
                      0.252387    0.008286   11.258848 v _027_/D (sky130_fd_sc_hd__dfxtp_2)
                                             11.258848   data arrival time

                                 10.000000   10.000000   clock sys_clk (rise edge)
                                  0.000000   10.000000   clock source latency
     2    0.164759    0.150000    0.000000   10.000000 ^ clk (in)
                                                         clk (net)
                      0.314374    0.082188   10.082188 ^ clkbuf_0_clk/A (sky130_fd_sc_hd__clkbuf_16)
     2    0.113860    0.198645    0.429129   10.511316 ^ clkbuf_0_clk/X (sky130_fd_sc_hd__clkbuf_16)
                                                         clknet_0_clk (net)
                      0.199924    0.012813   10.524130 ^ clkbuf_1_0_0_clk/A (sky130_fd_sc_hd__clkbuf_16)
     4    0.101883    0.180927    0.368088   10.892218 ^ clkbuf_1_0_0_clk/X (sky130_fd_sc_hd__clkbuf_16)
                                                         clknet_1_0_0_clk (net)
                      0.184051    0.018810   10.911027 ^ clkbuf_3_0_0_clk/A (sky130_fd_sc_hd__clkbuf_16)
     2    0.029599    0.080228    0.286230   11.197257 ^ clkbuf_3_0_0_clk/X (sky130_fd_sc_hd__clkbuf_16)
                                                         clknet_3_0_0_clk (net)
                      0.080456    0.003610   11.200867 ^ clkbuf_4_0__f_clk/A (sky130_fd_sc_hd__clkbuf_16)
     8    0.045081    0.100565    0.259812   11.460678 ^ clkbuf_4_0__f_clk/X (sky130_fd_sc_hd__clkbuf_16)
                                                         clknet_4_0__leaf_clk (net)
                      0.100771    0.003693   11.464371 ^ _027_/CLK (sky130_fd_sc_hd__dfxtp_2)
                                 -0.250000   11.214371   clock uncertainty
                                  0.000000   11.214371   clock reconvergence pessimism
                                 -0.341832   10.872540   library setup time
                                             10.872540   data required time
---------------------------------------------------------------------------------------------
                                             10.872540   data required time
                                            -11.258848   data arrival time
---------------------------------------------------------------------------------------------
                                             -0.386309   slack (VIOLATED)




===========================================================================
 report_check_types -max_slew -max_cap -max_fanout -violators
============================================================================
======================= max_ss_100C_1v60 Corner ===================================

max slew

Pin                                        Limit        Slew       Slack
------------------------------------------------------------------------
u_memory.g_read[0].g_bank[2].g_slice[0].u_sram/dout[24]    0.040000    1.016430   -0.976430 (VIOLATED)
wire179/A                               0.350000    1.322068   -0.972068 (VIOLATED)
u_memory._322_/Y                        0.350000    1.321931   -0.971931 (VIOLATED)
u_memory.g_read[1].g_bank[2].g_slice[0].u_sram/dout[25]    0.040000    0.989259   -0.949259 (VIOLATED)
u_memory.g_read[1].g_bank[3].g_slice[0].u_sram/dout[23]    0.040000    0.950899   -0.910899 (VIOLATED)
u_memory.g_read[0].g_bank[2].g_slice[0].u_sram/dout[26]    0.040000    0.893236   -0.853236 (VIOLATED)
u_memory.g_read[0].g_bank[2].g_slice[0].u_sram/dout[22]    0.040000    0.883569   -0.843569 (VIOLATED)
u_memory.g_read[0].g_bank[0].g_slice[0].u_sram/we    0.350000    1.183736   -0.833736 (VIOLATED)
u_memory.g_read[1].g_bank[1].g_slice[0].u_sram/dout[18]    0.040000    0.871351   -0.831351 (VIOLATED)
u_memory.g_read[0].g_bank[1].g_slice[0].u_sram/we    0.350000    1.179682   -0.829682 (VIOLATED)
u_memory.g_read[1].g_bank[2].g_slice[0].u_sram/dout[27]    0.040000    0.864802   -0.824802 (VIOLATED)
u_memory.g_read[0].g_bank[3].g_slice[0].u_sram/we    0.350000    1.172411   -0.822411 (VIOLATED)
u_memory.g_read[1].g_bank[0].g_slice[0].u_sram/we    0.350000    1.166848   -0.816848 (VIOLATED)
u_memory.g_read[0].g_bank[2].g_slice[0].u_sram/dout[28]    0.040000    0.855359   -0.815359 (VIOLATED)
u_memory.g_read[1].g_bank[1].g_slice[0].u_sram/we    0.350000    1.163285   -0.813285 (VIOLATED)
u_memory.g_read[0].g_bank[2].g_slice[0].u_sram/dout[27]    0.040000    0.844290   -0.804290 (VIOLATED)
u_memory.g_read[1].g_bank[3].g_slice[0].u_sram/we    0.350000    1.152421   -0.802421 (VIOLATED)
u_memory.g_read[0].g_bank[2].g_slice[0].u_sram/dout[29]    0.040000    0.835831   -0.795831 (VIOLATED)
u_memory.g_read[1].g_bank[2].g_slice[0].u_sram/we    0.350000    1.144520   -0.794520 (VIOLATED)
u_memory.g_read[0].g_bank[2].g_slice[0].u_sram/dout[30]    0.040000    0.824407   -0.784407 (VIOLATED)
u_memory.g_read[1].g_bank[3].g_slice[0].u_sram/dout[18]    0.040000    0.818810   -0.778810 (VIOLATED)
u_memory.g_read[0].g_bank[2].g_slice[0].u_sram/dout[31]    0.040000    0.785783   -0.745783 (VIOLATED)
u_memory.g_read[1].g_bank[2].g_slice[0].u_sram/dout[29]    0.040000    0.771612   -0.731612 (VIOLATED)
u_memory.g_read[1].g_bank[2].g_slice[0].u_sram/dout[20]    0.040000    0.768078   -0.728078 (VIOLATED)
u_memory.g_read[1].g_bank[3].g_slice[0].u_sram/dout[26]    0.040000    0.757573   -0.717573 (VIOLATED)
u_memory.g_read[1].g_bank[1].g_slice[0].u_sram/dout[23]    0.040000    0.754955   -0.714955 (VIOLATED)
u_memory.g_read[0].g_bank[2].g_slice[0].u_sram/dout[18]    0.040000    0.753979   -0.713979 (VIOLATED)
u_memory._236_/B1                       0.350000    1.048713   -0.698713 (VIOLATED)
max_cap187/A                            0.350000    1.048339   -0.698339 (VIOLATED)
u_memory._206_/Y                        0.350000    1.048337   -0.698336 (VIOLATED)
u_memory.g_read[1].g_bank[2].g_slice[0].u_sram/dout[26]    0.040000    0.733230   -0.693230 (VIOLATED)
u_memory.g_read[1].g_bank[3].g_slice[0].u_sram/dout[28]    0.040000    0.731439   -0.691439 (VIOLATED)
u_memory.g_read[1].g_bank[2].g_slice[0].u_sram/dout[31]    0.040000    0.722978   -0.682978 (VIOLATED)
u_memory.g_read[1].g_bank[2].g_slice[0].u_sram/dout[22]    0.040000    0.717248   -0.677248 (VIOLATED)
u_memory.g_read[1].g_bank[2].g_slice[0].u_sram/dout[23]    0.040000    0.714472   -0.674472 (VIOLATED)
u_memory.g_read[1].g_bank[2].g_slice[0].u_sram/dout[19]    0.040000    0.713417   -0.673417 (VIOLATED)
u_memory.g_read[1].g_bank[3].g_slice[0].u_sram/dout[30]    0.040000    0.701756   -0.661756 (VIOLATED)
u_memory.g_read[0].g_bank[1].g_slice[0].u_sram/dout[18]    0.040000    0.691995   -0.651995 (VIOLATED)
u_memory.g_read[1].g_bank[3].g_slice[0].u_sram/dout[31]    0.040000    0.675606   -0.635606 (VIOLATED)
u_memory.g_read[0].g_bank[3].g_slice[0].u_sram/dout[18]    0.040000    0.653539   -0.613539 (VIOLATED)
u_memory.g_read[0].g_bank[3].g_slice[0].u_sram/dout[9]    0.040000    0.648901   -0.608900 (VIOLATED)
u_memory.g_read[1].g_bank[1].g_slice[0].u_sram/dout[19]    0.040000    0.647014   -0.607014 (VIOLATED)
u_memory.g_read[1].g_bank[2].g_slice[0].u_sram/dout[24]    0.040000    0.641419   -0.601419 (VIOLATED)
u_memory.g_read[1].g_bank[2].g_slice[0].u_sram/dout[30]    0.040000    0.633447   -0.593447 (VIOLATED)
u_memory.g_read[1].g_bank[2].g_slice[0].u_sram/dout[18]    0.040000    0.613254   -0.573254 (VIOLATED)
ANTENNA_2748/DIODE                      0.350000    0.883663   -0.533663 (VIOLATED)
ANTENNA_599/DIODE                       0.350000    0.883621   -0.533621 (VIOLATED)
ANTENNA_600/DIODE                       0.350000    0.879109   -0.529109 (VIOLATED)
u_memory.g_read[1].g_bank[2].g_slice[0].u_sram/dout[28]    0.040000    0.564456   -0.524456 (VIOLATED)
ANTENNA_601/DIODE                       0.350000    0.873397   -0.523397 (VIOLATED)
ANTENNA_2749/DIODE                      0.350000    0.873394   -0.523394 (VIOLATED)
ANTENNA_2766/DIODE                      0.350000    0.873392   -0.523392 (VIOLATED)
u_memory.g_read[1].g_bank[1].g_slice[0].u_sram/dout[15]    0.040000    0.560370   -0.520370 (VIOLATED)
ANTENNA_602/DIODE                       0.350000    0.864851   -0.514852 (VIOLATED)
u_memory.g_read[1].g_bank[1].g_slice[0].u_sram/dout[24]    0.040000    0.554822   -0.514822 (VIOLATED)
u_memory.g_read[1].g_bank[2].g_slice[0].u_sram/din[2]    0.350000    0.858772   -0.508772 (VIOLATED)
u_memory.g_read[1].g_bank[1].g_slice[0].u_sram/dout[27]    0.040000    0.534526   -0.494526 (VIOLATED)
fanout169/A                             0.350000    0.842848   -0.492848 (VIOLATED)
fanout170/X                             0.350000    0.842420   -0.492420 (VIOLATED)
u_memory.g_read[0].g_bank[1].g_slice[0].u_sram/dout[22]    0.040000    0.527991   -0.487991 (VIOLATED)
u_memory.g_read[1].g_bank[1].g_slice[0].u_sram/dout[22]    0.040000    0.521498   -0.481498 (VIOLATED)
u_memory.g_read[1].g_bank[1].g_slice[0].u_sram/dout[20]    0.040000    0.513084   -0.473084 (VIOLATED)
u_memory.g_read[0].g_bank[2].g_slice[0].u_sram/din[31]    0.350000    0.818950   -0.468950 (VIOLATED)
u_memory.g_read[1].g_bank[1].g_slice[0].u_sram/dout[29]    0.040000    0.486801   -0.446801 (VIOLATED)
u_memory.g_read[1].g_bank[1].g_slice[0].u_sram/ce    0.350000    0.791959   -0.441959 (VIOLATED)
max_cap196/A                            0.350000    0.784466   -0.434466 (VIOLATED)
max_cap202/A                            0.350000    0.784466   -0.434466 (VIOLATED)
u_memory._175_/Y                        0.350000    0.784466   -0.434466 (VIOLATED)
wire195/A                               0.350000    0.784466   -0.434466 (VIOLATED)
u_memory.g_read[1].g_bank[1].g_slice[0].u_sram/dout[21]    0.040000    0.464629   -0.424629 (VIOLATED)
u_memory.g_read[1].g_bank[1].g_slice[0].u_sram/dout[30]    0.040000    0.460758   -0.420758 (VIOLATED)
u_memory.g_read[0].g_bank[1].g_slice[0].u_sram/dout[30]    0.040000    0.456314   -0.416314 (VIOLATED)
u_memory.g_read[0].g_bank[2].g_slice[0].u_sram/din[29]    0.350000    0.764828   -0.414828 (VIOLATED)
u_memory._281_/A2                       0.350000    0.762323   -0.412323 (VIOLATED)
u_memory.g_read[0].g_bank[1].g_slice[0].u_sram/dout[26]    0.040000    0.450308   -0.410308 (VIOLATED)
u_memory.g_read[1].g_bank[1].g_slice[0].u_sram/dout[31]    0.040000    0.448289   -0.408289 (VIOLATED)
u_memory._401_/A2                       0.350000    0.741944   -0.391944 (VIOLATED)
u_memory.g_read[1].g_bank[1].g_slice[0].u_sram/dout[26]    0.040000    0.430727   -0.390727 (VIOLATED)
u_memory.g_read[0].g_bank[1].g_slice[0].u_sram/dout[28]    0.040000    0.420152   -0.380152 (VIOLATED)
u_memory.g_read[0].g_bank[1].g_slice[0].u_sram/dout[24]    0.040000    0.414853   -0.374853 (VIOLATED)
u_memory.g_read[1].g_bank[1].g_slice[0].u_sram/dout[28]    0.040000    0.414243   -0.374243 (VIOLATED)
u_memory.g_read[1].g_bank[1].g_slice[0].u_sram/dout[25]    0.040000    0.408940   -0.368940 (VIOLATED)
u_memory._394_/C                        0.350000    0.713175   -0.363175 (VIOLATED)
u_memory.g_read[1].g_bank[0].g_slice[0].u_sram/wmask[0]    0.350000    0.705079   -0.355079 (VIOLATED)
u_memory.g_read[1].g_bank[1].g_slice[0].u_sram/wmask[0]    0.350000    0.705048   -0.355048 (VIOLATED)
wire167/A                               0.350000    0.694063   -0.344063 (VIOLATED)
u_memory.g_read[1].g_bank[2].g_slice[0].u_sram/addr[0]    0.350000    0.692890   -0.342889 (VIOLATED)
u_memory.g_read[1].g_bank[3].g_slice[0].u_sram/addr[0]    0.350000    0.692797   -0.342797 (VIOLATED)
wire168/X                               0.350000    0.692145   -0.342145 (VIOLATED)
u_memory.g_read[0].g_bank[2].g_slice[0].u_sram/din[28]    0.350000    0.688294   -0.338294 (VIOLATED)
u_memory.g_read[1].g_bank[0].g_slice[0].u_sram/wmask[1]    0.350000    0.677153   -0.327153 (VIOLATED)
u_memory.g_read[1].g_bank[1].g_slice[0].u_sram/wmask[1]    0.350000    0.677150   -0.327150 (VIOLATED)
u_memory._287_/B2                       0.350000    0.675366   -0.325366 (VIOLATED)
u_memory.g_read[0].g_bank[3].g_slice[0].u_sram/din[24]    0.350000    0.673337   -0.323337 (VIOLATED)
ANTENNA_421/DIODE                       0.350000    0.670426   -0.320426 (VIOLATED)
ANTENNA_419/DIODE                       0.350000    0.670426   -0.320426 (VIOLATED)
ANTENNA_417/DIODE                       0.350000    0.670425   -0.320425 (VIOLATED)
ANTENNA_420/DIODE                       0.350000    0.670422   -0.320422 (VIOLATED)
ANTENNA_415/DIODE                       0.350000    0.670421   -0.320421 (VIOLATED)
ANTENNA_416/DIODE                       0.350000    0.670421   -0.320421 (VIOLATED)
ANTENNA_418/DIODE                       0.350000    0.670420   -0.320420 (VIOLATED)
wire146/A                               0.350000    0.670420   -0.320420 (VIOLATED)
wire147/X                               0.350000    0.670177   -0.320176 (VIOLATED)
u_memory._275_/B2                       0.350000    0.667676   -0.317676 (VIOLATED)
u_memory.g_read[0].g_bank[2].g_slice[0].u_sram/din[24]    0.350000    0.664116   -0.314116 (VIOLATED)
u_memory.g_read[0].g_bank[3].g_slice[0].u_sram/din[0]    0.350000    0.657601   -0.307601 (VIOLATED)
u_memory._380_/B1                       0.350000    0.653513   -0.303513 (VIOLATED)
u_memory._407_/A2                       0.350000    0.653202   -0.303202 (VIOLATED)
u_memory.g_read[0].g_bank[2].g_slice[0].u_sram/din[26]    0.350000    0.651105   -0.301105 (VIOLATED)
max_cap194/A                            0.350000    0.647500   -0.297500 (VIOLATED)
wire193/A                               0.350000    0.647482   -0.297482 (VIOLATED)
u_memory._293_/A2                       0.350000    0.646802   -0.296802 (VIOLATED)
u_memory.g_read[1].g_bank[0].g_slice[0].u_sram/wmask[2]    0.350000    0.646206   -0.296206 (VIOLATED)
wire195/X                               0.350000    0.644957   -0.294957 (VIOLATED)
max_cap609/A                            0.350000    0.644060   -0.294060 (VIOLATED)
max_cap610/A                            0.350000    0.644054   -0.294054 (VIOLATED)
wire611/X                               0.350000    0.643124   -0.293124 (VIOLATED)
u_memory.g_read[1].g_bank[1].g_slice[0].u_sram/wmask[2]    0.350000    0.642573   -0.292573 (VIOLATED)
u_memory.g_read[0].g_bank[1].g_slice[0].u_sram/dout[27]    0.040000    0.331544   -0.291544 (VIOLATED)
u_memory.g_read[0].g_bank[2].g_slice[0].u_sram/din[10]    0.350000    0.639593   -0.289593 (VIOLATED)
u_memory.g_read[0].g_bank[1].g_slice[0].u_sram/din[16]    0.350000    0.638595   -0.288595 (VIOLATED)
u_memory._290_/A2                       0.350000    0.638448   -0.288448 (VIOLATED)
u_memory.g_read[0].g_bank[1].g_slice[0].u_sram/dout[29]    0.040000    0.324268   -0.284268 (VIOLATED)
u_memory._296_/A2                       0.350000    0.632263   -0.282263 (VIOLATED)
u_memory.g_read[1].g_bank[3].g_slice[0].u_sram/addr[8]    0.350000    0.632119   -0.282119 (VIOLATED)
u_memory.g_read[1].g_bank[2].g_slice[0].u_sram/addr[8]    0.350000    0.632118   -0.282118 (VIOLATED)
u_memory.g_read[1].g_bank[3].g_slice[0].u_sram/din[3]    0.350000    0.630214   -0.280214 (VIOLATED)
u_memory.g_read[0].g_bank[3].g_slice[0].u_sram/din[15]    0.350000    0.627935   -0.277935 (VIOLATED)
u_memory.g_read[0].g_bank[0].g_slice[0].u_sram/wmask[2]    0.350000    0.623860   -0.273860 (VIOLATED)
u_memory._299_/B2                       0.350000    0.623077   -0.273077 (VIOLATED)
u_memory.g_read[1].g_bank[0].g_slice[0].u_sram/din[15]    0.350000    0.621562   -0.271562 (VIOLATED)
u_memory.g_read[0].g_bank[3].g_slice[0].u_sram/din[5]    0.350000    0.620906   -0.270906 (VIOLATED)
u_memory.g_read[0].g_bank[1].g_slice[0].u_sram/wmask[2]    0.350000    0.620224   -0.270224 (VIOLATED)
u_memory.g_read[1].g_bank[3].g_slice[0].u_sram/din[18]    0.350000    0.619685   -0.269685 (VIOLATED)
u_memory.g_read[1].g_bank[0].g_slice[0].u_sram/din[27]    0.350000    0.619270   -0.269270 (VIOLATED)
u_memory._379_/C                        0.350000    0.618710   -0.268710 (VIOLATED)
u_memory._405_/A1                       0.350000    0.618523   -0.268523 (VIOLATED)
u_memory.g_read[0].g_bank[1].g_slice[0].u_sram/dout[31]    0.040000    0.307857   -0.267857 (VIOLATED)
u_memory.g_read[0].g_bank[1].g_slice[0].u_sram/din[26]    0.350000    0.617057   -0.267057 (VIOLATED)
wire266/X                               0.350000    0.617050   -0.267050 (VIOLATED)
max_cap405/A                            0.350000    0.614164   -0.264164 (VIOLATED)
max_cap406/A                            0.350000    0.614160   -0.264160 (VIOLATED)
u_memory.g_read[1].g_bank[3].g_slice[0].u_sram/din[15]    0.350000    0.613488   -0.263488 (VIOLATED)
wire407/X                               0.350000    0.613393   -0.263393 (VIOLATED)
u_memory.g_read[0].g_bank[0].g_slice[0].u_sram/din[10]    0.350000    0.611759   -0.261759 (VIOLATED)
u_memory.g_read[0].g_bank[2].g_slice[0].u_sram/we    0.350000    0.603591   -0.253591 (VIOLATED)
u_memory.g_read[0].g_bank[3].g_slice[0].u_sram/din[25]    0.350000    0.595945   -0.245945 (VIOLATED)
_014_/D                                 0.350000    0.594217   -0.244217 (VIOLATED)
ANTENNA_2695/DIODE                      0.350000    0.594010   -0.244010 (VIOLATED)
ANTENNA_2755/DIODE                      0.350000    0.594009   -0.244009 (VIOLATED)
ANTENNA_2768/DIODE                      0.350000    0.594009   -0.244009 (VIOLATED)
u_memory._302_/A2                       0.350000    0.593948   -0.243948 (VIOLATED)
u_memory._249_/X                        0.350000    0.593945   -0.243945 (VIOLATED)
u_memory.g_read[1].g_bank[3].g_slice[0].u_sram/din[6]    0.350000    0.593926   -0.243926 (VIOLATED)
u_memory._411_/A1                       0.350000    0.593841   -0.243841 (VIOLATED)
ANTENNA_822/DIODE                       0.350000    0.593835   -0.243834 (VIOLATED)
ANTENNA_820/DIODE                       0.350000    0.593824   -0.243824 (VIOLATED)
ANTENNA_818/DIODE                       0.350000    0.593822   -0.243822 (VIOLATED)
ANTENNA_817/DIODE                       0.350000    0.593801   -0.243801 (VIOLATED)
ANTENNA_819/DIODE                       0.350000    0.593789   -0.243789 (VIOLATED)
ANTENNA_821/DIODE                       0.350000    0.593774   -0.243774 (VIOLATED)
ANTENNA_823/DIODE                       0.350000    0.593672   -0.243672 (VIOLATED)
u_memory.g_read[1].g_bank[3].g_slice[0].u_sram/din[23]    0.350000    0.592705   -0.242705 (VIOLATED)
u_memory.g_read[0].g_bank[0].g_slice[0].u_sram/din[16]    0.350000    0.592698   -0.242698 (VIOLATED)
u_memory.g_read[1].g_bank[3].g_slice[0].u_sram/din[22]    0.350000    0.592688   -0.242688 (VIOLATED)
hold7/X                                 0.350000    0.592327   -0.242327 (VIOLATED)
u_memory.g_read[0].g_bank[3].g_slice[0].u_sram/din[17]    0.350000    0.591542   -0.241542 (VIOLATED)
u_memory.g_read[1].g_bank[3].g_slice[0].u_sram/din[30]    0.350000    0.588377   -0.238377 (VIOLATED)
u_memory.g_read[1].g_bank[3].g_slice[0].u_sram/addr[3]    0.350000    0.588342   -0.238342 (VIOLATED)
u_memory.g_read[1].g_bank[2].g_slice[0].u_sram/addr[3]    0.350000    0.588331   -0.238331 (VIOLATED)
u_memory.g_read[0].g_bank[0].g_slice[0].u_sram/din[8]    0.350000    0.587580   -0.237580 (VIOLATED)
u_memory.g_read[0].g_bank[3].g_slice[0].u_sram/din[12]    0.350000    0.587245   -0.237245 (VIOLATED)
u_memory.g_read[0].g_bank[3].g_slice[0].u_sram/din[14]    0.350000    0.586920   -0.236920 (VIOLATED)
u_memory.g_read[0].g_bank[3].g_slice[0].u_sram/din[23]    0.350000    0.586687   -0.236687 (VIOLATED)
u_memory.g_read[1].g_bank[3].g_slice[0].u_sram/din[5]    0.350000    0.585435   -0.235435 (VIOLATED)
u_memory._413_/A2                       0.350000    0.582738   -0.232737 (VIOLATED)
u_memory.g_read[0].g_bank[3].g_slice[0].u_sram/din[29]    0.350000    0.582737   -0.232737 (VIOLATED)
u_memory.g_read[1].g_bank[3].g_slice[0].u_sram/din[12]    0.350000    0.582617   -0.232617 (VIOLATED)
u_memory.g_read[1].g_bank[3].g_slice[0].u_sram/din[11]    0.350000    0.581685   -0.231685 (VIOLATED)
u_memory.g_read[0].g_bank[2].g_slice[0].u_sram/din[18]    0.350000    0.581379   -0.231379 (VIOLATED)
u_memory.g_read[0].g_bank[3].g_slice[0].u_sram/din[13]    0.350000    0.581113   -0.231113 (VIOLATED)
u_memory.g_read[1].g_bank[3].g_slice[0].u_sram/din[19]    0.350000    0.579588   -0.229588 (VIOLATED)
u_memory.g_read[0].g_bank[0].g_slice[0].u_sram/din[3]    0.350000    0.579464   -0.229464 (VIOLATED)
u_memory.g_read[0].g_bank[3].g_slice[0].u_sram/din[2]    0.350000    0.579002   -0.229002 (VIOLATED)
u_memory.g_read[1].g_bank[0].g_slice[0].u_sram/din[16]    0.350000    0.578993   -0.228993 (VIOLATED)
u_memory.g_read[1].g_bank[3].g_slice[0].u_sram/din[1]    0.350000    0.578622   -0.228622 (VIOLATED)
u_memory.g_read[1].g_bank[0].g_slice[0].u_sram/din[28]    0.350000    0.577715   -0.227715 (VIOLATED)
u_memory.g_read[1].g_bank[1].g_slice[0].u_sram/dout[13]    0.040000    0.267265   -0.227265 (VIOLATED)
u_memory._386_/A2                       0.350000    0.576948   -0.226948 (VIOLATED)
ANTENNA_202/DIODE                       0.350000    0.576940   -0.226940 (VIOLATED)
u_memory.g_read[1].g_bank[0].g_slice[0].u_sram/din[23]    0.350000    0.576682   -0.226682 (VIOLATED)
u_memory.g_read[0].g_bank[3].g_slice[0].u_sram/din[10]    0.350000    0.576505   -0.226505 (VIOLATED)
wire264/X                               0.350000    0.576482   -0.226482 (VIOLATED)
ANTENNA_220/DIODE                       0.350000    0.576355   -0.226355 (VIOLATED)
_113_/D                                 0.350000    0.576354   -0.226354 (VIOLATED)
input41/X                               0.350000    0.576292   -0.226292 (VIOLATED)
u_memory.g_read[0].g_bank[0].g_slice[0].u_sram/din[24]    0.350000    0.575691   -0.225691 (VIOLATED)
u_memory.g_read[0].g_bank[0].g_slice[0].u_sram/din[9]    0.350000    0.575376   -0.225376 (VIOLATED)
u_memory.g_read[0].g_bank[3].g_slice[0].u_sram/din[20]    0.350000    0.574642   -0.224642 (VIOLATED)
u_memory.g_read[0].g_bank[3].g_slice[0].u_sram/din[9]    0.350000    0.574622   -0.224622 (VIOLATED)
max_cap420/A                            0.350000    0.573602   -0.223602 (VIOLATED)
u_memory.g_read[0].g_bank[0].g_slice[0].u_sram/din[0]    0.350000    0.573190   -0.223190 (VIOLATED)
wire421/X                               0.350000    0.573174   -0.223174 (VIOLATED)
u_memory._403_/C                        0.350000    0.572783   -0.222783 (VIOLATED)
u_memory.g_read[1].g_bank[3].g_slice[0].u_sram/addr[2]    0.350000    0.572024   -0.222024 (VIOLATED)
u_memory.g_read[1].g_bank[2].g_slice[0].u_sram/addr[2]    0.350000    0.572006   -0.222006 (VIOLATED)
u_memory.g_read[0].g_bank[0].g_slice[0].u_sram/din[23]    0.350000    0.571234   -0.221234 (VIOLATED)
u_memory.g_read[1].g_bank[1].g_slice[0].u_sram/dout[6]    0.040000    0.260856   -0.220856 (VIOLATED)
u_memory.g_read[0].g_bank[0].g_slice[0].u_sram/din[22]    0.350000    0.570767   -0.220767 (VIOLATED)
u_memory.g_read[0].g_bank[0].g_slice[0].u_sram/din[13]    0.350000    0.569759   -0.219759 (VIOLATED)
u_memory._395_/B1                       0.350000    0.569304   -0.219304 (VIOLATED)
u_memory._263_/B2                       0.350000    0.569229   -0.219229 (VIOLATED)
u_memory.g_read[0].g_bank[0].g_slice[0].u_sram/din[12]    0.350000    0.569200   -0.219200 (VIOLATED)
u_memory.g_read[1].g_bank[1].g_slice[0].u_sram/dout[17]    0.040000    0.258833   -0.218833 (VIOLATED)
u_memory.g_read[1].g_bank[0].g_slice[0].u_sram/din[18]    0.350000    0.568276   -0.218276 (VIOLATED)
ANTENNA_816/DIODE                       0.350000    0.566707   -0.216707 (VIOLATED)
u_memory._414_/A1                       0.350000    0.566703   -0.216703 (VIOLATED)
ANTENNA_815/DIODE                       0.350000    0.566701   -0.216701 (VIOLATED)
ANTENNA_813/DIODE                       0.350000    0.566698   -0.216698 (VIOLATED)
ANTENNA_811/DIODE                       0.350000    0.566693   -0.216693 (VIOLATED)
ANTENNA_809/DIODE                       0.350000    0.566686   -0.216686 (VIOLATED)
ANTENNA_808/DIODE                       0.350000    0.566664   -0.216664 (VIOLATED)
ANTENNA_810/DIODE                       0.350000    0.566650   -0.216650 (VIOLATED)
ANTENNA_814/DIODE                       0.350000    0.566638   -0.216638 (VIOLATED)
ANTENNA_812/DIODE                       0.350000    0.566536   -0.216536 (VIOLATED)
u_memory.g_read[0].g_bank[0].g_slice[0].u_sram/din[18]    0.350000    0.565640   -0.215640 (VIOLATED)
u_memory.g_read[1].g_bank[0].g_slice[0].u_sram/din[7]    0.350000    0.565307   -0.215307 (VIOLATED)
u_memory.g_read[0].g_bank[0].g_slice[0].u_sram/din[19]    0.350000    0.564983   -0.214983 (VIOLATED)
u_memory.g_read[0].g_bank[1].g_slice[0].u_sram/din[28]    0.350000    0.563669   -0.213669 (VIOLATED)
u_memory.g_read[0].g_bank[0].g_slice[0].u_sram/din[30]    0.350000    0.563462   -0.213462 (VIOLATED)
u_memory.g_read[1].g_bank[1].g_slice[0].u_sram/dout[4]    0.040000    0.253267   -0.213267 (VIOLATED)
u_memory.g_read[1].g_bank[1].g_slice[0].u_sram/dout[14]    0.040000    0.251836   -0.211836 (VIOLATED)
u_memory.g_read[1].g_bank[0].g_slice[0].u_sram/din[26]    0.350000    0.561300   -0.211300 (VIOLATED)
u_memory.g_read[0].g_bank[0].g_slice[0].u_sram/din[31]    0.350000    0.561294   -0.211294 (VIOLATED)
u_memory.g_read[1].g_bank[0].g_slice[0].u_sram/din[2]    0.350000    0.559572   -0.209572 (VIOLATED)
u_memory.g_read[0].g_bank[0].g_slice[0].u_sram/din[26]    0.350000    0.559523   -0.209523 (VIOLATED)
u_memory.g_read[1].g_bank[2].g_slice[0].u_sram/wmask[2]    0.350000    0.559040   -0.209040 (VIOLATED)
u_memory.g_read[0].g_bank[2].g_slice[0].u_sram/dout[9]    0.040000    0.247394   -0.207394 (VIOLATED)
u_memory.g_read[0].g_bank[1].g_slice[0].u_sram/dout[15]    0.040000    0.246739   -0.206739 (VIOLATED)
u_memory._201_/A2                       0.350000    0.556409   -0.206409 (VIOLATED)
u_memory._199_/B                        0.350000    0.556374   -0.206374 (VIOLATED)
u_memory._426_/A2                       0.350000    0.556334   -0.206334 (VIOLATED)
wire191/X                               0.350000    0.556304   -0.206304 (VIOLATED)
u_memory.g_read[1].g_bank[1].g_slice[0].u_sram/dout[16]    0.040000    0.245317   -0.205317 (VIOLATED)
u_memory.g_read[1].g_bank[1].g_slice[0].u_sram/dout[8]    0.040000    0.243351   -0.203351 (VIOLATED)
u_memory._409_/C                        0.350000    0.552490   -0.202490 (VIOLATED)
u_memory.g_read[0].g_bank[1].g_slice[0].u_sram/din[19]    0.350000    0.552171   -0.202171 (VIOLATED)
u_memory.g_read[1].g_bank[1].g_slice[0].u_sram/dout[1]    0.040000    0.242036   -0.202036 (VIOLATED)
_100_/D                                 0.350000    0.551848   -0.201848 (VIOLATED)
wire645/X                               0.350000    0.551800   -0.201800 (VIOLATED)
wire263/X                               0.350000    0.551776   -0.201776 (VIOLATED)
u_memory._404_/A2                       0.350000    0.550714   -0.200714 (VIOLATED)
ANTENNA_10/DIODE                        0.350000    0.549860   -0.199860 (VIOLATED)
_012_/D                                 0.350000    0.549859   -0.199859 (VIOLATED)
u_memory._243_/X                        0.350000    0.549799   -0.199799 (VIOLATED)
u_memory.g_read[1].g_bank[1].g_slice[0].u_sram/dout[3]    0.040000    0.238904   -0.198904 (VIOLATED)
u_memory.g_read[0].g_bank[1].g_slice[0].u_sram/dout[12]    0.040000    0.237276   -0.197276 (VIOLATED)
u_memory._288_/B2                       0.350000    0.547168   -0.197168 (VIOLATED)
u_memory._419_/A1                       0.350000    0.547168   -0.197168 (VIOLATED)
u_memory.g_read[1].g_bank[3].g_slice[0].u_sram/wmask[2]    0.350000    0.547137   -0.197137 (VIOLATED)
fanout204/A                             0.350000    0.546946   -0.196946 (VIOLATED)
u_memory._287_/X                        0.350000    0.546035   -0.196035 (VIOLATED)
u_memory.g_read[0].g_bank[1].g_slice[0].u_sram/dout[16]    0.040000    0.236012   -0.196012 (VIOLATED)
u_memory.g_read[1].g_bank[1].g_slice[0].u_sram/dout[7]    0.040000    0.235984   -0.195984 (VIOLATED)
u_memory._174_/Y                        0.350000    0.545714   -0.195714 (VIOLATED)
u_memory.g_read[1].g_bank[1].g_slice[0].u_sram/dout[5]    0.040000    0.234995   -0.194995 (VIOLATED)
ANTENNA_21/DIODE                        0.350000    0.544388   -0.194388 (VIOLATED)
_003_/D                                 0.350000    0.544386   -0.194386 (VIOLATED)
u_memory._215_/X                        0.350000    0.544322   -0.194322 (VIOLATED)
u_memory._419_/A2                       0.350000    0.543118   -0.193118 (VIOLATED)
u_memory.g_read[1].g_bank[1].g_slice[0].u_sram/dout[11]    0.040000    0.232740   -0.192740 (VIOLATED)
u_memory.g_read[1].g_bank[1].g_slice[0].u_sram/dout[0]    0.040000    0.231868   -0.191868 (VIOLATED)
u_memory.g_read[1].g_bank[1].g_slice[0].u_sram/dout[2]    0.040000    0.231380   -0.191380 (VIOLATED)
u_memory.g_read[1].g_bank[1].g_slice[0].u_sram/dout[9]    0.040000    0.229614   -0.189614 (VIOLATED)
u_memory.g_read[0].g_bank[1].g_slice[0].u_sram/dout[13]    0.040000    0.229091   -0.189091 (VIOLATED)
u_memory._392_/A2                       0.350000    0.538769   -0.188769 (VIOLATED)
u_memory.g_read[0].g_bank[1].g_slice[0].u_sram/din[8]    0.350000    0.538327   -0.188327 (VIOLATED)
u_memory.g_read[1].g_bank[3].g_slice[0].u_sram/din[13]    0.350000    0.538267   -0.188267 (VIOLATED)
u_memory.g_read[0].g_bank[1].g_slice[0].u_sram/dout[21]    0.040000    0.228224   -0.188224 (VIOLATED)
u_memory.g_read[0].g_bank[2].g_slice[0].u_sram/ce    0.350000    0.537817   -0.187817 (VIOLATED)
u_memory.g_read[1].g_bank[0].g_slice[0].u_sram/din[24]    0.350000    0.537314   -0.187314 (VIOLATED)
u_memory._395_/A2                       0.350000    0.536631   -0.186631 (VIOLATED)
u_memory.g_read[0].g_bank[1].g_slice[0].u_sram/din[22]    0.350000    0.536515   -0.186515 (VIOLATED)
u_memory._383_/A2                       0.350000    0.536229   -0.186229 (VIOLATED)
u_memory._194_/A                        0.350000    0.535491   -0.185491 (VIOLATED)
u_memory._196_/A_N                      0.350000    0.535476   -0.185476 (VIOLATED)
u_memory._198_/B                        0.350000    0.535438   -0.185438 (VIOLATED)
u_memory.g_read[1].g_bank[0].g_slice[0].u_sram/din[19]    0.350000    0.535108   -0.185108 (VIOLATED)
u_memory.g_read[0].g_bank[1].g_slice[0].u_sram/din[9]    0.350000    0.535031   -0.185031 (VIOLATED)
u_memory.g_read[1].g_bank[2].g_slice[0].u_sram/addr[4]    0.350000    0.534507   -0.184507 (VIOLATED)
u_memory.g_read[1].g_bank[3].g_slice[0].u_sram/addr[4]    0.350000    0.534501   -0.184501 (VIOLATED)
u_memory.g_read[1].g_bank[0].g_slice[0].u_sram/din[0]    0.350000    0.534370   -0.184371 (VIOLATED)
wire628/X                               0.350000    0.534244   -0.184244 (VIOLATED)
u_memory.g_read[0].g_bank[1].g_slice[0].u_sram/dout[19]    0.040000    0.223331   -0.183331 (VIOLATED)
u_memory.g_read[0].g_bank[1].g_slice[0].u_sram/dout[11]    0.040000    0.223265   -0.183265 (VIOLATED)
u_memory.g_read[1].g_bank[1].g_slice[0].u_sram/dout[12]    0.040000    0.222903   -0.182903 (VIOLATED)
u_memory.g_read[0].g_bank[1].g_slice[0].u_sram/dout[6]    0.040000    0.220559   -0.180559 (VIOLATED)
u_memory.g_read[0].g_bank[1].g_slice[0].u_sram/dout[23]    0.040000    0.220552   -0.180552 (VIOLATED)
u_memory.g_read[0].g_bank[1].g_slice[0].u_sram/dout[2]    0.040000    0.220514   -0.180514 (VIOLATED)
u_memory._372_/B2                       0.350000    0.530297   -0.180297 (VIOLATED)
u_memory._371_/X                        0.350000    0.530216   -0.180216 (VIOLATED)
u_memory._415_/C                        0.350000    0.530168   -0.180168 (VIOLATED)
wire392/A                               0.350000    0.529937   -0.179937 (VIOLATED)
u_memory._408_/A1                       0.350000    0.529666   -0.179666 (VIOLATED)
u_memory.g_read[1].g_bank[1].g_slice[0].u_sram/dout[10]    0.040000    0.219477   -0.179477 (VIOLATED)
u_memory.g_read[0].g_bank[0].g_slice[0].u_sram/din[29]    0.350000    0.529244   -0.179244 (VIOLATED)
u_memory._393_/B1                       0.350000    0.528879   -0.178879 (VIOLATED)
ANTENNA_199/DIODE                       0.350000    0.528867   -0.178867 (VIOLATED)
ANTENNA_2705/DIODE                      0.350000    0.528814   -0.178814 (VIOLATED)
ANTENNA_2704/DIODE                      0.350000    0.528813   -0.178813 (VIOLATED)
wire265/X                               0.350000    0.528796   -0.178796 (VIOLATED)
ANTENNA_2706/DIODE                      0.350000    0.528781   -0.178781 (VIOLATED)
ANTENNA_2707/DIODE                      0.350000    0.528781   -0.178781 (VIOLATED)
max_cap393/A                            0.350000    0.528387   -0.178387 (VIOLATED)
hold147/X                               0.350000    0.528237   -0.178237 (VIOLATED)
u_memory._391_/X                        0.350000    0.528081   -0.178081 (VIOLATED)
u_memory.g_read[1].g_bank[0].g_slice[0].u_sram/din[8]    0.350000    0.527357   -0.177357 (VIOLATED)
u_memory._194_/C_N                      0.350000    0.525711   -0.175711 (VIOLATED)
u_memory._424_/A                        0.350000    0.525706   -0.175706 (VIOLATED)
u_memory._196_/C                        0.350000    0.525683   -0.175683 (VIOLATED)
u_memory.g_read[1].g_bank[3].g_slice[0].u_sram/addr[1]    0.350000    0.525637   -0.175637 (VIOLATED)
u_memory.g_read[1].g_bank[2].g_slice[0].u_sram/addr[1]    0.350000    0.525610   -0.175610 (VIOLATED)
u_memory._198_/A                        0.350000    0.525598   -0.175598 (VIOLATED)
u_memory.g_read[1].g_bank[3].g_slice[0].u_sram/din[17]    0.350000    0.525432   -0.175432 (VIOLATED)
wire394/X                               0.350000    0.525315   -0.175315 (VIOLATED)
u_memory.g_read[0].g_bank[1].g_slice[0].u_sram/dout[14]    0.040000    0.215157   -0.175157 (VIOLATED)
wire632/X                               0.350000    0.524598   -0.174598 (VIOLATED)
u_memory.g_read[0].g_bank[1].g_slice[0].u_sram/din[4]    0.350000    0.524005   -0.174005 (VIOLATED)
u_memory.g_read[0].g_bank[1].g_slice[0].u_sram/dout[7]    0.040000    0.213689   -0.173689 (VIOLATED)
u_memory.g_read[0].g_bank[1].g_slice[0].u_sram/din[13]    0.350000    0.523541   -0.173541 (VIOLATED)
u_memory.g_read[0].g_bank[1].g_slice[0].u_sram/din[18]    0.350000    0.523338   -0.173338 (VIOLATED)
u_memory._263_/A2                       0.350000    0.521452   -0.171452 (VIOLATED)
u_memory.g_read[0].g_bank[3].g_slice[0].u_sram/ce    0.350000    0.521151   -0.171151 (VIOLATED)
u_memory.g_read[1].g_bank[2].g_slice[0].u_sram/dout[14]    0.040000    0.211093   -0.171093 (VIOLATED)
ANTENNA_2723/DIODE                      0.350000    0.519670   -0.169670 (VIOLATED)
ANTENNA_2724/DIODE                      0.350000    0.519669   -0.169669 (VIOLATED)
ANTENNA_2725/DIODE                      0.350000    0.519586   -0.169586 (VIOLATED)
ANTENNA_2726/DIODE                      0.350000    0.519586   -0.169586 (VIOLATED)
u_memory.g_read[0].g_bank[1].g_slice[0].u_sram/din[29]    0.350000    0.519272   -0.169272 (VIOLATED)
hold200/X                               0.350000    0.519032   -0.169032 (VIOLATED)
u_memory.g_read[0].g_bank[1].g_slice[0].u_sram/din[3]    0.350000    0.518922   -0.168922 (VIOLATED)
u_memory.g_read[0].g_bank[1].g_slice[0].u_sram/dout[10]    0.040000    0.208893   -0.168893 (VIOLATED)
u_memory.g_read[0].g_bank[1].g_slice[0].u_sram/dout[0]    0.040000    0.208874   -0.168874 (VIOLATED)
u_memory.g_read[1].g_bank[3].g_slice[0].u_sram/din[20]    0.350000    0.518321   -0.168321 (VIOLATED)
u_memory._181_/B                        0.350000    0.517689   -0.167689 (VIOLATED)
ANTENNA_204/DIODE                       0.350000    0.517688   -0.167688 (VIOLATED)
ANTENNA_205/DIODE                       0.350000    0.517686   -0.167686 (VIOLATED)
u_memory._185_/A_N                      0.350000    0.517685   -0.167685 (VIOLATED)
u_memory._177_/B                        0.350000    0.517684   -0.167684 (VIOLATED)
ANTENNA_203/DIODE                       0.350000    0.517681   -0.167681 (VIOLATED)
ANTENNA_206/DIODE                       0.350000    0.517680   -0.167680 (VIOLATED)
hold227/A                               0.350000    0.517492   -0.167492 (VIOLATED)
_098_/Q                                 0.350000    0.517410   -0.167410 (VIOLATED)
u_memory.g_read[0].g_bank[3].g_slice[0].u_sram/din[8]    0.350000    0.517356   -0.167356 (VIOLATED)
u_memory.g_read[0].g_bank[1].g_slice[0].u_sram/dout[17]    0.040000    0.207305   -0.167305 (VIOLATED)
u_memory.g_read[0].g_bank[3].g_slice[0].u_sram/din[4]    0.350000    0.517297   -0.167297 (VIOLATED)
u_memory.g_read[0].g_bank[1].g_slice[0].u_sram/din[7]    0.350000    0.517250   -0.167250 (VIOLATED)
u_memory.g_read[0].g_bank[1].g_slice[0].u_sram/dout[5]    0.040000    0.206655   -0.166655 (VIOLATED)
u_memory.g_read[0].g_bank[1].g_slice[0].u_sram/dout[9]    0.040000    0.206503   -0.166503 (VIOLATED)
u_memory.g_read[0].g_bank[3].g_slice[0].u_sram/din[22]    0.350000    0.516402   -0.166402 (VIOLATED)
u_memory.g_read[1].g_bank[1].g_slice[0].u_sram/din[10]    0.350000    0.516389   -0.166389 (VIOLATED)
u_memory.g_read[0].g_bank[1].g_slice[0].u_sram/dout[8]    0.040000    0.206086   -0.166086 (VIOLATED)
max_cap427/A                            0.350000    0.516078   -0.166078 (VIOLATED)
u_memory.g_read[0].g_bank[1].g_slice[0].u_sram/dout[1]    0.040000    0.206042   -0.166042 (VIOLATED)
u_memory.g_read[1].g_bank[3].g_slice[0].u_sram/wmask[1]    0.350000    0.515900   -0.165900 (VIOLATED)
u_memory.g_read[0].g_bank[3].g_slice[0].u_sram/din[7]    0.350000    0.515559   -0.165559 (VIOLATED)
u_memory.g_read[0].g_bank[1].g_slice[0].u_sram/dout[4]    0.040000    0.205543   -0.165543 (VIOLATED)
u_memory.g_read[0].g_bank[1].g_slice[0].u_sram/dout[20]    0.040000    0.205205   -0.165205 (VIOLATED)
u_memory.g_read[1].g_bank[2].g_slice[0].u_sram/wmask[1]    0.350000    0.515078   -0.165078 (VIOLATED)
u_memory.g_read[0].g_bank[3].g_slice[0].u_sram/wmask[0]    0.350000    0.514784   -0.164784 (VIOLATED)
u_memory.g_read[1].g_bank[2].g_slice[0].u_sram/dout[17]    0.040000    0.204737   -0.164737 (VIOLATED)
u_memory.g_read[0].g_bank[1].g_slice[0].u_sram/dout[3]    0.040000    0.204441   -0.164441 (VIOLATED)
u_memory.g_read[0].g_bank[1].g_slice[0].u_sram/din[2]    0.350000    0.514324   -0.164324 (VIOLATED)
u_memory.g_read[0].g_bank[2].g_slice[0].u_sram/wmask[0]    0.350000    0.514154   -0.164154 (VIOLATED)
u_memory.g_read[1].g_bank[2].g_slice[0].u_sram/dout[1]    0.040000    0.203493   -0.163493 (VIOLATED)
u_memory.g_read[1].g_bank[0].g_slice[0].u_sram/dout[23]    0.040000    0.203478   -0.163478 (VIOLATED)
u_memory.g_read[1].g_bank[2].g_slice[0].u_sram/dout[21]    0.040000    0.203405   -0.163405 (VIOLATED)
u_memory.g_read[1].g_bank[2].g_slice[0].u_sram/din[26]    0.350000    0.513302   -0.163302 (VIOLATED)
ANTENNA_22/DIODE                        0.350000    0.512925   -0.162925 (VIOLATED)
_039_/D                                 0.350000    0.512924   -0.162924 (VIOLATED)
u_memory._345_/X                        0.350000    0.512836   -0.162836 (VIOLATED)
u_memory.g_read[1].g_bank[2].g_slice[0].u_sram/dout[2]    0.040000    0.202799   -0.162799 (VIOLATED)
u_memory._288_/B1                       0.350000    0.512422   -0.162422 (VIOLATED)
ANTENNA_107/DIODE                       0.350000    0.512419   -0.162419 (VIOLATED)
ANTENNA_105/DIODE                       0.350000    0.512417   -0.162417 (VIOLATED)
ANTENNA_106/DIODE                       0.350000    0.512416   -0.162416 (VIOLATED)
u_memory.g_read[0].g_bank[0].g_slice[0].u_sram/dout[18]    0.040000    0.202370   -0.162370 (VIOLATED)
u_memory.g_read[0].g_bank[1].g_slice[0].u_sram/din[20]    0.350000    0.512165   -0.162165 (VIOLATED)
u_memory.g_read[1].g_bank[0].g_slice[0].u_sram/dout[18]    0.040000    0.202063   -0.162063 (VIOLATED)
u_memory.g_read[0].g_bank[0].g_slice[0].u_sram/din[25]    0.350000    0.511706   -0.161706 (VIOLATED)
u_memory.g_read[1].g_bank[2].g_slice[0].u_sram/dout[15]    0.040000    0.201696   -0.161696 (VIOLATED)
u_memory._314_/A1                       0.350000    0.511546   -0.161546 (VIOLATED)
hold212/X                               0.350000    0.511503   -0.161503 (VIOLATED)
u_memory._286_/X                        0.350000    0.511502   -0.161502 (VIOLATED)
u_memory._414_/B1                       0.350000    0.511150   -0.161150 (VIOLATED)
u_memory.g_read[1].g_bank[0].g_slice[0].u_sram/din[25]    0.350000    0.510816   -0.160816 (VIOLATED)
u_memory.g_read[0].g_bank[3].g_slice[0].u_sram/din[6]    0.350000    0.510437   -0.160437 (VIOLATED)
u_memory.g_read[1].g_bank[0].g_slice[0].u_sram/din[12]    0.350000    0.510275   -0.160275 (VIOLATED)
u_memory._418_/C                        0.350000    0.510056   -0.160056 (VIOLATED)
u_memory.g_read[1].g_bank[2].g_slice[0].u_sram/dout[8]    0.040000    0.200051   -0.160051 (VIOLATED)
wire171/X                               0.350000    0.509779   -0.159779 (VIOLATED)
u_memory.g_read[1].g_bank[2].g_slice[0].u_sram/dout[3]    0.040000    0.199129   -0.159129 (VIOLATED)
u_memory.g_read[1].g_bank[2].g_slice[0].u_sram/dout[5]    0.040000    0.198545   -0.158545 (VIOLATED)
ANTENNA_2700/DIODE                      0.350000    0.507868   -0.157868 (VIOLATED)
ANTENNA_2701/DIODE                      0.350000    0.507867   -0.157867 (VIOLATED)
ANTENNA_2703/DIODE                      0.350000    0.507849   -0.157849 (VIOLATED)
ANTENNA_2702/DIODE                      0.350000    0.507849   -0.157849 (VIOLATED)
u_memory.g_read[1].g_bank[2].g_slice[0].u_sram/dout[13]    0.040000    0.197759   -0.157759 (VIOLATED)
u_memory._321_/A1                       0.350000    0.507654   -0.157654 (VIOLATED)
hold205/X                               0.350000    0.507601   -0.157601 (VIOLATED)
u_memory.g_read[1].g_bank[2].g_slice[0].u_sram/dout[10]    0.040000    0.197447   -0.157447 (VIOLATED)
u_memory.g_read[1].g_bank[2].g_slice[0].u_sram/dout[9]    0.040000    0.197376   -0.157376 (VIOLATED)
hold144/X                               0.350000    0.507362   -0.157362 (VIOLATED)
u_memory.g_read[1].g_bank[3].g_slice[0].u_sram/din[0]    0.350000    0.507078   -0.157078 (VIOLATED)
u_memory.g_read[1].g_bank[3].g_slice[0].u_sram/din[8]    0.350000    0.506889   -0.156889 (VIOLATED)
u_memory.g_read[1].g_bank[2].g_slice[0].u_sram/dout[11]    0.040000    0.196315   -0.156315 (VIOLATED)
u_memory.g_read[1].g_bank[0].g_slice[0].u_sram/din[10]    0.350000    0.505973   -0.155973 (VIOLATED)
u_memory.g_read[1].g_bank[2].g_slice[0].u_sram/dout[16]    0.040000    0.195963   -0.155963 (VIOLATED)
u_memory.g_read[1].g_bank[2].g_slice[0].u_sram/dout[6]    0.040000    0.195759   -0.155759 (VIOLATED)
u_memory.g_read[0].g_bank[3].g_slice[0].u_sram/din[11]    0.350000    0.505664   -0.155664 (VIOLATED)
wire428/X                               0.350000    0.505612   -0.155612 (VIOLATED)
u_memory.g_read[0].g_bank[3].g_slice[0].u_sram/din[16]    0.350000    0.505326   -0.155326 (VIOLATED)
ANTENNA_27/DIODE                        0.350000    0.505231   -0.155231 (VIOLATED)
_007_/D                                 0.350000    0.505230   -0.155230 (VIOLATED)
u_memory._240_/B1                       0.350000    0.505222   -0.155222 (VIOLATED)
ANTENNA_62/DIODE                        0.350000    0.505218   -0.155218 (VIOLATED)
ANTENNA_60/DIODE                        0.350000    0.505216   -0.155216 (VIOLATED)
ANTENNA_61/DIODE                        0.350000    0.505214   -0.155214 (VIOLATED)
u_memory._227_/X                        0.350000    0.505168   -0.155168 (VIOLATED)
ANTENNA_1624/DIODE                      0.350000    0.504967   -0.154967 (VIOLATED)
ANTENNA_1614/DIODE                      0.350000    0.504961   -0.154961 (VIOLATED)
ANTENNA_1623/DIODE                      0.350000    0.504928   -0.154928 (VIOLATED)
ANTENNA_1621/DIODE                      0.350000    0.504928   -0.154928 (VIOLATED)
ANTENNA_1619/DIODE                      0.350000    0.504928   -0.154928 (VIOLATED)
ANTENNA_1618/DIODE                      0.350000    0.504925   -0.154925 (VIOLATED)
ANTENNA_1615/DIODE                      0.350000    0.504923   -0.154923 (VIOLATED)
ANTENNA_1617/DIODE                      0.350000    0.504920   -0.154920 (VIOLATED)
ANTENNA_1616/DIODE                      0.350000    0.504919   -0.154919 (VIOLATED)
ANTENNA_1620/DIODE                      0.350000    0.504879   -0.154879 (VIOLATED)
ANTENNA_1622/DIODE                      0.350000    0.504879   -0.154879 (VIOLATED)
u_memory.g_read[1].g_bank[2].g_slice[0].u_sram/dout[12]    0.040000    0.194650   -0.154650 (VIOLATED)
u_memory.g_read[0].g_bank[2].g_slice[0].u_sram/din[16]    0.350000    0.504401   -0.154401 (VIOLATED)
u_memory.g_read[1].g_bank[2].g_slice[0].u_sram/dout[0]    0.040000    0.194251   -0.154251 (VIOLATED)
u_memory.g_read[1].g_bank[2].g_slice[0].u_sram/dout[4]    0.040000    0.194200   -0.154200 (VIOLATED)
u_memory._238_/X                        0.350000    0.504148   -0.154148 (VIOLATED)
u_memory._202_/B                        0.350000    0.504024   -0.154024 (VIOLATED)
max_cap455/X                            0.350000    0.503969   -0.153969 (VIOLATED)
u_memory.g_read[1].g_bank[2].g_slice[0].u_sram/dout[7]    0.040000    0.193738   -0.153738 (VIOLATED)
u_memory._201_/X                        0.350000    0.502996   -0.152996 (VIOLATED)
u_memory.g_read[0].g_bank[1].g_slice[0].u_sram/dout[25]    0.040000    0.192810   -0.152810 (VIOLATED)
u_memory.g_read[1].g_bank[0].g_slice[0].u_sram/din[14]    0.350000    0.502254   -0.152254 (VIOLATED)
u_memory.g_read[0].g_bank[2].g_slice[0].u_sram/dout[21]    0.040000    0.191526   -0.151526 (VIOLATED)
u_memory.g_read[0].g_bank[2].g_slice[0].u_sram/dout[10]    0.040000    0.191510   -0.151510 (VIOLATED)
u_memory.g_read[1].g_bank[0].g_slice[0].u_sram/dout[30]    0.040000    0.190899   -0.150899 (VIOLATED)
u_memory.g_read[0].g_bank[2].g_slice[0].u_sram/dout[11]    0.040000    0.190791   -0.150791 (VIOLATED)
u_memory.g_read[1].g_bank[1].g_slice[0].u_sram/din[2]    0.350000    0.500739   -0.150739 (VIOLATED)
u_memory.g_read[1].g_bank[3].g_slice[0].u_sram/din[2]    0.350000    0.500682   -0.150682 (VIOLATED)
u_memory.g_read[1].g_bank[0].g_slice[0].u_sram/dout[26]    0.040000    0.190652   -0.150652 (VIOLATED)
u_memory.g_read[1].g_bank[0].g_slice[0].u_sram/dout[24]    0.040000    0.190501   -0.150501 (VIOLATED)
u_memory.g_read[0].g_bank[2].g_slice[0].u_sram/dout[6]    0.040000    0.190454   -0.150454 (VIOLATED)
u_memory.g_read[1].g_bank[0].g_slice[0].u_sram/dout[28]    0.040000    0.190367   -0.150367 (VIOLATED)
u_memory._348_/B1                       0.350000    0.500302   -0.150302 (VIOLATED)
ANTENNA_150/DIODE                       0.350000    0.500297   -0.150297 (VIOLATED)
ANTENNA_148/DIODE                       0.350000    0.500296   -0.150296 (VIOLATED)
ANTENNA_149/DIODE                       0.350000    0.500292   -0.150292 (VIOLATED)
u_memory.g_read[0].g_bank[1].g_slice[0].u_sram/din[15]    0.350000    0.500291   -0.150291 (VIOLATED)
u_memory.g_read[0].g_bank[2].g_slice[0].u_sram/dout[15]    0.040000    0.189981   -0.149981 (VIOLATED)
u_memory.g_read[0].g_bank[2].g_slice[0].u_sram/dout[0]    0.040000    0.189979   -0.149979 (VIOLATED)
u_memory.g_read[1].g_bank[0].g_slice[0].u_sram/wmask[3]    0.350000    0.499483   -0.149483 (VIOLATED)
u_memory._346_/X                        0.350000    0.499402   -0.149402 (VIOLATED)
u_memory.g_read[0].g_bank[2].g_slice[0].u_sram/dout[5]    0.040000    0.189305   -0.149305 (VIOLATED)
u_memory.g_read[0].g_bank[0].g_slice[0].u_sram/dout[3]    0.040000    0.188898   -0.148898 (VIOLATED)
u_memory.g_read[0].g_bank[3].g_slice[0].u_sram/dout[25]    0.040000    0.188834   -0.148834 (VIOLATED)
u_memory.g_read[1].g_bank[0].g_slice[0].u_sram/dout[8]    0.040000    0.188806   -0.148806 (VIOLATED)
u_memory.g_read[1].g_bank[0].g_slice[0].u_sram/dout[0]    0.040000    0.188780   -0.148780 (VIOLATED)
u_memory.g_read[0].g_bank[3].g_slice[0].u_sram/dout[21]    0.040000    0.188766   -0.148766 (VIOLATED)
u_memory.g_read[0].g_bank[3].g_slice[0].u_sram/dout[30]    0.040000    0.188650   -0.148650 (VIOLATED)
u_memory.g_read[0].g_bank[3].g_slice[0].u_sram/dout[6]    0.040000    0.188610   -0.148610 (VIOLATED)
u_memory.g_read[0].g_bank[2].g_slice[0].u_sram/dout[3]    0.040000    0.188554   -0.148554 (VIOLATED)
u_memory.g_read[0].g_bank[2].g_slice[0].u_sram/dout[25]    0.040000    0.188401   -0.148401 (VIOLATED)
u_memory._399_/A1                       0.350000    0.498297   -0.148297 (VIOLATED)
u_memory.g_read[1].g_bank[3].g_slice[0].u_sram/dout[0]    0.040000    0.188293   -0.148293 (VIOLATED)
u_memory.g_read[1].g_bank[3].g_slice[0].u_sram/dout[11]    0.040000    0.188278   -0.148278 (VIOLATED)
ANTENNA_938/DIODE                       0.350000    0.498273   -0.148273 (VIOLATED)
ANTENNA_936/DIODE                       0.350000    0.498269   -0.148269 (VIOLATED)
u_memory._213_/C                        0.350000    0.498261   -0.148261 (VIOLATED)
ANTENNA_824/DIODE                       0.350000    0.498256   -0.148256 (VIOLATED)
ANTENNA_825/DIODE                       0.350000    0.498250   -0.148250 (VIOLATED)
ANTENNA_937/DIODE                       0.350000    0.498246   -0.148246 (VIOLATED)
ANTENNA_939/DIODE                       0.350000    0.498243   -0.148243 (VIOLATED)
ANTENNA_826/DIODE                       0.350000    0.498242   -0.148242 (VIOLATED)
ANTENNA_827/DIODE                       0.350000    0.498233   -0.148233 (VIOLATED)
ANTENNA_828/DIODE                       0.350000    0.498222   -0.148222 (VIOLATED)
ANTENNA_829/DIODE                       0.350000    0.498210   -0.148210 (VIOLATED)
u_memory._359_/A2                       0.350000    0.498208   -0.148208 (VIOLATED)
ANTENNA_830/DIODE                       0.350000    0.498195   -0.148195 (VIOLATED)
ANTENNA_759/DIODE                       0.350000    0.498194   -0.148194 (VIOLATED)
ANTENNA_761/DIODE                       0.350000    0.498191   -0.148191 (VIOLATED)
ANTENNA_760/DIODE                       0.350000    0.498187   -0.148187 (VIOLATED)
ANTENNA_762/DIODE                       0.350000    0.498185   -0.148185 (VIOLATED)
ANTENNA_831/DIODE                       0.350000    0.498178   -0.148178 (VIOLATED)
u_memory.g_read[1].g_bank[3].g_slice[0].u_sram/dout[29]    0.040000    0.188168   -0.148168 (VIOLATED)
u_memory.g_read[1].g_bank[3].g_slice[0].u_sram/dout[2]    0.040000    0.188164   -0.148164 (VIOLATED)
ANTENNA_832/DIODE                       0.350000    0.498160   -0.148160 (VIOLATED)
u_memory.g_read[0].g_bank[0].g_slice[0].u_sram/dout[10]    0.040000    0.188139   -0.148140 (VIOLATED)
u_memory.g_read[1].g_bank[3].g_slice[0].u_sram/dout[21]    0.040000    0.188068   -0.148068 (VIOLATED)
u_memory.g_read[1].g_bank[3].g_slice[0].u_sram/dout[8]    0.040000    0.188056   -0.148056 (VIOLATED)
u_memory.g_read[1].g_bank[0].g_slice[0].u_sram/dout[29]    0.040000    0.188006   -0.148006 (VIOLATED)
u_memory.g_read[1].g_bank[0].g_slice[0].u_sram/dout[31]    0.040000    0.187929   -0.147929 (VIOLATED)
u_memory.g_read[0].g_bank[0].g_slice[0].u_sram/dout[6]    0.040000    0.187890   -0.147890 (VIOLATED)
u_memory.g_read[0].g_bank[2].g_slice[0].u_sram/dout[12]    0.040000    0.187878   -0.147878 (VIOLATED)
u_memory.g_read[0].g_bank[0].g_slice[0].u_sram/dout[22]    0.040000    0.187861   -0.147861 (VIOLATED)
u_memory.g_read[1].g_bank[0].g_slice[0].u_sram/dout[25]    0.040000    0.187860   -0.147860 (VIOLATED)
max_cap455/A                            0.350000    0.497836   -0.147836 (VIOLATED)
u_memory.g_read[1].g_bank[0].g_slice[0].u_sram/dout[22]    0.040000    0.187783   -0.147783 (VIOLATED)
u_memory.g_read[1].g_bank[3].g_slice[0].u_sram/dout[20]    0.040000    0.187769   -0.147769 (VIOLATED)
u_memory.g_read[0].g_bank[2].g_slice[0].u_sram/dout[23]    0.040000    0.187711   -0.147711 (VIOLATED)
u_memory.g_read[0].g_bank[0].g_slice[0].u_sram/dout[14]    0.040000    0.187700   -0.147700 (VIOLATED)
wire293/X                               0.350000    0.497525   -0.147525 (VIOLATED)
wire250/X                               0.350000    0.497497   -0.147497 (VIOLATED)
u_memory.g_read[0].g_bank[0].g_slice[0].u_sram/dout[25]    0.040000    0.187440   -0.147440 (VIOLATED)
u_memory.g_read[0].g_bank[2].g_slice[0].u_sram/dout[2]    0.040000    0.187418   -0.147418 (VIOLATED)
u_memory.g_read[0].g_bank[0].g_slice[0].u_sram/din[6]    0.350000    0.497335   -0.147335 (VIOLATED)
u_memory.g_read[0].g_bank[2].g_slice[0].u_sram/dout[19]    0.040000    0.187286   -0.147286 (VIOLATED)
u_memory.g_read[0].g_bank[0].g_slice[0].u_sram/dout[1]    0.040000    0.187259   -0.147259 (VIOLATED)
u_memory.g_read[0].g_bank[2].g_slice[0].u_sram/dout[8]    0.040000    0.187151   -0.147151 (VIOLATED)
u_memory.g_read[1].g_bank[3].g_slice[0].u_sram/dout[16]    0.040000    0.187065   -0.147065 (VIOLATED)
u_memory.g_read[0].g_bank[2].g_slice[0].u_sram/dout[13]    0.040000    0.186986   -0.146986 (VIOLATED)
u_memory.g_read[0].g_bank[2].g_slice[0].u_sram/dout[16]    0.040000    0.186980   -0.146980 (VIOLATED)
u_memory.g_read[0].g_bank[0].g_slice[0].u_sram/dout[5]    0.040000    0.186949   -0.146949 (VIOLATED)
u_memory.g_read[0].g_bank[2].g_slice[0].u_sram/dout[17]    0.040000    0.186924   -0.146924 (VIOLATED)
u_memory.g_read[0].g_bank[0].g_slice[0].u_sram/dout[28]    0.040000    0.186837   -0.146837 (VIOLATED)
u_memory.g_read[0].g_bank[0].g_slice[0].u_sram/dout[4]    0.040000    0.186813   -0.146813 (VIOLATED)
u_memory.g_read[0].g_bank[0].g_slice[0].u_sram/dout[24]    0.040000    0.186780   -0.146780 (VIOLATED)
u_memory.g_read[1].g_bank[0].g_slice[0].u_sram/dout[27]    0.040000    0.186764   -0.146764 (VIOLATED)
u_memory.g_read[0].g_bank[0].g_slice[0].u_sram/dout[23]    0.040000    0.186734   -0.146734 (VIOLATED)
u_memory.g_read[0].g_bank[3].g_slice[0].u_sram/dout[22]    0.040000    0.186681   -0.146681 (VIOLATED)
u_memory.g_read[0].g_bank[2].g_slice[0].u_sram/dout[20]    0.040000    0.186641   -0.146641 (VIOLATED)
u_memory.g_read[0].g_bank[2].g_slice[0].u_sram/dout[7]    0.040000    0.186528   -0.146528 (VIOLATED)
u_memory.g_read[0].g_bank[0].g_slice[0].u_sram/dout[26]    0.040000    0.186511   -0.146511 (VIOLATED)
u_memory.g_read[0].g_bank[3].g_slice[0].u_sram/dout[28]    0.040000    0.186451   -0.146451 (VIOLATED)
u_memory.g_read[1].g_bank[0].g_slice[0].u_sram/dout[16]    0.040000    0.186367   -0.146367 (VIOLATED)
u_memory.g_read[0].g_bank[0].g_slice[0].u_sram/dout[8]    0.040000    0.186314   -0.146314 (VIOLATED)
u_memory.g_read[0].g_bank[0].g_slice[0].u_sram/dout[9]    0.040000    0.186284   -0.146284 (VIOLATED)
u_memory.g_read[0].g_bank[2].g_slice[0].u_sram/dout[14]    0.040000    0.186276   -0.146276 (VIOLATED)
u_memory.g_read[0].g_bank[0].g_slice[0].u_sram/dout[17]    0.040000    0.186220   -0.146220 (VIOLATED)
u_memory.g_read[0].g_bank[0].g_slice[0].u_sram/dout[30]    0.040000    0.186128   -0.146128 (VIOLATED)
u_memory.g_read[0].g_bank[0].g_slice[0].u_sram/dout[0]    0.040000    0.186087   -0.146087 (VIOLATED)
u_memory.g_read[1].g_bank[0].g_slice[0].u_sram/dout[19]    0.040000    0.186079   -0.146079 (VIOLATED)
u_memory.g_read[1].g_bank[0].g_slice[0].u_sram/dout[14]    0.040000    0.186057   -0.146057 (VIOLATED)
u_memory.g_read[0].g_bank[0].g_slice[0].u_sram/dout[2]    0.040000    0.185960   -0.145960 (VIOLATED)
u_memory.g_read[0].g_bank[0].g_slice[0].u_sram/dout[31]    0.040000    0.185952   -0.145952 (VIOLATED)
u_memory.g_read[0].g_bank[0].g_slice[0].u_sram/dout[29]    0.040000    0.185951   -0.145951 (VIOLATED)
u_memory.g_read[0].g_bank[3].g_slice[0].u_sram/dout[26]    0.040000    0.185852   -0.145852 (VIOLATED)
u_memory.g_read[0].g_bank[0].g_slice[0].u_sram/dout[7]    0.040000    0.185831   -0.145831 (VIOLATED)
u_memory.g_read[1].g_bank[0].g_slice[0].u_sram/dout[11]    0.040000    0.185711   -0.145711 (VIOLATED)
u_memory.g_read[1].g_bank[0].g_slice[0].u_sram/dout[15]    0.040000    0.185702   -0.145702 (VIOLATED)
u_memory.g_read[1].g_bank[3].g_slice[0].u_sram/dout[10]    0.040000    0.185655   -0.145655 (VIOLATED)
u_memory.g_read[0].g_bank[0].g_slice[0].u_sram/dout[21]    0.040000    0.185556   -0.145556 (VIOLATED)
u_memory.g_read[0].g_bank[0].g_slice[0].u_sram/dout[11]    0.040000    0.185543   -0.145543 (VIOLATED)
u_memory.g_read[1].g_bank[0].g_slice[0].u_sram/dout[20]    0.040000    0.185530   -0.145530 (VIOLATED)
u_memory.g_read[0].g_bank[3].g_slice[0].u_sram/dout[29]    0.040000    0.185529   -0.145529 (VIOLATED)
u_memory.g_read[0].g_bank[2].g_slice[0].u_sram/dout[4]    0.040000    0.185498   -0.145498 (VIOLATED)
u_memory.g_read[0].g_bank[3].g_slice[0].u_sram/dout[23]    0.040000    0.185472   -0.145472 (VIOLATED)
u_memory.g_read[0].g_bank[2].g_slice[0].u_sram/dout[1]    0.040000    0.185448   -0.145448 (VIOLATED)
u_memory.g_read[0].g_bank[3].g_slice[0].u_sram/dout[24]    0.040000    0.185429   -0.145429 (VIOLATED)
u_memory.g_read[1].g_bank[0].g_slice[0].u_sram/dout[17]    0.040000    0.185365   -0.145365 (VIOLATED)
u_memory.g_read[0].g_bank[0].g_slice[0].u_sram/dout[15]    0.040000    0.185356   -0.145356 (VIOLATED)
u_memory.g_read[1].g_bank[0].g_slice[0].u_sram/dout[12]    0.040000    0.185326   -0.145326 (VIOLATED)
u_memory.g_read[0].g_bank[0].g_slice[0].u_sram/dout[12]    0.040000    0.185260   -0.145260 (VIOLATED)
u_memory.g_read[1].g_bank[0].g_slice[0].u_sram/dout[7]    0.040000    0.185237   -0.145237 (VIOLATED)
u_memory.g_read[1].g_bank[0].g_slice[0].u_sram/dout[3]    0.040000    0.185228   -0.145228 (VIOLATED)
u_memory.g_read[0].g_bank[0].g_slice[0].u_sram/dout[19]    0.040000    0.185214   -0.145214 (VIOLATED)
u_memory.g_read[0].g_bank[3].g_slice[0].u_sram/dout[7]    0.040000    0.185162   -0.145162 (VIOLATED)
u_memory.g_read[1].g_bank[0].g_slice[0].u_sram/dout[9]    0.040000    0.185148   -0.145148 (VIOLATED)
u_memory.g_read[1].g_bank[0].g_slice[0].u_sram/dout[5]    0.040000    0.185146   -0.145146 (VIOLATED)
u_memory.g_read[1].g_bank[0].g_slice[0].u_sram/dout[4]    0.040000    0.185109   -0.145109 (VIOLATED)
u_memory.g_read[1].g_bank[0].g_slice[0].u_sram/dout[21]    0.040000    0.185106   -0.145106 (VIOLATED)
u_memory.g_read[1].g_bank[0].g_slice[0].u_sram/dout[13]    0.040000    0.185083   -0.145083 (VIOLATED)
u_memory.g_read[0].g_bank[3].g_slice[0].u_sram/dout[10]    0.040000    0.185055   -0.145055 (VIOLATED)
u_memory.g_read[0].g_bank[3].g_slice[0].u_sram/dout[14]    0.040000    0.185031   -0.145031 (VIOLATED)
u_memory.g_read[1].g_bank[3].g_slice[0].u_sram/dout[4]    0.040000    0.185018   -0.145018 (VIOLATED)
u_memory.g_read[0].g_bank[0].g_slice[0].u_sram/dout[20]    0.040000    0.184979   -0.144979 (VIOLATED)
u_memory.g_read[0].g_bank[0].g_slice[0].u_sram/dout[27]    0.040000    0.184960   -0.144960 (VIOLATED)
u_memory.g_read[1].g_bank[3].g_slice[0].u_sram/dout[27]    0.040000    0.184901   -0.144901 (VIOLATED)
u_memory.g_read[1].g_bank[3].g_slice[0].u_sram/dout[9]    0.040000    0.184896   -0.144896 (VIOLATED)
u_memory.g_read[0].g_bank[3].g_slice[0].u_sram/dout[27]    0.040000    0.184878   -0.144878 (VIOLATED)
u_memory.g_read[1].g_bank[3].g_slice[0].u_sram/dout[14]    0.040000    0.184829   -0.144829 (VIOLATED)
u_memory.g_read[0].g_bank[3].g_slice[0].u_sram/dout[31]    0.040000    0.184814   -0.144814 (VIOLATED)
u_memory.g_read[1].g_bank[3].g_slice[0].u_sram/dout[7]    0.040000    0.184770   -0.144770 (VIOLATED)
u_memory.g_read[0].g_bank[0].g_slice[0].u_sram/dout[13]    0.040000    0.184730   -0.144730 (VIOLATED)
u_memory.g_read[1].g_bank[3].g_slice[0].u_sram/dout[19]    0.040000    0.184722   -0.144722 (VIOLATED)
u_memory.g_read[1].g_bank[3].g_slice[0].u_sram/dout[24]    0.040000    0.184699   -0.144699 (VIOLATED)
u_memory.g_read[1].g_bank[3].g_slice[0].u_sram/dout[1]    0.040000    0.184688   -0.144688 (VIOLATED)
u_memory.g_read[0].g_bank[0].g_slice[0].u_sram/dout[16]    0.040000    0.184643   -0.144643 (VIOLATED)
u_memory.g_read[1].g_bank[0].g_slice[0].u_sram/dout[1]    0.040000    0.184619   -0.144619 (VIOLATED)
u_memory.g_read[0].g_bank[1].g_slice[0].u_sram/ce    0.350000    0.494616   -0.144616 (VIOLATED)
u_memory.g_read[1].g_bank[0].g_slice[0].u_sram/dout[10]    0.040000    0.184610   -0.144610 (VIOLATED)
u_memory.g_read[0].g_bank[3].g_slice[0].u_sram/dout[20]    0.040000    0.184591   -0.144591 (VIOLATED)
u_memory.g_read[0].g_bank[3].g_slice[0].u_sram/dout[3]    0.040000    0.184571   -0.144571 (VIOLATED)
u_memory.g_read[1].g_bank[3].g_slice[0].u_sram/dout[13]    0.040000    0.184543   -0.144543 (VIOLATED)
u_memory.g_read[1].g_bank[0].g_slice[0].u_sram/dout[6]    0.040000    0.184460   -0.144460 (VIOLATED)
u_memory.g_read[0].g_bank[3].g_slice[0].u_sram/dout[16]    0.040000    0.184459   -0.144459 (VIOLATED)
u_memory.g_read[0].g_bank[3].g_slice[0].u_sram/dout[5]    0.040000    0.184457   -0.144457 (VIOLATED)
u_memory.g_read[0].g_bank[3].g_slice[0].u_sram/dout[19]    0.040000    0.184426   -0.144426 (VIOLATED)
u_memory.g_read[1].g_bank[3].g_slice[0].u_sram/dout[12]    0.040000    0.184425   -0.144425 (VIOLATED)
u_memory.g_read[0].g_bank[3].g_slice[0].u_sram/dout[17]    0.040000    0.184410   -0.144410 (VIOLATED)
u_memory.g_read[0].g_bank[3].g_slice[0].u_sram/dout[8]    0.040000    0.184337   -0.144337 (VIOLATED)
hold114/A                               0.350000    0.494327   -0.144327 (VIOLATED)
ANTENNA_2708/DIODE                      0.350000    0.494326   -0.144326 (VIOLATED)
u_memory.g_read[1].g_bank[0].g_slice[0].u_sram/dout[2]    0.040000    0.184300   -0.144300 (VIOLATED)
hold156/X                               0.350000    0.494240   -0.144240 (VIOLATED)
u_memory.g_read[0].g_bank[3].g_slice[0].u_sram/dout[0]    0.040000    0.184216   -0.144216 (VIOLATED)
u_memory.g_read[0].g_bank[3].g_slice[0].u_sram/dout[4]    0.040000    0.184198   -0.144198 (VIOLATED)
u_memory.g_read[0].g_bank[3].g_slice[0].u_sram/dout[12]    0.040000    0.184085   -0.144085 (VIOLATED)
u_memory.g_read[1].g_bank[3].g_slice[0].u_sram/dout[17]    0.040000    0.184073   -0.144073 (VIOLATED)
u_memory._181_/A_N                      0.350000    0.494018   -0.144018 (VIOLATED)
u_memory.g_read[0].g_bank[3].g_slice[0].u_sram/dout[2]    0.040000    0.184017   -0.144017 (VIOLATED)
u_memory.g_read[1].g_bank[3].g_slice[0].u_sram/dout[25]    0.040000    0.184013   -0.144013 (VIOLATED)
u_memory._185_/B                        0.350000    0.494012   -0.144012 (VIOLATED)
u_memory._177_/A                        0.350000    0.494008   -0.144008 (VIOLATED)
u_memory._190_/A                        0.350000    0.494008   -0.144008 (VIOLATED)
u_memory.g_read[0].g_bank[3].g_slice[0].u_sram/dout[13]    0.040000    0.183985   -0.143985 (VIOLATED)
wire166/A                               0.350000    0.493947   -0.143947 (VIOLATED)
u_memory.g_read[0].g_bank[3].g_slice[0].u_sram/dout[1]    0.040000    0.183937   -0.143937 (VIOLATED)
u_memory.g_read[1].g_bank[3].g_slice[0].u_sram/dout[6]    0.040000    0.183843   -0.143843 (VIOLATED)
u_memory.g_read[0].g_bank[3].g_slice[0].u_sram/dout[11]    0.040000    0.183801   -0.143801 (VIOLATED)
u_memory.g_read[0].g_bank[3].g_slice[0].u_sram/dout[15]    0.040000    0.183794   -0.143794 (VIOLATED)
output80/A                              0.350000    0.493751   -0.143751 (VIOLATED)
ANTENNA_2761/DIODE                      0.350000    0.493749   -0.143749 (VIOLATED)
u_memory.g_read[1].g_bank[3].g_slice[0].u_sram/dout[22]    0.040000    0.183749   -0.143749 (VIOLATED)
u_memory.g_read[1].g_bank[3].g_slice[0].u_sram/dout[3]    0.040000    0.183731   -0.143731 (VIOLATED)
u_memory.g_read[1].g_bank[3].g_slice[0].u_sram/dout[5]    0.040000    0.183675   -0.143675 (VIOLATED)
_017_/Q                                 0.350000    0.493657   -0.143657 (VIOLATED)
u_memory.g_read[1].g_bank[3].g_slice[0].u_sram/dout[15]    0.040000    0.183623   -0.143623 (VIOLATED)
u_memory.g_read[0].g_bank[3].g_slice[0].u_sram/din[21]    0.350000    0.493543   -0.143543 (VIOLATED)
u_memory.g_read[0].g_bank[0].g_slice[0].u_sram/din[11]    0.350000    0.493500   -0.143500 (VIOLATED)
u_memory._239_/B2                       0.350000    0.493447   -0.143447 (VIOLATED)
ANTENNA_1107/DIODE                      0.350000    0.493442   -0.143442 (VIOLATED)
ANTENNA_1104/DIODE                      0.350000    0.493431   -0.143431 (VIOLATED)
ANTENNA_1106/DIODE                      0.350000    0.493415   -0.143415 (VIOLATED)
ANTENNA_1105/DIODE                      0.350000    0.493414   -0.143414 (VIOLATED)
ANTENNA_1108/DIODE                      0.350000    0.493409   -0.143409 (VIOLATED)
u_memory.g_read[1].g_bank[0].g_slice[0].u_sram/din[17]    0.350000    0.493233   -0.143233 (VIOLATED)
u_memory._315_/A1                       0.350000    0.493208   -0.143208 (VIOLATED)
ANTENNA_2680/DIODE                      0.350000    0.493173   -0.143173 (VIOLATED)
ANTENNA_2675/DIODE                      0.350000    0.493173   -0.143173 (VIOLATED)
ANTENNA_2673/DIODE                      0.350000    0.493173   -0.143173 (VIOLATED)
ANTENNA_2671/DIODE                      0.350000    0.493172   -0.143172 (VIOLATED)
ANTENNA_2670/DIODE                      0.350000    0.493172   -0.143172 (VIOLATED)
ANTENNA_2677/DIODE                      0.350000    0.493170   -0.143170 (VIOLATED)
ANTENNA_2676/DIODE                      0.350000    0.493169   -0.143169 (VIOLATED)
ANTENNA_2674/DIODE                      0.350000    0.493169   -0.143169 (VIOLATED)
ANTENNA_2672/DIODE                      0.350000    0.493169   -0.143169 (VIOLATED)
ANTENNA_2679/DIODE                      0.350000    0.493169   -0.143169 (VIOLATED)
ANTENNA_2678/DIODE                      0.350000    0.493168   -0.143168 (VIOLATED)
hold217/X                               0.350000    0.493154   -0.143154 (VIOLATED)
wire627/X                               0.350000    0.492929   -0.142929 (VIOLATED)
wire165/A                               0.350000    0.492804   -0.142804 (VIOLATED)
wire335/X                               0.350000    0.492702   -0.142702 (VIOLATED)
wire167/X                               0.350000    0.492639   -0.142639 (VIOLATED)
_104_/D                                 0.350000    0.492632   -0.142632 (VIOLATED)
wire643/X                               0.350000    0.492551   -0.142551 (VIOLATED)
max_cap623/X                            0.350000    0.492475   -0.142475 (VIOLATED)
u_memory.g_read[0].g_bank[0].g_slice[0].u_sram/din[1]    0.350000    0.492211   -0.142211 (VIOLATED)
hold179/A                               0.350000    0.490303   -0.140303 (VIOLATED)
hold201/X                               0.350000    0.490278   -0.140278 (VIOLATED)
u_memory._262_/C                        0.350000    0.490154   -0.140154 (VIOLATED)
u_memory.g_read[0].g_bank[0].g_slice[0].u_sram/din[20]    0.350000    0.489571   -0.139571 (VIOLATED)
u_memory.g_read[1].g_bank[0].g_slice[0].u_sram/din[4]    0.350000    0.489495   -0.139495 (VIOLATED)
u_memory.g_read[0].g_bank[2].g_slice[0].u_sram/din[14]    0.350000    0.489439   -0.139439 (VIOLATED)
u_memory.g_read[0].g_bank[2].g_slice[0].u_sram/din[27]    0.350000    0.489403   -0.139403 (VIOLATED)
u_memory._345_/B1                       0.350000    0.489040   -0.139040 (VIOLATED)
ANTENNA_146/DIODE                       0.350000    0.489037   -0.139037 (VIOLATED)
ANTENNA_147/DIODE                       0.350000    0.489036   -0.139036 (VIOLATED)
ANTENNA_145/DIODE                       0.350000    0.489021   -0.139021 (VIOLATED)
u_memory.g_read[1].g_bank[3].g_slice[0].u_sram/din[28]    0.350000    0.489000   -0.139000 (VIOLATED)
wire456/X                               0.350000    0.488268   -0.138268 (VIOLATED)
ANTENNA_2754/DIODE                      0.350000    0.488206   -0.138206 (VIOLATED)
u_memory._343_/X                        0.350000    0.488169   -0.138169 (VIOLATED)
max_cap441/A                            0.350000    0.488102   -0.138102 (VIOLATED)
ANTENNA_2753/DIODE                      0.350000    0.488083   -0.138083 (VIOLATED)
ANTENNA_2751/DIODE                      0.350000    0.488030   -0.138030 (VIOLATED)
ANTENNA_2752/DIODE                      0.350000    0.488022   -0.138022 (VIOLATED)
wire268/X                               0.350000    0.487976   -0.137976 (VIOLATED)
u_memory.g_read[1].g_bank[0].g_slice[0].u_sram/din[6]    0.350000    0.487940   -0.137940 (VIOLATED)
u_memory._383_/B1                       0.350000    0.487528   -0.137528 (VIOLATED)
u_memory.g_read[0].g_bank[0].g_slice[0].u_sram/din[2]    0.350000    0.487457   -0.137457 (VIOLATED)
u_memory.g_read[0].g_bank[1].g_slice[0].u_sram/din[24]    0.350000    0.487365   -0.137365 (VIOLATED)
u_memory._235_/B                        0.350000    0.486675   -0.136675 (VIOLATED)
ANTENNA_14/DIODE                        0.350000    0.486347   -0.136347 (VIOLATED)
_002_/D                                 0.350000    0.486346   -0.136346 (VIOLATED)
u_memory._212_/X                        0.350000    0.486281   -0.136281 (VIOLATED)
ANTENNA_219/DIODE                       0.350000    0.486094   -0.136094 (VIOLATED)
_112_/D                                 0.350000    0.486093   -0.136093 (VIOLATED)
input40/X                               0.350000    0.486054   -0.136054 (VIOLATED)
u_memory.g_read[0].g_bank[0].g_slice[0].u_sram/din[21]    0.350000    0.486033   -0.136033 (VIOLATED)
u_memory._319_/A1                       0.350000    0.485003   -0.135003 (VIOLATED)
hold215/X                               0.350000    0.484951   -0.134951 (VIOLATED)
u_memory._220_/A2                       0.350000    0.484859   -0.134859 (VIOLATED)
ANTENNA_1042/DIODE                      0.350000    0.484857   -0.134857 (VIOLATED)
ANTENNA_1039/DIODE                      0.350000    0.484848   -0.134848 (VIOLATED)
ANTENNA_1040/DIODE                      0.350000    0.484845   -0.134845 (VIOLATED)
ANTENNA_1041/DIODE                      0.350000    0.484843   -0.134843 (VIOLATED)
ANTENNA_1244/DIODE                      0.350000    0.484732   -0.134732 (VIOLATED)
ANTENNA_1247/DIODE                      0.350000    0.484721   -0.134721 (VIOLATED)
ANTENNA_1246/DIODE                      0.350000    0.484719   -0.134719 (VIOLATED)
ANTENNA_1245/DIODE                      0.350000    0.484717   -0.134717 (VIOLATED)
u_memory.g_read[1].g_bank[0].g_slice[0].u_sram/din[1]    0.350000    0.484654   -0.134654 (VIOLATED)
ANTENNA_201/DIODE                       0.350000    0.484168   -0.134168 (VIOLATED)
u_memory._402_/B1                       0.350000    0.484168   -0.134168 (VIOLATED)
wire319/X                               0.350000    0.483937   -0.133937 (VIOLATED)
u_memory._398_/A2                       0.350000    0.481730   -0.131730 (VIOLATED)
ANTENNA_1249/DIODE                      0.350000    0.481459   -0.131459 (VIOLATED)
ANTENNA_1252/DIODE                      0.350000    0.481456   -0.131456 (VIOLATED)
ANTENNA_1250/DIODE                      0.350000    0.481455   -0.131455 (VIOLATED)
ANTENNA_1251/DIODE                      0.350000    0.481408   -0.131408 (VIOLATED)
u_memory.g_read[0].g_bank[2].g_slice[0].u_sram/din[1]    0.350000    0.480963   -0.130963 (VIOLATED)
ANTENNA_1248/DIODE                      0.350000    0.480655   -0.130655 (VIOLATED)
_006_/D                                 0.350000    0.480306   -0.130306 (VIOLATED)
u_memory._224_/X                        0.350000    0.480260   -0.130260 (VIOLATED)
max_cap552/A                            0.350000    0.479615   -0.129615 (VIOLATED)
max_cap553/A                            0.350000    0.479603   -0.129603 (VIOLATED)
u_memory.g_read[1].g_bank[1].g_slice[0].u_sram/din[31]    0.350000    0.479391   -0.129391 (VIOLATED)
u_memory._428_/RESET_B                  0.350000    0.479367   -0.129367 (VIOLATED)
ANTENNA_8/DIODE                         0.350000    0.479279   -0.129279 (VIOLATED)
_001_/D                                 0.350000    0.479278   -0.129278 (VIOLATED)
u_memory._427_/RESET_B                  0.350000    0.479261   -0.129261 (VIOLATED)
u_memory._209_/X                        0.350000    0.479236   -0.129236 (VIOLATED)
max_cap508/A                            0.350000    0.478945   -0.128945 (VIOLATED)
u_memory._191_/B1                       0.350000    0.478809   -0.128809 (VIOLATED)
wire442/X                               0.350000    0.478750   -0.128750 (VIOLATED)
u_memory.g_read[0].g_bank[3].g_slice[0].u_sram/wmask[2]    0.350000    0.478710   -0.128710 (VIOLATED)
u_memory._400_/X                        0.350000    0.478199   -0.128199 (VIOLATED)
u_memory._186_/B1                       0.350000    0.478089   -0.128089 (VIOLATED)
u_memory.g_read[1].g_bank[3].g_slice[0].u_sram/din[14]    0.350000    0.478077   -0.128077 (VIOLATED)
max_cap509/X                            0.350000    0.478044   -0.128044 (VIOLATED)
u_memory.g_read[0].g_bank[2].g_slice[0].u_sram/wmask[2]    0.350000    0.477869   -0.127869 (VIOLATED)
u_memory._182_/B1                       0.350000    0.477706   -0.127706 (VIOLATED)
_005_/D                                 0.350000    0.477503   -0.127503 (VIOLATED)
u_memory._221_/X                        0.350000    0.477462   -0.127462 (VIOLATED)
ANTENNA_803/DIODE                       0.350000    0.477251   -0.127251 (VIOLATED)
u_memory._420_/A1                       0.350000    0.477249   -0.127249 (VIOLATED)
ANTENNA_801/DIODE                       0.350000    0.477248   -0.127248 (VIOLATED)
ANTENNA_799/DIODE                       0.350000    0.477247   -0.127247 (VIOLATED)
ANTENNA_797/DIODE                       0.350000    0.477246   -0.127246 (VIOLATED)
ANTENNA_795/DIODE                       0.350000    0.477244   -0.127244 (VIOLATED)
ANTENNA_794/DIODE                       0.350000    0.477237   -0.127237 (VIOLATED)
ANTENNA_796/DIODE                       0.350000    0.477233   -0.127233 (VIOLATED)
ANTENNA_798/DIODE                       0.350000    0.477228   -0.127228 (VIOLATED)
ANTENNA_800/DIODE                       0.350000    0.477222   -0.127222 (VIOLATED)
ANTENNA_802/DIODE                       0.350000    0.477219   -0.127219 (VIOLATED)
u_memory._178_/B1                       0.350000    0.477119   -0.127119 (VIOLATED)
u_memory.g_read[0].g_bank[3].g_slice[0].u_sram/din[18]    0.350000    0.476626   -0.126626 (VIOLATED)
u_memory._430_/RESET_B                  0.350000    0.476182   -0.126182 (VIOLATED)
u_memory.g_read[0].g_bank[2].g_slice[0].u_sram/din[22]    0.350000    0.476174   -0.126174 (VIOLATED)
wire260/X                               0.350000    0.476165   -0.126165 (VIOLATED)
u_memory.g_read[0].g_bank[1].g_slice[0].u_sram/din[11]    0.350000    0.475914   -0.125914 (VIOLATED)
u_memory._416_/A2                       0.350000    0.475086   -0.125086 (VIOLATED)
u_memory.g_read[1].g_bank[3].g_slice[0].u_sram/din[26]    0.350000    0.474710   -0.124710 (VIOLATED)
wire554/X                               0.350000    0.474464   -0.124464 (VIOLATED)
u_memory._329_/A1                       0.350000    0.474327   -0.124327 (VIOLATED)
u_memory._326_/A1                       0.350000    0.474319   -0.124319 (VIOLATED)
u_memory._332_/A1                       0.350000    0.474302   -0.124302 (VIOLATED)
u_memory._335_/A1                       0.350000    0.474291   -0.124291 (VIOLATED)
u_memory.g_read[1].g_bank[0].g_slice[0].u_sram/din[21]    0.350000    0.474271   -0.124271 (VIOLATED)
wire385/A                               0.350000    0.474151   -0.124151 (VIOLATED)
u_memory._341_/A1                       0.350000    0.474139   -0.124139 (VIOLATED)
u_memory._347_/A1                       0.350000    0.474095   -0.124095 (VIOLATED)
ANTENNA_2728/DIODE                      0.350000    0.474090   -0.124090 (VIOLATED)
ANTENNA_2727/DIODE                      0.350000    0.474089   -0.124089 (VIOLATED)
ANTENNA_2730/DIODE                      0.350000    0.474081   -0.124081 (VIOLATED)
ANTENNA_2729/DIODE                      0.350000    0.474081   -0.124081 (VIOLATED)
u_memory._429_/RESET_B                  0.350000    0.474014   -0.124014 (VIOLATED)
u_memory._338_/A1                       0.350000    0.473984   -0.123984 (VIOLATED)
u_memory._344_/A1                       0.350000    0.473982   -0.123982 (VIOLATED)
u_memory._350_/A1                       0.350000    0.473972   -0.123972 (VIOLATED)
u_memory._356_/A1                       0.350000    0.473891   -0.123891 (VIOLATED)
u_memory._329_/B2                       0.350000    0.473754   -0.123754 (VIOLATED)
u_memory._326_/B2                       0.350000    0.473741   -0.123741 (VIOLATED)
u_memory._332_/B2                       0.350000    0.473728   -0.123728 (VIOLATED)
u_memory._335_/B2                       0.350000    0.473688   -0.123688 (VIOLATED)
hold206/X                               0.350000    0.473623   -0.123623 (VIOLATED)
u_memory._341_/B2                       0.350000    0.473580   -0.123580 (VIOLATED)
wire388/X                               0.350000    0.473541   -0.123541 (VIOLATED)
hold183/A                               0.350000    0.473526   -0.123526 (VIOLATED)
ANTENNA_2722/DIODE                      0.350000    0.473526   -0.123526 (VIOLATED)
hold198/X                               0.350000    0.473506   -0.123506 (VIOLATED)
u_memory._347_/B2                       0.350000    0.473474   -0.123474 (VIOLATED)
u_memory._353_/A1                       0.350000    0.473437   -0.123437 (VIOLATED)
u_memory._338_/B2                       0.350000    0.473433   -0.123433 (VIOLATED)
u_memory._344_/B2                       0.350000    0.473427   -0.123427 (VIOLATED)
u_memory._350_/B2                       0.350000    0.473360   -0.123360 (VIOLATED)
u_memory.g_read[0].g_bank[2].g_slice[0].u_sram/din[8]    0.350000    0.473310   -0.123310 (VIOLATED)
u_memory._353_/B2                       0.350000    0.473241   -0.123241 (VIOLATED)
u_memory._362_/A1                       0.350000    0.473222   -0.123222 (VIOLATED)
u_memory._356_/B2                       0.350000    0.473215   -0.123215 (VIOLATED)
u_memory._359_/A1                       0.350000    0.473137   -0.123137 (VIOLATED)
u_memory.g_read[1].g_bank[3].g_slice[0].u_sram/din[9]    0.350000    0.473093   -0.123093 (VIOLATED)
u_memory._368_/A1                       0.350000    0.473021   -0.123021 (VIOLATED)
u_memory._362_/B2                       0.350000    0.472932   -0.122932 (VIOLATED)
u_memory._359_/B2                       0.350000    0.472844   -0.122844 (VIOLATED)
u_memory._368_/B2                       0.350000    0.472769   -0.122769 (VIOLATED)
ANTENNA_2544/DIODE                      0.350000    0.472624   -0.122624 (VIOLATED)
ANTENNA_2542/DIODE                      0.350000    0.472623   -0.122623 (VIOLATED)
ANTENNA_2538/DIODE                      0.350000    0.472623   -0.122623 (VIOLATED)
ANTENNA_2545/DIODE                      0.350000    0.472585   -0.122585 (VIOLATED)
ANTENNA_2543/DIODE                      0.350000    0.472584   -0.122584 (VIOLATED)
ANTENNA_2541/DIODE                      0.350000    0.472582   -0.122582 (VIOLATED)
ANTENNA_2540/DIODE                      0.350000    0.472580   -0.122580 (VIOLATED)
ANTENNA_2546/DIODE                      0.350000    0.472574   -0.122574 (VIOLATED)
ANTENNA_2539/DIODE                      0.350000    0.472573   -0.122573 (VIOLATED)
ANTENNA_2548/DIODE                      0.350000    0.472533   -0.122533 (VIOLATED)
ANTENNA_2547/DIODE                      0.350000    0.472528   -0.122528 (VIOLATED)
u_memory._365_/A1                       0.350000    0.472442   -0.122442 (VIOLATED)
u_memory._365_/B2                       0.350000    0.472223   -0.122223 (VIOLATED)
u_memory.g_read[1].g_bank[0].g_slice[0].u_sram/din[20]    0.350000    0.472140   -0.122140 (VIOLATED)
u_memory.g_read[0].g_bank[3].g_slice[0].u_sram/din[28]    0.350000    0.471998   -0.121998 (VIOLATED)
max_cap603/X                            0.350000    0.471777   -0.121777 (VIOLATED)
max_cap386/A                            0.350000    0.471166   -0.121166 (VIOLATED)
ANTENNA_2010/DIODE                      0.350000    0.470922   -0.120922 (VIOLATED)
ANTENNA_2020/DIODE                      0.350000    0.470923   -0.120923 (VIOLATED)
ANTENNA_2011/DIODE                      0.350000    0.470920   -0.120920 (VIOLATED)
ANTENNA_2019/DIODE                      0.350000    0.470919   -0.120919 (VIOLATED)
ANTENNA_2013/DIODE                      0.350000    0.470919   -0.120919 (VIOLATED)
ANTENNA_2017/DIODE                      0.350000    0.470919   -0.120919 (VIOLATED)
ANTENNA_2012/DIODE                      0.350000    0.470919   -0.120919 (VIOLATED)
ANTENNA_2015/DIODE                      0.350000    0.470919   -0.120919 (VIOLATED)
ANTENNA_2014/DIODE                      0.350000    0.470919   -0.120919 (VIOLATED)
ANTENNA_2018/DIODE                      0.350000    0.470905   -0.120905 (VIOLATED)
ANTENNA_2016/DIODE                      0.350000    0.470904   -0.120904 (VIOLATED)
u_memory.g_read[0].g_bank[3].g_slice[0].u_sram/din[27]    0.350000    0.470419   -0.120419 (VIOLATED)
u_memory._371_/A1                       0.350000    0.470374   -0.120374 (VIOLATED)
u_memory.g_read[1].g_bank[3].g_slice[0].u_sram/din[29]    0.350000    0.470357   -0.120357 (VIOLATED)
fanout203/X                             0.350000    0.470324   -0.120324 (VIOLATED)
max_cap518/X                            0.350000    0.470145   -0.120145 (VIOLATED)
u_memory._371_/B2                       0.350000    0.469757   -0.119757 (VIOLATED)
fanout173/X                             0.350000    0.469739   -0.119739 (VIOLATED)
wire387/X                               0.350000    0.469591   -0.119591 (VIOLATED)
fanout189/A                             0.350000    0.469450   -0.119450 (VIOLATED)
fanout190/A                             0.350000    0.469148   -0.119148 (VIOLATED)
u_memory.g_read[1].g_bank[1].g_slice[0].u_sram/din[23]    0.350000    0.469048   -0.119048 (VIOLATED)
u_memory._203_/X                        0.350000    0.468911   -0.118911 (VIOLATED)
u_memory._371_/A2                       0.350000    0.468408   -0.118408 (VIOLATED)
ANTENNA_2696/DIODE                      0.350000    0.468286   -0.118286 (VIOLATED)
u_memory._425_/A0                       0.350000    0.468286   -0.118286 (VIOLATED)
hold5/A                                 0.350000    0.468131   -0.118131 (VIOLATED)
ANTENNA_2756/DIODE                      0.350000    0.468128   -0.118128 (VIOLATED)
u_memory.g_read[1].g_bank[3].g_slice[0].u_sram/din[7]    0.350000    0.468026   -0.118026 (VIOLATED)
output89/A                              0.350000    0.467948   -0.117948 (VIOLATED)
ANTENNA_2762/DIODE                      0.350000    0.467938   -0.117938 (VIOLATED)
ANTENNA_1233/DIODE                      0.350000    0.467926   -0.117926 (VIOLATED)
ANTENNA_1235/DIODE                      0.350000    0.467919   -0.117919 (VIOLATED)
ANTENNA_1234/DIODE                      0.350000    0.467919   -0.117919 (VIOLATED)
hold18/X                                0.350000    0.467673   -0.117673 (VIOLATED)
u_memory._326_/C1                       0.350000    0.467629   -0.117629 (VIOLATED)
u_memory._329_/C1                       0.350000    0.467625   -0.117624 (VIOLATED)
u_memory._332_/C1                       0.350000    0.467617   -0.117617 (VIOLATED)
u_memory._335_/C1                       0.350000    0.467552   -0.117552 (VIOLATED)
u_memory._341_/C1                       0.350000    0.467492   -0.117492 (VIOLATED)
u_memory._347_/C1                       0.350000    0.467299   -0.117299 (VIOLATED)
u_memory._338_/C1                       0.350000    0.467283   -0.117283 (VIOLATED)
_025_/Q                                 0.350000    0.467275   -0.117275 (VIOLATED)
u_memory._344_/C1                       0.350000    0.467256   -0.117256 (VIOLATED)
u_memory._350_/C1                       0.350000    0.467124   -0.117124 (VIOLATED)
u_memory.g_read[1].g_bank[3].g_slice[0].u_sram/din[24]    0.350000    0.467091   -0.117091 (VIOLATED)
u_memory._356_/C1                       0.350000    0.466914   -0.116914 (VIOLATED)
u_memory.g_read[1].g_bank[3].g_slice[0].u_sram/din[21]    0.350000    0.466891   -0.116891 (VIOLATED)
u_memory._353_/C1                       0.350000    0.466459   -0.116459 (VIOLATED)
u_memory._362_/C1                       0.350000    0.466354   -0.116354 (VIOLATED)
ANTENNA_1998/DIODE                      0.350000    0.466220   -0.116220 (VIOLATED)
ANTENNA_1996/DIODE                      0.350000    0.466220   -0.116220 (VIOLATED)
ANTENNA_1994/DIODE                      0.350000    0.466219   -0.116219 (VIOLATED)
ANTENNA_1990/DIODE                      0.350000    0.466219   -0.116219 (VIOLATED)
ANTENNA_1989/DIODE                      0.350000    0.466218   -0.116218 (VIOLATED)
ANTENNA_1997/DIODE                      0.350000    0.466197   -0.116197 (VIOLATED)
ANTENNA_1995/DIODE                      0.350000    0.466197   -0.116197 (VIOLATED)
ANTENNA_1993/DIODE                      0.350000    0.466196   -0.116196 (VIOLATED)
ANTENNA_1992/DIODE                      0.350000    0.466194   -0.116194 (VIOLATED)
ANTENNA_1988/DIODE                      0.350000    0.466193   -0.116193 (VIOLATED)
ANTENNA_1991/DIODE                      0.350000    0.466193   -0.116193 (VIOLATED)
u_memory._359_/C1                       0.350000    0.466130   -0.116130 (VIOLATED)
u_memory._236_/A1                       0.350000    0.465993   -0.115993 (VIOLATED)
u_memory.g_read[0].g_bank[2].g_slice[0].u_sram/din[0]    0.350000    0.465859   -0.115859 (VIOLATED)
u_memory._368_/C1                       0.350000    0.465846   -0.115846 (VIOLATED)
_081_/D                                 0.350000    0.465686   -0.115686 (VIOLATED)
ANTENNA_2439/DIODE                      0.350000    0.465643   -0.115643 (VIOLATED)
ANTENNA_2440/DIODE                      0.350000    0.465642   -0.115642 (VIOLATED)
ANTENNA_2442/DIODE                      0.350000    0.465642   -0.115642 (VIOLATED)
wire644/X                               0.350000    0.465636   -0.115636 (VIOLATED)
ANTENNA_2448/DIODE                      0.350000    0.465604   -0.115604 (VIOLATED)
ANTENNA_2447/DIODE                      0.350000    0.465604   -0.115604 (VIOLATED)
ANTENNA_2445/DIODE                      0.350000    0.465601   -0.115601 (VIOLATED)
ANTENNA_2444/DIODE                      0.350000    0.465599   -0.115599 (VIOLATED)
ANTENNA_2441/DIODE                      0.350000    0.465596   -0.115596 (VIOLATED)
ANTENNA_2443/DIODE                      0.350000    0.465595   -0.115595 (VIOLATED)
ANTENNA_2446/DIODE                      0.350000    0.465551   -0.115551 (VIOLATED)
ANTENNA_2449/DIODE                      0.350000    0.465551   -0.115551 (VIOLATED)
u_memory._365_/C1                       0.350000    0.465435   -0.115435 (VIOLATED)
u_memory.g_read[0].g_bank[1].g_slice[0].u_sram/din[0]    0.350000    0.465348   -0.115348 (VIOLATED)
ANTENNA_1239/DIODE                      0.350000    0.465204   -0.115204 (VIOLATED)
max_cap515/X                            0.350000    0.465181   -0.115181 (VIOLATED)
max_cap207/X                            0.350000    0.464834   -0.114834 (VIOLATED)
max_cap586/X                            0.350000    0.464821   -0.114821 (VIOLATED)
ANTENNA_1894/DIODE                      0.350000    0.464737   -0.114737 (VIOLATED)
ANTENNA_1891/DIODE                      0.350000    0.464737   -0.114737 (VIOLATED)
ANTENNA_1890/DIODE                      0.350000    0.464737   -0.114737 (VIOLATED)
ANTENNA_1889/DIODE                      0.350000    0.464736   -0.114736 (VIOLATED)
ANTENNA_1896/DIODE                      0.350000    0.464732   -0.114732 (VIOLATED)
ANTENNA_1895/DIODE                      0.350000    0.464731   -0.114731 (VIOLATED)
ANTENNA_1893/DIODE                      0.350000    0.464731   -0.114731 (VIOLATED)
ANTENNA_1892/DIODE                      0.350000    0.464731   -0.114731 (VIOLATED)
ANTENNA_1897/DIODE                      0.350000    0.464722   -0.114722 (VIOLATED)
ANTENNA_1899/DIODE                      0.350000    0.464723   -0.114723 (VIOLATED)
ANTENNA_1898/DIODE                      0.350000    0.464722   -0.114722 (VIOLATED)
ANTENNA_1237/DIODE                      0.350000    0.464683   -0.114683 (VIOLATED)
ANTENNA_1238/DIODE                      0.350000    0.464679   -0.114679 (VIOLATED)
ANTENNA_1482/DIODE                      0.350000    0.464471   -0.114471 (VIOLATED)
ANTENNA_1492/DIODE                      0.350000    0.464470   -0.114470 (VIOLATED)
ANTENNA_1491/DIODE                      0.350000    0.464463   -0.114463 (VIOLATED)
ANTENNA_1485/DIODE                      0.350000    0.464463   -0.114463 (VIOLATED)
ANTENNA_1486/DIODE                      0.350000    0.464462   -0.114462 (VIOLATED)
ANTENNA_1487/DIODE                      0.350000    0.464462   -0.114462 (VIOLATED)
ANTENNA_1490/DIODE                      0.350000    0.464461   -0.114461 (VIOLATED)
ANTENNA_1489/DIODE                      0.350000    0.464461   -0.114461 (VIOLATED)
ANTENNA_1488/DIODE                      0.350000    0.464450   -0.114450 (VIOLATED)
ANTENNA_1484/DIODE                      0.350000    0.464449   -0.114449 (VIOLATED)
ANTENNA_1483/DIODE                      0.350000    0.464449   -0.114449 (VIOLATED)
u_memory.g_read[1].g_bank[0].g_slice[0].u_sram/din[11]    0.350000    0.464411   -0.114411 (VIOLATED)
ANTENNA_1236/DIODE                      0.350000    0.464345   -0.114345 (VIOLATED)
max_cap500/X                            0.350000    0.464069   -0.114069 (VIOLATED)
u_memory.g_read[0].g_bank[2].g_slice[0].u_sram/din[4]    0.350000    0.464012   -0.114012 (VIOLATED)
u_memory._387_/B2                       0.350000    0.463907   -0.113907 (VIOLATED)
u_memory._386_/X                        0.350000    0.463849   -0.113849 (VIOLATED)
max_cap435/X                            0.350000    0.463694   -0.113694 (VIOLATED)
u_memory._371_/C1                       0.350000    0.463207   -0.113207 (VIOLATED)
fanout177/X                             0.350000    0.463188   -0.113188 (VIOLATED)
u_memory._320_/A1                       0.350000    0.463035   -0.113035 (VIOLATED)
hold203/X                               0.350000    0.462994   -0.112994 (VIOLATED)
max_cap438/A                            0.350000    0.462685   -0.112685 (VIOLATED)
wire246/X                               0.350000    0.462590   -0.112590 (VIOLATED)
u_memory.g_read[1].g_bank[3].g_slice[0].u_sram/din[31]    0.350000    0.462006   -0.112006 (VIOLATED)
u_memory._195_/A1                       0.350000    0.461524   -0.111524 (VIOLATED)
_009_/D                                 0.350000    0.461035   -0.111035 (VIOLATED)
u_memory._233_/X                        0.350000    0.460993   -0.110993 (VIOLATED)
u_memory.g_read[0].g_bank[0].g_slice[0].u_sram/din[17]    0.350000    0.460717   -0.110717 (VIOLATED)
ANTENNA_1158/DIODE                      0.350000    0.460568   -0.110568 (VIOLATED)
ANTENNA_1156/DIODE                      0.350000    0.460568   -0.110568 (VIOLATED)
ANTENNA_1155/DIODE                      0.350000    0.460567   -0.110567 (VIOLATED)
u_memory._291_/A1                       0.350000    0.460566   -0.110566 (VIOLATED)
ANTENNA_1157/DIODE                      0.350000    0.460533   -0.110533 (VIOLATED)
u_memory._179_/C_N                      0.350000    0.460470   -0.110470 (VIOLATED)
ANTENNA_4/DIODE                         0.350000    0.460467   -0.110467 (VIOLATED)
ANTENNA_5/DIODE                         0.350000    0.460449   -0.110449 (VIOLATED)
u_memory._183_/C                        0.350000    0.460448   -0.110448 (VIOLATED)
u_memory._421_/A                        0.350000    0.460413   -0.110413 (VIOLATED)
ANTENNA_7/DIODE                         0.350000    0.460410   -0.110410 (VIOLATED)
u_memory._187_/A                        0.350000    0.460312   -0.110312 (VIOLATED)
ANTENNA_6/DIODE                         0.350000    0.460310   -0.110310 (VIOLATED)
wire193/X                               0.350000    0.460298   -0.110298 (VIOLATED)
u_memory._282_/A1                       0.350000    0.460162   -0.110162 (VIOLATED)
ANTENNA_1168/DIODE                      0.350000    0.460158   -0.110158 (VIOLATED)
ANTENNA_1166/DIODE                      0.350000    0.460156   -0.110156 (VIOLATED)
ANTENNA_1167/DIODE                      0.350000    0.460149   -0.110149 (VIOLATED)
ANTENNA_1169/DIODE                      0.350000    0.460147   -0.110147 (VIOLATED)
ANTENNA_2030/DIODE                      0.350000    0.460083   -0.110083 (VIOLATED)
ANTENNA_2023/DIODE                      0.350000    0.460082   -0.110082 (VIOLATED)
ANTENNA_2024/DIODE                      0.350000    0.460082   -0.110082 (VIOLATED)
ANTENNA_2025/DIODE                      0.350000    0.460082   -0.110082 (VIOLATED)
ANTENNA_2026/DIODE                      0.350000    0.460081   -0.110081 (VIOLATED)
ANTENNA_2027/DIODE                      0.350000    0.460081   -0.110081 (VIOLATED)
ANTENNA_2031/DIODE                      0.350000    0.460074   -0.110074 (VIOLATED)
ANTENNA_2021/DIODE                      0.350000    0.460032   -0.110031 (VIOLATED)
ANTENNA_2022/DIODE                      0.350000    0.460029   -0.110029 (VIOLATED)
ANTENNA_2028/DIODE                      0.350000    0.460022   -0.110022 (VIOLATED)
ANTENNA_2029/DIODE                      0.350000    0.460019   -0.110019 (VIOLATED)
u_memory._380_/A2                       0.350000    0.459941   -0.109941 (VIOLATED)
wire349/X                               0.350000    0.459903   -0.109903 (VIOLATED)
u_memory.g_read[1].g_bank[0].g_slice[0].u_sram/din[9]    0.350000    0.459856   -0.109856 (VIOLATED)
_065_/Q                                 0.350000    0.459845   -0.109845 (VIOLATED)
u_memory.g_read[1].g_bank[3].g_slice[0].u_sram/din[10]    0.350000    0.459792   -0.109792 (VIOLATED)
u_memory._318_/A1                       0.350000    0.459745   -0.109745 (VIOLATED)
u_memory.g_read[0].g_bank[0].g_slice[0].u_sram/din[27]    0.350000    0.459732   -0.109732 (VIOLATED)
hold209/X                               0.350000    0.459716   -0.109716 (VIOLATED)
wire352/X                               0.350000    0.459561   -0.109561 (VIOLATED)
max_cap520/X                            0.350000    0.459217   -0.109217 (VIOLATED)
ANTENNA_2225/DIODE                      0.350000    0.458833   -0.108833 (VIOLATED)
ANTENNA_2229/DIODE                      0.350000    0.458832   -0.108832 (VIOLATED)
ANTENNA_2223/DIODE                      0.350000    0.458832   -0.108832 (VIOLATED)
ANTENNA_2222/DIODE                      0.350000    0.458832   -0.108832 (VIOLATED)
ANTENNA_2227/DIODE                      0.350000    0.458832   -0.108832 (VIOLATED)
ANTENNA_2226/DIODE                      0.350000    0.458832   -0.108832 (VIOLATED)
ANTENNA_2221/DIODE                      0.350000    0.458832   -0.108832 (VIOLATED)
ANTENNA_2219/DIODE                      0.350000    0.458824   -0.108824 (VIOLATED)
ANTENNA_2228/DIODE                      0.350000    0.458824   -0.108824 (VIOLATED)
ANTENNA_2224/DIODE                      0.350000    0.458822   -0.108822 (VIOLATED)
ANTENNA_2220/DIODE                      0.350000    0.458820   -0.108820 (VIOLATED)
u_memory.g_read[1].g_bank[0].g_slice[0].u_sram/din[22]    0.350000    0.458553   -0.108553 (VIOLATED)
u_memory._308_/A1                       0.350000    0.458110   -0.108110 (VIOLATED)
max_cap551/X                            0.350000    0.458072   -0.108072 (VIOLATED)
u_memory._317_/A0                       0.350000    0.457662   -0.107662 (VIOLATED)
wire647/X                               0.350000    0.457463   -0.107463 (VIOLATED)
hold183/X                               0.350000    0.457390   -0.107390 (VIOLATED)
ANTENNA_239/DIODE                       0.350000    0.457203   -0.107203 (VIOLATED)
output82/A                              0.350000    0.457203   -0.107203 (VIOLATED)
wire385/X                               0.350000    0.457034   -0.107034 (VIOLATED)
wire439/X                               0.350000    0.457015   -0.107015 (VIOLATED)
u_memory.g_read[1].g_bank[3].g_slice[0].u_sram/din[4]    0.350000    0.456873   -0.106873 (VIOLATED)
u_memory._343_/C                        0.350000    0.456841   -0.106841 (VIOLATED)
ANTENNA_616/DIODE                       0.350000    0.456836   -0.106836 (VIOLATED)
ANTENNA_614/DIODE                       0.350000    0.456835   -0.106835 (VIOLATED)
ANTENNA_615/DIODE                       0.350000    0.456832   -0.106832 (VIOLATED)
ANTENNA_617/DIODE                       0.350000    0.456830   -0.106830 (VIOLATED)
u_memory.g_read[1].g_bank[2].g_slice[0].u_sram/din[15]    0.350000    0.456489   -0.106489 (VIOLATED)
_019_/Q                                 0.350000    0.456481   -0.106481 (VIOLATED)
u_memory.g_read[1].g_bank[0].g_slice[0].u_sram/din[13]    0.350000    0.456439   -0.106439 (VIOLATED)
u_memory.g_read[0].g_bank[3].g_slice[0].u_sram/wmask[1]    0.350000    0.456345   -0.106345 (VIOLATED)
wire211/X                               0.350000    0.456167   -0.106167 (VIOLATED)
u_memory.g_read[0].g_bank[2].g_slice[0].u_sram/wmask[1]    0.350000    0.455604   -0.105604 (VIOLATED)
u_memory.g_read[0].g_bank[3].g_slice[0].u_sram/din[19]    0.350000    0.454515   -0.104515 (VIOLATED)
u_memory.g_read[0].g_bank[3].g_slice[0].u_sram/din[30]    0.350000    0.454362   -0.104362 (VIOLATED)
u_memory._311_/S                        0.350000    0.453633   -0.103633 (VIOLATED)
u_memory._310_/S                        0.350000    0.453595   -0.103595 (VIOLATED)
u_memory._312_/S                        0.350000    0.453504   -0.103504 (VIOLATED)
u_memory._190_/B                        0.350000    0.453472   -0.103472 (VIOLATED)
hold227/X                               0.350000    0.453437   -0.103437 (VIOLATED)
u_memory._306_/S                        0.350000    0.453009   -0.103009 (VIOLATED)
u_memory.g_read[1].g_bank[0].g_slice[0].u_sram/din[29]    0.350000    0.452754   -0.102754 (VIOLATED)
u_memory._214_/B1                       0.350000    0.452667   -0.102667 (VIOLATED)
u_memory._321_/A0                       0.350000    0.452655   -0.102655 (VIOLATED)
u_memory._226_/B1                       0.350000    0.452610   -0.102610 (VIOLATED)
u_memory._309_/S                        0.350000    0.452597   -0.102596 (VIOLATED)
u_memory._305_/S                        0.350000    0.452512   -0.102512 (VIOLATED)
u_memory._239_/B1                       0.350000    0.452323   -0.102323 (VIOLATED)
ANTENNA_23/DIODE                        0.350000    0.452277   -0.102277 (VIOLATED)
_004_/D                                 0.350000    0.452277   -0.102277 (VIOLATED)
u_memory._218_/X                        0.350000    0.452215   -0.102215 (VIOLATED)
u_memory._399_/B1                       0.350000    0.452056   -0.102056 (VIOLATED)
ANTENNA_200/DIODE                       0.350000    0.452037   -0.102037 (VIOLATED)
u_memory.g_read[1].g_bank[0].g_slice[0].u_sram/din[30]    0.350000    0.451940   -0.101940 (VIOLATED)
u_memory._251_/B1                       0.350000    0.451938   -0.101938 (VIOLATED)
u_memory.g_read[0].g_bank[0].g_slice[0].u_sram/wmask[1]    0.350000    0.451819   -0.101819 (VIOLATED)
u_memory.g_read[1].g_bank[0].g_slice[0].u_sram/din[31]    0.350000    0.451748   -0.101748 (VIOLATED)
u_memory.g_read[0].g_bank[3].g_slice[0].u_sram/din[1]    0.350000    0.451489   -0.101489 (VIOLATED)
u_memory.g_read[0].g_bank[0].g_slice[0].u_sram/din[14]    0.350000    0.451394   -0.101394 (VIOLATED)
output97/A                              0.350000    0.451387   -0.101387 (VIOLATED)
u_memory.g_read[0].g_bank[1].g_slice[0].u_sram/din[21]    0.350000    0.451245   -0.101245 (VIOLATED)
u_memory._390_/B1                       0.350000    0.450929   -0.100929 (VIOLATED)
ANTENNA_197/DIODE                       0.350000    0.450916   -0.100916 (VIOLATED)
ANTENNA_195/DIODE                       0.350000    0.450914   -0.100914 (VIOLATED)
ANTENNA_198/DIODE                       0.350000    0.450912   -0.100912 (VIOLATED)
ANTENNA_196/DIODE                       0.350000    0.450899   -0.100899 (VIOLATED)
u_memory.g_read[0].g_bank[1].g_slice[0].u_sram/wmask[1]    0.350000    0.450734   -0.100734 (VIOLATED)
_032_/Q                                 0.350000    0.450706   -0.100706 (VIOLATED)
u_memory.g_read[1].g_bank[2].g_slice[0].u_sram/din[8]    0.350000    0.450614   -0.100614 (VIOLATED)
_083_/D                                 0.350000    0.450205   -0.100205 (VIOLATED)
u_memory._388_/X                        0.350000    0.450096   -0.100096 (VIOLATED)
u_memory.g_read[1].g_bank[1].g_slice[0].u_sram/din[12]    0.350000    0.450075   -0.100075 (VIOLATED)
u_memory._351_/B1                       0.350000    0.450024   -0.100024 (VIOLATED)
ANTENNA_153/DIODE                       0.350000    0.450022   -0.100022 (VIOLATED)
ANTENNA_151/DIODE                       0.350000    0.450020   -0.100020 (VIOLATED)
ANTENNA_152/DIODE                       0.350000    0.450014   -0.100014 (VIOLATED)
input8/X                                0.350000    0.449694   -0.099694 (VIOLATED)
u_memory._307_/A1                       0.350000    0.449155   -0.099155 (VIOLATED)
ANTENNA_2712/DIODE                      0.350000    0.449147   -0.099147 (VIOLATED)
u_memory._349_/X                        0.350000    0.449104   -0.099104 (VIOLATED)
ANTENNA_1142/DIODE                      0.350000    0.449076   -0.099076 (VIOLATED)
ANTENNA_1140/DIODE                      0.350000    0.449074   -0.099074 (VIOLATED)
u_memory._303_/A1                       0.350000    0.449064   -0.099064 (VIOLATED)
ANTENNA_1139/DIODE                      0.350000    0.449063   -0.099063 (VIOLATED)
u_memory.g_read[1].g_bank[2].g_slice[0].u_sram/din[11]    0.350000    0.449053   -0.099053 (VIOLATED)
ANTENNA_1141/DIODE                      0.350000    0.449031   -0.099031 (VIOLATED)
u_memory.g_read[0].g_bank[0].g_slice[0].u_sram/din[4]    0.350000    0.448601   -0.098601 (VIOLATED)
u_memory._316_/A0                       0.350000    0.448471   -0.098471 (VIOLATED)
u_memory.g_read[0].g_bank[2].g_slice[0].u_sram/din[9]    0.350000    0.448449   -0.098449 (VIOLATED)
wire391/A                               0.350000    0.448445   -0.098445 (VIOLATED)
max_cap396/A                            0.350000    0.448427   -0.098427 (VIOLATED)
u_memory._299_/B1                       0.350000    0.448417   -0.098417 (VIOLATED)
wire344/X                               0.350000    0.448417   -0.098417 (VIOLATED)
hold191/X                               0.350000    0.448359   -0.098359 (VIOLATED)
u_memory._287_/B1                       0.350000    0.448325   -0.098325 (VIOLATED)
u_memory.g_read[0].g_bank[0].g_slice[0].u_sram/din[5]    0.350000    0.448288   -0.098288 (VIOLATED)
u_memory._275_/B1                       0.350000    0.448278   -0.098278 (VIOLATED)
wire188/X                               0.350000    0.448060   -0.098060 (VIOLATED)
hold143/X                               0.350000    0.447992   -0.097992 (VIOLATED)
u_memory.g_read[1].g_bank[0].g_slice[0].u_sram/din[5]    0.350000    0.447758   -0.097758 (VIOLATED)
u_memory.g_read[0].g_bank[3].g_slice[0].u_sram/din[26]    0.350000    0.447616   -0.097616 (VIOLATED)
u_memory._312_/A1                       0.350000    0.447473   -0.097473 (VIOLATED)
u_memory._294_/B1                       0.350000    0.447282   -0.097282 (VIOLATED)
ANTENNA_115/DIODE                       0.350000    0.447278   -0.097278 (VIOLATED)
ANTENNA_114/DIODE                       0.350000    0.447277   -0.097277 (VIOLATED)
ANTENNA_112/DIODE                       0.350000    0.447276   -0.097276 (VIOLATED)
ANTENNA_113/DIODE                       0.350000    0.447261   -0.097261 (VIOLATED)
hold175/X                               0.350000    0.447227   -0.097227 (VIOLATED)
ANTENNA_644/DIODE                       0.350000    0.447210   -0.097210 (VIOLATED)
ANTENNA_642/DIODE                       0.350000    0.447207   -0.097207 (VIOLATED)
ANTENNA_640/DIODE                       0.350000    0.447206   -0.097206 (VIOLATED)
ANTENNA_638/DIODE                       0.350000    0.447194   -0.097194 (VIOLATED)
ANTENNA_636/DIODE                       0.350000    0.447184   -0.097184 (VIOLATED)
ANTENNA_634/DIODE                       0.350000    0.447181   -0.097181 (VIOLATED)
u_memory._412_/C                        0.350000    0.447179   -0.097179 (VIOLATED)
ANTENNA_641/DIODE                       0.350000    0.447151   -0.097151 (VIOLATED)
u_memory.g_read[0].g_bank[0].g_slice[0].u_sram/din[15]    0.350000    0.447110   -0.097110 (VIOLATED)
u_memory.g_read[0].g_bank[0].g_slice[0].u_sram/din[7]    0.350000    0.447103   -0.097103 (VIOLATED)
ANTENNA_643/DIODE                       0.350000    0.447086   -0.097086 (VIOLATED)
ANTENNA_635/DIODE                       0.350000    0.447060   -0.097060 (VIOLATED)
ANTENNA_637/DIODE                       0.350000    0.447060   -0.097060 (VIOLATED)
ANTENNA_639/DIODE                       0.350000    0.447051   -0.097051 (VIOLATED)
ANTENNA_1569/DIODE                      0.350000    0.446928   -0.096928 (VIOLATED)
ANTENNA_1559/DIODE                      0.350000    0.446926   -0.096926 (VIOLATED)
ANTENNA_1568/DIODE                      0.350000    0.446923   -0.096923 (VIOLATED)
ANTENNA_1566/DIODE                      0.350000    0.446923   -0.096923 (VIOLATED)
ANTENNA_1564/DIODE                      0.350000    0.446923   -0.096923 (VIOLATED)
ANTENNA_1565/DIODE                      0.350000    0.446923   -0.096923 (VIOLATED)
ANTENNA_1563/DIODE                      0.350000    0.446922   -0.096922 (VIOLATED)
ANTENNA_1562/DIODE                      0.350000    0.446922   -0.096922 (VIOLATED)
ANTENNA_1561/DIODE                      0.350000    0.446922   -0.096922 (VIOLATED)
ANTENNA_1560/DIODE                      0.350000    0.446922   -0.096922 (VIOLATED)
ANTENNA_1567/DIODE                      0.350000    0.446906   -0.096906 (VIOLATED)
u_memory.g_read[1].g_bank[0].g_slice[0].u_sram/din[3]    0.350000    0.446581   -0.096581 (VIOLATED)
u_memory._292_/X                        0.350000    0.446454   -0.096453 (VIOLATED)
wire216/X                               0.350000    0.446279   -0.096279 (VIOLATED)
max_cap447/X                            0.350000    0.446252   -0.096252 (VIOLATED)
u_memory._397_/X                        0.350000    0.445732   -0.095732 (VIOLATED)
_099_/D                                 0.350000    0.445680   -0.095680 (VIOLATED)
ANTENNA_214/DIODE                       0.350000    0.445680   -0.095680 (VIOLATED)
input27/X                               0.350000    0.445650   -0.095650 (VIOLATED)
u_memory.g_read[0].g_bank[2].g_slice[0].u_sram/din[17]    0.350000    0.445474   -0.095474 (VIOLATED)
_008_/D                                 0.350000    0.445448   -0.095448 (VIOLATED)
u_memory._230_/X                        0.350000    0.445423   -0.095423 (VIOLATED)
ANTENNA_2425/DIODE                      0.350000    0.445411   -0.095411 (VIOLATED)
ANTENNA_2419/DIODE                      0.350000    0.445411   -0.095411 (VIOLATED)
ANTENNA_2420/DIODE                      0.350000    0.445410   -0.095410 (VIOLATED)
ANTENNA_2421/DIODE                      0.350000    0.445410   -0.095410 (VIOLATED)
ANTENNA_2424/DIODE                      0.350000    0.445410   -0.095410 (VIOLATED)
ANTENNA_2423/DIODE                      0.350000    0.445409   -0.095409 (VIOLATED)
ANTENNA_2422/DIODE                      0.350000    0.445407   -0.095407 (VIOLATED)
ANTENNA_2418/DIODE                      0.350000    0.445407   -0.095407 (VIOLATED)
ANTENNA_2417/DIODE                      0.350000    0.445406   -0.095406 (VIOLATED)
ANTENNA_2426/DIODE                      0.350000    0.445396   -0.095396 (VIOLATED)
ANTENNA_2427/DIODE                      0.350000    0.445396   -0.095396 (VIOLATED)
u_memory.g_read[0].g_bank[3].g_slice[0].u_sram/din[31]    0.350000    0.445128   -0.095128 (VIOLATED)
u_memory.g_read[0].g_bank[0].g_slice[0].u_sram/din[28]    0.350000    0.445084   -0.095084 (VIOLATED)
u_memory.g_read[0].g_bank[3].g_slice[0].u_sram/addr[8]    0.350000    0.444734   -0.094734 (VIOLATED)
max_cap582/X                            0.350000    0.444705   -0.094705 (VIOLATED)
u_memory.g_read[0].g_bank[2].g_slice[0].u_sram/din[6]    0.350000    0.444672   -0.094672 (VIOLATED)
ANTENNA_1949/DIODE                      0.350000    0.444534   -0.094534 (VIOLATED)
ANTENNA_1953/DIODE                      0.350000    0.444534   -0.094534 (VIOLATED)
ANTENNA_1948/DIODE                      0.350000    0.444533   -0.094533 (VIOLATED)
ANTENNA_1946/DIODE                      0.350000    0.444533   -0.094533 (VIOLATED)
ANTENNA_1951/DIODE                      0.350000    0.444533   -0.094533 (VIOLATED)
ANTENNA_1950/DIODE                      0.350000    0.444533   -0.094533 (VIOLATED)
ANTENNA_1954/DIODE                      0.350000    0.444528   -0.094528 (VIOLATED)
ANTENNA_1952/DIODE                      0.350000    0.444527   -0.094527 (VIOLATED)
ANTENNA_1947/DIODE                      0.350000    0.444525   -0.094525 (VIOLATED)
ANTENNA_1945/DIODE                      0.350000    0.444525   -0.094525 (VIOLATED)
ANTENNA_1944/DIODE                      0.350000    0.444525   -0.094525 (VIOLATED)
ANTENNA_1676/DIODE                      0.350000    0.444500   -0.094500 (VIOLATED)
ANTENNA_1674/DIODE                      0.350000    0.444500   -0.094500 (VIOLATED)
ANTENNA_1670/DIODE                      0.350000    0.444500   -0.094500 (VIOLATED)
ANTENNA_1669/DIODE                      0.350000    0.444498   -0.094498 (VIOLATED)
ANTENNA_1679/DIODE                      0.350000    0.444488   -0.094488 (VIOLATED)
ANTENNA_1721/DIODE                      0.350000    0.444487   -0.094487 (VIOLATED)
ANTENNA_1720/DIODE                      0.350000    0.444486   -0.094486 (VIOLATED)
ANTENNA_1719/DIODE                      0.350000    0.444486   -0.094486 (VIOLATED)
ANTENNA_1717/DIODE                      0.350000    0.444485   -0.094485 (VIOLATED)
ANTENNA_1713/DIODE                      0.350000    0.444484   -0.094484 (VIOLATED)
ANTENNA_1722/DIODE                      0.350000    0.444482   -0.094482 (VIOLATED)
ANTENNA_1714/DIODE                      0.350000    0.444482   -0.094482 (VIOLATED)
ANTENNA_1715/DIODE                      0.350000    0.444482   -0.094482 (VIOLATED)
ANTENNA_1716/DIODE                      0.350000    0.444481   -0.094481 (VIOLATED)
ANTENNA_1718/DIODE                      0.350000    0.444481   -0.094481 (VIOLATED)
ANTENNA_1723/DIODE                      0.350000    0.444468   -0.094468 (VIOLATED)
ANTENNA_1678/DIODE                      0.350000    0.444454   -0.094454 (VIOLATED)
ANTENNA_1671/DIODE                      0.350000    0.444453   -0.094453 (VIOLATED)
ANTENNA_1672/DIODE                      0.350000    0.444451   -0.094451 (VIOLATED)
ANTENNA_1673/DIODE                      0.350000    0.444448   -0.094448 (VIOLATED)
ANTENNA_1675/DIODE                      0.350000    0.444445   -0.094445 (VIOLATED)
ANTENNA_1677/DIODE                      0.350000    0.444443   -0.094443 (VIOLATED)
u_memory.g_read[0].g_bank[2].g_slice[0].u_sram/addr[8]    0.350000    0.444423   -0.094423 (VIOLATED)
u_memory._308_/S                        0.350000    0.443835   -0.093835 (VIOLATED)
max_cap471/X                            0.350000    0.443827   -0.093827 (VIOLATED)
max_cap464/X                            0.350000    0.443766   -0.093766 (VIOLATED)
max_cap508/X                            0.350000    0.443639   -0.093639 (VIOLATED)
ANTENNA_1922/DIODE                      0.350000    0.443628   -0.093628 (VIOLATED)
ANTENNA_1925/DIODE                      0.350000    0.443627   -0.093627 (VIOLATED)
ANTENNA_1924/DIODE                      0.350000    0.443627   -0.093627 (VIOLATED)
ANTENNA_1923/DIODE                      0.350000    0.443627   -0.093627 (VIOLATED)
ANTENNA_1928/DIODE                      0.350000    0.443626   -0.093626 (VIOLATED)
ANTENNA_1932/DIODE                      0.350000    0.443625   -0.093625 (VIOLATED)
ANTENNA_1927/DIODE                      0.350000    0.443625   -0.093625 (VIOLATED)
ANTENNA_1926/DIODE                      0.350000    0.443625   -0.093625 (VIOLATED)
ANTENNA_1930/DIODE                      0.350000    0.443625   -0.093625 (VIOLATED)
ANTENNA_1929/DIODE                      0.350000    0.443625   -0.093625 (VIOLATED)
ANTENNA_1931/DIODE                      0.350000    0.443609   -0.093609 (VIOLATED)
max_cap504/X                            0.350000    0.442914   -0.092914 (VIOLATED)
u_memory._365_/A2                       0.350000    0.442885   -0.092885 (VIOLATED)
ANTENNA_753/DIODE                       0.350000    0.442881   -0.092881 (VIOLATED)
ANTENNA_754/DIODE                       0.350000    0.442855   -0.092855 (VIOLATED)
ANTENNA_752/DIODE                       0.350000    0.442853   -0.092853 (VIOLATED)
u_memory.g_read[1].g_bank[2].g_slice[0].u_sram/din[0]    0.350000    0.442616   -0.092616 (VIOLATED)
wire248/X                               0.350000    0.442185   -0.092185 (VIOLATED)
u_memory._192_/A2                       0.350000    0.442154   -0.092154 (VIOLATED)
u_memory._342_/B1                       0.350000    0.442085   -0.092085 (VIOLATED)
ANTENNA_144/DIODE                       0.350000    0.442083   -0.092083 (VIOLATED)
ANTENNA_142/DIODE                       0.350000    0.442080   -0.092080 (VIOLATED)
ANTENNA_143/DIODE                       0.350000    0.442074   -0.092074 (VIOLATED)
u_memory._188_/B                        0.350000    0.442029   -0.092029 (VIOLATED)
u_memory._423_/A2                       0.350000    0.441918   -0.091918 (VIOLATED)
u_memory._187_/X                        0.350000    0.441609   -0.091609 (VIOLATED)
fanout176/A                             0.350000    0.441509   -0.091509 (VIOLATED)
u_memory._417_/A2                       0.350000    0.441481   -0.091481 (VIOLATED)
u_memory.g_read[0].g_bank[3].g_slice[0].u_sram/addr[5]    0.350000    0.441456   -0.091456 (VIOLATED)
u_memory._420_/A2                       0.350000    0.441451   -0.091451 (VIOLATED)
u_memory._405_/A2                       0.350000    0.441439   -0.091439 (VIOLATED)
ANTENNA_663/DIODE                       0.350000    0.441345   -0.091345 (VIOLATED)
ANTENNA_662/DIODE                       0.350000    0.441344   -0.091343 (VIOLATED)
ANTENNA_660/DIODE                       0.350000    0.441335   -0.091335 (VIOLATED)
u_memory._385_/C                        0.350000    0.441334   -0.091334 (VIOLATED)
u_memory._411_/A2                       0.350000    0.441333   -0.091333 (VIOLATED)
ANTENNA_661/DIODE                       0.350000    0.441310   -0.091310 (VIOLATED)
u_memory._307_/S                        0.350000    0.441271   -0.091271 (VIOLATED)
ANTENNA_1370/DIODE                      0.350000    0.441257   -0.091257 (VIOLATED)
ANTENNA_1369/DIODE                      0.350000    0.441257   -0.091257 (VIOLATED)
ANTENNA_1366/DIODE                      0.350000    0.441256   -0.091256 (VIOLATED)
ANTENNA_1362/DIODE                      0.350000    0.441255   -0.091255 (VIOLATED)
ANTENNA_1361/DIODE                      0.350000    0.441255   -0.091255 (VIOLATED)
ANTENNA_2714/DIODE                      0.350000    0.441252   -0.091252 (VIOLATED)
ANTENNA_2713/DIODE                      0.350000    0.441252   -0.091252 (VIOLATED)
ANTENNA_1371/DIODE                      0.350000    0.441250   -0.091250 (VIOLATED)
ANTENNA_1368/DIODE                      0.350000    0.441250   -0.091250 (VIOLATED)
ANTENNA_1363/DIODE                      0.350000    0.441249   -0.091249 (VIOLATED)
ANTENNA_1364/DIODE                      0.350000    0.441249   -0.091249 (VIOLATED)
ANTENNA_1367/DIODE                      0.350000    0.441249   -0.091249 (VIOLATED)
ANTENNA_1365/DIODE                      0.350000    0.441249   -0.091249 (VIOLATED)
ANTENNA_2716/DIODE                      0.350000    0.441246   -0.091246 (VIOLATED)
ANTENNA_2715/DIODE                      0.350000    0.441246   -0.091246 (VIOLATED)
u_memory._340_/X                        0.350000    0.441199   -0.091199 (VIOLATED)
u_memory.g_read[0].g_bank[2].g_slice[0].u_sram/addr[5]    0.350000    0.441191   -0.091191 (VIOLATED)
u_memory.g_read[0].g_bank[3].g_slice[0].u_sram/addr[6]    0.350000    0.440809   -0.090809 (VIOLATED)
u_memory._396_/A2                       0.350000    0.440795   -0.090795 (VIOLATED)
ANTENNA_2311/DIODE                      0.350000    0.440696   -0.090696 (VIOLATED)
ANTENNA_2315/DIODE                      0.350000    0.440696   -0.090696 (VIOLATED)
ANTENNA_2310/DIODE                      0.350000    0.440696   -0.090696 (VIOLATED)
ANTENNA_2309/DIODE                      0.350000    0.440695   -0.090695 (VIOLATED)
ANTENNA_2313/DIODE                      0.350000    0.440695   -0.090695 (VIOLATED)
ANTENNA_2312/DIODE                      0.350000    0.440695   -0.090695 (VIOLATED)
ANTENNA_2317/DIODE                      0.350000    0.440690   -0.090690 (VIOLATED)
ANTENNA_2314/DIODE                      0.350000    0.440690   -0.090690 (VIOLATED)
ANTENNA_2316/DIODE                      0.350000    0.440689   -0.090689 (VIOLATED)
ANTENNA_2308/DIODE                      0.350000    0.440687   -0.090687 (VIOLATED)
ANTENNA_2307/DIODE                      0.350000    0.440687   -0.090687 (VIOLATED)
hold194/X                               0.350000    0.440686   -0.090686 (VIOLATED)
wire222/X                               0.350000    0.440681   -0.090681 (VIOLATED)
max_cap415/X                            0.350000    0.440607   -0.090607 (VIOLATED)
u_memory._381_/A2                       0.350000    0.440595   -0.090595 (VIOLATED)
u_memory.g_read[0].g_bank[2].g_slice[0].u_sram/addr[6]    0.350000    0.440518   -0.090518 (VIOLATED)
u_memory._340_/C                        0.350000    0.440418   -0.090418 (VIOLATED)
ANTENNA_620/DIODE                       0.350000    0.440413   -0.090413 (VIOLATED)
ANTENNA_618/DIODE                       0.350000    0.440412   -0.090412 (VIOLATED)
ANTENNA_619/DIODE                       0.350000    0.440410   -0.090410 (VIOLATED)
ANTENNA_621/DIODE                       0.350000    0.440408   -0.090408 (VIOLATED)
ANTENNA_2152/DIODE                      0.350000    0.440408   -0.090408 (VIOLATED)
ANTENNA_2142/DIODE                      0.350000    0.440407   -0.090407 (VIOLATED)
ANTENNA_2143/DIODE                      0.350000    0.440405   -0.090405 (VIOLATED)
ANTENNA_2151/DIODE                      0.350000    0.440405   -0.090405 (VIOLATED)
ANTENNA_2145/DIODE                      0.350000    0.440404   -0.090404 (VIOLATED)
ANTENNA_2149/DIODE                      0.350000    0.440404   -0.090404 (VIOLATED)
ANTENNA_2144/DIODE                      0.350000    0.440404   -0.090404 (VIOLATED)
ANTENNA_2147/DIODE                      0.350000    0.440404   -0.090404 (VIOLATED)
ANTENNA_2146/DIODE                      0.350000    0.440404   -0.090404 (VIOLATED)
ANTENNA_2150/DIODE                      0.350000    0.440391   -0.090391 (VIOLATED)
ANTENNA_2148/DIODE                      0.350000    0.440390   -0.090390 (VIOLATED)
u_memory._323_/X                        0.350000    0.440253   -0.090253 (VIOLATED)
ANTENNA_2063/DIODE                      0.350000    0.440166   -0.090166 (VIOLATED)
ANTENNA_2062/DIODE                      0.350000    0.440161   -0.090161 (VIOLATED)
ANTENNA_2060/DIODE                      0.350000    0.440160   -0.090160 (VIOLATED)
ANTENNA_2058/DIODE                      0.350000    0.440160   -0.090160 (VIOLATED)
ANTENNA_2057/DIODE                      0.350000    0.440159   -0.090159 (VIOLATED)
ANTENNA_2055/DIODE                      0.350000    0.440159   -0.090159 (VIOLATED)
ANTENNA_2056/DIODE                      0.350000    0.440106   -0.090106 (VIOLATED)
ANTENNA_2054/DIODE                      0.350000    0.440076   -0.090076 (VIOLATED)
ANTENNA_2059/DIODE                      0.350000    0.440028   -0.090028 (VIOLATED)
ANTENNA_2061/DIODE                      0.350000    0.440025   -0.090025 (VIOLATED)
ANTENNA_2064/DIODE                      0.350000    0.440022   -0.090022 (VIOLATED)
ANTENNA_1659/DIODE                      0.350000    0.439957   -0.089957 (VIOLATED)
ANTENNA_1658/DIODE                      0.350000    0.439955   -0.089955 (VIOLATED)
ANTENNA_1668/DIODE                      0.350000    0.439937   -0.089937 (VIOLATED)
ANTENNA_1666/DIODE                      0.350000    0.439937   -0.089937 (VIOLATED)
ANTENNA_1664/DIODE                      0.350000    0.439937   -0.089937 (VIOLATED)
ANTENNA_1663/DIODE                      0.350000    0.439936   -0.089936 (VIOLATED)
ANTENNA_1660/DIODE                      0.350000    0.439936   -0.089936 (VIOLATED)
ANTENNA_1662/DIODE                      0.350000    0.439935   -0.089935 (VIOLATED)
ANTENNA_1661/DIODE                      0.350000    0.439935   -0.089935 (VIOLATED)
ANTENNA_1665/DIODE                      0.350000    0.439920   -0.089920 (VIOLATED)
ANTENNA_1667/DIODE                      0.350000    0.439920   -0.089920 (VIOLATED)
wire212/X                               0.350000    0.439790   -0.089790 (VIOLATED)
max_cap539/X                            0.350000    0.439761   -0.089761 (VIOLATED)
max_cap565/X                            0.350000    0.439717   -0.089717 (VIOLATED)
output77/A                              0.350000    0.439639   -0.089639 (VIOLATED)
ANTENNA_238/DIODE                       0.350000    0.439638   -0.089638 (VIOLATED)
_014_/Q                                 0.350000    0.439588   -0.089588 (VIOLATED)
ANTENNA_2763/DIODE                      0.350000    0.439537   -0.089537 (VIOLATED)
output93/A                              0.350000    0.439536   -0.089536 (VIOLATED)
u_memory._366_/B1                       0.350000    0.439513   -0.089513 (VIOLATED)
ANTENNA_171/DIODE                       0.350000    0.439510   -0.089510 (VIOLATED)
ANTENNA_169/DIODE                       0.350000    0.439508   -0.089508 (VIOLATED)
ANTENNA_170/DIODE                       0.350000    0.439505   -0.089505 (VIOLATED)
ANTENNA_172/DIODE                       0.350000    0.439502   -0.089502 (VIOLATED)
max_cap525/X                            0.350000    0.439360   -0.089360 (VIOLATED)
max_cap462/X                            0.350000    0.439295   -0.089295 (VIOLATED)
ANTENNA_2469/DIODE                      0.350000    0.439041   -0.089041 (VIOLATED)
ANTENNA_2463/DIODE                      0.350000    0.439041   -0.089041 (VIOLATED)
ANTENNA_2464/DIODE                      0.350000    0.439040   -0.089040 (VIOLATED)
ANTENNA_2465/DIODE                      0.350000    0.439040   -0.089040 (VIOLATED)
ANTENNA_2466/DIODE                      0.350000    0.439040   -0.089040 (VIOLATED)
ANTENNA_2467/DIODE                      0.350000    0.439039   -0.089039 (VIOLATED)
ANTENNA_2461/DIODE                      0.350000    0.439039   -0.089039 (VIOLATED)
ANTENNA_2462/DIODE                      0.350000    0.439039   -0.089039 (VIOLATED)
ANTENNA_2468/DIODE                      0.350000    0.439039   -0.089039 (VIOLATED)
ANTENNA_2470/DIODE                      0.350000    0.439033   -0.089033 (VIOLATED)
ANTENNA_2471/DIODE                      0.350000    0.439033   -0.089033 (VIOLATED)
_029_/Q                                 0.350000    0.438923   -0.088923 (VIOLATED)
u_memory._364_/X                        0.350000    0.438758   -0.088758 (VIOLATED)
u_memory._374_/A2                       0.350000    0.438586   -0.088586 (VIOLATED)
ANTENNA_746/DIODE                       0.350000    0.438583   -0.088583 (VIOLATED)
ANTENNA_744/DIODE                       0.350000    0.438581   -0.088581 (VIOLATED)
ANTENNA_745/DIODE                       0.350000    0.438578   -0.088578 (VIOLATED)
ANTENNA_743/DIODE                       0.350000    0.438577   -0.088577 (VIOLATED)
u_memory._304_/S                        0.350000    0.438435   -0.088435 (VIOLATED)
max_cap589/X                            0.350000    0.438403   -0.088403 (VIOLATED)
u_memory.g_read[0].g_bank[3].g_slice[0].u_sram/addr[7]    0.350000    0.438380   -0.088380 (VIOLATED)
u_memory.g_read[1].g_bank[2].g_slice[0].u_sram/din[12]    0.350000    0.438192   -0.088192 (VIOLATED)
u_memory.g_read[0].g_bank[2].g_slice[0].u_sram/addr[7]    0.350000    0.438108   -0.088108 (VIOLATED)
u_memory._249_/A1                       0.350000    0.438094   -0.088094 (VIOLATED)
u_memory._422_/A0                       0.350000    0.438092   -0.088092 (VIOLATED)
ANTENNA_1203/DIODE                      0.350000    0.438088   -0.088088 (VIOLATED)
ANTENNA_1206/DIODE                      0.350000    0.438088   -0.088088 (VIOLATED)
ANTENNA_1204/DIODE                      0.350000    0.438086   -0.088086 (VIOLATED)
ANTENNA_1205/DIODE                      0.350000    0.438076   -0.088076 (VIOLATED)
u_memory.g_read[0].g_bank[3].g_slice[0].u_sram/addr[1]    0.350000    0.438050   -0.088050 (VIOLATED)
hold221/X                               0.350000    0.438039   -0.088039 (VIOLATED)
wire245/X                               0.350000    0.437973   -0.087973 (VIOLATED)
u_memory.g_read[0].g_bank[2].g_slice[0].u_sram/addr[1]    0.350000    0.437805   -0.087805 (VIOLATED)
wire364/X                               0.350000    0.437519   -0.087519 (VIOLATED)
u_memory.g_read[1].g_bank[1].g_slice[0].u_sram/din[18]    0.350000    0.437439   -0.087439 (VIOLATED)
u_memory.g_read[1].g_bank[2].g_slice[0].u_sram/din[7]    0.350000    0.437043   -0.087043 (VIOLATED)
ANTENNA_1400/DIODE                      0.350000    0.437025   -0.087025 (VIOLATED)
ANTENNA_1404/DIODE                      0.350000    0.437025   -0.087025 (VIOLATED)
ANTENNA_1398/DIODE                      0.350000    0.437024   -0.087024 (VIOLATED)
ANTENNA_1399/DIODE                      0.350000    0.437024   -0.087024 (VIOLATED)
ANTENNA_1394/DIODE                      0.350000    0.437024   -0.087024 (VIOLATED)
ANTENNA_1397/DIODE                      0.350000    0.437024   -0.087024 (VIOLATED)
ANTENNA_1402/DIODE                      0.350000    0.437024   -0.087024 (VIOLATED)
ANTENNA_1401/DIODE                      0.350000    0.437024   -0.087024 (VIOLATED)
ANTENNA_1396/DIODE                      0.350000    0.437024   -0.087024 (VIOLATED)
ANTENNA_1395/DIODE                      0.350000    0.437023   -0.087023 (VIOLATED)
ANTENNA_1403/DIODE                      0.350000    0.437007   -0.087006 (VIOLATED)
u_memory.g_read[0].g_bank[2].g_slice[0].u_sram/din[13]    0.350000    0.436971   -0.086971 (VIOLATED)
ANTENNA_2158/DIODE                      0.350000    0.436934   -0.086934 (VIOLATED)
ANTENNA_2154/DIODE                      0.350000    0.436934   -0.086934 (VIOLATED)
ANTENNA_2160/DIODE                      0.350000    0.436933   -0.086933 (VIOLATED)
ANTENNA_2159/DIODE                      0.350000    0.436933   -0.086933 (VIOLATED)
ANTENNA_2153/DIODE                      0.350000    0.436933   -0.086933 (VIOLATED)
ANTENNA_2157/DIODE                      0.350000    0.436933   -0.086933 (VIOLATED)
ANTENNA_2156/DIODE                      0.350000    0.436932   -0.086932 (VIOLATED)
ANTENNA_2161/DIODE                      0.350000    0.436932   -0.086932 (VIOLATED)
ANTENNA_2155/DIODE                      0.350000    0.436932   -0.086932 (VIOLATED)
u_memory._408_/B1                       0.350000    0.436915   -0.086915 (VIOLATED)
ANTENNA_2162/DIODE                      0.350000    0.436877   -0.086876 (VIOLATED)
ANTENNA_2163/DIODE                      0.350000    0.436872   -0.086872 (VIOLATED)
u_memory.g_read[1].g_bank[1].g_slice[0].u_sram/din[24]    0.350000    0.436781   -0.086781 (VIOLATED)
u_memory.g_read[1].g_bank[2].g_slice[0].u_sram/din[27]    0.350000    0.436321   -0.086321 (VIOLATED)
ANTENNA_2202/DIODE                      0.350000    0.436231   -0.086231 (VIOLATED)
ANTENNA_2204/DIODE                      0.350000    0.436231   -0.086231 (VIOLATED)
ANTENNA_2198/DIODE                      0.350000    0.436230   -0.086230 (VIOLATED)
ANTENNA_2203/DIODE                      0.350000    0.436230   -0.086230 (VIOLATED)
ANTENNA_2197/DIODE                      0.350000    0.436230   -0.086230 (VIOLATED)
ANTENNA_2201/DIODE                      0.350000    0.436230   -0.086230 (VIOLATED)
ANTENNA_2200/DIODE                      0.350000    0.436230   -0.086230 (VIOLATED)
ANTENNA_2199/DIODE                      0.350000    0.436229   -0.086229 (VIOLATED)
max_cap420/X                            0.350000    0.436222   -0.086222 (VIOLATED)
ANTENNA_2205/DIODE                      0.350000    0.436219   -0.086219 (VIOLATED)
ANTENNA_2207/DIODE                      0.350000    0.436217   -0.086217 (VIOLATED)
ANTENNA_2206/DIODE                      0.350000    0.436217   -0.086217 (VIOLATED)
max_cap541/X                            0.350000    0.436197   -0.086197 (VIOLATED)
max_cap496/A                            0.350000    0.436007   -0.086007 (VIOLATED)
max_cap495/A                            0.350000    0.435966   -0.085966 (VIOLATED)
ANTENNA_1210/DIODE                      0.350000    0.435869   -0.085869 (VIOLATED)
u_memory._243_/A1                       0.350000    0.435865   -0.085865 (VIOLATED)
ANTENNA_1213/DIODE                      0.350000    0.435863   -0.085863 (VIOLATED)
ANTENNA_1211/DIODE                      0.350000    0.435861   -0.085861 (VIOLATED)
ANTENNA_1212/DIODE                      0.350000    0.435832   -0.085832 (VIOLATED)
ANTENNA_2108/DIODE                      0.350000    0.435802   -0.085802 (VIOLATED)
ANTENNA_2098/DIODE                      0.350000    0.435802   -0.085802 (VIOLATED)
ANTENNA_2099/DIODE                      0.350000    0.435799   -0.085799 (VIOLATED)
u_memory._324_/C                        0.350000    0.435791   -0.085791 (VIOLATED)
ANTENNA_703/DIODE                       0.350000    0.435786   -0.085786 (VIOLATED)
ANTENNA_701/DIODE                       0.350000    0.435785   -0.085785 (VIOLATED)
ANTENNA_700/DIODE                       0.350000    0.435784   -0.085784 (VIOLATED)
ANTENNA_702/DIODE                       0.350000    0.435778   -0.085778 (VIOLATED)
ANTENNA_2107/DIODE                      0.350000    0.435765   -0.085765 (VIOLATED)
ANTENNA_2105/DIODE                      0.350000    0.435765   -0.085765 (VIOLATED)
ANTENNA_2103/DIODE                      0.350000    0.435765   -0.085765 (VIOLATED)
ANTENNA_2102/DIODE                      0.350000    0.435765   -0.085765 (VIOLATED)
u_memory.g_read[0].g_bank[2].g_slice[0].u_sram/din[2]    0.350000    0.435765   -0.085765 (VIOLATED)
ANTENNA_2101/DIODE                      0.350000    0.435760   -0.085760 (VIOLATED)
ANTENNA_2100/DIODE                      0.350000    0.435760   -0.085760 (VIOLATED)
ANTENNA_2106/DIODE                      0.350000    0.435720   -0.085720 (VIOLATED)
ANTENNA_2104/DIODE                      0.350000    0.435719   -0.085719 (VIOLATED)
u_memory._344_/A2                       0.350000    0.435585   -0.085585 (VIOLATED)
ANTENNA_716/DIODE                       0.350000    0.435571   -0.085571 (VIOLATED)
ANTENNA_717/DIODE                       0.350000    0.435569   -0.085569 (VIOLATED)
max_cap548/X                            0.350000    0.435568   -0.085568 (VIOLATED)
ANTENNA_715/DIODE                       0.350000    0.435568   -0.085568 (VIOLATED)
ANTENNA_718/DIODE                       0.350000    0.435564   -0.085564 (VIOLATED)
wire497/X                               0.350000    0.435365   -0.085365 (VIOLATED)
wire366/X                               0.350000    0.435258   -0.085258 (VIOLATED)
max_cap532/X                            0.350000    0.435090   -0.085090 (VIOLATED)
u_memory._246_/B1                       0.350000    0.435057   -0.085057 (VIOLATED)
ANTENNA_69/DIODE                        0.350000    0.435054   -0.085054 (VIOLATED)
ANTENNA_67/DIODE                        0.350000    0.435053   -0.085053 (VIOLATED)
ANTENNA_66/DIODE                        0.350000    0.435052   -0.085052 (VIOLATED)
ANTENNA_68/DIODE                        0.350000    0.435045   -0.085045 (VIOLATED)
wire233/X                               0.350000    0.434983   -0.084983 (VIOLATED)
wire237/X                               0.350000    0.434968   -0.084968 (VIOLATED)
ANTENNA_1855/DIODE                      0.350000    0.434653   -0.084653 (VIOLATED)
ANTENNA_1854/DIODE                      0.350000    0.434653   -0.084653 (VIOLATED)
ANTENNA_1853/DIODE                      0.350000    0.434651   -0.084651 (VIOLATED)
ANTENNA_1850/DIODE                      0.350000    0.434624   -0.084624 (VIOLATED)
ANTENNA_1846/DIODE                      0.350000    0.434623   -0.084623 (VIOLATED)
ANTENNA_1845/DIODE                      0.350000    0.434623   -0.084623 (VIOLATED)
ANTENNA_1847/DIODE                      0.350000    0.434620   -0.084620 (VIOLATED)
ANTENNA_1848/DIODE                      0.350000    0.434618   -0.084618 (VIOLATED)
ANTENNA_1849/DIODE                      0.350000    0.434616   -0.084616 (VIOLATED)
ANTENNA_1851/DIODE                      0.350000    0.434614   -0.084614 (VIOLATED)
ANTENNA_1852/DIODE                      0.350000    0.434611   -0.084611 (VIOLATED)
ANTENNA_2520/DIODE                      0.350000    0.434607   -0.084607 (VIOLATED)
ANTENNA_2524/DIODE                      0.350000    0.434606   -0.084606 (VIOLATED)
ANTENNA_2523/DIODE                      0.350000    0.434606   -0.084606 (VIOLATED)
ANTENNA_2522/DIODE                      0.350000    0.434606   -0.084606 (VIOLATED)
ANTENNA_2521/DIODE                      0.350000    0.434606   -0.084606 (VIOLATED)
ANTENNA_2526/DIODE                      0.350000    0.434605   -0.084605 (VIOLATED)
ANTENNA_2519/DIODE                      0.350000    0.434603   -0.084603 (VIOLATED)
ANTENNA_2518/DIODE                      0.350000    0.434602   -0.084602 (VIOLATED)
ANTENNA_2517/DIODE                      0.350000    0.434602   -0.084602 (VIOLATED)
ANTENNA_2516/DIODE                      0.350000    0.434602   -0.084602 (VIOLATED)
ANTENNA_2525/DIODE                      0.350000    0.434602   -0.084601 (VIOLATED)
u_memory._204_/A_N                      0.350000    0.434515   -0.084515 (VIOLATED)
u_memory.g_read[1].g_bank[2].g_slice[0].u_sram/din[21]    0.350000    0.434462   -0.084462 (VIOLATED)
u_memory._172_/A                        0.350000    0.434436   -0.084436 (VIOLATED)
u_memory._350_/A2                       0.350000    0.434407   -0.084407 (VIOLATED)
ANTENNA_710/DIODE                       0.350000    0.434391   -0.084391 (VIOLATED)
ANTENNA_707/DIODE                       0.350000    0.434390   -0.084390 (VIOLATED)
ANTENNA_709/DIODE                       0.350000    0.434389   -0.084389 (VIOLATED)
ANTENNA_708/DIODE                       0.350000    0.434389   -0.084389 (VIOLATED)
u_memory._203_/B                        0.350000    0.434320   -0.084320 (VIOLATED)
ANTENNA_1967/DIODE                      0.350000    0.434265   -0.084265 (VIOLATED)
ANTENNA_1975/DIODE                      0.350000    0.434261   -0.084261 (VIOLATED)
ANTENNA_1973/DIODE                      0.350000    0.434261   -0.084261 (VIOLATED)
ANTENNA_1968/DIODE                      0.350000    0.434261   -0.084261 (VIOLATED)
ANTENNA_1966/DIODE                      0.350000    0.434260   -0.084260 (VIOLATED)
ANTENNA_1969/DIODE                      0.350000    0.434258   -0.084258 (VIOLATED)
ANTENNA_1976/DIODE                      0.350000    0.434258   -0.084258 (VIOLATED)
ANTENNA_1974/DIODE                      0.350000    0.434258   -0.084258 (VIOLATED)
ANTENNA_1972/DIODE                      0.350000    0.434258   -0.084258 (VIOLATED)
ANTENNA_1971/DIODE                      0.350000    0.434257   -0.084257 (VIOLATED)
ANTENNA_1970/DIODE                      0.350000    0.434257   -0.084257 (VIOLATED)
ANTENNA_2597/DIODE                      0.350000    0.434227   -0.084227 (VIOLATED)
ANTENNA_2603/DIODE                      0.350000    0.434227   -0.084227 (VIOLATED)
ANTENNA_2596/DIODE                      0.350000    0.434227   -0.084227 (VIOLATED)
ANTENNA_2595/DIODE                      0.350000    0.434227   -0.084227 (VIOLATED)
ANTENNA_2601/DIODE                      0.350000    0.434227   -0.084227 (VIOLATED)
ANTENNA_2599/DIODE                      0.350000    0.434227   -0.084227 (VIOLATED)
ANTENNA_2598/DIODE                      0.350000    0.434227   -0.084227 (VIOLATED)
ANTENNA_2593/DIODE                      0.350000    0.434225   -0.084225 (VIOLATED)
ANTENNA_2594/DIODE                      0.350000    0.434223   -0.084223 (VIOLATED)
ANTENNA_2602/DIODE                      0.350000    0.434212   -0.084212 (VIOLATED)
ANTENNA_2600/DIODE                      0.350000    0.434212   -0.084212 (VIOLATED)
u_memory._244_/X                        0.350000    0.434210   -0.084210 (VIOLATED)
u_memory._207_/A                        0.350000    0.434040   -0.084040 (VIOLATED)
ANTENNA_2643/DIODE                      0.350000    0.433956   -0.083956 (VIOLATED)
ANTENNA_2641/DIODE                      0.350000    0.433956   -0.083956 (VIOLATED)
ANTENNA_2637/DIODE                      0.350000    0.433956   -0.083956 (VIOLATED)
ANTENNA_2644/DIODE                      0.350000    0.433945   -0.083945 (VIOLATED)
ANTENNA_2642/DIODE                      0.350000    0.433945   -0.083945 (VIOLATED)
ANTENNA_2640/DIODE                      0.350000    0.433944   -0.083944 (VIOLATED)
ANTENNA_2639/DIODE                      0.350000    0.433943   -0.083943 (VIOLATED)
ANTENNA_2645/DIODE                      0.350000    0.433943   -0.083943 (VIOLATED)
ANTENNA_2638/DIODE                      0.350000    0.433942   -0.083942 (VIOLATED)
ANTENNA_2647/DIODE                      0.350000    0.433924   -0.083924 (VIOLATED)
ANTENNA_2646/DIODE                      0.350000    0.433923   -0.083923 (VIOLATED)
max_cap492/X                            0.350000    0.433883   -0.083883 (VIOLATED)
u_memory._206_/A                        0.350000    0.433812   -0.083812 (VIOLATED)
wire235/X                               0.350000    0.433809   -0.083809 (VIOLATED)
max_cap599/X                            0.350000    0.433778   -0.083778 (VIOLATED)
max_cap612/X                            0.350000    0.433576   -0.083576 (VIOLATED)
max_cap512/X                            0.350000    0.433430   -0.083430 (VIOLATED)
ANTENNA_1435/DIODE                      0.350000    0.433296   -0.083296 (VIOLATED)
ANTENNA_1434/DIODE                      0.350000    0.433296   -0.083296 (VIOLATED)
ANTENNA_1432/DIODE                      0.350000    0.433296   -0.083296 (VIOLATED)
ANTENNA_1431/DIODE                      0.350000    0.433295   -0.083295 (VIOLATED)
ANTENNA_1436/DIODE                      0.350000    0.433295   -0.083295 (VIOLATED)
ANTENNA_1430/DIODE                      0.350000    0.433295   -0.083295 (VIOLATED)
ANTENNA_1433/DIODE                      0.350000    0.433290   -0.083290 (VIOLATED)
ANTENNA_1427/DIODE                      0.350000    0.433290   -0.083290 (VIOLATED)
ANTENNA_1429/DIODE                      0.350000    0.433290   -0.083290 (VIOLATED)
ANTENNA_1428/DIODE                      0.350000    0.433289   -0.083289 (VIOLATED)
ANTENNA_1437/DIODE                      0.350000    0.433289   -0.083289 (VIOLATED)
max_cap618/X                            0.350000    0.433277   -0.083277 (VIOLATED)
u_memory.g_read[0].g_bank[3].g_slice[0].u_sram/addr[0]    0.350000    0.433073   -0.083073 (VIOLATED)
u_memory._235_/A                        0.350000    0.432972   -0.082972 (VIOLATED)
u_memory.g_read[0].g_bank[2].g_slice[0].u_sram/din[20]    0.350000    0.432794   -0.082794 (VIOLATED)
u_memory._406_/X                        0.350000    0.432765   -0.082765 (VIOLATED)
u_memory._262_/A                        0.350000    0.432661   -0.082661 (VIOLATED)
max_cap426/X                            0.350000    0.432654   -0.082654 (VIOLATED)
ANTENNA_1642/DIODE                      0.350000    0.432522   -0.082522 (VIOLATED)
ANTENNA_1640/DIODE                      0.350000    0.432522   -0.082522 (VIOLATED)
ANTENNA_1639/DIODE                      0.350000    0.432521   -0.082521 (VIOLATED)
ANTENNA_1638/DIODE                      0.350000    0.432521   -0.082521 (VIOLATED)
ANTENNA_1643/DIODE                      0.350000    0.432521   -0.082521 (VIOLATED)
ANTENNA_1637/DIODE                      0.350000    0.432521   -0.082521 (VIOLATED)
ANTENNA_1636/DIODE                      0.350000    0.432520   -0.082520 (VIOLATED)
ANTENNA_1646/DIODE                      0.350000    0.432520   -0.082520 (VIOLATED)
ANTENNA_1645/DIODE                      0.350000    0.432519   -0.082519 (VIOLATED)
ANTENNA_1644/DIODE                      0.350000    0.432519   -0.082519 (VIOLATED)
ANTENNA_1641/DIODE                      0.350000    0.432512   -0.082512 (VIOLATED)
u_memory._295_/C                        0.350000    0.432442   -0.082442 (VIOLATED)
ANTENNA_943/DIODE                       0.350000    0.432441   -0.082441 (VIOLATED)
ANTENNA_940/DIODE                       0.350000    0.432437   -0.082437 (VIOLATED)
ANTENNA_941/DIODE                       0.350000    0.432434   -0.082434 (VIOLATED)
ANTENNA_942/DIODE                       0.350000    0.432432   -0.082432 (VIOLATED)
ANTENNA_2230/DIODE                      0.350000    0.432322   -0.082322 (VIOLATED)
ANTENNA_2231/DIODE                      0.350000    0.432318   -0.082318 (VIOLATED)
ANTENNA_2236/DIODE                      0.350000    0.432318   -0.082318 (VIOLATED)
ANTENNA_2234/DIODE                      0.350000    0.432317   -0.082317 (VIOLATED)
ANTENNA_2232/DIODE                      0.350000    0.432317   -0.082317 (VIOLATED)
ANTENNA_2240/DIODE                      0.350000    0.432252   -0.082252 (VIOLATED)
ANTENNA_2238/DIODE                      0.350000    0.432250   -0.082250 (VIOLATED)
ANTENNA_2237/DIODE                      0.350000    0.432248   -0.082248 (VIOLATED)
ANTENNA_2235/DIODE                      0.350000    0.432246   -0.082246 (VIOLATED)
ANTENNA_2233/DIODE                      0.350000    0.432245   -0.082245 (VIOLATED)
ANTENNA_2239/DIODE                      0.350000    0.432203   -0.082203 (VIOLATED)
wire294/X                               0.350000    0.431818   -0.081818 (VIOLATED)
u_memory.g_read[1].g_bank[1].g_slice[0].u_sram/din[3]    0.350000    0.431811   -0.081811 (VIOLATED)
ANTENNA_1598/DIODE                      0.350000    0.431774   -0.081774 (VIOLATED)
ANTENNA_1597/DIODE                      0.350000    0.431774   -0.081774 (VIOLATED)
ANTENNA_1602/DIODE                      0.350000    0.431774   -0.081774 (VIOLATED)
ANTENNA_1595/DIODE                      0.350000    0.431774   -0.081774 (VIOLATED)
ANTENNA_1600/DIODE                      0.350000    0.431773   -0.081773 (VIOLATED)
ANTENNA_1599/DIODE                      0.350000    0.431773   -0.081773 (VIOLATED)
ANTENNA_1596/DIODE                      0.350000    0.431768   -0.081768 (VIOLATED)
ANTENNA_1592/DIODE                      0.350000    0.431768   -0.081768 (VIOLATED)
ANTENNA_1594/DIODE                      0.350000    0.431767   -0.081767 (VIOLATED)
ANTENNA_1593/DIODE                      0.350000    0.431767   -0.081767 (VIOLATED)
ANTENNA_1601/DIODE                      0.350000    0.431767   -0.081767 (VIOLATED)
u_memory.g_read[1].g_bank[1].g_slice[0].u_sram/din[6]    0.350000    0.431711   -0.081711 (VIOLATED)
max_cap459/X                            0.350000    0.431706   -0.081706 (VIOLATED)
fanout377/A                             0.350000    0.431580   -0.081580 (VIOLATED)
ANTENNA_1222/DIODE                      0.350000    0.431572   -0.081572 (VIOLATED)
ANTENNA_2273/DIODE                      0.350000    0.431538   -0.081538 (VIOLATED)
ANTENNA_2269/DIODE                      0.350000    0.431538   -0.081538 (VIOLATED)
ANTENNA_2271/DIODE                      0.350000    0.431538   -0.081538 (VIOLATED)
ANTENNA_2267/DIODE                      0.350000    0.431538   -0.081538 (VIOLATED)
ANTENNA_2270/DIODE                      0.350000    0.431538   -0.081538 (VIOLATED)
ANTENNA_2263/DIODE                      0.350000    0.431534   -0.081534 (VIOLATED)
ANTENNA_2268/DIODE                      0.350000    0.431534   -0.081534 (VIOLATED)
ANTENNA_2264/DIODE                      0.350000    0.431533   -0.081533 (VIOLATED)
ANTENNA_2266/DIODE                      0.350000    0.431533   -0.081533 (VIOLATED)
ANTENNA_2272/DIODE                      0.350000    0.431533   -0.081533 (VIOLATED)
ANTENNA_2265/DIODE                      0.350000    0.431533   -0.081533 (VIOLATED)
u_memory._356_/A2                       0.350000    0.431489   -0.081489 (VIOLATED)
ANTENNA_765/DIODE                       0.350000    0.431484   -0.081484 (VIOLATED)
ANTENNA_763/DIODE                       0.350000    0.431482   -0.081482 (VIOLATED)
u_memory.g_read[1].g_bank[3].g_slice[0].u_sram/wmask[0]    0.350000    0.431481   -0.081481 (VIOLATED)
ANTENNA_764/DIODE                       0.350000    0.431480   -0.081480 (VIOLATED)
max_cap553/X                            0.350000    0.431424   -0.081424 (VIOLATED)
u_memory.g_read[0].g_bank[1].g_slice[0].u_sram/din[1]    0.350000    0.431229   -0.081229 (VIOLATED)
u_memory._245_/A2                       0.350000    0.431215   -0.081215 (VIOLATED)
ANTENNA_1098/DIODE                      0.350000    0.431211   -0.081211 (VIOLATED)
ANTENNA_1096/DIODE                      0.350000    0.431209   -0.081209 (VIOLATED)
ANTENNA_1097/DIODE                      0.350000    0.431206   -0.081206 (VIOLATED)
ANTENNA_1099/DIODE                      0.350000    0.431203   -0.081203 (VIOLATED)
u_memory._339_/B1                       0.350000    0.431117   -0.081117 (VIOLATED)
ANTENNA_140/DIODE                       0.350000    0.431113   -0.081113 (VIOLATED)
ANTENNA_139/DIODE                       0.350000    0.431111   -0.081111 (VIOLATED)
ANTENNA_141/DIODE                       0.350000    0.431106   -0.081106 (VIOLATED)
u_memory._242_/A2                       0.350000    0.431061   -0.081061 (VIOLATED)
ANTENNA_1103/DIODE                      0.350000    0.431059   -0.081059 (VIOLATED)
ANTENNA_1101/DIODE                      0.350000    0.431057   -0.081057 (VIOLATED)
ANTENNA_1100/DIODE                      0.350000    0.431053   -0.081053 (VIOLATED)
ANTENNA_1102/DIODE                      0.350000    0.431051   -0.081051 (VIOLATED)
u_memory.g_read[0].g_bank[2].g_slice[0].u_sram/addr[0]    0.350000    0.431024   -0.081024 (VIOLATED)
wire251/X                               0.350000    0.431024   -0.081024 (VIOLATED)
max_cap452/X                            0.350000    0.430956   -0.080956 (VIOLATED)
u_memory.g_read[0].g_bank[1].g_slice[0].u_sram/din[14]    0.350000    0.430939   -0.080939 (VIOLATED)
ANTENNA_2274/DIODE                      0.350000    0.430932   -0.080932 (VIOLATED)
ANTENNA_2275/DIODE                      0.350000    0.430932   -0.080932 (VIOLATED)
ANTENNA_2276/DIODE                      0.350000    0.430932   -0.080932 (VIOLATED)
ANTENNA_2278/DIODE                      0.350000    0.430932   -0.080932 (VIOLATED)
ANTENNA_1790/DIODE                      0.350000    0.430925   -0.080925 (VIOLATED)
ANTENNA_1791/DIODE                      0.350000    0.430921   -0.080921 (VIOLATED)
ANTENNA_1792/DIODE                      0.350000    0.430920   -0.080920 (VIOLATED)
ANTENNA_1794/DIODE                      0.350000    0.430899   -0.080899 (VIOLATED)
ANTENNA_1793/DIODE                      0.350000    0.430899   -0.080899 (VIOLATED)
ANTENNA_1800/DIODE                      0.350000    0.430899   -0.080899 (VIOLATED)
ANTENNA_1795/DIODE                      0.350000    0.430899   -0.080899 (VIOLATED)
ANTENNA_1798/DIODE                      0.350000    0.430899   -0.080899 (VIOLATED)
ANTENNA_1796/DIODE                      0.350000    0.430898   -0.080898 (VIOLATED)
ANTENNA_2284/DIODE                      0.350000    0.430892   -0.080892 (VIOLATED)
ANTENNA_2282/DIODE                      0.350000    0.430890   -0.080890 (VIOLATED)
ANTENNA_2281/DIODE                      0.350000    0.430887   -0.080887 (VIOLATED)
ANTENNA_1799/DIODE                      0.350000    0.430886   -0.080886 (VIOLATED)
ANTENNA_1797/DIODE                      0.350000    0.430885   -0.080885 (VIOLATED)
ANTENNA_2280/DIODE                      0.350000    0.430885   -0.080885 (VIOLATED)
ANTENNA_2279/DIODE                      0.350000    0.430885   -0.080885 (VIOLATED)
ANTENNA_2277/DIODE                      0.350000    0.430885   -0.080885 (VIOLATED)
u_memory.g_read[1].g_bank[2].g_slice[0].u_sram/wmask[0]    0.350000    0.430873   -0.080873 (VIOLATED)
ANTENNA_2283/DIODE                      0.350000    0.430842   -0.080842 (VIOLATED)
u_memory._389_/A2                       0.350000    0.430806   -0.080806 (VIOLATED)
ANTENNA_734/DIODE                       0.350000    0.430770   -0.080770 (VIOLATED)
max_cap558/X                            0.350000    0.430627   -0.080627 (VIOLATED)
u_memory._333_/A1                       0.350000    0.430560   -0.080560 (VIOLATED)
ANTENNA_806/DIODE                       0.350000    0.430560   -0.080560 (VIOLATED)
ANTENNA_804/DIODE                       0.350000    0.430555   -0.080555 (VIOLATED)
ANTENNA_805/DIODE                       0.350000    0.430550   -0.080550 (VIOLATED)
ANTENNA_807/DIODE                       0.350000    0.430548   -0.080548 (VIOLATED)
wire334/X                               0.350000    0.430470   -0.080470 (VIOLATED)
hold191/A                               0.350000    0.430464   -0.080464 (VIOLATED)
ANTENNA_2717/DIODE                      0.350000    0.430463   -0.080463 (VIOLATED)
wire333/X                               0.350000    0.430439   -0.080439 (VIOLATED)
hold195/X                               0.350000    0.430435   -0.080435 (VIOLATED)
max_cap483/X                            0.350000    0.430268   -0.080268 (VIOLATED)
u_memory._337_/X                        0.350000    0.430250   -0.080250 (VIOLATED)
max_cap560/X                            0.350000    0.430236   -0.080236 (VIOLATED)
u_memory._197_/A1                       0.350000    0.430171   -0.080171 (VIOLATED)
wire262/X                               0.350000    0.430020   -0.080020 (VIOLATED)
ANTENNA_2669/DIODE                      0.350000    0.429900   -0.079900 (VIOLATED)
ANTENNA_2665/DIODE                      0.350000    0.429900   -0.079900 (VIOLATED)
ANTENNA_2663/DIODE                      0.350000    0.429900   -0.079900 (VIOLATED)
ANTENNA_2661/DIODE                      0.350000    0.429900   -0.079900 (VIOLATED)
ANTENNA_2666/DIODE                      0.350000    0.429899   -0.079899 (VIOLATED)
ANTENNA_2668/DIODE                      0.350000    0.429899   -0.079899 (VIOLATED)
ANTENNA_2660/DIODE                      0.350000    0.429899   -0.079899 (VIOLATED)
ANTENNA_2664/DIODE                      0.350000    0.429899   -0.079899 (VIOLATED)
ANTENNA_2667/DIODE                      0.350000    0.429899   -0.079899 (VIOLATED)
ANTENNA_2662/DIODE                      0.350000    0.429899   -0.079899 (VIOLATED)
ANTENNA_2659/DIODE                      0.350000    0.429898   -0.079898 (VIOLATED)
u_memory._201_/B1                       0.350000    0.429879   -0.079879 (VIOLATED)
u_memory._200_/A1                       0.350000    0.429873   -0.079873 (VIOLATED)
u_memory._267_/A1                       0.350000    0.429516   -0.079516 (VIOLATED)
ANTENNA_1185/DIODE                      0.350000    0.429511   -0.079511 (VIOLATED)
ANTENNA_1186/DIODE                      0.350000    0.429508   -0.079508 (VIOLATED)
ANTENNA_1187/DIODE                      0.350000    0.429508   -0.079508 (VIOLATED)
ANTENNA_1188/DIODE                      0.350000    0.429507   -0.079507 (VIOLATED)
output133/A                             0.350000    0.429323   -0.079323 (VIOLATED)
ANTENNA_2764/DIODE                      0.350000    0.429322   -0.079322 (VIOLATED)
_007_/Q                                 0.350000    0.429276   -0.079276 (VIOLATED)
max_cap621/X                            0.350000    0.429115   -0.079115 (VIOLATED)
ANTENNA_2737/DIODE                      0.350000    0.429008   -0.079008 (VIOLATED)
ANTENNA_2738/DIODE                      0.350000    0.429007   -0.079007 (VIOLATED)
ANTENNA_2736/DIODE                      0.350000    0.429007   -0.079007 (VIOLATED)
ANTENNA_2735/DIODE                      0.350000    0.429007   -0.079007 (VIOLATED)
wire358/X                               0.350000    0.428977   -0.078977 (VIOLATED)
ANTENNA_1091/DIODE                      0.350000    0.428798   -0.078798 (VIOLATED)
ANTENNA_1089/DIODE                      0.350000    0.428796   -0.078796 (VIOLATED)
ANTENNA_1087/DIODE                      0.350000    0.428796   -0.078796 (VIOLATED)
ANTENNA_1088/DIODE                      0.350000    0.428792   -0.078792 (VIOLATED)
ANTENNA_1090/DIODE                      0.350000    0.428781   -0.078781 (VIOLATED)
u_memory._251_/B2                       0.350000    0.428779   -0.078779 (VIOLATED)
u_memory._243_/B1                       0.350000    0.428614   -0.078614 (VIOLATED)
ANTENNA_65/DIODE                        0.350000    0.428600   -0.078600 (VIOLATED)
u_memory.g_read[1].g_bank[2].g_slice[0].u_sram/din[31]    0.350000    0.428595   -0.078595 (VIOLATED)
ANTENNA_63/DIODE                        0.350000    0.428589   -0.078589 (VIOLATED)
u_memory._267_/B1                       0.350000    0.428583   -0.078583 (VIOLATED)
ANTENNA_89/DIODE                        0.350000    0.428579   -0.078579 (VIOLATED)
ANTENNA_87/DIODE                        0.350000    0.428578   -0.078578 (VIOLATED)
ANTENNA_86/DIODE                        0.350000    0.428577   -0.078577 (VIOLATED)
ANTENNA_88/DIODE                        0.350000    0.428572   -0.078572 (VIOLATED)
ANTENNA_64/DIODE                        0.350000    0.428569   -0.078569 (VIOLATED)
hold218/X                               0.350000    0.428449   -0.078449 (VIOLATED)
ANTENNA_1654/DIODE                      0.350000    0.428434   -0.078434 (VIOLATED)
ANTENNA_1653/DIODE                      0.350000    0.428434   -0.078434 (VIOLATED)
ANTENNA_1652/DIODE                      0.350000    0.428434   -0.078434 (VIOLATED)
ANTENNA_1656/DIODE                      0.350000    0.428434   -0.078434 (VIOLATED)
ANTENNA_1655/DIODE                      0.350000    0.428434   -0.078434 (VIOLATED)
ANTENNA_1651/DIODE                      0.350000    0.428433   -0.078433 (VIOLATED)
ANTENNA_1647/DIODE                      0.350000    0.428428   -0.078428 (VIOLATED)
ANTENNA_1657/DIODE                      0.350000    0.428428   -0.078428 (VIOLATED)
ANTENNA_1650/DIODE                      0.350000    0.428426   -0.078426 (VIOLATED)
ANTENNA_1649/DIODE                      0.350000    0.428426   -0.078426 (VIOLATED)
ANTENNA_1648/DIODE                      0.350000    0.428426   -0.078426 (VIOLATED)
u_memory._419_/B2                       0.350000    0.428376   -0.078376 (VIOLATED)
u_memory.g_read[1].g_bank[2].g_slice[0].u_sram/din[5]    0.350000    0.428277   -0.078277 (VIOLATED)
fanout174/A                             0.350000    0.428268   -0.078268 (VIOLATED)
wire331/X                               0.350000    0.428190   -0.078190 (VIOLATED)
u_memory._255_/B1                       0.350000    0.428153   -0.078153 (VIOLATED)
ANTENNA_79/DIODE                        0.350000    0.428150   -0.078150 (VIOLATED)
ANTENNA_77/DIODE                        0.350000    0.428149   -0.078149 (VIOLATED)
ANTENNA_76/DIODE                        0.350000    0.428148   -0.078148 (VIOLATED)
ANTENNA_78/DIODE                        0.350000    0.428142   -0.078142 (VIOLATED)
ANTENNA_1697/DIODE                      0.350000    0.428082   -0.078082 (VIOLATED)
ANTENNA_1696/DIODE                      0.350000    0.428082   -0.078082 (VIOLATED)
ANTENNA_1700/DIODE                      0.350000    0.428082   -0.078082 (VIOLATED)
ANTENNA_1695/DIODE                      0.350000    0.428081   -0.078081 (VIOLATED)
ANTENNA_1699/DIODE                      0.350000    0.428081   -0.078081 (VIOLATED)
ANTENNA_1698/DIODE                      0.350000    0.428081   -0.078081 (VIOLATED)
ANTENNA_1691/DIODE                      0.350000    0.428075   -0.078075 (VIOLATED)
ANTENNA_1701/DIODE                      0.350000    0.428075   -0.078075 (VIOLATED)
ANTENNA_1694/DIODE                      0.350000    0.428074   -0.078074 (VIOLATED)
ANTENNA_1693/DIODE                      0.350000    0.428073   -0.078073 (VIOLATED)
ANTENNA_1692/DIODE                      0.350000    0.428073   -0.078073 (VIOLATED)
u_memory.g_read[0].g_bank[1].g_slice[0].u_sram/din[17]    0.350000    0.427885   -0.077885 (VIOLATED)
u_memory._325_/X                        0.350000    0.427807   -0.077807 (VIOLATED)
u_memory._241_/X                        0.350000    0.427793   -0.077793 (VIOLATED)
u_memory._265_/X                        0.350000    0.427783   -0.077783 (VIOLATED)
max_cap460/X                            0.350000    0.427752   -0.077752 (VIOLATED)
u_memory._282_/B1                       0.350000    0.427751   -0.077751 (VIOLATED)
ANTENNA_101/DIODE                       0.350000    0.427748   -0.077748 (VIOLATED)
ANTENNA_99/DIODE                        0.350000    0.427747   -0.077747 (VIOLATED)
ANTENNA_100/DIODE                       0.350000    0.427745   -0.077745 (VIOLATED)
ANTENNA_1172/DIODE                      0.350000    0.427626   -0.077626 (VIOLATED)
u_memory._279_/A1                       0.350000    0.427625   -0.077625 (VIOLATED)
ANTENNA_1171/DIODE                      0.350000    0.427614   -0.077614 (VIOLATED)
ANTENNA_1170/DIODE                      0.350000    0.427614   -0.077614 (VIOLATED)
u_memory.g_read[0].g_bank[3].g_slice[0].u_sram/addr[2]    0.350000    0.427505   -0.077505 (VIOLATED)
u_memory._189_/A1                       0.350000    0.427442   -0.077442 (VIOLATED)
u_memory._422_/A1                       0.350000    0.427361   -0.077361 (VIOLATED)
u_memory._253_/X                        0.350000    0.427343   -0.077343 (VIOLATED)
fanout378/X                             0.350000    0.427329   -0.077329 (VIOLATED)
ANTENNA_2093/DIODE                      0.350000    0.427327   -0.077327 (VIOLATED)
ANTENNA_2097/DIODE                      0.350000    0.427327   -0.077327 (VIOLATED)
ANTENNA_2092/DIODE                      0.350000    0.427327   -0.077327 (VIOLATED)
ANTENNA_2091/DIODE                      0.350000    0.427327   -0.077327 (VIOLATED)
ANTENNA_2095/DIODE                      0.350000    0.427327   -0.077327 (VIOLATED)
ANTENNA_2094/DIODE                      0.350000    0.427327   -0.077327 (VIOLATED)
ANTENNA_2087/DIODE                      0.350000    0.427321   -0.077321 (VIOLATED)
ANTENNA_2096/DIODE                      0.350000    0.427321   -0.077321 (VIOLATED)
ANTENNA_2090/DIODE                      0.350000    0.427319   -0.077319 (VIOLATED)
ANTENNA_2089/DIODE                      0.350000    0.427319   -0.077319 (VIOLATED)
ANTENNA_2088/DIODE                      0.350000    0.427319   -0.077319 (VIOLATED)
u_memory._300_/B2                       0.350000    0.427273   -0.077273 (VIOLATED)
max_cap467/X                            0.350000    0.427270   -0.077270 (VIOLATED)
u_memory.g_read[0].g_bank[2].g_slice[0].u_sram/addr[2]    0.350000    0.427240   -0.077240 (VIOLATED)
wire353/X                               0.350000    0.427111   -0.077111 (VIOLATED)
u_memory._280_/X                        0.350000    0.427008   -0.077008 (VIOLATED)
u_memory._192_/B1                       0.350000    0.426965   -0.076965 (VIOLATED)
ANTENNA_2137/DIODE                      0.350000    0.426908   -0.076908 (VIOLATED)
ANTENNA_2141/DIODE                      0.350000    0.426908   -0.076908 (VIOLATED)
ANTENNA_2136/DIODE                      0.350000    0.426908   -0.076908 (VIOLATED)
ANTENNA_2135/DIODE                      0.350000    0.426908   -0.076908 (VIOLATED)
ANTENNA_2139/DIODE                      0.350000    0.426908   -0.076908 (VIOLATED)
ANTENNA_2138/DIODE                      0.350000    0.426908   -0.076908 (VIOLATED)
ANTENNA_2131/DIODE                      0.350000    0.426902   -0.076902 (VIOLATED)
ANTENNA_2140/DIODE                      0.350000    0.426902   -0.076902 (VIOLATED)
ANTENNA_2134/DIODE                      0.350000    0.426900   -0.076900 (VIOLATED)
ANTENNA_2133/DIODE                      0.350000    0.426900   -0.076900 (VIOLATED)
ANTENNA_2132/DIODE                      0.350000    0.426900   -0.076900 (VIOLATED)
_111_/D                                 0.350000    0.426793   -0.076793 (VIOLATED)
ANTENNA_218/DIODE                       0.350000    0.426791   -0.076791 (VIOLATED)
input39/X                               0.350000    0.426774   -0.076774 (VIOLATED)
u_memory._299_/X                        0.350000    0.426582   -0.076582 (VIOLATED)
max_cap530/X                            0.350000    0.426530   -0.076530 (VIOLATED)
u_memory._333_/B1                       0.350000    0.426437   -0.076437 (VIOLATED)
ANTENNA_134/DIODE                       0.350000    0.426432   -0.076432 (VIOLATED)
ANTENNA_132/DIODE                       0.350000    0.426431   -0.076431 (VIOLATED)
ANTENNA_133/DIODE                       0.350000    0.426428   -0.076428 (VIOLATED)
ANTENNA_135/DIODE                       0.350000    0.426426   -0.076426 (VIOLATED)
max_cap537/X                            0.350000    0.426260   -0.076260 (VIOLATED)
ANTENNA_1888/DIODE                      0.350000    0.426221   -0.076221 (VIOLATED)
ANTENNA_1883/DIODE                      0.350000    0.426220   -0.076220 (VIOLATED)
ANTENNA_1882/DIODE                      0.350000    0.426220   -0.076220 (VIOLATED)
ANTENNA_1881/DIODE                      0.350000    0.426220   -0.076220 (VIOLATED)
ANTENNA_1880/DIODE                      0.350000    0.426219   -0.076219 (VIOLATED)
ANTENNA_1879/DIODE                      0.350000    0.426219   -0.076219 (VIOLATED)
ANTENNA_1884/DIODE                      0.350000    0.426218   -0.076218 (VIOLATED)
ANTENNA_1878/DIODE                      0.350000    0.426216   -0.076216 (VIOLATED)
ANTENNA_1887/DIODE                      0.350000    0.426216   -0.076216 (VIOLATED)
ANTENNA_1886/DIODE                      0.350000    0.426216   -0.076216 (VIOLATED)
ANTENNA_1885/DIODE                      0.350000    0.426215   -0.076215 (VIOLATED)
ANTENNA_667/DIODE                       0.350000    0.426168   -0.076168 (VIOLATED)
u_memory._328_/C                        0.350000    0.426160   -0.076160 (VIOLATED)
ANTENNA_664/DIODE                       0.350000    0.426134   -0.076134 (VIOLATED)
ANTENNA_665/DIODE                       0.350000    0.426122   -0.076122 (VIOLATED)
ANTENNA_666/DIODE                       0.350000    0.426119   -0.076119 (VIOLATED)
wire242/X                               0.350000    0.425822   -0.075822 (VIOLATED)
u_memory._331_/X                        0.350000    0.425696   -0.075696 (VIOLATED)
max_cap498/X                            0.350000    0.425572   -0.075572 (VIOLATED)
wire223/X                               0.350000    0.425568   -0.075568 (VIOLATED)
u_memory._233_/B1                       0.350000    0.425270   -0.075270 (VIOLATED)
ANTENNA_55/DIODE                        0.350000    0.425267   -0.075267 (VIOLATED)
ANTENNA_53/DIODE                        0.350000    0.425266   -0.075266 (VIOLATED)
ANTENNA_54/DIODE                        0.350000    0.425264   -0.075264 (VIOLATED)
u_memory._330_/B1                       0.350000    0.425102   -0.075102 (VIOLATED)
ANTENNA_131/DIODE                       0.350000    0.425099   -0.075099 (VIOLATED)
ANTENNA_130/DIODE                       0.350000    0.425098   -0.075098 (VIOLATED)
ANTENNA_128/DIODE                       0.350000    0.425097   -0.075097 (VIOLATED)
ANTENNA_129/DIODE                       0.350000    0.425094   -0.075094 (VIOLATED)
u_memory._417_/A1                       0.350000    0.424918   -0.074918 (VIOLATED)
u_memory.g_read[0].g_bank[1].g_slice[0].u_sram/din[10]    0.350000    0.424902   -0.074902 (VIOLATED)
u_memory._231_/X                        0.350000    0.424793   -0.074793 (VIOLATED)
u_memory._328_/X                        0.350000    0.424645   -0.074645 (VIOLATED)
u_memory.g_read[0].g_bank[2].g_slice[0].u_sram/din[5]    0.350000    0.424626   -0.074626 (VIOLATED)
u_memory.g_read[0].g_bank[3].g_slice[0].u_sram/din[3]    0.350000    0.424473   -0.074473 (VIOLATED)
ANTENNA_1856/DIODE                      0.350000    0.424296   -0.074296 (VIOLATED)
ANTENNA_1866/DIODE                      0.350000    0.424296   -0.074296 (VIOLATED)
ANTENNA_1864/DIODE                      0.350000    0.424295   -0.074295 (VIOLATED)
ANTENNA_1862/DIODE                      0.350000    0.424284   -0.074284 (VIOLATED)
ANTENNA_1861/DIODE                      0.350000    0.424284   -0.074284 (VIOLATED)
ANTENNA_1859/DIODE                      0.350000    0.424284   -0.074284 (VIOLATED)
ANTENNA_1863/DIODE                      0.350000    0.424282   -0.074282 (VIOLATED)
ANTENNA_1865/DIODE                      0.350000    0.424282   -0.074282 (VIOLATED)
ANTENNA_1860/DIODE                      0.350000    0.424251   -0.074251 (VIOLATED)
ANTENNA_1858/DIODE                      0.350000    0.424250   -0.074250 (VIOLATED)
ANTENNA_1857/DIODE                      0.350000    0.424248   -0.074248 (VIOLATED)
u_memory._410_/A2                       0.350000    0.424040   -0.074040 (VIOLATED)
ANTENNA_2342/DIODE                      0.350000    0.424001   -0.074001 (VIOLATED)
ANTENNA_2341/DIODE                      0.350000    0.424001   -0.074001 (VIOLATED)
ANTENNA_2347/DIODE                      0.350000    0.423994   -0.073994 (VIOLATED)
ANTENNA_2346/DIODE                      0.350000    0.423994   -0.073994 (VIOLATED)
ANTENNA_2345/DIODE                      0.350000    0.423993   -0.073993 (VIOLATED)
ANTENNA_2344/DIODE                      0.350000    0.423993   -0.073993 (VIOLATED)
ANTENNA_2348/DIODE                      0.350000    0.423992   -0.073992 (VIOLATED)
ANTENNA_2343/DIODE                      0.350000    0.423992   -0.073992 (VIOLATED)
ANTENNA_2340/DIODE                      0.350000    0.423986   -0.073985 (VIOLATED)
ANTENNA_2350/DIODE                      0.350000    0.423985   -0.073985 (VIOLATED)
ANTENNA_2349/DIODE                      0.350000    0.423985   -0.073985 (VIOLATED)
wire261/X                               0.350000    0.423934   -0.073934 (VIOLATED)
u_memory.g_read[1].g_bank[1].g_slice[0].u_sram/din[26]    0.350000    0.423861   -0.073861 (VIOLATED)
ANTENNA_1829/DIODE                      0.350000    0.423750   -0.073750 (VIOLATED)
ANTENNA_1828/DIODE                      0.350000    0.423750   -0.073750 (VIOLATED)
ANTENNA_1827/DIODE                      0.350000    0.423750   -0.073750 (VIOLATED)
ANTENNA_1833/DIODE                      0.350000    0.423750   -0.073749 (VIOLATED)
ANTENNA_1826/DIODE                      0.350000    0.423749   -0.073749 (VIOLATED)
ANTENNA_1831/DIODE                      0.350000    0.423749   -0.073749 (VIOLATED)
ANTENNA_1830/DIODE                      0.350000    0.423749   -0.073749 (VIOLATED)
ANTENNA_1825/DIODE                      0.350000    0.423749   -0.073749 (VIOLATED)
ANTENNA_1823/DIODE                      0.350000    0.423740   -0.073740 (VIOLATED)
ANTENNA_1832/DIODE                      0.350000    0.423740   -0.073740 (VIOLATED)
ANTENNA_1824/DIODE                      0.350000    0.423734   -0.073734 (VIOLATED)
max_cap494/X                            0.350000    0.423447   -0.073447 (VIOLATED)
u_memory._384_/B1                       0.350000    0.423363   -0.073363 (VIOLATED)
ANTENNA_188/DIODE                       0.350000    0.423354   -0.073354 (VIOLATED)
ANTENNA_187/DIODE                       0.350000    0.423354   -0.073354 (VIOLATED)
ANTENNA_190/DIODE                       0.350000    0.423353   -0.073353 (VIOLATED)
ANTENNA_189/DIODE                       0.350000    0.423348   -0.073348 (VIOLATED)
max_cap571/X                            0.350000    0.423342   -0.073342 (VIOLATED)
u_memory.g_read[0].g_bank[0].g_slice[0].u_sram/wmask[3]    0.350000    0.423246   -0.073246 (VIOLATED)
_110_/D                                 0.350000    0.423195   -0.073195 (VIOLATED)
input38/X                               0.350000    0.423167   -0.073167 (VIOLATED)
u_memory._270_/B1                       0.350000    0.423124   -0.073124 (VIOLATED)
ANTENNA_92/DIODE                        0.350000    0.423121   -0.073121 (VIOLATED)
ANTENNA_90/DIODE                        0.350000    0.423120   -0.073120 (VIOLATED)
ANTENNA_91/DIODE                        0.350000    0.423115   -0.073115 (VIOLATED)
u_memory._249_/B1                       0.350000    0.423042   -0.073042 (VIOLATED)
ANTENNA_72/DIODE                        0.350000    0.423038   -0.073038 (VIOLATED)
ANTENNA_70/DIODE                        0.350000    0.423036   -0.073036 (VIOLATED)
ANTENNA_71/DIODE                        0.350000    0.423034   -0.073034 (VIOLATED)
u_memory._382_/X                        0.350000    0.422959   -0.072959 (VIOLATED)
max_cap488/X                            0.350000    0.422948   -0.072948 (VIOLATED)
u_memory._254_/A2                       0.350000    0.422913   -0.072913 (VIOLATED)
ANTENNA_1086/DIODE                      0.350000    0.422910   -0.072910 (VIOLATED)
ANTENNA_1084/DIODE                      0.350000    0.422908   -0.072908 (VIOLATED)
ANTENNA_1085/DIODE                      0.350000    0.422904   -0.072904 (VIOLATED)
u_memory._268_/X                        0.350000    0.422718   -0.072718 (VIOLATED)
max_cap424/A                            0.350000    0.422618   -0.072618 (VIOLATED)
ANTENNA_1346/DIODE                      0.350000    0.422606   -0.072606 (VIOLATED)
ANTENNA_1345/DIODE                      0.350000    0.422606   -0.072606 (VIOLATED)
ANTENNA_1344/DIODE                      0.350000    0.422605   -0.072605 (VIOLATED)
ANTENNA_1348/DIODE                      0.350000    0.422605   -0.072605 (VIOLATED)
ANTENNA_1347/DIODE                      0.350000    0.422605   -0.072605 (VIOLATED)
ANTENNA_1343/DIODE                      0.350000    0.422605   -0.072605 (VIOLATED)
ANTENNA_1339/DIODE                      0.350000    0.422599   -0.072599 (VIOLATED)
ANTENNA_1349/DIODE                      0.350000    0.422599   -0.072599 (VIOLATED)
ANTENNA_1342/DIODE                      0.350000    0.422598   -0.072598 (VIOLATED)
ANTENNA_1341/DIODE                      0.350000    0.422597   -0.072597 (VIOLATED)
ANTENNA_1340/DIODE                      0.350000    0.422597   -0.072597 (VIOLATED)
_034_/D                                 0.350000    0.422408   -0.072408 (VIOLATED)
u_memory.g_read[1].g_bank[2].g_slice[0].u_sram/din[14]    0.350000    0.422402   -0.072402 (VIOLATED)
u_memory._330_/X                        0.350000    0.422371   -0.072371 (VIOLATED)
u_memory._258_/B1                       0.350000    0.422317   -0.072317 (VIOLATED)
ANTENNA_81/DIODE                        0.350000    0.422314   -0.072314 (VIOLATED)
ANTENNA_80/DIODE                        0.350000    0.422312   -0.072312 (VIOLATED)
ANTENNA_82/DIODE                        0.350000    0.422308   -0.072308 (VIOLATED)
u_memory._247_/X                        0.350000    0.422203   -0.072203 (VIOLATED)
wire330/X                               0.350000    0.422131   -0.072131 (VIOLATED)
max_cap411/X                            0.350000    0.421961   -0.071961 (VIOLATED)
u_memory.g_read[1].g_bank[2].g_slice[0].u_sram/din[13]    0.350000    0.421935   -0.071935 (VIOLATED)
u_memory._256_/X                        0.350000    0.421893   -0.071893 (VIOLATED)
u_memory._279_/B1                       0.350000    0.421804   -0.071804 (VIOLATED)
ANTENNA_98/DIODE                        0.350000    0.421801   -0.071801 (VIOLATED)
ANTENNA_96/DIODE                        0.350000    0.421799   -0.071799 (VIOLATED)
ANTENNA_97/DIODE                        0.350000    0.421797   -0.071797 (VIOLATED)
u_memory._371_/B1                       0.350000    0.421736   -0.071736 (VIOLATED)
u_memory._294_/B2                       0.350000    0.421443   -0.071443 (VIOLATED)
ANTENNA_116/DIODE                       0.350000    0.421441   -0.071441 (VIOLATED)
u_memory._283_/C                        0.350000    0.421394   -0.071394 (VIOLATED)
ANTENNA_960/DIODE                       0.350000    0.421392   -0.071392 (VIOLATED)
ANTENNA_958/DIODE                       0.350000    0.421391   -0.071391 (VIOLATED)
ANTENNA_957/DIODE                       0.350000    0.421391   -0.071391 (VIOLATED)
ANTENNA_959/DIODE                       0.350000    0.421382   -0.071382 (VIOLATED)
u_memory._277_/X                        0.350000    0.421379   -0.071379 (VIOLATED)
u_memory.g_read[0].g_bank[2].g_slice[0].u_sram/din[21]    0.350000    0.421316   -0.071316 (VIOLATED)
ANTENNA_1517/DIODE                      0.350000    0.420998   -0.070998 (VIOLATED)
ANTENNA_1516/DIODE                      0.350000    0.420998   -0.070998 (VIOLATED)
ANTENNA_1522/DIODE                      0.350000    0.420991   -0.070991 (VIOLATED)
ANTENNA_1521/DIODE                      0.350000    0.420991   -0.070991 (VIOLATED)
ANTENNA_1520/DIODE                      0.350000    0.420990   -0.070990 (VIOLATED)
ANTENNA_1519/DIODE                      0.350000    0.420990   -0.070990 (VIOLATED)
ANTENNA_1523/DIODE                      0.350000    0.420989   -0.070989 (VIOLATED)
ANTENNA_1518/DIODE                      0.350000    0.420989   -0.070989 (VIOLATED)
ANTENNA_1295/DIODE                      0.350000    0.420984   -0.070984 (VIOLATED)
ANTENNA_1304/DIODE                      0.350000    0.420983   -0.070983 (VIOLATED)
ANTENNA_1297/DIODE                      0.350000    0.420983   -0.070983 (VIOLATED)
ANTENNA_1296/DIODE                      0.350000    0.420983   -0.070983 (VIOLATED)
ANTENNA_1515/DIODE                      0.350000    0.420982   -0.070982 (VIOLATED)
ANTENNA_1525/DIODE                      0.350000    0.420982   -0.070982 (VIOLATED)
ANTENNA_1524/DIODE                      0.350000    0.420982   -0.070982 (VIOLATED)
ANTENNA_1300/DIODE                      0.350000    0.420981   -0.070981 (VIOLATED)
ANTENNA_1299/DIODE                      0.350000    0.420981   -0.070981 (VIOLATED)
ANTENNA_1298/DIODE                      0.350000    0.420981   -0.070981 (VIOLATED)
ANTENNA_1305/DIODE                      0.350000    0.420978   -0.070978 (VIOLATED)
ANTENNA_1303/DIODE                      0.350000    0.420977   -0.070977 (VIOLATED)
ANTENNA_1302/DIODE                      0.350000    0.420977   -0.070977 (VIOLATED)
ANTENNA_1301/DIODE                      0.350000    0.420977   -0.070977 (VIOLATED)
ANTENNA_876/DIODE                       0.350000    0.420821   -0.070821 (VIOLATED)
u_memory._369_/A1                       0.350000    0.420821   -0.070821 (VIOLATED)
ANTENNA_874/DIODE                       0.350000    0.420820   -0.070820 (VIOLATED)
ANTENNA_875/DIODE                       0.350000    0.420809   -0.070809 (VIOLATED)
ANTENNA_877/DIODE                       0.350000    0.420807   -0.070807 (VIOLATED)
u_memory._293_/X                        0.350000    0.420769   -0.070769 (VIOLATED)
wire298/X                               0.350000    0.420696   -0.070696 (VIOLATED)
wire387/A                               0.350000    0.420686   -0.070686 (VIOLATED)
ANTENNA_2699/DIODE                      0.350000    0.420683   -0.070683 (VIOLATED)
u_memory.g_read[1].g_bank[2].g_slice[0].u_sram/din[9]    0.350000    0.420559   -0.070559 (VIOLATED)
u_memory.g_read[0].g_bank[3].g_slice[0].u_sram/wmask[3]    0.350000    0.420542   -0.070542 (VIOLATED)
max_cap440/X                            0.350000    0.420346   -0.070346 (VIOLATED)
max_cap404/X                            0.350000    0.420338   -0.070338 (VIOLATED)
wire279/X                               0.350000    0.420311   -0.070311 (VIOLATED)
u_memory._291_/B1                       0.350000    0.420252   -0.070252 (VIOLATED)
ANTENNA_110/DIODE                       0.350000    0.420248   -0.070248 (VIOLATED)
ANTENNA_108/DIODE                       0.350000    0.420247   -0.070247 (VIOLATED)
ANTENNA_109/DIODE                       0.350000    0.420245   -0.070245 (VIOLATED)
u_memory._218_/A1                       0.350000    0.420233   -0.070233 (VIOLATED)
ANTENNA_1137/DIODE                      0.350000    0.420231   -0.070231 (VIOLATED)
ANTENNA_1135/DIODE                      0.350000    0.420230   -0.070230 (VIOLATED)
ANTENNA_1136/DIODE                      0.350000    0.420209   -0.070209 (VIOLATED)
ANTENNA_1138/DIODE                      0.350000    0.420195   -0.070195 (VIOLATED)
u_memory.g_read[1].g_bank[2].g_slice[0].u_sram/din[1]    0.350000    0.420043   -0.070043 (VIOLATED)
u_memory._289_/C                        0.350000    0.420021   -0.070021 (VIOLATED)
ANTENNA_950/DIODE                       0.350000    0.420016   -0.070016 (VIOLATED)
ANTENNA_948/DIODE                       0.350000    0.420014   -0.070014 (VIOLATED)
ANTENNA_949/DIODE                       0.350000    0.420011   -0.070011 (VIOLATED)
ANTENNA_951/DIODE                       0.350000    0.420009   -0.070009 (VIOLATED)
u_memory.g_read[0].g_bank[1].g_slice[0].u_sram/wmask[3]    0.350000    0.419818   -0.069818 (VIOLATED)
u_memory._289_/X                        0.350000    0.419793   -0.069793 (VIOLATED)
_074_/D                                 0.350000    0.419754   -0.069754 (VIOLATED)
input20/X                               0.350000    0.419738   -0.069738 (VIOLATED)
ANTENNA_2579/DIODE                      0.350000    0.419692   -0.069692 (VIOLATED)
ANTENNA_2578/DIODE                      0.350000    0.419692   -0.069692 (VIOLATED)
ANTENNA_2576/DIODE                      0.350000    0.419692   -0.069692 (VIOLATED)
ANTENNA_2575/DIODE                      0.350000    0.419691   -0.069691 (VIOLATED)
ANTENNA_2574/DIODE                      0.350000    0.419691   -0.069691 (VIOLATED)
ANTENNA_2581/DIODE                      0.350000    0.419691   -0.069691 (VIOLATED)
ANTENNA_2580/DIODE                      0.350000    0.419690   -0.069690 (VIOLATED)
ANTENNA_2577/DIODE                      0.350000    0.419683   -0.069683 (VIOLATED)
ANTENNA_2573/DIODE                      0.350000    0.419683   -0.069683 (VIOLATED)
ANTENNA_2572/DIODE                      0.350000    0.419683   -0.069683 (VIOLATED)
ANTENNA_2571/DIODE                      0.350000    0.419682   -0.069682 (VIOLATED)
wire343/X                               0.350000    0.419672   -0.069672 (VIOLATED)
u_memory._304_/A1                       0.350000    0.419659   -0.069659 (VIOLATED)
ANTENNA_1512/DIODE                      0.350000    0.419652   -0.069652 (VIOLATED)
ANTENNA_1511/DIODE                      0.350000    0.419652   -0.069652 (VIOLATED)
ANTENNA_1510/DIODE                      0.350000    0.419652   -0.069652 (VIOLATED)
ANTENNA_1514/DIODE                      0.350000    0.419652   -0.069652 (VIOLATED)
ANTENNA_1513/DIODE                      0.350000    0.419651   -0.069651 (VIOLATED)
ANTENNA_1508/DIODE                      0.350000    0.419651   -0.069651 (VIOLATED)
ANTENNA_1509/DIODE                      0.350000    0.419646   -0.069646 (VIOLATED)
ANTENNA_1507/DIODE                      0.350000    0.419646   -0.069646 (VIOLATED)
ANTENNA_1506/DIODE                      0.350000    0.419646   -0.069646 (VIOLATED)
ANTENNA_1505/DIODE                      0.350000    0.419645   -0.069645 (VIOLATED)
ANTENNA_1504/DIODE                      0.350000    0.419644   -0.069644 (VIOLATED)
u_memory._277_/C                        0.350000    0.419611   -0.069611 (VIOLATED)
ANTENNA_966/DIODE                       0.350000    0.419606   -0.069606 (VIOLATED)
ANTENNA_964/DIODE                       0.350000    0.419605   -0.069605 (VIOLATED)
ANTENNA_965/DIODE                       0.350000    0.419602   -0.069602 (VIOLATED)
ANTENNA_967/DIODE                       0.350000    0.419600   -0.069600 (VIOLATED)
output91/A                              0.350000    0.419581   -0.069581 (VIOLATED)
output94/A                              0.350000    0.419462   -0.069462 (VIOLATED)
wire296/X                               0.350000    0.419318   -0.069318 (VIOLATED)
max_cap389/A                            0.350000    0.419252   -0.069252 (VIOLATED)
u_memory._184_/A1                       0.350000    0.419223   -0.069223 (VIOLATED)
fanout169/X                             0.350000    0.419078   -0.069078 (VIOLATED)
u_memory._313_/A0                       0.350000    0.419045   -0.069045 (VIOLATED)
_027_/Q                                 0.350000    0.418990   -0.068990 (VIOLATED)
max_cap390/A                            0.350000    0.418966   -0.068966 (VIOLATED)
_030_/Q                                 0.350000    0.418905   -0.068905 (VIOLATED)
max_cap608/X                            0.350000    0.418900   -0.068900 (VIOLATED)
wire300/X                               0.350000    0.418869   -0.068869 (VIOLATED)
max_cap438/X                            0.350000    0.418845   -0.068845 (VIOLATED)
hold179/X                               0.350000    0.418765   -0.068765 (VIOLATED)
hold109/X                               0.350000    0.418756   -0.068756 (VIOLATED)
u_memory._273_/B1                       0.350000    0.418549   -0.068549 (VIOLATED)
ANTENNA_94/DIODE                        0.350000    0.418547   -0.068547 (VIOLATED)
ANTENNA_93/DIODE                        0.350000    0.418546   -0.068546 (VIOLATED)
ANTENNA_95/DIODE                        0.350000    0.418536   -0.068536 (VIOLATED)
u_memory._229_/A2                       0.350000    0.418440   -0.068440 (VIOLATED)
ANTENNA_1030/DIODE                      0.350000    0.418437   -0.068437 (VIOLATED)
ANTENNA_1028/DIODE                      0.350000    0.418435   -0.068435 (VIOLATED)
ANTENNA_1029/DIODE                      0.350000    0.418432   -0.068432 (VIOLATED)
u_memory.g_read[0].g_bank[2].g_slice[0].u_sram/din[25]    0.350000    0.418404   -0.068404 (VIOLATED)
u_memory._363_/B1                       0.350000    0.418320   -0.068320 (VIOLATED)
ANTENNA_167/DIODE                       0.350000    0.418317   -0.068317 (VIOLATED)
ANTENNA_165/DIODE                       0.350000    0.418315   -0.068315 (VIOLATED)
ANTENNA_166/DIODE                       0.350000    0.418313   -0.068313 (VIOLATED)
ANTENNA_168/DIODE                       0.350000    0.418311   -0.068311 (VIOLATED)
u_memory._255_/A1                       0.350000    0.418301   -0.068301 (VIOLATED)
ANTENNA_1199/DIODE                      0.350000    0.418300   -0.068300 (VIOLATED)
u_memory.g_read[0].g_bank[0].g_slice[0].u_sram/wmask[0]    0.350000    0.418291   -0.068291 (VIOLATED)
ANTENNA_1197/DIODE                      0.350000    0.418290   -0.068290 (VIOLATED)
ANTENNA_1198/DIODE                      0.350000    0.418289   -0.068289 (VIOLATED)
output98/A                              0.350000    0.418172   -0.068172 (VIOLATED)
_033_/Q                                 0.350000    0.418151   -0.068151 (VIOLATED)
u_memory._271_/X                        0.350000    0.418139   -0.068139 (VIOLATED)
u_memory.g_read[0].g_bank[2].g_slice[0].u_sram/wmask[3]    0.350000    0.418107   -0.068107 (VIOLATED)
u_memory._361_/X                        0.350000    0.417933   -0.067933 (VIOLATED)
u_memory.g_read[1].g_bank[2].g_slice[0].u_sram/din[4]    0.350000    0.417872   -0.067872 (VIOLATED)
u_memory._398_/B1                       0.350000    0.417844   -0.067844 (VIOLATED)
wire362/X                               0.350000    0.417793   -0.067793 (VIOLATED)
wire316/X                               0.350000    0.417684   -0.067684 (VIOLATED)
ANTENNA_160/DIODE                       0.350000    0.417555   -0.067555 (VIOLATED)
ANTENNA_158/DIODE                       0.350000    0.417549   -0.067549 (VIOLATED)
u_memory._357_/B1                       0.350000    0.417549   -0.067549 (VIOLATED)
u_memory.g_read[0].g_bank[1].g_slice[0].u_sram/wmask[0]    0.350000    0.417543   -0.067543 (VIOLATED)
ANTENNA_159/DIODE                       0.350000    0.417530   -0.067530 (VIOLATED)
ANTENNA_161/DIODE                       0.350000    0.417518   -0.067518 (VIOLATED)
u_memory._232_/A2                       0.350000    0.417323   -0.067323 (VIOLATED)
ANTENNA_1026/DIODE                      0.350000    0.417318   -0.067318 (VIOLATED)
ANTENNA_1024/DIODE                      0.350000    0.417317   -0.067317 (VIOLATED)
ANTENNA_1025/DIODE                      0.350000    0.417314   -0.067314 (VIOLATED)
ANTENNA_1027/DIODE                      0.350000    0.417312   -0.067312 (VIOLATED)
ANTENNA_1118/DIODE                      0.350000    0.417209   -0.067209 (VIOLATED)
u_memory._233_/A1                       0.350000    0.417205   -0.067205 (VIOLATED)
ANTENNA_1116/DIODE                      0.350000    0.417205   -0.067205 (VIOLATED)
ANTENNA_1117/DIODE                      0.350000    0.417182   -0.067182 (VIOLATED)
ANTENNA_1119/DIODE                      0.350000    0.417170   -0.067170 (VIOLATED)
u_memory._178_/A2                       0.350000    0.417065   -0.067065 (VIOLATED)
u_memory._355_/X                        0.350000    0.417063   -0.067063 (VIOLATED)
u_memory._177_/Y                        0.350000    0.417058   -0.067058 (VIOLATED)
u_memory._297_/B1                       0.350000    0.417001   -0.067001 (VIOLATED)
ANTENNA_119/DIODE                       0.350000    0.416998   -0.066998 (VIOLATED)
ANTENNA_117/DIODE                       0.350000    0.416997   -0.066997 (VIOLATED)
ANTENNA_118/DIODE                       0.350000    0.416987   -0.066987 (VIOLATED)
u_memory._192_/A1                       0.350000    0.416879   -0.066879 (VIOLATED)
u_memory._265_/C                        0.350000    0.416787   -0.066787 (VIOLATED)
ANTENNA_986/DIODE                       0.350000    0.416782   -0.066782 (VIOLATED)
ANTENNA_984/DIODE                       0.350000    0.416781   -0.066781 (VIOLATED)
ANTENNA_985/DIODE                       0.350000    0.416778   -0.066778 (VIOLATED)
ANTENNA_987/DIODE                       0.350000    0.416776   -0.066776 (VIOLATED)
u_memory._188_/A_N                      0.350000    0.416776   -0.066776 (VIOLATED)
wire425/X                               0.350000    0.416726   -0.066726 (VIOLATED)
wire338/X                               0.350000    0.416663   -0.066663 (VIOLATED)
wire315/X                               0.350000    0.416568   -0.066568 (VIOLATED)
u_memory._295_/X                        0.350000    0.416568   -0.066568 (VIOLATED)
u_memory._222_/C                        0.350000    0.416463   -0.066463 (VIOLATED)
ANTENNA_910/DIODE                       0.350000    0.416460   -0.066460 (VIOLATED)
ANTENNA_908/DIODE                       0.350000    0.416459   -0.066459 (VIOLATED)
ANTENNA_907/DIODE                       0.350000    0.416454   -0.066454 (VIOLATED)
ANTENNA_909/DIODE                       0.350000    0.416452   -0.066452 (VIOLATED)
hold33/X                                0.350000    0.416410   -0.066410 (VIOLATED)
u_memory.g_read[0].g_bank[2].g_slice[0].u_sram/din[15]    0.350000    0.416239   -0.066239 (VIOLATED)
wire305/X                               0.350000    0.416118   -0.066118 (VIOLATED)
ANTENNA_1165/DIODE                      0.350000    0.416074   -0.066074 (VIOLATED)
ANTENNA_1163/DIODE                      0.350000    0.416069   -0.066069 (VIOLATED)
u_memory._285_/A1                       0.350000    0.416068   -0.066068 (VIOLATED)
ANTENNA_1164/DIODE                      0.350000    0.416053   -0.066053 (VIOLATED)
wire288/X                               0.350000    0.415877   -0.065877 (VIOLATED)
u_memory._209_/B2                       0.350000    0.415794   -0.065794 (VIOLATED)
ANTENNA_31/DIODE                        0.350000    0.415791   -0.065791 (VIOLATED)
ANTENNA_29/DIODE                        0.350000    0.415790   -0.065790 (VIOLATED)
ANTENNA_30/DIODE                        0.350000    0.415788   -0.065788 (VIOLATED)
ANTENNA_1183/DIODE                      0.350000    0.415673   -0.065673 (VIOLATED)
ANTENNA_1181/DIODE                      0.350000    0.415669   -0.065669 (VIOLATED)
u_memory._212_/A1                       0.350000    0.415669   -0.065669 (VIOLATED)
ANTENNA_1182/DIODE                      0.350000    0.415645   -0.065645 (VIOLATED)
ANTENNA_1184/DIODE                      0.350000    0.415632   -0.065632 (VIOLATED)
wire351/X                               0.350000    0.415565   -0.065565 (VIOLATED)
u_memory._253_/C                        0.350000    0.415421   -0.065421 (VIOLATED)
ANTENNA_999/DIODE                       0.350000    0.415417   -0.065417 (VIOLATED)
ANTENNA_997/DIODE                       0.350000    0.415415   -0.065415 (VIOLATED)
ANTENNA_996/DIODE                       0.350000    0.415415   -0.065415 (VIOLATED)
ANTENNA_998/DIODE                       0.350000    0.415408   -0.065408 (VIOLATED)
u_memory._205_/X                        0.350000    0.415361   -0.065361 (VIOLATED)
u_memory._184_/B1                       0.350000    0.415181   -0.065181 (VIOLATED)
wire357/X                               0.350000    0.415144   -0.065144 (VIOLATED)
u_memory._261_/B1                       0.350000    0.415077   -0.065077 (VIOLATED)
ANTENNA_84/DIODE                        0.350000    0.415075   -0.065075 (VIOLATED)
ANTENNA_83/DIODE                        0.350000    0.415070   -0.065070 (VIOLATED)
ANTENNA_85/DIODE                        0.350000    0.415069   -0.065069 (VIOLATED)
u_memory._402_/A1                       0.350000    0.414899   -0.064899 (VIOLATED)
u_memory._226_/B2                       0.350000    0.414765   -0.064765 (VIOLATED)
ANTENNA_1031/DIODE                      0.350000    0.414746   -0.064746 (VIOLATED)
ANTENNA_1032/DIODE                      0.350000    0.414737   -0.064737 (VIOLATED)
ANTENNA_1033/DIODE                      0.350000    0.414736   -0.064736 (VIOLATED)
ANTENNA_685/DIODE                       0.350000    0.414724   -0.064724 (VIOLATED)
u_memory._364_/C                        0.350000    0.414722   -0.064722 (VIOLATED)
ANTENNA_687/DIODE                       0.350000    0.414710   -0.064710 (VIOLATED)
ANTENNA_686/DIODE                       0.350000    0.414709   -0.064709 (VIOLATED)
ANTENNA_688/DIODE                       0.350000    0.414709   -0.064709 (VIOLATED)
wire308/X                               0.350000    0.414686   -0.064686 (VIOLATED)
u_memory._259_/X                        0.350000    0.414651   -0.064651 (VIOLATED)
max_cap164/X                            0.350000    0.414466   -0.064466 (VIOLATED)
wire267/X                               0.350000    0.414413   -0.064413 (VIOLATED)
max_cap488/A                            0.350000    0.414123   -0.064123 (VIOLATED)
wire317/X                               0.350000    0.413999   -0.063999 (VIOLATED)
output74/A                              0.350000    0.413998   -0.063998 (VIOLATED)
wire229/X                               0.350000    0.413970   -0.063970 (VIOLATED)
_011_/Q                                 0.350000    0.413948   -0.063948 (VIOLATED)
max_cap489/X                            0.350000    0.413503   -0.063503 (VIOLATED)
u_memory._211_/A2                       0.350000    0.413499   -0.063499 (VIOLATED)
ANTENNA_1070/DIODE                      0.350000    0.413496   -0.063496 (VIOLATED)
ANTENNA_1068/DIODE                      0.350000    0.413494   -0.063494 (VIOLATED)
ANTENNA_1069/DIODE                      0.350000    0.413492   -0.063492 (VIOLATED)
ANTENNA_1071/DIODE                      0.350000    0.413490   -0.063490 (VIOLATED)
u_memory._334_/C                        0.350000    0.413261   -0.063261 (VIOLATED)
ANTENNA_629/DIODE                       0.350000    0.413258   -0.063258 (VIOLATED)
ANTENNA_627/DIODE                       0.350000    0.413256   -0.063256 (VIOLATED)
ANTENNA_626/DIODE                       0.350000    0.413252   -0.063252 (VIOLATED)
ANTENNA_628/DIODE                       0.350000    0.413251   -0.063251 (VIOLATED)
_040_/D                                 0.350000    0.413094   -0.063094 (VIOLATED)
u_memory._348_/X                        0.350000    0.413070   -0.063070 (VIOLATED)
wire326/X                               0.350000    0.412937   -0.062937 (VIOLATED)
wire214/X                               0.350000    0.412727   -0.062727 (VIOLATED)
u_memory.g_read[1].g_bank[2].g_slice[0].u_sram/din[28]    0.350000    0.412604   -0.062604 (VIOLATED)
ANTENNA_2740/DIODE                      0.350000    0.412461   -0.062461 (VIOLATED)
_030_/D                                 0.350000    0.412460   -0.062460 (VIOLATED)
ANTENNA_2741/DIODE                      0.350000    0.412460   -0.062460 (VIOLATED)
u_memory._297_/X                        0.350000    0.412421   -0.062421 (VIOLATED)
u_memory._336_/B1                       0.350000    0.412392   -0.062392 (VIOLATED)
ANTENNA_138/DIODE                       0.350000    0.412388   -0.062388 (VIOLATED)
ANTENNA_136/DIODE                       0.350000    0.412387   -0.062387 (VIOLATED)
ANTENNA_137/DIODE                       0.350000    0.412384   -0.062384 (VIOLATED)
u_memory._375_/B1                       0.350000    0.412019   -0.062019 (VIOLATED)
ANTENNA_182/DIODE                       0.350000    0.412017   -0.062017 (VIOLATED)
ANTENNA_180/DIODE                       0.350000    0.412017   -0.062017 (VIOLATED)
ANTENNA_181/DIODE                       0.350000    0.412004   -0.062004 (VIOLATED)
u_memory._334_/X                        0.350000    0.411941   -0.061941 (VIOLATED)
u_memory._358_/C                        0.350000    0.411830   -0.061830 (VIOLATED)
ANTENNA_694/DIODE                       0.350000    0.411826   -0.061826 (VIOLATED)
ANTENNA_692/DIODE                       0.350000    0.411824   -0.061824 (VIOLATED)
u_memory._315_/A0                       0.350000    0.411823   -0.061823 (VIOLATED)
ANTENNA_693/DIODE                       0.350000    0.411821   -0.061821 (VIOLATED)
ANTENNA_695/DIODE                       0.350000    0.411818   -0.061818 (VIOLATED)
ANTENNA_2710/DIODE                      0.350000    0.411791   -0.061791 (VIOLATED)
u_memory._319_/A0                       0.350000    0.411702   -0.061702 (VIOLATED)
ANTENNA_2709/DIODE                      0.350000    0.411680   -0.061680 (VIOLATED)
u_memory._373_/X                        0.350000    0.411650   -0.061650 (VIOLATED)
wire388/A                               0.350000    0.411346   -0.061346 (VIOLATED)
u_memory.g_read[1].g_bank[1].g_slice[0].u_sram/din[29]    0.350000    0.411229   -0.061229 (VIOLATED)
wire231/X                               0.350000    0.411109   -0.061109 (VIOLATED)
u_memory.g_read[1].g_bank[3].g_slice[0].u_sram/ce    0.350000    0.411060   -0.061060 (VIOLATED)
u_memory._244_/C                        0.350000    0.410893   -0.060893 (VIOLATED)
ANTENNA_1010/DIODE                      0.350000    0.410890   -0.060890 (VIOLATED)
ANTENNA_1008/DIODE                      0.350000    0.410889   -0.060889 (VIOLATED)
ANTENNA_1009/DIODE                      0.350000    0.410886   -0.060886 (VIOLATED)
ANTENNA_1011/DIODE                      0.350000    0.410883   -0.060883 (VIOLATED)
_108_/D                                 0.350000    0.410866   -0.060866 (VIOLATED)
input67/X                               0.350000    0.410849   -0.060849 (VIOLATED)
ANTENNA_2743/DIODE                      0.350000    0.410529   -0.060529 (VIOLATED)
_086_/D                                 0.350000    0.410527   -0.060527 (VIOLATED)
_019_/D                                 0.350000    0.410427   -0.060427 (VIOLATED)
wire311/X                               0.350000    0.410363   -0.060363 (VIOLATED)
ANTENNA_1259/DIODE                      0.350000    0.410353   -0.060353 (VIOLATED)
ANTENNA_1257/DIODE                      0.350000    0.410352   -0.060352 (VIOLATED)
ANTENNA_1256/DIODE                      0.350000    0.410352   -0.060352 (VIOLATED)
ANTENNA_1255/DIODE                      0.350000    0.410352   -0.060352 (VIOLATED)
ANTENNA_1260/DIODE                      0.350000    0.410351   -0.060351 (VIOLATED)
ANTENNA_1254/DIODE                      0.350000    0.410351   -0.060351 (VIOLATED)
ANTENNA_1258/DIODE                      0.350000    0.410350   -0.060350 (VIOLATED)
ANTENNA_1253/DIODE                      0.350000    0.410348   -0.060348 (VIOLATED)
ANTENNA_1261/DIODE                      0.350000    0.410313   -0.060313 (VIOLATED)
ANTENNA_1262/DIODE                      0.350000    0.410311   -0.060311 (VIOLATED)
ANTENNA_1263/DIODE                      0.350000    0.410309   -0.060309 (VIOLATED)
input11/X                               0.350000    0.410094   -0.060094 (VIOLATED)
output84/A                              0.350000    0.409832   -0.059832 (VIOLATED)
_002_/Q                                 0.350000    0.409780   -0.059780 (VIOLATED)
u_memory._367_/C                        0.350000    0.409570   -0.059570 (VIOLATED)
ANTENNA_683/DIODE                       0.350000    0.409565   -0.059565 (VIOLATED)
ANTENNA_681/DIODE                       0.350000    0.409564   -0.059564 (VIOLATED)
ANTENNA_682/DIODE                       0.350000    0.409561   -0.059561 (VIOLATED)
ANTENNA_684/DIODE                       0.350000    0.409559   -0.059559 (VIOLATED)
ANTENNA_223/DIODE                       0.350000    0.409543   -0.059543 (VIOLATED)
_117_/D                                 0.350000    0.409543   -0.059543 (VIOLATED)
input45/X                               0.350000    0.409522   -0.059522 (VIOLATED)
u_memory.g_read[1].g_bank[1].g_slice[0].u_sram/din[25]    0.350000    0.409502   -0.059502 (VIOLATED)
ANTENNA_846/DIODE                       0.350000    0.409497   -0.059497 (VIOLATED)
ANTENNA_844/DIODE                       0.350000    0.409496   -0.059496 (VIOLATED)
u_memory._387_/A1                       0.350000    0.409496   -0.059496 (VIOLATED)
ANTENNA_843/DIODE                       0.350000    0.409486   -0.059486 (VIOLATED)
ANTENNA_845/DIODE                       0.350000    0.409484   -0.059484 (VIOLATED)
max_cap390/X                            0.350000    0.409480   -0.059480 (VIOLATED)
u_memory._320_/A0                       0.350000    0.409477   -0.059477 (VIOLATED)
_085_/D                                 0.350000    0.409320   -0.059320 (VIOLATED)
wire272/X                               0.350000    0.409023   -0.059023 (VIOLATED)
wire228/X                               0.350000    0.409020   -0.059020 (VIOLATED)
u_memory._396_/A1                       0.350000    0.408903   -0.058903 (VIOLATED)
ANTENNA_838/DIODE                       0.350000    0.408900   -0.058900 (VIOLATED)
ANTENNA_836/DIODE                       0.350000    0.408895   -0.058895 (VIOLATED)
ANTENNA_834/DIODE                       0.350000    0.408893   -0.058893 (VIOLATED)
ANTENNA_833/DIODE                       0.350000    0.408885   -0.058885 (VIOLATED)
ANTENNA_835/DIODE                       0.350000    0.408880   -0.058880 (VIOLATED)
ANTENNA_837/DIODE                       0.350000    0.408874   -0.058874 (VIOLATED)
ANTENNA_839/DIODE                       0.350000    0.408867   -0.058867 (VIOLATED)
u_memory._308_/A0                       0.350000    0.408854   -0.058854 (VIOLATED)
hold177/X                               0.350000    0.408837   -0.058837 (VIOLATED)
u_memory._405_/B1                       0.350000    0.408776   -0.058776 (VIOLATED)
input10/X                               0.350000    0.408700   -0.058700 (VIOLATED)
u_memory._403_/X                        0.350000    0.408474   -0.058474 (VIOLATED)
u_memory._306_/A1                       0.350000    0.408409   -0.058409 (VIOLATED)
u_memory._393_/A1                       0.350000    0.408362   -0.058362 (VIOLATED)
hold167/X                               0.350000    0.408124   -0.058124 (VIOLATED)
u_memory.g_read[1].g_bank[2].g_slice[0].u_sram/din[22]    0.350000    0.407954   -0.057954 (VIOLATED)
u_memory.g_read[1].g_bank[1].g_slice[0].u_sram/din[4]    0.350000    0.407619   -0.057619 (VIOLATED)
ANTENNA_890/DIODE                       0.350000    0.407542   -0.057542 (VIOLATED)
ANTENNA_891/DIODE                       0.350000    0.407540   -0.057540 (VIOLATED)
ANTENNA_889/DIODE                       0.350000    0.407540   -0.057540 (VIOLATED)
u_memory._357_/A1                       0.350000    0.407535   -0.057535 (VIOLATED)
ANTENNA_888/DIODE                       0.350000    0.407535   -0.057535 (VIOLATED)
wire283/X                               0.350000    0.407022   -0.057022 (VIOLATED)
output92/A                              0.350000    0.406921   -0.056921 (VIOLATED)
u_memory._264_/X                        0.350000    0.406658   -0.056658 (VIOLATED)
u_memory._352_/C                        0.350000    0.406626   -0.056626 (VIOLATED)
ANTENNA_604/DIODE                       0.350000    0.406621   -0.056621 (VIOLATED)
ANTENNA_603/DIODE                       0.350000    0.406620   -0.056620 (VIOLATED)
ANTENNA_605/DIODE                       0.350000    0.406615   -0.056615 (VIOLATED)
u_memory._310_/A1                       0.350000    0.406579   -0.056579 (VIOLATED)
_028_/Q                                 0.350000    0.406489   -0.056489 (VIOLATED)
hold163/X                               0.350000    0.406456   -0.056456 (VIOLATED)
max_cap389/X                            0.350000    0.406316   -0.056316 (VIOLATED)
wire269/X                               0.350000    0.406216   -0.056216 (VIOLATED)
wire208/X                               0.350000    0.405981   -0.055981 (VIOLATED)
_109_/D                                 0.350000    0.405596   -0.055596 (VIOLATED)
wire642/X                               0.350000    0.405586   -0.055586 (VIOLATED)
u_memory._311_/A1                       0.350000    0.405507   -0.055507 (VIOLATED)
u_memory._292_/C                        0.350000    0.405453   -0.055453 (VIOLATED)
ANTENNA_946/DIODE                       0.350000    0.405448   -0.055448 (VIOLATED)
ANTENNA_944/DIODE                       0.350000    0.405447   -0.055447 (VIOLATED)
ANTENNA_945/DIODE                       0.350000    0.405445   -0.055445 (VIOLATED)
ANTENNA_947/DIODE                       0.350000    0.405443   -0.055443 (VIOLATED)
hold159/X                               0.350000    0.405391   -0.055391 (VIOLATED)
u_memory._361_/C                        0.350000    0.404978   -0.054978 (VIOLATED)
ANTENNA_691/DIODE                       0.350000    0.404973   -0.054973 (VIOLATED)
ANTENNA_689/DIODE                       0.350000    0.404973   -0.054973 (VIOLATED)
ANTENNA_690/DIODE                       0.350000    0.404970   -0.054970 (VIOLATED)
wire295/X                               0.350000    0.404908   -0.054908 (VIOLATED)
u_memory._396_/B1                       0.350000    0.404854   -0.054854 (VIOLATED)
u_memory.g_read[1].g_bank[2].g_slice[0].u_sram/din[19]    0.350000    0.404829   -0.054829 (VIOLATED)
wire230/X                               0.350000    0.404465   -0.054465 (VIOLATED)
u_memory._381_/A1                       0.350000    0.404432   -0.054432 (VIOLATED)
ANTENNA_861/DIODE                       0.350000    0.404430   -0.054430 (VIOLATED)
ANTENNA_859/DIODE                       0.350000    0.404417   -0.054417 (VIOLATED)
ANTENNA_857/DIODE                       0.350000    0.404411   -0.054411 (VIOLATED)
ANTENNA_855/DIODE                       0.350000    0.404402   -0.054402 (VIOLATED)
ANTENNA_854/DIODE                       0.350000    0.404371   -0.054371 (VIOLATED)
ANTENNA_856/DIODE                       0.350000    0.404350   -0.054350 (VIOLATED)
ANTENNA_858/DIODE                       0.350000    0.404325   -0.054325 (VIOLATED)
ANTENNA_860/DIODE                       0.350000    0.404297   -0.054297 (VIOLATED)
output136/A                             0.350000    0.404271   -0.054271 (VIOLATED)
ANTENNA_862/DIODE                       0.350000    0.404266   -0.054266 (VIOLATED)
_010_/Q                                 0.350000    0.404229   -0.054229 (VIOLATED)
wire172/X                               0.350000    0.404034   -0.054034 (VIOLATED)
u_memory._411_/B1                       0.350000    0.403989   -0.053989 (VIOLATED)
u_memory.g_read[1].g_bank[2].g_slice[0].u_sram/din[23]    0.350000    0.403813   -0.053813 (VIOLATED)
max_cap565/A                            0.350000    0.403750   -0.053750 (VIOLATED)
ANTENNA_2116/DIODE                      0.350000    0.403673   -0.053673 (VIOLATED)
ANTENNA_2114/DIODE                      0.350000    0.403672   -0.053672 (VIOLATED)
ANTENNA_2110/DIODE                      0.350000    0.403672   -0.053672 (VIOLATED)
ANTENNA_2109/DIODE                      0.350000    0.403670   -0.053670 (VIOLATED)
u_memory._409_/X                        0.350000    0.403667   -0.053667 (VIOLATED)
ANTENNA_2119/DIODE                      0.350000    0.403659   -0.053659 (VIOLATED)
ANTENNA_2118/DIODE                      0.350000    0.403626   -0.053626 (VIOLATED)
ANTENNA_2111/DIODE                      0.350000    0.403625   -0.053625 (VIOLATED)
ANTENNA_2112/DIODE                      0.350000    0.403623   -0.053623 (VIOLATED)
ANTENNA_2113/DIODE                      0.350000    0.403620   -0.053620 (VIOLATED)
ANTENNA_2115/DIODE                      0.350000    0.403618   -0.053618 (VIOLATED)
ANTENNA_2117/DIODE                      0.350000    0.403615   -0.053615 (VIOLATED)
u_memory._294_/A1                       0.350000    0.403562   -0.053562 (VIOLATED)
ANTENNA_1153/DIODE                      0.350000    0.403560   -0.053560 (VIOLATED)
ANTENNA_1151/DIODE                      0.350000    0.403558   -0.053558 (VIOLATED)
ANTENNA_1152/DIODE                      0.350000    0.403527   -0.053527 (VIOLATED)
ANTENNA_1154/DIODE                      0.350000    0.403526   -0.053526 (VIOLATED)
u_memory._341_/A2                       0.350000    0.403386   -0.053386 (VIOLATED)
ANTENNA_721/DIODE                       0.350000    0.403381   -0.053381 (VIOLATED)
ANTENNA_719/DIODE                       0.350000    0.403380   -0.053380 (VIOLATED)
ANTENNA_720/DIODE                       0.350000    0.403376   -0.053376 (VIOLATED)
ANTENNA_722/DIODE                       0.350000    0.403375   -0.053375 (VIOLATED)
_133_/D                                 0.350000    0.403182   -0.053182 (VIOLATED)
input70/X                               0.350000    0.403127   -0.053127 (VIOLATED)
u_memory._335_/A2                       0.350000    0.403066   -0.053066 (VIOLATED)
ANTENNA_727/DIODE                       0.350000    0.403054   -0.053054 (VIOLATED)
ANTENNA_729/DIODE                       0.350000    0.403051   -0.053051 (VIOLATED)
ANTENNA_728/DIODE                       0.350000    0.403046   -0.053046 (VIOLATED)
ANTENNA_730/DIODE                       0.350000    0.403044   -0.053044 (VIOLATED)
u_memory.g_read[1].g_bank[1].g_slice[0].u_sram/din[7]    0.350000    0.403000   -0.052999 (VIOLATED)
ANTENNA_1611/DIODE                      0.350000    0.402995   -0.052995 (VIOLATED)
ANTENNA_1609/DIODE                      0.350000    0.402995   -0.052995 (VIOLATED)
ANTENNA_1608/DIODE                      0.350000    0.402995   -0.052995 (VIOLATED)
ANTENNA_1607/DIODE                      0.350000    0.402995   -0.052995 (VIOLATED)
ANTENNA_1612/DIODE                      0.350000    0.402994   -0.052994 (VIOLATED)
ANTENNA_1606/DIODE                      0.350000    0.402994   -0.052994 (VIOLATED)
ANTENNA_1610/DIODE                      0.350000    0.402989   -0.052989 (VIOLATED)
ANTENNA_1603/DIODE                      0.350000    0.402989   -0.052989 (VIOLATED)
ANTENNA_1605/DIODE                      0.350000    0.402989   -0.052989 (VIOLATED)
ANTENNA_1613/DIODE                      0.350000    0.402989   -0.052989 (VIOLATED)
ANTENNA_1604/DIODE                      0.350000    0.402988   -0.052988 (VIOLATED)
max_cap566/X                            0.350000    0.402977   -0.052977 (VIOLATED)
wire348/X                               0.350000    0.402938   -0.052938 (VIOLATED)
u_memory._332_/A2                       0.350000    0.402896   -0.052896 (VIOLATED)
ANTENNA_733/DIODE                       0.350000    0.402891   -0.052891 (VIOLATED)
ANTENNA_731/DIODE                       0.350000    0.402890   -0.052890 (VIOLATED)
ANTENNA_732/DIODE                       0.350000    0.402887   -0.052887 (VIOLATED)
wire238/X                               0.350000    0.402849   -0.052849 (VIOLATED)
max_cap534/X                            0.350000    0.402822   -0.052822 (VIOLATED)
output128/A                             0.350000    0.402661   -0.052661 (VIOLATED)
_006_/Q                                 0.350000    0.402603   -0.052603 (VIOLATED)
wire148/X                               0.350000    0.402585   -0.052585 (VIOLATED)
wire270/X                               0.350000    0.402541   -0.052541 (VIOLATED)
wire240/X                               0.350000    0.402517   -0.052517 (VIOLATED)
u_memory._407_/B1                       0.350000    0.402422   -0.052422 (VIOLATED)
max_cap467/A                            0.350000    0.402407   -0.052407 (VIOLATED)
ANTENNA_706/DIODE                       0.350000    0.402335   -0.052335 (VIOLATED)
u_memory._353_/A2                       0.350000    0.402333   -0.052333 (VIOLATED)
ANTENNA_704/DIODE                       0.350000    0.402332   -0.052332 (VIOLATED)
ANTENNA_705/DIODE                       0.350000    0.402323   -0.052323 (VIOLATED)
max_cap454/X                            0.350000    0.402266   -0.052266 (VIOLATED)
u_memory._300_/B1                       0.350000    0.402223   -0.052223 (VIOLATED)
wire241/X                               0.350000    0.402210   -0.052210 (VIOLATED)
u_memory._373_/C                        0.350000    0.402164   -0.052164 (VIOLATED)
ANTENNA_675/DIODE                       0.350000    0.402159   -0.052159 (VIOLATED)
ANTENNA_674/DIODE                       0.350000    0.402158   -0.052158 (VIOLATED)
ANTENNA_676/DIODE                       0.350000    0.402153   -0.052153 (VIOLATED)
ANTENNA_677/DIODE                       0.350000    0.402151   -0.052151 (VIOLATED)
u_memory.g_read[1].g_bank[2].g_slice[0].u_sram/din[20]    0.350000    0.402149   -0.052149 (VIOLATED)
u_memory._303_/B1                       0.350000    0.401958   -0.051958 (VIOLATED)
ANTENNA_122/DIODE                       0.350000    0.401954   -0.051954 (VIOLATED)
ANTENNA_120/DIODE                       0.350000    0.401953   -0.051953 (VIOLATED)
ANTENNA_121/DIODE                       0.350000    0.401951   -0.051951 (VIOLATED)
wire234/X                               0.350000    0.401742   -0.051742 (VIOLATED)
max_cap468/X                            0.350000    0.401617   -0.051616 (VIOLATED)
u_memory._300_/A1                       0.350000    0.401573   -0.051573 (VIOLATED)
u_memory._301_/X                        0.350000    0.401517   -0.051517 (VIOLATED)
wire226/X                               0.350000    0.401509   -0.051509 (VIOLATED)
wire180/X                               0.350000    0.401495   -0.051495 (VIOLATED)
u_memory._257_/A2                       0.350000    0.401423   -0.051423 (VIOLATED)
ANTENNA_1082/DIODE                      0.350000    0.401421   -0.051421 (VIOLATED)
ANTENNA_1080/DIODE                      0.350000    0.401417   -0.051417 (VIOLATED)
ANTENNA_1081/DIODE                      0.350000    0.401411   -0.051411 (VIOLATED)
ANTENNA_1083/DIODE                      0.350000    0.401409   -0.051409 (VIOLATED)
ANTENNA_1816/DIODE                      0.350000    0.401348   -0.051348 (VIOLATED)
ANTENNA_1822/DIODE                      0.350000    0.401345   -0.051344 (VIOLATED)
ANTENNA_1818/DIODE                      0.350000    0.401344   -0.051344 (VIOLATED)
ANTENNA_1817/DIODE                      0.350000    0.401344   -0.051344 (VIOLATED)
ANTENNA_1815/DIODE                      0.350000    0.401343   -0.051343 (VIOLATED)
ANTENNA_1814/DIODE                      0.350000    0.401343   -0.051343 (VIOLATED)
ANTENNA_1813/DIODE                      0.350000    0.401342   -0.051342 (VIOLATED)
ANTENNA_1812/DIODE                      0.350000    0.401339   -0.051339 (VIOLATED)
ANTENNA_1821/DIODE                      0.350000    0.401339   -0.051339 (VIOLATED)
ANTENNA_1820/DIODE                      0.350000    0.401339   -0.051339 (VIOLATED)
ANTENNA_1819/DIODE                      0.350000    0.401338   -0.051338 (VIOLATED)
_013_/D                                 0.350000    0.401337   -0.051337 (VIOLATED)
u_memory._246_/X                        0.350000    0.401314   -0.051314 (VIOLATED)
max_cap558/A                            0.350000    0.401271   -0.051271 (VIOLATED)
u_memory._216_/C                        0.350000    0.401264   -0.051264 (VIOLATED)
ANTENNA_918/DIODE                       0.350000    0.401263   -0.051263 (VIOLATED)
ANTENNA_916/DIODE                       0.350000    0.401262   -0.051262 (VIOLATED)
u_memory._381_/B1                       0.350000    0.401261   -0.051261 (VIOLATED)
ANTENNA_915/DIODE                       0.350000    0.401257   -0.051257 (VIOLATED)
ANTENNA_917/DIODE                       0.350000    0.401255   -0.051255 (VIOLATED)
wire345/X                               0.350000    0.401056   -0.051056 (VIOLATED)
ANTENNA_2718/DIODE                      0.350000    0.400880   -0.050880 (VIOLATED)
ANTENNA_2719/DIODE                      0.350000    0.400880   -0.050880 (VIOLATED)
ANTENNA_2721/DIODE                      0.350000    0.400867   -0.050867 (VIOLATED)
ANTENNA_2720/DIODE                      0.350000    0.400867   -0.050867 (VIOLATED)
_093_/D                                 0.350000    0.400834   -0.050834 (VIOLATED)
u_memory._351_/A1                       0.350000    0.400795   -0.050795 (VIOLATED)
ANTENNA_775/DIODE                       0.350000    0.400791   -0.050791 (VIOLATED)
ANTENNA_774/DIODE                       0.350000    0.400790   -0.050790 (VIOLATED)
ANTENNA_773/DIODE                       0.350000    0.400790   -0.050790 (VIOLATED)
ANTENNA_2658/DIODE                      0.350000    0.400783   -0.050783 (VIOLATED)
ANTENNA_2657/DIODE                      0.350000    0.400783   -0.050783 (VIOLATED)
ANTENNA_2655/DIODE                      0.350000    0.400783   -0.050783 (VIOLATED)
ANTENNA_2648/DIODE                      0.350000    0.400782   -0.050782 (VIOLATED)
ANTENNA_2653/DIODE                      0.350000    0.400782   -0.050782 (VIOLATED)
ANTENNA_2652/DIODE                      0.350000    0.400782   -0.050782 (VIOLATED)
ANTENNA_2654/DIODE                      0.350000    0.400780   -0.050780 (VIOLATED)
ANTENNA_2656/DIODE                      0.350000    0.400780   -0.050780 (VIOLATED)
ANTENNA_2649/DIODE                      0.350000    0.400780   -0.050780 (VIOLATED)
ANTENNA_2651/DIODE                      0.350000    0.400780   -0.050780 (VIOLATED)
ANTENNA_2650/DIODE                      0.350000    0.400780   -0.050780 (VIOLATED)
wire290/X                               0.350000    0.400755   -0.050755 (VIOLATED)
wire329/X                               0.350000    0.400748   -0.050748 (VIOLATED)
max_cap487/X                            0.350000    0.400689   -0.050689 (VIOLATED)
max_cap559/X                            0.350000    0.400521   -0.050521 (VIOLATED)
hold197/X                               0.350000    0.400475   -0.050475 (VIOLATED)
u_memory._379_/X                        0.350000    0.400467   -0.050467 (VIOLATED)
input31/X                               0.350000    0.400326   -0.050326 (VIOLATED)
wire254/X                               0.350000    0.400323   -0.050323 (VIOLATED)
ANTENNA_894/DIODE                       0.350000    0.400265   -0.050265 (VIOLATED)
ANTENNA_892/DIODE                       0.350000    0.400263   -0.050263 (VIOLATED)
u_memory._327_/A1                       0.350000    0.400255   -0.050255 (VIOLATED)
ANTENNA_893/DIODE                       0.350000    0.400232   -0.050231 (VIOLATED)
max_cap620/X                            0.350000    0.400175   -0.050175 (VIOLATED)
u_memory._346_/C                        0.350000    0.400114   -0.050114 (VIOLATED)
ANTENNA_612/DIODE                       0.350000    0.400109   -0.050110 (VIOLATED)
ANTENNA_610/DIODE                       0.350000    0.400108   -0.050108 (VIOLATED)
ANTENNA_611/DIODE                       0.350000    0.400105   -0.050105 (VIOLATED)
ANTENNA_613/DIODE                       0.350000    0.400102   -0.050102 (VIOLATED)
u_memory.g_read[0].g_bank[1].g_slice[0].u_sram/din[23]    0.350000    0.400023   -0.050023 (VIOLATED)
wire284/X                               0.350000    0.399737   -0.049737 (VIOLATED)
wire210/X                               0.350000    0.399493   -0.049493 (VIOLATED)
u_memory._376_/C                        0.350000    0.399140   -0.049140 (VIOLATED)
ANTENNA_673/DIODE                       0.350000    0.399138   -0.049138 (VIOLATED)
ANTENNA_672/DIODE                       0.350000    0.399138   -0.049138 (VIOLATED)
ANTENNA_671/DIODE                       0.350000    0.399137   -0.049137 (VIOLATED)
u_memory.g_read[1].g_bank[2].g_slice[0].u_sram/addr[5]    0.350000    0.398596   -0.048596 (VIOLATED)
u_memory.g_read[1].g_bank[3].g_slice[0].u_sram/addr[5]    0.350000    0.398477   -0.048477 (VIOLATED)
wire225/X                               0.350000    0.398474   -0.048474 (VIOLATED)
ANTENNA_56/DIODE                        0.350000    0.398288   -0.048288 (VIOLATED)
ANTENNA_59/DIODE                        0.350000    0.398284   -0.048284 (VIOLATED)
u_memory._237_/B2                       0.350000    0.398283   -0.048283 (VIOLATED)
ANTENNA_57/DIODE                        0.350000    0.398279   -0.048279 (VIOLATED)
u_memory.g_read[1].g_bank[0].g_slice[0].u_sram/addr[8]    0.350000    0.398276   -0.048276 (VIOLATED)
ANTENNA_58/DIODE                        0.350000    0.398243   -0.048243 (VIOLATED)
u_memory.g_read[0].g_bank[1].g_slice[0].u_sram/din[6]    0.350000    0.398044   -0.048044 (VIOLATED)
u_memory._275_/A2                       0.350000    0.397861   -0.047861 (VIOLATED)
u_memory._318_/A0                       0.350000    0.397646   -0.047646 (VIOLATED)
ANTENNA_1220/DIODE                      0.350000    0.397596   -0.047596 (VIOLATED)
ANTENNA_1218/DIODE                      0.350000    0.397592   -0.047592 (VIOLATED)
u_memory._209_/A1                       0.350000    0.397592   -0.047592 (VIOLATED)
ANTENNA_1219/DIODE                      0.350000    0.397570   -0.047570 (VIOLATED)
ANTENNA_1221/DIODE                      0.350000    0.397558   -0.047558 (VIOLATED)
u_memory._236_/X                        0.350000    0.397387   -0.047387 (VIOLATED)
wire368/X                               0.350000    0.397113   -0.047113 (VIOLATED)
ANTENNA_1378/DIODE                      0.350000    0.396945   -0.046945 (VIOLATED)
ANTENNA_1382/DIODE                      0.350000    0.396945   -0.046945 (VIOLATED)
ANTENNA_1376/DIODE                      0.350000    0.396944   -0.046944 (VIOLATED)
ANTENNA_1380/DIODE                      0.350000    0.396944   -0.046944 (VIOLATED)
ANTENNA_1375/DIODE                      0.350000    0.396944   -0.046944 (VIOLATED)
ANTENNA_1379/DIODE                      0.350000    0.396944   -0.046944 (VIOLATED)
ANTENNA_1374/DIODE                      0.350000    0.396944   -0.046944 (VIOLATED)
ANTENNA_1372/DIODE                      0.350000    0.396936   -0.046936 (VIOLATED)
ANTENNA_1381/DIODE                      0.350000    0.396936   -0.046936 (VIOLATED)
ANTENNA_1377/DIODE                      0.350000    0.396935   -0.046935 (VIOLATED)
ANTENNA_1373/DIODE                      0.350000    0.396933   -0.046933 (VIOLATED)
u_memory.g_read[0].g_bank[1].g_slice[0].u_sram/din[12]    0.350000    0.396730   -0.046730 (VIOLATED)
u_memory._225_/C                        0.350000    0.396468   -0.046468 (VIOLATED)
ANTENNA_905/DIODE                       0.350000    0.396462   -0.046462 (VIOLATED)
ANTENNA_903/DIODE                       0.350000    0.396461   -0.046461 (VIOLATED)
ANTENNA_904/DIODE                       0.350000    0.396458   -0.046458 (VIOLATED)
ANTENNA_906/DIODE                       0.350000    0.396456   -0.046456 (VIOLATED)
u_memory.g_read[1].g_bank[2].g_slice[0].u_sram/din[16]    0.350000    0.396391   -0.046391 (VIOLATED)
u_memory._238_/C                        0.350000    0.396328   -0.046328 (VIOLATED)
ANTENNA_1018/DIODE                      0.350000    0.396323   -0.046323 (VIOLATED)
ANTENNA_1016/DIODE                      0.350000    0.396322   -0.046322 (VIOLATED)
ANTENNA_1017/DIODE                      0.350000    0.396319   -0.046319 (VIOLATED)
ANTENNA_1019/DIODE                      0.350000    0.396317   -0.046317 (VIOLATED)
max_cap417/X                            0.350000    0.396150   -0.046150 (VIOLATED)
ANTENNA_221/DIODE                       0.350000    0.396147   -0.046147 (VIOLATED)
_115_/D                                 0.350000    0.396147   -0.046147 (VIOLATED)
input43/X                               0.350000    0.396123   -0.046123 (VIOLATED)
wire287/X                               0.350000    0.395850   -0.045850 (VIOLATED)
wire313/X                               0.350000    0.395839   -0.045839 (VIOLATED)
ANTENNA_2300/DIODE                      0.350000    0.395537   -0.045537 (VIOLATED)
ANTENNA_2297/DIODE                      0.350000    0.395537   -0.045537 (VIOLATED)
ANTENNA_2302/DIODE                      0.350000    0.395529   -0.045529 (VIOLATED)
ANTENNA_2301/DIODE                      0.350000    0.395529   -0.045529 (VIOLATED)
ANTENNA_2299/DIODE                      0.350000    0.395528   -0.045528 (VIOLATED)
ANTENNA_2303/DIODE                      0.350000    0.395528   -0.045528 (VIOLATED)
ANTENNA_2298/DIODE                      0.350000    0.395528   -0.045528 (VIOLATED)
ANTENNA_2296/DIODE                      0.350000    0.395524   -0.045524 (VIOLATED)
ANTENNA_2306/DIODE                      0.350000    0.395524   -0.045524 (VIOLATED)
ANTENNA_2305/DIODE                      0.350000    0.395523   -0.045523 (VIOLATED)
ANTENNA_2304/DIODE                      0.350000    0.395523   -0.045523 (VIOLATED)
u_memory.g_read[0].g_bank[1].g_slice[0].u_sram/din[25]    0.350000    0.395382   -0.045382 (VIOLATED)
u_memory._214_/B2                       0.350000    0.395073   -0.045073 (VIOLATED)
ANTENNA_1048/DIODE                      0.350000    0.395058   -0.045058 (VIOLATED)
ANTENNA_1049/DIODE                      0.350000    0.395057   -0.045057 (VIOLATED)
ANTENNA_1050/DIODE                      0.350000    0.395050   -0.045050 (VIOLATED)
max_cap564/X                            0.350000    0.394846   -0.044846 (VIOLATED)
u_memory._309_/A1                       0.350000    0.394718   -0.044718 (VIOLATED)
hold187/X                               0.350000    0.394404   -0.044404 (VIOLATED)
wire321/X                               0.350000    0.394382   -0.044382 (VIOLATED)
ANTENNA_226/DIODE                       0.350000    0.394298   -0.044298 (VIOLATED)
_120_/D                                 0.350000    0.394297   -0.044297 (VIOLATED)
input49/X                               0.350000    0.394273   -0.044273 (VIOLATED)
u_memory.g_read[1].g_bank[1].g_slice[0].u_sram/addr[8]    0.350000    0.394229   -0.044229 (VIOLATED)
ANTENNA_2733/DIODE                      0.350000    0.394218   -0.044218 (VIOLATED)
ANTENNA_2734/DIODE                      0.350000    0.394217   -0.044217 (VIOLATED)
ANTENNA_2732/DIODE                      0.350000    0.394209   -0.044209 (VIOLATED)
ANTENNA_2731/DIODE                      0.350000    0.394208   -0.044208 (VIOLATED)
ANTENNA_1936/DIODE                      0.350000    0.394037   -0.044037 (VIOLATED)
ANTENNA_1933/DIODE                      0.350000    0.394035   -0.044035 (VIOLATED)
ANTENNA_1942/DIODE                      0.350000    0.394034   -0.044034 (VIOLATED)
ANTENNA_1940/DIODE                      0.350000    0.394033   -0.044033 (VIOLATED)
ANTENNA_1935/DIODE                      0.350000    0.394033   -0.044033 (VIOLATED)
ANTENNA_1934/DIODE                      0.350000    0.394033   -0.044033 (VIOLATED)
ANTENNA_1937/DIODE                      0.350000    0.393986   -0.043986 (VIOLATED)
ANTENNA_1938/DIODE                      0.350000    0.393985   -0.043985 (VIOLATED)
ANTENNA_1939/DIODE                      0.350000    0.393985   -0.043985 (VIOLATED)
ANTENNA_1941/DIODE                      0.350000    0.393985   -0.043985 (VIOLATED)
ANTENNA_1943/DIODE                      0.350000    0.393983   -0.043983 (VIOLATED)
_035_/D                                 0.350000    0.393843   -0.043843 (VIOLATED)
u_memory._333_/X                        0.350000    0.393792   -0.043792 (VIOLATED)
hold213/X                               0.350000    0.393701   -0.043701 (VIOLATED)
u_memory._180_/A2                       0.350000    0.393586   -0.043586 (VIOLATED)
u_memory._362_/A2                       0.350000    0.393396   -0.043396 (VIOLATED)
ANTENNA_755/DIODE                       0.350000    0.393384   -0.043384 (VIOLATED)
ANTENNA_757/DIODE                       0.350000    0.393382   -0.043382 (VIOLATED)
u_memory._193_/A                        0.350000    0.393381   -0.043381 (VIOLATED)
ANTENNA_756/DIODE                       0.350000    0.393377   -0.043377 (VIOLATED)
ANTENNA_758/DIODE                       0.350000    0.393375   -0.043375 (VIOLATED)
max_cap506/X                            0.350000    0.393337   -0.043337 (VIOLATED)
u_memory._202_/A                        0.350000    0.393141   -0.043141 (VIOLATED)
u_memory.g_read[0].g_bank[2].g_slice[0].u_sram/din[7]    0.350000    0.393077   -0.043077 (VIOLATED)
max_cap593/A                            0.350000    0.393001   -0.043001 (VIOLATED)
wire249/X                               0.350000    0.392914   -0.042914 (VIOLATED)
u_memory._392_/B1                       0.350000    0.392858   -0.042858 (VIOLATED)
max_cap530/A                            0.350000    0.392651   -0.042651 (VIOLATED)
u_memory._266_/A2                       0.350000    0.392543   -0.042543 (VIOLATED)
ANTENNA_1074/DIODE                      0.350000    0.392539   -0.042539 (VIOLATED)
ANTENNA_1072/DIODE                      0.350000    0.392538   -0.042538 (VIOLATED)
ANTENNA_1073/DIODE                      0.350000    0.392536   -0.042536 (VIOLATED)
ANTENNA_1075/DIODE                      0.350000    0.392535   -0.042535 (VIOLATED)
max_cap494/A                            0.350000    0.392501   -0.042501 (VIOLATED)
u_memory.g_read[1].g_bank[1].g_slice[0].u_sram/din[5]    0.350000    0.392299   -0.042299 (VIOLATED)
max_cap594/X                            0.350000    0.392288   -0.042288 (VIOLATED)
wire327/X                               0.350000    0.392076   -0.042076 (VIOLATED)
u_memory.g_read[1].g_bank[1].g_slice[0].u_sram/din[14]    0.350000    0.391961   -0.041961 (VIOLATED)
max_cap531/X                            0.350000    0.391921   -0.041921 (VIOLATED)
u_memory._384_/B2                       0.350000    0.391877   -0.041877 (VIOLATED)
max_cap495/X                            0.350000    0.391790   -0.041790 (VIOLATED)
u_memory._383_/X                        0.350000    0.391518   -0.041518 (VIOLATED)
u_memory.g_read[1].g_bank[1].g_slice[0].u_sram/din[28]    0.350000    0.391470   -0.041470 (VIOLATED)
u_memory._191_/X                        0.350000    0.390600   -0.040600 (VIOLATED)
u_memory._179_/X                        0.350000    0.390475   -0.040475 (VIOLATED)
u_memory._329_/A2                       0.350000    0.390351   -0.040351 (VIOLATED)
ANTENNA_735/DIODE                       0.350000    0.390339   -0.040339 (VIOLATED)
ANTENNA_737/DIODE                       0.350000    0.390336   -0.040336 (VIOLATED)
ANTENNA_736/DIODE                       0.350000    0.390332   -0.040332 (VIOLATED)
ANTENNA_738/DIODE                       0.350000    0.390330   -0.040330 (VIOLATED)
_043_/D                                 0.350000    0.390194   -0.040194 (VIOLATED)
u_memory._357_/X                        0.350000    0.390171   -0.040171 (VIOLATED)
wire397/A                               0.350000    0.390169   -0.040169 (VIOLATED)
max_cap402/A                            0.350000    0.390152   -0.040152 (VIOLATED)
hold35/X                                0.350000    0.390034   -0.040034 (VIOLATED)
ANTENNA_225/DIODE                       0.350000    0.389779   -0.039779 (VIOLATED)
_119_/D                                 0.350000    0.389778   -0.039778 (VIOLATED)
input47/X                               0.350000    0.389755   -0.039755 (VIOLATED)
wire243/X                               0.350000    0.389748   -0.039748 (VIOLATED)
hold146/X                               0.350000    0.389736   -0.039736 (VIOLATED)
u_memory.g_read[1].g_bank[1].g_slice[0].u_sram/din[19]    0.350000    0.389709   -0.039709 (VIOLATED)
max_cap417/A                            0.350000    0.389298   -0.039298 (VIOLATED)
u_memory.g_read[0].g_bank[1].g_slice[0].u_sram/din[27]    0.350000    0.389265   -0.039265 (VIOLATED)
max_cap599/A                            0.350000    0.389189   -0.039189 (VIOLATED)
u_memory.g_read[0].g_bank[0].g_slice[0].u_sram/addr[0]    0.350000    0.388996   -0.038996 (VIOLATED)
u_memory.g_read[0].g_bank[1].g_slice[0].u_sram/din[30]    0.350000    0.388836   -0.038836 (VIOLATED)
u_memory._260_/A2                       0.350000    0.388724   -0.038724 (VIOLATED)
ANTENNA_1078/DIODE                      0.350000    0.388721   -0.038720 (VIOLATED)
ANTENNA_1076/DIODE                      0.350000    0.388719   -0.038719 (VIOLATED)
ANTENNA_1077/DIODE                      0.350000    0.388718   -0.038718 (VIOLATED)
ANTENNA_1079/DIODE                      0.350000    0.388718   -0.038718 (VIOLATED)
ANTENNA_1808/DIODE                      0.350000    0.388707   -0.038707 (VIOLATED)
ANTENNA_1809/DIODE                      0.350000    0.388707   -0.038707 (VIOLATED)
ANTENNA_1806/DIODE                      0.350000    0.388707   -0.038707 (VIOLATED)
ANTENNA_1802/DIODE                      0.350000    0.388707   -0.038707 (VIOLATED)
ANTENNA_1804/DIODE                      0.350000    0.388707   -0.038707 (VIOLATED)
ANTENNA_1803/DIODE                      0.350000    0.388707   -0.038707 (VIOLATED)
ANTENNA_1807/DIODE                      0.350000    0.388707   -0.038707 (VIOLATED)
ANTENNA_1805/DIODE                      0.350000    0.388706   -0.038706 (VIOLATED)
ANTENNA_1801/DIODE                      0.350000    0.388706   -0.038706 (VIOLATED)
ANTENNA_1810/DIODE                      0.350000    0.388693   -0.038693 (VIOLATED)
ANTENNA_1811/DIODE                      0.350000    0.388693   -0.038693 (VIOLATED)
_072_/D                                 0.350000    0.388623   -0.038623 (VIOLATED)
ANTENNA_211/DIODE                       0.350000    0.388622   -0.038622 (VIOLATED)
input18/X                               0.350000    0.388591   -0.038591 (VIOLATED)
max_cap600/X                            0.350000    0.388473   -0.038473 (VIOLATED)
u_memory.g_read[1].g_bank[2].g_slice[0].u_sram/addr[7]    0.350000    0.388312   -0.038312 (VIOLATED)
u_memory.g_read[1].g_bank[3].g_slice[0].u_sram/addr[7]    0.350000    0.388169   -0.038169 (VIOLATED)
wire328/X                               0.350000    0.388095   -0.038095 (VIOLATED)
ANTENNA_2326/DIODE                      0.350000    0.387995   -0.037995 (VIOLATED)
ANTENNA_2328/DIODE                      0.350000    0.387990   -0.037990 (VIOLATED)
ANTENNA_2321/DIODE                      0.350000    0.387990   -0.037990 (VIOLATED)
ANTENNA_2325/DIODE                      0.350000    0.387990   -0.037990 (VIOLATED)
ANTENNA_2320/DIODE                      0.350000    0.387990   -0.037990 (VIOLATED)
ANTENNA_2319/DIODE                      0.350000    0.387990   -0.037990 (VIOLATED)
ANTENNA_2323/DIODE                      0.350000    0.387990   -0.037990 (VIOLATED)
ANTENNA_2322/DIODE                      0.350000    0.387989   -0.037989 (VIOLATED)
ANTENNA_2318/DIODE                      0.350000    0.387981   -0.037981 (VIOLATED)
max_cap485/X                            0.350000    0.387973   -0.037973 (VIOLATED)
ANTENNA_2327/DIODE                      0.350000    0.387972   -0.037972 (VIOLATED)
ANTENNA_2324/DIODE                      0.350000    0.387971   -0.037971 (VIOLATED)
max_cap572/A                            0.350000    0.387959   -0.037959 (VIOLATED)
ANTENNA_2495/DIODE                      0.350000    0.387913   -0.037913 (VIOLATED)
ANTENNA_2494/DIODE                      0.350000    0.387913   -0.037913 (VIOLATED)
ANTENNA_2504/DIODE                      0.350000    0.387894   -0.037894 (VIOLATED)
ANTENNA_2502/DIODE                      0.350000    0.387894   -0.037894 (VIOLATED)
ANTENNA_2500/DIODE                      0.350000    0.387894   -0.037894 (VIOLATED)
ANTENNA_2499/DIODE                      0.350000    0.387893   -0.037893 (VIOLATED)
ANTENNA_2496/DIODE                      0.350000    0.387893   -0.037893 (VIOLATED)
ANTENNA_2498/DIODE                      0.350000    0.387892   -0.037892 (VIOLATED)
ANTENNA_2497/DIODE                      0.350000    0.387892   -0.037892 (VIOLATED)
_036_/D                                 0.350000    0.387879   -0.037879 (VIOLATED)
ANTENNA_2501/DIODE                      0.350000    0.387877   -0.037877 (VIOLATED)
ANTENNA_2503/DIODE                      0.350000    0.387876   -0.037876 (VIOLATED)
u_memory._336_/X                        0.350000    0.387843   -0.037843 (VIOLATED)
u_memory.g_read[0].g_bank[2].g_slice[0].u_sram/din[23]    0.350000    0.387777   -0.037777 (VIOLATED)
max_cap550/A                            0.350000    0.387313   -0.037313 (VIOLATED)
max_cap567/X                            0.350000    0.387253   -0.037253 (VIOLATED)
max_cap573/X                            0.350000    0.387246   -0.037246 (VIOLATED)
ANTENNA_1712/DIODE                      0.350000    0.387244   -0.037244 (VIOLATED)
ANTENNA_1704/DIODE                      0.350000    0.387240   -0.037240 (VIOLATED)
ANTENNA_1703/DIODE                      0.350000    0.387239   -0.037239 (VIOLATED)
ANTENNA_1702/DIODE                      0.350000    0.387236   -0.037236 (VIOLATED)
u_memory._327_/B1                       0.350000    0.387218   -0.037218 (VIOLATED)
ANTENNA_127/DIODE                       0.350000    0.387216   -0.037216 (VIOLATED)
ANTENNA_126/DIODE                       0.350000    0.387214   -0.037214 (VIOLATED)
ANTENNA_124/DIODE                       0.350000    0.387213   -0.037213 (VIOLATED)
ANTENNA_1711/DIODE                      0.350000    0.387212   -0.037212 (VIOLATED)
ANTENNA_1709/DIODE                      0.350000    0.387212   -0.037212 (VIOLATED)
ANTENNA_1708/DIODE                      0.350000    0.387212   -0.037211 (VIOLATED)
ANTENNA_1707/DIODE                      0.350000    0.387211   -0.037211 (VIOLATED)
ANTENNA_1705/DIODE                      0.350000    0.387211   -0.037211 (VIOLATED)
ANTENNA_125/DIODE                       0.350000    0.387211   -0.037211 (VIOLATED)
ANTENNA_1706/DIODE                      0.350000    0.387210   -0.037210 (VIOLATED)
ANTENNA_1710/DIODE                      0.350000    0.387194   -0.037194 (VIOLATED)
max_cap595/X                            0.350000    0.387153   -0.037153 (VIOLATED)
u_memory._314_/A0                       0.350000    0.387137   -0.037137 (VIOLATED)
ANTENNA_2711/DIODE                      0.350000    0.387104   -0.037104 (VIOLATED)
u_memory.g_read[0].g_bank[1].g_slice[0].u_sram/din[31]    0.350000    0.386920   -0.036920 (VIOLATED)
ANTENNA_1272/DIODE                      0.350000    0.386914   -0.036914 (VIOLATED)
ANTENNA_1273/DIODE                      0.350000    0.386909   -0.036909 (VIOLATED)
u_memory.g_read[0].g_bank[2].g_slice[0].u_sram/din[3]    0.350000    0.386838   -0.036838 (VIOLATED)
u_memory._324_/X                        0.350000    0.386829   -0.036829 (VIOLATED)
_038_/D                                 0.350000    0.386648   -0.036648 (VIOLATED)
ANTENNA_2372/DIODE                      0.350000    0.386642   -0.036642 (VIOLATED)
ANTENNA_2371/DIODE                      0.350000    0.386640   -0.036640 (VIOLATED)
ANTENNA_2363/DIODE                      0.350000    0.386640   -0.036640 (VIOLATED)
ANTENNA_2369/DIODE                      0.350000    0.386640   -0.036640 (VIOLATED)
ANTENNA_2362/DIODE                      0.350000    0.386640   -0.036640 (VIOLATED)
ANTENNA_2367/DIODE                      0.350000    0.386640   -0.036640 (VIOLATED)
ANTENNA_2366/DIODE                      0.350000    0.386639   -0.036639 (VIOLATED)
ANTENNA_2365/DIODE                      0.350000    0.386639   -0.036639 (VIOLATED)
ANTENNA_2364/DIODE                      0.350000    0.386639   -0.036639 (VIOLATED)
ANTENNA_2370/DIODE                      0.350000    0.386625   -0.036625 (VIOLATED)
ANTENNA_2368/DIODE                      0.350000    0.386625   -0.036625 (VIOLATED)
u_memory._342_/X                        0.350000    0.386614   -0.036614 (VIOLATED)
max_cap556/X                            0.350000    0.386586   -0.036586 (VIOLATED)
max_cap469/X                            0.350000    0.386481   -0.036481 (VIOLATED)
u_memory._386_/B1                       0.350000    0.386477   -0.036477 (VIOLATED)
ANTENNA_1270/DIODE                      0.350000    0.386196   -0.036196 (VIOLATED)
ANTENNA_1271/DIODE                      0.350000    0.386189   -0.036189 (VIOLATED)
max_cap395/X                            0.350000    0.386094   -0.036094 (VIOLATED)
ANTENNA_1278/DIODE                      0.350000    0.386078   -0.036078 (VIOLATED)
ANTENNA_1279/DIODE                      0.350000    0.386075   -0.036075 (VIOLATED)
max_cap574/X                            0.350000    0.385901   -0.035901 (VIOLATED)
u_memory._191_/A2                       0.350000    0.385807   -0.035807 (VIOLATED)
u_memory._190_/X                        0.350000    0.385799   -0.035799 (VIOLATED)
u_memory.g_read[1].g_bank[2].g_slice[0].u_sram/din[29]    0.350000    0.385785   -0.035785 (VIOLATED)
u_memory._201_/A1                       0.350000    0.385783   -0.035783 (VIOLATED)
max_cap606/A                            0.350000    0.385739   -0.035739 (VIOLATED)
u_memory._199_/A_N                      0.350000    0.385684   -0.035684 (VIOLATED)
ANTENNA_1276/DIODE                      0.350000    0.385580   -0.035580 (VIOLATED)
ANTENNA_1277/DIODE                      0.350000    0.385580   -0.035580 (VIOLATED)
u_memory._196_/B                        0.350000    0.385538   -0.035538 (VIOLATED)
wire418/X                               0.350000    0.385456   -0.035456 (VIOLATED)
max_cap399/X                            0.350000    0.385385   -0.035385 (VIOLATED)
hold5/X                                 0.350000    0.385150   -0.035150 (VIOLATED)
wire442/A                               0.350000    0.385030   -0.035030 (VIOLATED)
max_cap607/X                            0.350000    0.385028   -0.035028 (VIOLATED)
u_memory.g_read[1].g_bank[2].g_slice[0].u_sram/din[10]    0.350000    0.384956   -0.034956 (VIOLATED)
u_memory.g_read[0].g_bank[1].g_slice[0].u_sram/addr[0]    0.350000    0.384952   -0.034952 (VIOLATED)
max_cap443/A                            0.350000    0.384915   -0.034915 (VIOLATED)
max_cap444/A                            0.350000    0.384892   -0.034892 (VIOLATED)
hold92/X                                0.350000    0.384722   -0.034722 (VIOLATED)
_026_/D                                 0.350000    0.384352   -0.034352 (VIOLATED)
ANTENNA_2759/DIODE                      0.350000    0.384290   -0.034290 (VIOLATED)
u_memory._305_/A1                       0.350000    0.384290   -0.034290 (VIOLATED)
u_memory.g_read[1].g_bank[2].g_slice[0].u_sram/din[3]    0.350000    0.384267   -0.034267 (VIOLATED)
u_memory._237_/A1                       0.350000    0.384158   -0.034158 (VIOLATED)
max_cap481/A                            0.350000    0.384120   -0.034120 (VIOLATED)
ANTENNA_1115/DIODE                      0.350000    0.384120   -0.034120 (VIOLATED)
ANTENNA_1113/DIODE                      0.350000    0.384119   -0.034119 (VIOLATED)
ANTENNA_1112/DIODE                      0.350000    0.384117   -0.034117 (VIOLATED)
ANTENNA_1114/DIODE                      0.350000    0.384100   -0.034100 (VIOLATED)
u_memory._285_/X                        0.350000    0.384074   -0.034074 (VIOLATED)
hold173/X                               0.350000    0.384047   -0.034047 (VIOLATED)
ANTENNA_1554/DIODE                      0.350000    0.383788   -0.033788 (VIOLATED)
ANTENNA_1558/DIODE                      0.350000    0.383788   -0.033788 (VIOLATED)
ANTENNA_1553/DIODE                      0.350000    0.383788   -0.033788 (VIOLATED)
ANTENNA_1556/DIODE                      0.350000    0.383788   -0.033788 (VIOLATED)
ANTENNA_1552/DIODE                      0.350000    0.383788   -0.033788 (VIOLATED)
ANTENNA_1555/DIODE                      0.350000    0.383788   -0.033788 (VIOLATED)
ANTENNA_1551/DIODE                      0.350000    0.383788   -0.033788 (VIOLATED)
ANTENNA_1548/DIODE                      0.350000    0.383781   -0.033781 (VIOLATED)
ANTENNA_1557/DIODE                      0.350000    0.383781   -0.033781 (VIOLATED)
ANTENNA_1550/DIODE                      0.350000    0.383778   -0.033778 (VIOLATED)
ANTENNA_1549/DIODE                      0.350000    0.383778   -0.033778 (VIOLATED)
wire337/X                               0.350000    0.383618   -0.033618 (VIOLATED)
max_cap482/X                            0.350000    0.383461   -0.033461 (VIOLATED)
max_cap445/X                            0.350000    0.383191   -0.033191 (VIOLATED)
ANTENNA_1576/DIODE                      0.350000    0.383140   -0.033140 (VIOLATED)
ANTENNA_1572/DIODE                      0.350000    0.383140   -0.033140 (VIOLATED)
ANTENNA_1571/DIODE                      0.350000    0.383139   -0.033139 (VIOLATED)
ANTENNA_1578/DIODE                      0.350000    0.383129   -0.033129 (VIOLATED)
ANTENNA_1577/DIODE                      0.350000    0.383129   -0.033128 (VIOLATED)
ANTENNA_1575/DIODE                      0.350000    0.383128   -0.033128 (VIOLATED)
ANTENNA_1574/DIODE                      0.350000    0.383127   -0.033127 (VIOLATED)
ANTENNA_1573/DIODE                      0.350000    0.383126   -0.033126 (VIOLATED)
ANTENNA_1579/DIODE                      0.350000    0.383126   -0.033126 (VIOLATED)
ANTENNA_1570/DIODE                      0.350000    0.383115   -0.033115 (VIOLATED)
ANTENNA_1580/DIODE                      0.350000    0.383115   -0.033115 (VIOLATED)
u_memory.g_read[1].g_bank[3].g_slice[0].u_sram/wmask[3]    0.350000    0.382905   -0.032905 (VIOLATED)
ANTENNA_2405/DIODE                      0.350000    0.382794   -0.032794 (VIOLATED)
ANTENNA_2396/DIODE                      0.350000    0.382793   -0.032793 (VIOLATED)
ANTENNA_2395/DIODE                      0.350000    0.382792   -0.032792 (VIOLATED)
ANTENNA_2404/DIODE                      0.350000    0.382791   -0.032791 (VIOLATED)
ANTENNA_2402/DIODE                      0.350000    0.382791   -0.032791 (VIOLATED)
ANTENNA_2400/DIODE                      0.350000    0.382790   -0.032790 (VIOLATED)
ANTENNA_2399/DIODE                      0.350000    0.382790   -0.032790 (VIOLATED)
ANTENNA_2397/DIODE                      0.350000    0.382790   -0.032790 (VIOLATED)
ANTENNA_2398/DIODE                      0.350000    0.382789   -0.032789 (VIOLATED)
ANTENNA_2401/DIODE                      0.350000    0.382731   -0.032731 (VIOLATED)
ANTENNA_2403/DIODE                      0.350000    0.382731   -0.032731 (VIOLATED)
u_memory._393_/B2                       0.350000    0.382728   -0.032728 (VIOLATED)
ANTENNA_2128/DIODE                      0.350000    0.382717   -0.032717 (VIOLATED)
ANTENNA_2126/DIODE                      0.350000    0.382717   -0.032717 (VIOLATED)
ANTENNA_2124/DIODE                      0.350000    0.382717   -0.032717 (VIOLATED)
ANTENNA_2123/DIODE                      0.350000    0.382716   -0.032716 (VIOLATED)
ANTENNA_2129/DIODE                      0.350000    0.382716   -0.032716 (VIOLATED)
ANTENNA_2122/DIODE                      0.350000    0.382716   -0.032716 (VIOLATED)
ANTENNA_2127/DIODE                      0.350000    0.382710   -0.032710 (VIOLATED)
ANTENNA_2125/DIODE                      0.350000    0.382710   -0.032710 (VIOLATED)
ANTENNA_2120/DIODE                      0.350000    0.382709   -0.032709 (VIOLATED)
ANTENNA_2121/DIODE                      0.350000    0.382709   -0.032709 (VIOLATED)
u_memory._392_/X                        0.350000    0.382709   -0.032709 (VIOLATED)
ANTENNA_2130/DIODE                      0.350000    0.382709   -0.032709 (VIOLATED)
u_memory.g_read[1].g_bank[2].g_slice[0].u_sram/din[17]    0.350000    0.382615   -0.032615 (VIOLATED)
max_cap449/X                            0.350000    0.382404   -0.032404 (VIOLATED)
_079_/D                                 0.350000    0.382146   -0.032146 (VIOLATED)
max_cap579/X                            0.350000    0.382030   -0.032030 (VIOLATED)
u_memory._291_/B2                       0.350000    0.381998   -0.031998 (VIOLATED)
ANTENNA_111/DIODE                       0.350000    0.381997   -0.031997 (VIOLATED)
max_cap536/X                            0.350000    0.381876   -0.031876 (VIOLATED)
u_memory.g_read[0].g_bank[2].g_slice[0].u_sram/din[30]    0.350000    0.381767   -0.031767 (VIOLATED)
u_memory._290_/X                        0.350000    0.381695   -0.031695 (VIOLATED)
u_memory.g_read[1].g_bank[2].g_slice[0].u_sram/wmask[3]    0.350000    0.381669   -0.031669 (VIOLATED)
u_memory._417_/B1                       0.350000    0.381531   -0.031531 (VIOLATED)
input4/X                                0.350000    0.381513   -0.031513 (VIOLATED)
fanout182/A                             0.350000    0.381397   -0.031397 (VIOLATED)
u_memory._415_/X                        0.350000    0.381284   -0.031284 (VIOLATED)
u_memory._246_/A1                       0.350000    0.381208   -0.031208 (VIOLATED)
ANTENNA_1209/DIODE                      0.350000    0.381204   -0.031204 (VIOLATED)
ANTENNA_1207/DIODE                      0.350000    0.381203   -0.031203 (VIOLATED)
ANTENNA_1208/DIODE                      0.350000    0.381191   -0.031191 (VIOLATED)
_077_/D                                 0.350000    0.381130   -0.031130 (VIOLATED)
ANTENNA_209/DIODE                       0.350000    0.381123   -0.031123 (VIOLATED)
fanout183/A                             0.350000    0.381053   -0.031053 (VIOLATED)
u_memory._300_/A2                       0.350000    0.381035   -0.031035 (VIOLATED)
u_memory._297_/A2                       0.350000    0.380949   -0.030949 (VIOLATED)
hold146/A                               0.350000    0.380810   -0.030810 (VIOLATED)
hold153/X                               0.350000    0.380782   -0.030782 (VIOLATED)
u_memory._303_/A2                       0.350000    0.380778   -0.030778 (VIOLATED)
wire365/X                               0.350000    0.380581   -0.030581 (VIOLATED)
ANTENNA_213/DIODE                       0.350000    0.380526   -0.030526 (VIOLATED)
_076_/D                                 0.350000    0.380522   -0.030522 (VIOLATED)
input2/X                                0.350000    0.380504   -0.030504 (VIOLATED)
ANTENNA_2686/DIODE                      0.350000    0.380279   -0.030279 (VIOLATED)
ANTENNA_2688/DIODE                      0.350000    0.380279   -0.030279 (VIOLATED)
ANTENNA_2681/DIODE                      0.350000    0.380279   -0.030279 (VIOLATED)
ANTENNA_2683/DIODE                      0.350000    0.380279   -0.030279 (VIOLATED)
ANTENNA_2682/DIODE                      0.350000    0.380279   -0.030279 (VIOLATED)
ANTENNA_2690/DIODE                      0.350000    0.380276   -0.030276 (VIOLATED)
ANTENNA_2689/DIODE                      0.350000    0.380275   -0.030275 (VIOLATED)
ANTENNA_2687/DIODE                      0.350000    0.380275   -0.030275 (VIOLATED)
ANTENNA_2685/DIODE                      0.350000    0.380275   -0.030275 (VIOLATED)
ANTENNA_2691/DIODE                      0.350000    0.380275   -0.030275 (VIOLATED)
ANTENNA_2684/DIODE                      0.350000    0.380275   -0.030275 (VIOLATED)
_042_/D                                 0.350000    0.380183   -0.030183 (VIOLATED)
u_memory._354_/X                        0.350000    0.380160   -0.030160 (VIOLATED)
ANTENNA_2333/DIODE                      0.350000    0.380146   -0.030146 (VIOLATED)
ANTENNA_2329/DIODE                      0.350000    0.380145   -0.030145 (VIOLATED)
ANTENNA_2335/DIODE                      0.350000    0.380138   -0.030138 (VIOLATED)
ANTENNA_2334/DIODE                      0.350000    0.380138   -0.030138 (VIOLATED)
ANTENNA_2332/DIODE                      0.350000    0.380137   -0.030137 (VIOLATED)
ANTENNA_2331/DIODE                      0.350000    0.380137   -0.030137 (VIOLATED)
ANTENNA_2336/DIODE                      0.350000    0.380137   -0.030137 (VIOLATED)
ANTENNA_2330/DIODE                      0.350000    0.380136   -0.030136 (VIOLATED)
ANTENNA_2339/DIODE                      0.350000    0.380121   -0.030121 (VIOLATED)
ANTENNA_2338/DIODE                      0.350000    0.380121   -0.030121 (VIOLATED)
ANTENNA_2337/DIODE                      0.350000    0.380120   -0.030120 (VIOLATED)
u_memory.g_read[1].g_bank[2].g_slice[0].u_sram/din[30]    0.350000    0.379997   -0.029997 (VIOLATED)
input22/X                               0.350000    0.379877   -0.029877 (VIOLATED)
max_cap625/X                            0.350000    0.379615   -0.029615 (VIOLATED)
u_memory.g_read[1].g_bank[2].g_slice[0].u_sram/din[18]    0.350000    0.379557   -0.029557 (VIOLATED)
ANTENNA_2208/DIODE                      0.350000    0.379495   -0.029495 (VIOLATED)
ANTENNA_2218/DIODE                      0.350000    0.379493   -0.029493 (VIOLATED)
ANTENNA_2217/DIODE                      0.350000    0.379493   -0.029493 (VIOLATED)
ANTENNA_2211/DIODE                      0.350000    0.379492   -0.029492 (VIOLATED)
ANTENNA_2212/DIODE                      0.350000    0.379492   -0.029492 (VIOLATED)
ANTENNA_2213/DIODE                      0.350000    0.379492   -0.029492 (VIOLATED)
ANTENNA_2216/DIODE                      0.350000    0.379491   -0.029491 (VIOLATED)
ANTENNA_2215/DIODE                      0.350000    0.379491   -0.029491 (VIOLATED)
ANTENNA_2214/DIODE                      0.350000    0.379481   -0.029481 (VIOLATED)
ANTENNA_2210/DIODE                      0.350000    0.379481   -0.029481 (VIOLATED)
ANTENNA_2209/DIODE                      0.350000    0.379481   -0.029481 (VIOLATED)
max_cap569/X                            0.350000    0.379440   -0.029440 (VIOLATED)
u_memory.g_read[1].g_bank[0].g_slice[0].u_sram/addr[1]    0.350000    0.379410   -0.029410 (VIOLATED)
ANTENNA_2186/DIODE                      0.350000    0.379222   -0.029222 (VIOLATED)
ANTENNA_2196/DIODE                      0.350000    0.379222   -0.029222 (VIOLATED)
ANTENNA_2187/DIODE                      0.350000    0.379220   -0.029220 (VIOLATED)
ANTENNA_2195/DIODE                      0.350000    0.379219   -0.029219 (VIOLATED)
ANTENNA_2189/DIODE                      0.350000    0.379218   -0.029218 (VIOLATED)
ANTENNA_2193/DIODE                      0.350000    0.379218   -0.029218 (VIOLATED)
ANTENNA_2188/DIODE                      0.350000    0.379218   -0.029218 (VIOLATED)
ANTENNA_2191/DIODE                      0.350000    0.379218   -0.029218 (VIOLATED)
ANTENNA_2190/DIODE                      0.350000    0.379218   -0.029218 (VIOLATED)
ANTENNA_2194/DIODE                      0.350000    0.379205   -0.029205 (VIOLATED)
ANTENNA_2192/DIODE                      0.350000    0.379205   -0.029205 (VIOLATED)
ANTENNA_935/DIODE                       0.350000    0.379172   -0.029172 (VIOLATED)
ANTENNA_934/DIODE                       0.350000    0.379172   -0.029172 (VIOLATED)
ANTENNA_933/DIODE                       0.350000    0.379172   -0.029172 (VIOLATED)
ANTENNA_932/DIODE                       0.350000    0.379171   -0.029171 (VIOLATED)
ANTENNA_930/DIODE                       0.350000    0.379164   -0.029164 (VIOLATED)
ANTENNA_927/DIODE                       0.350000    0.379160   -0.029160 (VIOLATED)
ANTENNA_925/DIODE                       0.350000    0.379155   -0.029154 (VIOLATED)
ANTENNA_924/DIODE                       0.350000    0.379130   -0.029130 (VIOLATED)
u_memory._298_/C                        0.350000    0.379129   -0.029129 (VIOLATED)
ANTENNA_926/DIODE                       0.350000    0.379125   -0.029125 (VIOLATED)
ANTENNA_929/DIODE                       0.350000    0.379098   -0.029098 (VIOLATED)
ANTENNA_931/DIODE                       0.350000    0.379098   -0.029098 (VIOLATED)
ANTENNA_928/DIODE                       0.350000    0.379098   -0.029098 (VIOLATED)
u_memory.g_read[1].g_bank[1].g_slice[0].u_sram/din[20]    0.350000    0.378972   -0.028972 (VIOLATED)
ANTENNA_1964/DIODE                      0.350000    0.378964   -0.028964 (VIOLATED)
ANTENNA_1958/DIODE                      0.350000    0.378963   -0.028963 (VIOLATED)
ANTENNA_1963/DIODE                      0.350000    0.378963   -0.028963 (VIOLATED)
ANTENNA_1957/DIODE                      0.350000    0.378963   -0.028963 (VIOLATED)
ANTENNA_1956/DIODE                      0.350000    0.378962   -0.028962 (VIOLATED)
ANTENNA_1961/DIODE                      0.350000    0.378962   -0.028962 (VIOLATED)
ANTENNA_1959/DIODE                      0.350000    0.378962   -0.028962 (VIOLATED)
ANTENNA_1955/DIODE                      0.350000    0.378962   -0.028962 (VIOLATED)
ANTENNA_1965/DIODE                      0.350000    0.378952   -0.028952 (VIOLATED)
ANTENNA_1962/DIODE                      0.350000    0.378952   -0.028952 (VIOLATED)
ANTENNA_1960/DIODE                      0.350000    0.378952   -0.028952 (VIOLATED)
max_cap550/X                            0.350000    0.378911   -0.028911 (VIOLATED)
u_memory._214_/A1                       0.350000    0.378652   -0.028652 (VIOLATED)
u_memory._226_/A1                       0.350000    0.378623   -0.028623 (VIOLATED)
wire292/X                               0.350000    0.378610   -0.028610 (VIOLATED)
max_cap546/X                            0.350000    0.378559   -0.028559 (VIOLATED)
u_memory._288_/A1                       0.350000    0.378482   -0.028482 (VIOLATED)
u_memory._239_/A1                       0.350000    0.378479   -0.028479 (VIOLATED)
ANTENNA_1162/DIODE                      0.350000    0.378478   -0.028478 (VIOLATED)
ANTENNA_1160/DIODE                      0.350000    0.378476   -0.028476 (VIOLATED)
ANTENNA_1159/DIODE                      0.350000    0.378475   -0.028475 (VIOLATED)
ANTENNA_1161/DIODE                      0.350000    0.378467   -0.028467 (VIOLATED)
u_memory._276_/A2                       0.350000    0.378408   -0.028408 (VIOLATED)
max_cap510/X                            0.350000    0.378292   -0.028292 (VIOLATED)
max_cap510/A                            0.350000    0.378199   -0.028199 (VIOLATED)
max_cap509/A                            0.350000    0.378134   -0.028134 (VIOLATED)
u_memory._251_/A1                       0.350000    0.378105   -0.028105 (VIOLATED)
wire350/X                               0.350000    0.377972   -0.027972 (VIOLATED)
wire184/X                               0.350000    0.377606   -0.027606 (VIOLATED)
u_memory.g_read[1].g_bank[3].g_slice[0].u_sram/din[27]    0.350000    0.376877   -0.026877 (VIOLATED)
ANTENNA_2039/DIODE                      0.350000    0.376703   -0.026703 (VIOLATED)
ANTENNA_2037/DIODE                      0.350000    0.376703   -0.026703 (VIOLATED)
ANTENNA_2035/DIODE                      0.350000    0.376703   -0.026703 (VIOLATED)
ANTENNA_2034/DIODE                      0.350000    0.376702   -0.026702 (VIOLATED)
ANTENNA_2033/DIODE                      0.350000    0.376702   -0.026702 (VIOLATED)
ANTENNA_2041/DIODE                      0.350000    0.376702   -0.026702 (VIOLATED)
ANTENNA_2040/DIODE                      0.350000    0.376701   -0.026701 (VIOLATED)
ANTENNA_2032/DIODE                      0.350000    0.376695   -0.026695 (VIOLATED)
ANTENNA_2042/DIODE                      0.350000    0.376694   -0.026694 (VIOLATED)
ANTENNA_2038/DIODE                      0.350000    0.376692   -0.026692 (VIOLATED)
ANTENNA_2036/DIODE                      0.350000    0.376691   -0.026691 (VIOLATED)
wire511/X                               0.350000    0.376410   -0.026410 (VIOLATED)
max_cap522/X                            0.350000    0.375926   -0.025926 (VIOLATED)
u_memory.g_read[1].g_bank[1].g_slice[0].u_sram/addr[1]    0.350000    0.375565   -0.025565 (VIOLATED)
max_cap608/A                            0.350000    0.375544   -0.025544 (VIOLATED)
ANTENNA_2589/DIODE                      0.350000    0.375484   -0.025484 (VIOLATED)
ANTENNA_2588/DIODE                      0.350000    0.375484   -0.025484 (VIOLATED)
ANTENNA_2586/DIODE                      0.350000    0.375483   -0.025483 (VIOLATED)
ANTENNA_2590/DIODE                      0.350000    0.375483   -0.025483 (VIOLATED)
ANTENNA_2585/DIODE                      0.350000    0.375483   -0.025483 (VIOLATED)
ANTENNA_2584/DIODE                      0.350000    0.375483   -0.025483 (VIOLATED)
ANTENNA_2587/DIODE                      0.350000    0.375482   -0.025482 (VIOLATED)
ANTENNA_2583/DIODE                      0.350000    0.375482   -0.025482 (VIOLATED)
ANTENNA_2582/DIODE                      0.350000    0.375481   -0.025481 (VIOLATED)
ANTENNA_2592/DIODE                      0.350000    0.375470   -0.025470 (VIOLATED)
ANTENNA_2591/DIODE                      0.350000    0.375469   -0.025469 (VIOLATED)
max_cap516/A                            0.350000    0.375214   -0.025214 (VIOLATED)
max_cap609/X                            0.350000    0.375128   -0.025128 (VIOLATED)
max_cap610/X                            0.350000    0.374814   -0.024814 (VIOLATED)
ANTENNA_2742/DIODE                      0.350000    0.374813   -0.024813 (VIOLATED)
_084_/D                                 0.350000    0.374811   -0.024811 (VIOLATED)
u_memory.g_read[1].g_bank[2].g_slice[0].u_sram/din[24]    0.350000    0.374697   -0.024697 (VIOLATED)
max_cap517/X                            0.350000    0.374589   -0.024589 (VIOLATED)
u_memory._369_/B1                       0.350000    0.374494   -0.024494 (VIOLATED)
ANTENNA_175/DIODE                       0.350000    0.374489   -0.024489 (VIOLATED)
ANTENNA_173/DIODE                       0.350000    0.374488   -0.024488 (VIOLATED)
max_cap380/A                            0.350000    0.374487   -0.024487 (VIOLATED)
ANTENNA_174/DIODE                       0.350000    0.374486   -0.024486 (VIOLATED)
input9/X                                0.350000    0.374305   -0.024305 (VIOLATED)
hold137/X                               0.350000    0.374189   -0.024189 (VIOLATED)
u_memory._367_/X                        0.350000    0.374126   -0.024126 (VIOLATED)
u_memory._374_/B2                       0.350000    0.373778   -0.023778 (VIOLATED)
u_memory._299_/A1                       0.350000    0.373762   -0.023762 (VIOLATED)
u_memory._377_/B2                       0.350000    0.373652   -0.023652 (VIOLATED)
u_memory._287_/A1                       0.350000    0.373652   -0.023652 (VIOLATED)
u_memory._275_/A1                       0.350000    0.373595   -0.023595 (VIOLATED)
u_memory._264_/A1                       0.350000    0.373380   -0.023380 (VIOLATED)
u_memory._263_/A1                       0.350000    0.373335   -0.023335 (VIOLATED)
u_memory._173_/Y                        0.350000    0.373306   -0.023306 (VIOLATED)
ANTENNA_2390/DIODE                      0.350000    0.373012   -0.023012 (VIOLATED)
ANTENNA_2389/DIODE                      0.350000    0.373011   -0.023011 (VIOLATED)
ANTENNA_2394/DIODE                      0.350000    0.373011   -0.023011 (VIOLATED)
ANTENNA_2392/DIODE                      0.350000    0.373011   -0.023011 (VIOLATED)
ANTENNA_2388/DIODE                      0.350000    0.373011   -0.023011 (VIOLATED)
ANTENNA_2391/DIODE                      0.350000    0.373011   -0.023011 (VIOLATED)
ANTENNA_2387/DIODE                      0.350000    0.373010   -0.023010 (VIOLATED)
ANTENNA_2384/DIODE                      0.350000    0.373003   -0.023003 (VIOLATED)
ANTENNA_2393/DIODE                      0.350000    0.373003   -0.023003 (VIOLATED)
ANTENNA_2386/DIODE                      0.350000    0.372999   -0.022999 (VIOLATED)
ANTENNA_2385/DIODE                      0.350000    0.372999   -0.022999 (VIOLATED)
u_memory.g_read[0].g_bank[2].g_slice[0].u_sram/din[11]    0.350000    0.372985   -0.022985 (VIOLATED)
_068_/D                                 0.350000    0.372959   -0.022959 (VIOLATED)
u_memory._304_/A0                       0.350000    0.372952   -0.022952 (VIOLATED)
wire648/X                               0.350000    0.372943   -0.022943 (VIOLATED)
hold185/X                               0.350000    0.372926   -0.022926 (VIOLATED)
output117/A                             0.350000    0.372799   -0.022799 (VIOLATED)
_005_/Q                                 0.350000    0.372772   -0.022772 (VIOLATED)
max_cap578/X                            0.350000    0.372320   -0.022320 (VIOLATED)
ANTENNA_772/DIODE                       0.350000    0.372170   -0.022170 (VIOLATED)
ANTENNA_770/DIODE                       0.350000    0.372168   -0.022168 (VIOLATED)
u_memory._354_/A1                       0.350000    0.372167   -0.022167 (VIOLATED)
ANTENNA_769/DIODE                       0.350000    0.372165   -0.022165 (VIOLATED)
ANTENNA_771/DIODE                       0.350000    0.372149   -0.022149 (VIOLATED)
u_memory._389_/B2                       0.350000    0.371970   -0.021970 (VIOLATED)
wire253/X                               0.350000    0.371630   -0.021630 (VIOLATED)
u_memory._261_/A1                       0.350000    0.371472   -0.021472 (VIOLATED)
ANTENNA_1192/DIODE                      0.350000    0.371469   -0.021469 (VIOLATED)
ANTENNA_1190/DIODE                      0.350000    0.371468   -0.021468 (VIOLATED)
ANTENNA_1189/DIODE                      0.350000    0.371459   -0.021459 (VIOLATED)
ANTENNA_1191/DIODE                      0.350000    0.371456   -0.021456 (VIOLATED)
fanout173/A                             0.350000    0.371412   -0.021412 (VIOLATED)
u_memory._386_/B2                       0.350000    0.371354   -0.021354 (VIOLATED)
output78/A                              0.350000    0.371157   -0.021157 (VIOLATED)
ANTENNA_2760/DIODE                      0.350000    0.371157   -0.021157 (VIOLATED)
_101_/D                                 0.350000    0.371153   -0.021153 (VIOLATED)
_015_/Q                                 0.350000    0.371124   -0.021124 (VIOLATED)
input48/X                               0.350000    0.371110   -0.021110 (VIOLATED)
u_memory._401_/B2                       0.350000    0.371018   -0.021018 (VIOLATED)
ANTENNA_422/DIODE                       0.350000    0.370979   -0.020979 (VIOLATED)
ANTENNA_2765/DIODE                      0.350000    0.370977   -0.020977 (VIOLATED)
ANTENNA_2747/DIODE                      0.350000    0.370975   -0.020975 (VIOLATED)
u_memory._392_/B2                       0.350000    0.370928   -0.020928 (VIOLATED)
wire360/X                               0.350000    0.370927   -0.020927 (VIOLATED)
u_memory._175_/D                        0.350000    0.370544   -0.020544 (VIOLATED)
ANTENNA_208/DIODE                       0.350000    0.370541   -0.020541 (VIOLATED)
u_memory._407_/B2                       0.350000    0.370510   -0.020510 (VIOLATED)
u_memory._383_/B2                       0.350000    0.370463   -0.020463 (VIOLATED)
hold143/A                               0.350000    0.370325   -0.020325 (VIOLATED)
hold152/X                               0.350000    0.370298   -0.020298 (VIOLATED)
u_memory._413_/B2                       0.350000    0.370295   -0.020295 (VIOLATED)
hold151/A                               0.350000    0.370243   -0.020243 (VIOLATED)
_134_/Q                                 0.350000    0.370213   -0.020213 (VIOLATED)
ANTENNA_2182/DIODE                      0.350000    0.370133   -0.020133 (VIOLATED)
ANTENNA_2181/DIODE                      0.350000    0.370133   -0.020133 (VIOLATED)
ANTENNA_2184/DIODE                      0.350000    0.370133   -0.020133 (VIOLATED)
ANTENNA_2180/DIODE                      0.350000    0.370133   -0.020133 (VIOLATED)
ANTENNA_2183/DIODE                      0.350000    0.370133   -0.020133 (VIOLATED)
ANTENNA_2179/DIODE                      0.350000    0.370133   -0.020133 (VIOLATED)
ANTENNA_2175/DIODE                      0.350000    0.370127   -0.020127 (VIOLATED)
ANTENNA_2185/DIODE                      0.350000    0.370127   -0.020127 (VIOLATED)
ANTENNA_2178/DIODE                      0.350000    0.370126   -0.020126 (VIOLATED)
ANTENNA_2177/DIODE                      0.350000    0.370125   -0.020125 (VIOLATED)
ANTENNA_2176/DIODE                      0.350000    0.370125   -0.020125 (VIOLATED)
ANTENNA_1755/DIODE                      0.350000    0.370120   -0.020120 (VIOLATED)
ANTENNA_1746/DIODE                      0.350000    0.370120   -0.020120 (VIOLATED)
ANTENNA_1753/DIODE                      0.350000    0.370120   -0.020120 (VIOLATED)
ANTENNA_1751/DIODE                      0.350000    0.370120   -0.020120 (VIOLATED)
ANTENNA_1747/DIODE                      0.350000    0.370119   -0.020119 (VIOLATED)
ANTENNA_1750/DIODE                      0.350000    0.370119   -0.020119 (VIOLATED)
ANTENNA_1749/DIODE                      0.350000    0.370119   -0.020119 (VIOLATED)
ANTENNA_1748/DIODE                      0.350000    0.370119   -0.020119 (VIOLATED)
u_memory._252_/B1                       0.350000    0.370091   -0.020091 (VIOLATED)
ANTENNA_74/DIODE                        0.350000    0.370087   -0.020087 (VIOLATED)
ANTENNA_73/DIODE                        0.350000    0.370085   -0.020085 (VIOLATED)
ANTENNA_75/DIODE                        0.350000    0.370081   -0.020081 (VIOLATED)
ANTENNA_1752/DIODE                      0.350000    0.370063   -0.020063 (VIOLATED)
ANTENNA_1754/DIODE                      0.350000    0.370060   -0.020060 (VIOLATED)
ANTENNA_1756/DIODE                      0.350000    0.370058   -0.020058 (VIOLATED)
ANTENNA_1910/DIODE                      0.350000    0.369936   -0.019936 (VIOLATED)
ANTENNA_1909/DIODE                      0.350000    0.369936   -0.019936 (VIOLATED)
ANTENNA_1907/DIODE                      0.350000    0.369936   -0.019936 (VIOLATED)
ANTENNA_1905/DIODE                      0.350000    0.369935   -0.019935 (VIOLATED)
ANTENNA_1902/DIODE                      0.350000    0.369935   -0.019935 (VIOLATED)
ANTENNA_1901/DIODE                      0.350000    0.369934   -0.019934 (VIOLATED)
ANTENNA_1908/DIODE                      0.350000    0.369931   -0.019931 (VIOLATED)
ANTENNA_1906/DIODE                      0.350000    0.369930   -0.019930 (VIOLATED)
ANTENNA_1904/DIODE                      0.350000    0.369930   -0.019930 (VIOLATED)
ANTENNA_1903/DIODE                      0.350000    0.369930   -0.019930 (VIOLATED)
ANTENNA_1900/DIODE                      0.350000    0.369925   -0.019925 (VIOLATED)
wire275/X                               0.350000    0.369917   -0.019917 (VIOLATED)
u_memory._416_/B2                       0.350000    0.369876   -0.019876 (VIOLATED)
output73/A                              0.350000    0.369781   -0.019781 (VIOLATED)
ANTENNA_237/DIODE                       0.350000    0.369781   -0.019781 (VIOLATED)
_001_/Q                                 0.350000    0.369776   -0.019776 (VIOLATED)
u_memory._250_/X                        0.350000    0.369702   -0.019702 (VIOLATED)
u_memory._398_/B2                       0.350000    0.369657   -0.019657 (VIOLATED)
max_cap544/X                            0.350000    0.369470   -0.019470 (VIOLATED)
max_cap501/X                            0.350000    0.369398   -0.019398 (VIOLATED)
max_cap476/X                            0.350000    0.369339   -0.019339 (VIOLATED)
u_memory._404_/B2                       0.350000    0.369327   -0.019327 (VIOLATED)
ANTENNA_2615/DIODE                      0.350000    0.369217   -0.019217 (VIOLATED)
ANTENNA_2624/DIODE                      0.350000    0.369216   -0.019216 (VIOLATED)
ANTENNA_2621/DIODE                      0.350000    0.369209   -0.019209 (VIOLATED)
ANTENNA_2620/DIODE                      0.350000    0.369209   -0.019209 (VIOLATED)
ANTENNA_2618/DIODE                      0.350000    0.369209   -0.019209 (VIOLATED)
ANTENNA_2622/DIODE                      0.350000    0.369208   -0.019208 (VIOLATED)
ANTENNA_2623/DIODE                      0.350000    0.369207   -0.019207 (VIOLATED)
ANTENNA_2625/DIODE                      0.350000    0.369207   -0.019207 (VIOLATED)
ANTENNA_2619/DIODE                      0.350000    0.369176   -0.019176 (VIOLATED)
ANTENNA_2617/DIODE                      0.350000    0.369175   -0.019175 (VIOLATED)
ANTENNA_2616/DIODE                      0.350000    0.369174   -0.019174 (VIOLATED)
u_memory._410_/B2                       0.350000    0.369136   -0.019136 (VIOLATED)
u_memory._273_/A1                       0.350000    0.368821   -0.018821 (VIOLATED)
ANTENNA_1175/DIODE                      0.350000    0.368813   -0.018813 (VIOLATED)
ANTENNA_1173/DIODE                      0.350000    0.368811   -0.018811 (VIOLATED)
u_memory._395_/B2                       0.350000    0.368790   -0.018790 (VIOLATED)
ANTENNA_1174/DIODE                      0.350000    0.368784   -0.018784 (VIOLATED)
ANTENNA_1176/DIODE                      0.350000    0.368784   -0.018784 (VIOLATED)
u_memory._380_/B2                       0.350000    0.368649   -0.018649 (VIOLATED)
wire154/A                               0.350000    0.368622   -0.018622 (VIOLATED)
u_memory._180_/Y                        0.350000    0.368619   -0.018619 (VIOLATED)
fanout174/X                             0.350000    0.368555   -0.018555 (VIOLATED)
max_cap614/X                            0.350000    0.368499   -0.018499 (VIOLATED)
wire355/X                               0.350000    0.368185   -0.018185 (VIOLATED)
u_memory._387_/B1                       0.350000    0.368004   -0.018004 (VIOLATED)
ANTENNA_193/DIODE                       0.350000    0.368001   -0.018001 (VIOLATED)
ANTENNA_191/DIODE                       0.350000    0.367999   -0.017999 (VIOLATED)
u_memory.g_read[0].g_bank[2].g_slice[0].u_sram/din[19]    0.350000    0.367998   -0.017998 (VIOLATED)
ANTENNA_192/DIODE                       0.350000    0.367997   -0.017997 (VIOLATED)
ANTENNA_194/DIODE                       0.350000    0.367986   -0.017986 (VIOLATED)
u_memory._374_/C1                       0.350000    0.367808   -0.017808 (VIOLATED)
u_memory._377_/C1                       0.350000    0.367749   -0.017749 (VIOLATED)
u_memory._385_/X                        0.350000    0.367651   -0.017651 (VIOLATED)
ANTENNA_1786/DIODE                      0.350000    0.367187   -0.017187 (VIOLATED)
ANTENNA_1785/DIODE                      0.350000    0.367186   -0.017186 (VIOLATED)
ANTENNA_1784/DIODE                      0.350000    0.367186   -0.017186 (VIOLATED)
ANTENNA_1788/DIODE                      0.350000    0.367186   -0.017186 (VIOLATED)
ANTENNA_1782/DIODE                      0.350000    0.367186   -0.017186 (VIOLATED)
ANTENNA_1787/DIODE                      0.350000    0.367186   -0.017186 (VIOLATED)
ANTENNA_1779/DIODE                      0.350000    0.367180   -0.017180 (VIOLATED)
ANTENNA_1789/DIODE                      0.350000    0.367180   -0.017180 (VIOLATED)
ANTENNA_1783/DIODE                      0.350000    0.367179   -0.017179 (VIOLATED)
ANTENNA_1781/DIODE                      0.350000    0.367179   -0.017179 (VIOLATED)
ANTENNA_1780/DIODE                      0.350000    0.367178   -0.017178 (VIOLATED)
ANTENNA_2480/DIODE                      0.350000    0.367130   -0.017130 (VIOLATED)
ANTENNA_2479/DIODE                      0.350000    0.367130   -0.017130 (VIOLATED)
ANTENNA_2477/DIODE                      0.350000    0.367130   -0.017130 (VIOLATED)
ANTENNA_2476/DIODE                      0.350000    0.367129   -0.017129 (VIOLATED)
ANTENNA_2481/DIODE                      0.350000    0.367129   -0.017129 (VIOLATED)
ANTENNA_2475/DIODE                      0.350000    0.367129   -0.017129 (VIOLATED)
ANTENNA_2472/DIODE                      0.350000    0.367124   -0.017124 (VIOLATED)
ANTENNA_2478/DIODE                      0.350000    0.367123   -0.017123 (VIOLATED)
ANTENNA_2482/DIODE                      0.350000    0.367123   -0.017123 (VIOLATED)
ANTENNA_2474/DIODE                      0.350000    0.367123   -0.017123 (VIOLATED)
ANTENNA_2473/DIODE                      0.350000    0.367123   -0.017123 (VIOLATED)
max_cap524/A                            0.350000    0.367052   -0.017052 (VIOLATED)
max_cap525/A                            0.350000    0.367050   -0.017050 (VIOLATED)
max_cap432/A                            0.350000    0.366995   -0.016995 (VIOLATED)
max_cap433/A                            0.350000    0.366992   -0.016992 (VIOLATED)
u_memory.g_read[0].g_bank[2].g_slice[0].u_sram/din[12]    0.350000    0.366937   -0.016937 (VIOLATED)
output90/A                              0.350000    0.366789   -0.016789 (VIOLATED)
ANTENNA_1456/DIODE                      0.350000    0.366722   -0.016722 (VIOLATED)
ANTENNA_1454/DIODE                      0.350000    0.366722   -0.016722 (VIOLATED)
ANTENNA_1450/DIODE                      0.350000    0.366722   -0.016722 (VIOLATED)
ANTENNA_1449/DIODE                      0.350000    0.366721   -0.016721 (VIOLATED)
ANTENNA_1457/DIODE                      0.350000    0.366719   -0.016719 (VIOLATED)
ANTENNA_1455/DIODE                      0.350000    0.366719   -0.016719 (VIOLATED)
ANTENNA_1458/DIODE                      0.350000    0.366718   -0.016718 (VIOLATED)
ANTENNA_1453/DIODE                      0.350000    0.366718   -0.016718 (VIOLATED)
ANTENNA_1451/DIODE                      0.350000    0.366718   -0.016718 (VIOLATED)
ANTENNA_1452/DIODE                      0.350000    0.366718   -0.016718 (VIOLATED)
ANTENNA_1459/DIODE                      0.350000    0.366703   -0.016703 (VIOLATED)
max_cap481/X                            0.350000    0.366525   -0.016525 (VIOLATED)
u_memory._389_/C1                       0.350000    0.366477   -0.016477 (VIOLATED)
max_cap592/X                            0.350000    0.366466   -0.016466 (VIOLATED)
_026_/Q                                 0.350000    0.366464   -0.016464 (VIOLATED)
wire526/X                               0.350000    0.366459   -0.016459 (VIOLATED)
u_memory._266_/C1                       0.350000    0.366260   -0.016260 (VIOLATED)
fanout185/A                             0.350000    0.366254   -0.016254 (VIOLATED)
u_memory._272_/C1                       0.350000    0.366253   -0.016253 (VIOLATED)
u_memory._260_/C1                       0.350000    0.366243   -0.016243 (VIOLATED)
u_memory._278_/C1                       0.350000    0.366139   -0.016139 (VIOLATED)
fanout177/A                             0.350000    0.366121   -0.016121 (VIOLATED)
max_cap429/X                            0.350000    0.366072   -0.016072 (VIOLATED)
u_memory._282_/B2                       0.350000    0.366067   -0.016067 (VIOLATED)
u_memory._269_/C1                       0.350000    0.366064   -0.016064 (VIOLATED)
u_memory._386_/C1                       0.350000    0.366021   -0.016021 (VIOLATED)
wire149/X                               0.350000    0.366009   -0.016009 (VIOLATED)
u_memory._284_/C1                       0.350000    0.365989   -0.015989 (VIOLATED)
ANTENNA_2412/DIODE                      0.350000    0.365983   -0.015983 (VIOLATED)
ANTENNA_2408/DIODE                      0.350000    0.365983   -0.015983 (VIOLATED)
ANTENNA_2407/DIODE                      0.350000    0.365983   -0.015983 (VIOLATED)
ANTENNA_2414/DIODE                      0.350000    0.365973   -0.015973 (VIOLATED)
ANTENNA_2413/DIODE                      0.350000    0.365972   -0.015972 (VIOLATED)
ANTENNA_2411/DIODE                      0.350000    0.365972   -0.015972 (VIOLATED)
ANTENNA_2410/DIODE                      0.350000    0.365971   -0.015971 (VIOLATED)
ANTENNA_2409/DIODE                      0.350000    0.365970   -0.015970 (VIOLATED)
ANTENNA_2416/DIODE                      0.350000    0.365970   -0.015970 (VIOLATED)
ANTENNA_2415/DIODE                      0.350000    0.365970   -0.015970 (VIOLATED)
ANTENNA_2406/DIODE                      0.350000    0.365956   -0.015956 (VIOLATED)
_087_/D                                 0.350000    0.365844   -0.015843 (VIOLATED)
u_memory._281_/X                        0.350000    0.365822   -0.015822 (VIOLATED)
input13/X                               0.350000    0.365784   -0.015784 (VIOLATED)
u_memory._401_/C1                       0.350000    0.365670   -0.015670 (VIOLATED)
u_memory._413_/B1                       0.350000    0.365610   -0.015610 (VIOLATED)
ANTENNA_2569/DIODE                      0.350000    0.365603   -0.015603 (VIOLATED)
ANTENNA_2565/DIODE                      0.350000    0.365603   -0.015603 (VIOLATED)
ANTENNA_2567/DIODE                      0.350000    0.365602   -0.015602 (VIOLATED)
ANTENNA_2564/DIODE                      0.350000    0.365602   -0.015602 (VIOLATED)
ANTENNA_2566/DIODE                      0.350000    0.365602   -0.015602 (VIOLATED)
ANTENNA_2563/DIODE                      0.350000    0.365602   -0.015602 (VIOLATED)
ANTENNA_2560/DIODE                      0.350000    0.365599   -0.015599 (VIOLATED)
ANTENNA_2570/DIODE                      0.350000    0.365599   -0.015599 (VIOLATED)
ANTENNA_2568/DIODE                      0.350000    0.365598   -0.015598 (VIOLATED)
ANTENNA_2562/DIODE                      0.350000    0.365594   -0.015594 (VIOLATED)
ANTENNA_2561/DIODE                      0.350000    0.365593   -0.015593 (VIOLATED)
u_memory._392_/C1                       0.350000    0.365592   -0.015592 (VIOLATED)
ANTENNA_1179/DIODE                      0.350000    0.365537   -0.015537 (VIOLATED)
ANTENNA_1178/DIODE                      0.350000    0.365536   -0.015536 (VIOLATED)
ANTENNA_1177/DIODE                      0.350000    0.365536   -0.015536 (VIOLATED)
u_memory._270_/A1                       0.350000    0.365529   -0.015529 (VIOLATED)
ANTENNA_1180/DIODE                      0.350000    0.365495   -0.015495 (VIOLATED)
max_cap452/A                            0.350000    0.365382   -0.015382 (VIOLATED)
max_cap580/X                            0.350000    0.365300   -0.015300 (VIOLATED)
wire434/X                               0.350000    0.365258   -0.015258 (VIOLATED)
u_memory._290_/C1                       0.350000    0.365170   -0.015170 (VIOLATED)
u_memory._296_/C1                       0.350000    0.365151   -0.015151 (VIOLATED)
u_memory._281_/C1                       0.350000    0.365139   -0.015139 (VIOLATED)
u_memory._302_/C1                       0.350000    0.365134   -0.015134 (VIOLATED)
u_memory.g_read[1].g_bank[2].g_slice[0].u_sram/addr[6]    0.350000    0.365132   -0.015132 (VIOLATED)
ANTENNA_13/DIODE                        0.350000    0.365127   -0.015127 (VIOLATED)
_018_/D                                 0.350000    0.365127   -0.015127 (VIOLATED)
fanout186/X                             0.350000    0.365092   -0.015092 (VIOLATED)
u_memory.g_read[1].g_bank[3].g_slice[0].u_sram/addr[6]    0.350000    0.365053   -0.015053 (VIOLATED)
u_memory._407_/C1                       0.350000    0.364976   -0.014976 (VIOLATED)
max_cap606/X                            0.350000    0.364945   -0.014945 (VIOLATED)
wire356/X                               0.350000    0.364935   -0.014935 (VIOLATED)
ANTENNA_789/DIODE                       0.350000    0.364889   -0.014889 (VIOLATED)
u_memory._339_/A1                       0.350000    0.364889   -0.014889 (VIOLATED)
ANTENNA_787/DIODE                       0.350000    0.364884   -0.014884 (VIOLATED)
ANTENNA_788/DIODE                       0.350000    0.364879   -0.014879 (VIOLATED)
ANTENNA_790/DIODE                       0.350000    0.364877   -0.014877 (VIOLATED)
u_memory._261_/X                        0.350000    0.364824   -0.014824 (VIOLATED)
u_memory._390_/B2                       0.350000    0.364802   -0.014802 (VIOLATED)
u_memory._389_/X                        0.350000    0.364779   -0.014779 (VIOLATED)
u_memory._383_/C1                       0.350000    0.364755   -0.014755 (VIOLATED)
ANTENNA_1195/DIODE                      0.350000    0.364658   -0.014658 (VIOLATED)
u_memory._258_/A1                       0.350000    0.364653   -0.014653 (VIOLATED)
ANTENNA_1193/DIODE                      0.350000    0.364643   -0.014643 (VIOLATED)
ANTENNA_1194/DIODE                      0.350000    0.364620   -0.014620 (VIOLATED)
ANTENNA_1196/DIODE                      0.350000    0.364605   -0.014605 (VIOLATED)
ANTENNA_1742/DIODE                      0.350000    0.364533   -0.014533 (VIOLATED)
ANTENNA_1741/DIODE                      0.350000    0.364533   -0.014533 (VIOLATED)
ANTENNA_1744/DIODE                      0.350000    0.364533   -0.014532 (VIOLATED)
ANTENNA_1740/DIODE                      0.350000    0.364532   -0.014532 (VIOLATED)
ANTENNA_1743/DIODE                      0.350000    0.364532   -0.014532 (VIOLATED)
ANTENNA_1739/DIODE                      0.350000    0.364532   -0.014532 (VIOLATED)
ANTENNA_1735/DIODE                      0.350000    0.364527   -0.014527 (VIOLATED)
ANTENNA_1745/DIODE                      0.350000    0.364527   -0.014526 (VIOLATED)
ANTENNA_1738/DIODE                      0.350000    0.364525   -0.014525 (VIOLATED)
ANTENNA_1737/DIODE                      0.350000    0.364525   -0.014525 (VIOLATED)
ANTENNA_1736/DIODE                      0.350000    0.364525   -0.014525 (VIOLATED)
u_memory._413_/C1                       0.350000    0.364442   -0.014442 (VIOLATED)
wire258/X                               0.350000    0.364336   -0.014336 (VIOLATED)
u_memory._416_/C1                       0.350000    0.364124   -0.014124 (VIOLATED)
u_memory._398_/C1                       0.350000    0.364092   -0.014092 (VIOLATED)
wire361/X                               0.350000    0.363980   -0.013980 (VIOLATED)
u_memory._404_/C1                       0.350000    0.363952   -0.013952 (VIOLATED)
u_memory._410_/C1                       0.350000    0.363931   -0.013931 (VIOLATED)
max_cap474/X                            0.350000    0.363875   -0.013875 (VIOLATED)
u_memory._395_/C1                       0.350000    0.363575   -0.013575 (VIOLATED)
ANTENNA_2611/DIODE                      0.350000    0.363518   -0.013518 (VIOLATED)
ANTENNA_2609/DIODE                      0.350000    0.363518   -0.013518 (VIOLATED)
ANTENNA_2605/DIODE                      0.350000    0.363518   -0.013518 (VIOLATED)
ANTENNA_2612/DIODE                      0.350000    0.363507   -0.013507 (VIOLATED)
ANTENNA_2610/DIODE                      0.350000    0.363507   -0.013507 (VIOLATED)
ANTENNA_2608/DIODE                      0.350000    0.363506   -0.013506 (VIOLATED)
ANTENNA_2607/DIODE                      0.350000    0.363505   -0.013505 (VIOLATED)
ANTENNA_2613/DIODE                      0.350000    0.363505   -0.013505 (VIOLATED)
ANTENNA_2606/DIODE                      0.350000    0.363504   -0.013504 (VIOLATED)
ANTENNA_2604/DIODE                      0.350000    0.363494   -0.013494 (VIOLATED)
ANTENNA_2614/DIODE                      0.350000    0.363494   -0.013494 (VIOLATED)
u_memory._380_/C1                       0.350000    0.363431   -0.013431 (VIOLATED)
fanout178/X                             0.350000    0.363332   -0.013332 (VIOLATED)
_028_/D                                 0.350000    0.363226   -0.013226 (VIOLATED)
max_cap384/A                            0.350000    0.363198   -0.013198 (VIOLATED)
_075_/D                                 0.350000    0.363149   -0.013149 (VIOLATED)
ANTENNA_212/DIODE                       0.350000    0.363149   -0.013149 (VIOLATED)
input21/X                               0.350000    0.363126   -0.013126 (VIOLATED)
max_cap613/X                            0.350000    0.362971   -0.012971 (VIOLATED)
u_memory._291_/X                        0.350000    0.362902   -0.012902 (VIOLATED)
wire381/A                               0.350000    0.362834   -0.012834 (VIOLATED)
hold136/X                               0.350000    0.362528   -0.012528 (VIOLATED)
wire453/X                               0.350000    0.362233   -0.012233 (VIOLATED)
u_memory.g_read[1].g_bank[1].g_slice[0].u_sram/din[13]    0.350000    0.361984   -0.011984 (VIOLATED)
u_memory._301_/C                        0.350000    0.361354   -0.011354 (VIOLATED)
ANTENNA_919/DIODE                       0.350000    0.361349   -0.011349 (VIOLATED)
ANTENNA_923/DIODE                       0.350000    0.361349   -0.011349 (VIOLATED)
ANTENNA_922/DIODE                       0.350000    0.361346   -0.011346 (VIOLATED)
ANTENNA_920/DIODE                       0.350000    0.361346   -0.011346 (VIOLATED)
ANTENNA_921/DIODE                       0.350000    0.361342   -0.011342 (VIOLATED)
hold84/A                                0.350000    0.360945   -0.010945 (VIOLATED)
hold126/X                               0.350000    0.360933   -0.010933 (VIOLATED)
_114_/D                                 0.350000    0.360850   -0.010850 (VIOLATED)
ANTENNA_2745/DIODE                      0.350000    0.360849   -0.010849 (VIOLATED)
wire291/X                               0.350000    0.360832   -0.010832 (VIOLATED)
input42/X                               0.350000    0.360824   -0.010824 (VIOLATED)
max_cap616/A                            0.350000    0.360644   -0.010643 (VIOLATED)
max_cap615/A                            0.350000    0.360609   -0.010609 (VIOLATED)
u_memory.g_read[1].g_bank[2].g_slice[0].u_sram/din[25]    0.350000    0.360471   -0.010471 (VIOLATED)
u_memory._354_/B1                       0.350000    0.360311   -0.010311 (VIOLATED)
ANTENNA_157/DIODE                       0.350000    0.360309   -0.010309 (VIOLATED)
ANTENNA_154/DIODE                       0.350000    0.360306   -0.010306 (VIOLATED)
ANTENNA_155/DIODE                       0.350000    0.360304   -0.010304 (VIOLATED)
ANTENNA_156/DIODE                       0.350000    0.360301   -0.010301 (VIOLATED)
u_memory._352_/X                        0.350000    0.360007   -0.010007 (VIOLATED)
output135/A                             0.350000    0.359812   -0.009812 (VIOLATED)
_009_/Q                                 0.350000    0.359770   -0.009770 (VIOLATED)
u_memory._173_/A                        0.350000    0.359715   -0.009715 (VIOLATED)
_024_/D                                 0.350000    0.359630   -0.009630 (VIOLATED)
u_memory._204_/B                        0.350000    0.359566   -0.009566 (VIOLATED)
max_cap403/A                            0.350000    0.359541   -0.009541 (VIOLATED)
wire617/X                               0.350000    0.359507   -0.009507 (VIOLATED)
u_memory._345_/A1                       0.350000    0.359362   -0.009362 (VIOLATED)
ANTENNA_781/DIODE                       0.350000    0.359359   -0.009359 (VIOLATED)
ANTENNA_779/DIODE                       0.350000    0.359359   -0.009359 (VIOLATED)
ANTENNA_780/DIODE                       0.350000    0.359353   -0.009353 (VIOLATED)
ANTENNA_782/DIODE                       0.350000    0.359351   -0.009351 (VIOLATED)
u_memory._279_/X                        0.350000    0.359332   -0.009332 (VIOLATED)
u_memory._297_/A1                       0.350000    0.359167   -0.009167 (VIOLATED)
ANTENNA_1147/DIODE                      0.350000    0.359163   -0.009163 (VIOLATED)
ANTENNA_1148/DIODE                      0.350000    0.359153   -0.009153 (VIOLATED)
ANTENNA_1149/DIODE                      0.350000    0.359152   -0.009152 (VIOLATED)
ANTENNA_1150/DIODE                      0.350000    0.359139   -0.009139 (VIOLATED)
ANTENNA_1243/DIODE                      0.350000    0.359023   -0.009023 (VIOLATED)
ANTENNA_1242/DIODE                      0.350000    0.359020   -0.009020 (VIOLATED)
max_cap409/X                            0.350000    0.358890   -0.008890 (VIOLATED)
ANTENNA_783/DIODE                       0.350000    0.358832   -0.008832 (VIOLATED)
ANTENNA_785/DIODE                       0.350000    0.358831   -0.008831 (VIOLATED)
u_memory._342_/A1                       0.350000    0.358830   -0.008830 (VIOLATED)
ANTENNA_786/DIODE                       0.350000    0.358817   -0.008817 (VIOLATED)
ANTENNA_784/DIODE                       0.350000    0.358816   -0.008816 (VIOLATED)
wire256/X                               0.350000    0.358809   -0.008809 (VIOLATED)
u_memory._203_/A_N                      0.350000    0.358786   -0.008786 (VIOLATED)
wire347/X                               0.350000    0.358579   -0.008579 (VIOLATED)
ANTENNA_2065/DIODE                      0.350000    0.358501   -0.008501 (VIOLATED)
ANTENNA_2070/DIODE                      0.350000    0.358496   -0.008496 (VIOLATED)
ANTENNA_2068/DIODE                      0.350000    0.358496   -0.008496 (VIOLATED)
ANTENNA_2073/DIODE                      0.350000    0.358477   -0.008477 (VIOLATED)
ANTENNA_2072/DIODE                      0.350000    0.358476   -0.008476 (VIOLATED)
ANTENNA_2066/DIODE                      0.350000    0.358476   -0.008476 (VIOLATED)
ANTENNA_2067/DIODE                      0.350000    0.358476   -0.008475 (VIOLATED)
ANTENNA_2069/DIODE                      0.350000    0.358475   -0.008475 (VIOLATED)
ANTENNA_2071/DIODE                      0.350000    0.358474   -0.008474 (VIOLATED)
ANTENNA_2074/DIODE                      0.350000    0.358469   -0.008469 (VIOLATED)
ANTENNA_2075/DIODE                      0.350000    0.358469   -0.008469 (VIOLATED)
u_memory._276_/A1                       0.350000    0.358413   -0.008413 (VIOLATED)
u_memory.g_read[0].g_bank[2].g_slice[0].u_sram/clk    0.350000    0.358384   -0.008384 (VIOLATED)
ANTENNA_1241/DIODE                      0.350000    0.358376   -0.008376 (VIOLATED)
ANTENNA_1240/DIODE                      0.350000    0.358372   -0.008372 (VIOLATED)
u_memory._368_/A2                       0.350000    0.358364   -0.008364 (VIOLATED)
ANTENNA_751/DIODE                       0.350000    0.358351   -0.008351 (VIOLATED)
ANTENNA_747/DIODE                       0.350000    0.358351   -0.008351 (VIOLATED)
ANTENNA_749/DIODE                       0.350000    0.358350   -0.008350 (VIOLATED)
max_cap386/X                            0.350000    0.358345   -0.008345 (VIOLATED)
ANTENNA_748/DIODE                       0.350000    0.358341   -0.008341 (VIOLATED)
ANTENNA_750/DIODE                       0.350000    0.358335   -0.008335 (VIOLATED)
u_memory.g_read[1].g_bank[1].g_slice[0].u_sram/clk    0.350000    0.358309   -0.008309 (VIOLATED)
wire257/X                               0.350000    0.358302   -0.008302 (VIOLATED)
u_memory._207_/B                        0.350000    0.358168   -0.008168 (VIOLATED)
u_memory._189_/B1                       0.350000    0.358168   -0.008168 (VIOLATED)
u_memory._206_/B                        0.350000    0.358058   -0.008058 (VIOLATED)
u_memory._186_/X                        0.350000    0.357913   -0.007913 (VIOLATED)
u_memory._200_/B1                       0.350000    0.357913   -0.007913 (VIOLATED)
max_cap527/X                            0.350000    0.357863   -0.007863 (VIOLATED)
wire247/X                               0.350000    0.357713   -0.007713 (VIOLATED)
ANTENNA_19/DIODE                        0.350000    0.357693   -0.007693 (VIOLATED)
_027_/D                                 0.350000    0.357692   -0.007692 (VIOLATED)
ANTENNA_18/DIODE                        0.350000    0.357591   -0.007591 (VIOLATED)
_025_/D                                 0.350000    0.357589   -0.007589 (VIOLATED)
u_memory.g_read[1].g_bank[2].g_slice[0].u_sram/clk    0.350000    0.357543   -0.007543 (VIOLATED)
ANTENNA_739/DIODE                       0.350000    0.357491   -0.007491 (VIOLATED)
ANTENNA_741/DIODE                       0.350000    0.357490   -0.007490 (VIOLATED)
ANTENNA_740/DIODE                       0.350000    0.357490   -0.007490 (VIOLATED)
ANTENNA_742/DIODE                       0.350000    0.357488   -0.007488 (VIOLATED)
u_memory._377_/A2                       0.350000    0.357487   -0.007487 (VIOLATED)
u_memory._288_/X                        0.350000    0.357462   -0.007462 (VIOLATED)
ANTENNA_1872/DIODE                      0.350000    0.357446   -0.007446 (VIOLATED)
ANTENNA_1871/DIODE                      0.350000    0.357446   -0.007446 (VIOLATED)
ANTENNA_1870/DIODE                      0.350000    0.357446   -0.007446 (VIOLATED)
ANTENNA_1876/DIODE                      0.350000    0.357446   -0.007445 (VIOLATED)
ANTENNA_1869/DIODE                      0.350000    0.357445   -0.007445 (VIOLATED)
ANTENNA_1874/DIODE                      0.350000    0.357445   -0.007445 (VIOLATED)
ANTENNA_1873/DIODE                      0.350000    0.357445   -0.007445 (VIOLATED)
ANTENNA_1868/DIODE                      0.350000    0.357441   -0.007441 (VIOLATED)
ANTENNA_1867/DIODE                      0.350000    0.357441   -0.007441 (VIOLATED)
ANTENNA_1877/DIODE                      0.350000    0.357430   -0.007430 (VIOLATED)
ANTENNA_1875/DIODE                      0.350000    0.357430   -0.007430 (VIOLATED)
u_memory._374_/A1                       0.350000    0.357386   -0.007386 (VIOLATED)
u_memory._377_/A1                       0.350000    0.357338   -0.007337 (VIOLATED)
u_memory._282_/X                        0.350000    0.357216   -0.007216 (VIOLATED)
max_cap544/A                            0.350000    0.356930   -0.006930 (VIOLATED)
max_cap468/A                            0.350000    0.356930   -0.006930 (VIOLATED)
max_cap469/A                            0.350000    0.356903   -0.006903 (VIOLATED)
wire244/X                               0.350000    0.356862   -0.006862 (VIOLATED)
max_cap496/X                            0.350000    0.356776   -0.006776 (VIOLATED)
u_memory._224_/B1                       0.350000    0.356710   -0.006710 (VIOLATED)
ANTENNA_46/DIODE                        0.350000    0.356707   -0.006707 (VIOLATED)
ANTENNA_44/DIODE                        0.350000    0.356705   -0.006705 (VIOLATED)
ANTENNA_45/DIODE                        0.350000    0.356703   -0.006703 (VIOLATED)
u_memory.g_read[1].g_bank[3].g_slice[0].u_sram/clk    0.350000    0.356566   -0.006566 (VIOLATED)
u_memory._360_/B1                       0.350000    0.356540   -0.006540 (VIOLATED)
ANTENNA_164/DIODE                       0.350000    0.356537   -0.006536 (VIOLATED)
ANTENNA_162/DIODE                       0.350000    0.356535   -0.006535 (VIOLATED)
ANTENNA_163/DIODE                       0.350000    0.356533   -0.006533 (VIOLATED)
u_memory.g_read[0].g_bank[1].g_slice[0].u_sram/clk    0.350000    0.356486   -0.006486 (VIOLATED)
u_memory._222_/X                        0.350000    0.356390   -0.006390 (VIOLATED)
u_memory._394_/A                        0.350000    0.356315   -0.006315 (VIOLATED)
u_memory.g_read[0].g_bank[3].g_slice[0].u_sram/clk    0.350000    0.356291   -0.006291 (VIOLATED)
u_memory._379_/A                        0.350000    0.356289   -0.006289 (VIOLATED)
max_cap545/X                            0.350000    0.356274   -0.006274 (VIOLATED)
u_memory._409_/A                        0.350000    0.356270   -0.006270 (VIOLATED)
u_memory._358_/X                        0.350000    0.356253   -0.006253 (VIOLATED)
u_memory._418_/A                        0.350000    0.356225   -0.006225 (VIOLATED)
u_memory._403_/A                        0.350000    0.356179   -0.006179 (VIOLATED)
u_memory._415_/A                        0.350000    0.356128   -0.006128 (VIOLATED)
u_memory._389_/A1                       0.350000    0.356049   -0.006049 (VIOLATED)
ANTENNA_1542/DIODE                      0.350000    0.356009   -0.006009 (VIOLATED)
ANTENNA_1538/DIODE                      0.350000    0.356008   -0.006008 (VIOLATED)
ANTENNA_1544/DIODE                      0.350000    0.356008   -0.006008 (VIOLATED)
ANTENNA_1543/DIODE                      0.350000    0.356008   -0.006008 (VIOLATED)
ANTENNA_1541/DIODE                      0.350000    0.356008   -0.006008 (VIOLATED)
ANTENNA_1537/DIODE                      0.350000    0.356008   -0.006008 (VIOLATED)
ANTENNA_1540/DIODE                      0.350000    0.356007   -0.006007 (VIOLATED)
ANTENNA_1545/DIODE                      0.350000    0.356007   -0.006007 (VIOLATED)
ANTENNA_1539/DIODE                      0.350000    0.356007   -0.006007 (VIOLATED)
ANTENNA_1547/DIODE                      0.350000    0.355995   -0.005995 (VIOLATED)
ANTENNA_1546/DIODE                      0.350000    0.355994   -0.005994 (VIOLATED)
u_memory.g_read[1].g_bank[1].g_slice[0].u_sram/din[16]    0.350000    0.355881   -0.005881 (VIOLATED)
ANTENNA_1732/DIODE                      0.350000    0.355715   -0.005715 (VIOLATED)
ANTENNA_1731/DIODE                      0.350000    0.355714   -0.005714 (VIOLATED)
ANTENNA_1729/DIODE                      0.350000    0.355714   -0.005714 (VIOLATED)
ANTENNA_1728/DIODE                      0.350000    0.355714   -0.005714 (VIOLATED)
ANTENNA_1727/DIODE                      0.350000    0.355713   -0.005713 (VIOLATED)
ANTENNA_1733/DIODE                      0.350000    0.355713   -0.005713 (VIOLATED)
ANTENNA_1730/DIODE                      0.350000    0.355707   -0.005707 (VIOLATED)
ANTENNA_1726/DIODE                      0.350000    0.355707   -0.005707 (VIOLATED)
ANTENNA_1725/DIODE                      0.350000    0.355707   -0.005707 (VIOLATED)
ANTENNA_1724/DIODE                      0.350000    0.355707   -0.005707 (VIOLATED)
ANTENNA_1734/DIODE                      0.350000    0.355707   -0.005706 (VIOLATED)
fanout203/A                             0.350000    0.355592   -0.005592 (VIOLATED)
max_cap443/X                            0.350000    0.355394   -0.005394 (VIOLATED)
u_memory._386_/A1                       0.350000    0.355324   -0.005324 (VIOLATED)
_033_/D                                 0.350000    0.355238   -0.005238 (VIOLATED)
u_memory._184_/A2                       0.350000    0.355230   -0.005230 (VIOLATED)
u_memory._327_/X                        0.350000    0.355215   -0.005215 (VIOLATED)
u_memory._347_/A2                       0.350000    0.355089   -0.005089 (VIOLATED)
ANTENNA_713/DIODE                       0.350000    0.355088   -0.005088 (VIOLATED)
ANTENNA_711/DIODE                       0.350000    0.355084   -0.005084 (VIOLATED)
ANTENNA_712/DIODE                       0.350000    0.355079   -0.005079 (VIOLATED)
ANTENNA_714/DIODE                       0.350000    0.355064   -0.005064 (VIOLATED)
max_cap473/X                            0.350000    0.355043   -0.005043 (VIOLATED)
fanout372/A                             0.350000    0.354990   -0.004990 (VIOLATED)
u_memory._429_/Q                        0.350000    0.354975   -0.004975 (VIOLATED)
max_cap567/A                            0.350000    0.354946   -0.004946 (VIOLATED)
u_memory._183_/X                        0.350000    0.354945   -0.004945 (VIOLATED)
u_memory._235_/C                        0.350000    0.354917   -0.004917 (VIOLATED)
max_cap566/A                            0.350000    0.354876   -0.004876 (VIOLATED)
u_memory._401_/A1                       0.350000    0.354863   -0.004863 (VIOLATED)
ANTENNA_2292/DIODE                      0.350000    0.354794   -0.004794 (VIOLATED)
ANTENNA_2291/DIODE                      0.350000    0.354793   -0.004793 (VIOLATED)
ANTENNA_2289/DIODE                      0.350000    0.354793   -0.004793 (VIOLATED)
ANTENNA_2288/DIODE                      0.350000    0.354793   -0.004793 (VIOLATED)
ANTENNA_2293/DIODE                      0.350000    0.354793   -0.004793 (VIOLATED)
ANTENNA_2287/DIODE                      0.350000    0.354792   -0.004792 (VIOLATED)
ANTENNA_2290/DIODE                      0.350000    0.354792   -0.004792 (VIOLATED)
ANTENNA_2286/DIODE                      0.350000    0.354792   -0.004792 (VIOLATED)
ANTENNA_2285/DIODE                      0.350000    0.354792   -0.004792 (VIOLATED)
u_memory._392_/A1                       0.350000    0.354787   -0.004787 (VIOLATED)
ANTENNA_2295/DIODE                      0.350000    0.354780   -0.004780 (VIOLATED)
ANTENNA_2294/DIODE                      0.350000    0.354780   -0.004780 (VIOLATED)
u_memory._262_/B                        0.350000    0.354555   -0.004555 (VIOLATED)
wire236/X                               0.350000    0.354531   -0.004531 (VIOLATED)
u_memory._407_/A1                       0.350000    0.354439   -0.004439 (VIOLATED)
u_memory._383_/A1                       0.350000    0.354390   -0.004390 (VIOLATED)
u_memory._208_/B2                       0.350000    0.354294   -0.004294 (VIOLATED)
u_memory._211_/B2                       0.350000    0.354282   -0.004282 (VIOLATED)
u_memory._217_/B2                       0.350000    0.354269   -0.004269 (VIOLATED)
u_memory._220_/B2                       0.350000    0.354268   -0.004268 (VIOLATED)
fanout374/A                             0.350000    0.354253   -0.004253 (VIOLATED)
u_memory._223_/B2                       0.350000    0.354238   -0.004238 (VIOLATED)
max_cap562/X                            0.350000    0.354219   -0.004219 (VIOLATED)
u_memory._229_/B2                       0.350000    0.354157   -0.004157 (VIOLATED)
ANTENNA_15/DIODE                        0.350000    0.354124   -0.004124 (VIOLATED)
_021_/D                                 0.350000    0.354122   -0.004122 (VIOLATED)
ANTENNA_1776/DIODE                      0.350000    0.354114   -0.004114 (VIOLATED)
ANTENNA_1774/DIODE                      0.350000    0.354114   -0.004114 (VIOLATED)
ANTENNA_1772/DIODE                      0.350000    0.354113   -0.004113 (VIOLATED)
ANTENNA_1771/DIODE                      0.350000    0.354113   -0.004113 (VIOLATED)
ANTENNA_1770/DIODE                      0.350000    0.354113   -0.004112 (VIOLATED)
ANTENNA_1768/DIODE                      0.350000    0.354111   -0.004111 (VIOLATED)
ANTENNA_1778/DIODE                      0.350000    0.354110   -0.004110 (VIOLATED)
ANTENNA_1777/DIODE                      0.350000    0.354110   -0.004110 (VIOLATED)
ANTENNA_1775/DIODE                      0.350000    0.354109   -0.004109 (VIOLATED)
ANTENNA_1773/DIODE                      0.350000    0.354108   -0.004108 (VIOLATED)
ANTENNA_1769/DIODE                      0.350000    0.354108   -0.004108 (VIOLATED)
u_memory._413_/A1                       0.350000    0.354090   -0.004090 (VIOLATED)
u_memory._232_/B2                       0.350000    0.354077   -0.004077 (VIOLATED)
wire354/X                               0.350000    0.353970   -0.003970 (VIOLATED)
ANTENNA_1438/DIODE                      0.350000    0.353965   -0.003965 (VIOLATED)
ANTENNA_1439/DIODE                      0.350000    0.353965   -0.003965 (VIOLATED)
ANTENNA_1442/DIODE                      0.350000    0.353965   -0.003964 (VIOLATED)
ANTENNA_1440/DIODE                      0.350000    0.353964   -0.003964 (VIOLATED)
u_memory._245_/B2                       0.350000    0.353939   -0.003939 (VIOLATED)
u_memory._234_/B                        0.350000    0.353927   -0.003927 (VIOLATED)
ANTENNA_1447/DIODE                      0.350000    0.353925   -0.003925 (VIOLATED)
ANTENNA_1445/DIODE                      0.350000    0.353923   -0.003923 (VIOLATED)
ANTENNA_1444/DIODE                      0.350000    0.353921   -0.003921 (VIOLATED)
ANTENNA_1441/DIODE                      0.350000    0.353919   -0.003919 (VIOLATED)
u_memory._270_/X                        0.350000    0.353918   -0.003918 (VIOLATED)
ANTENNA_1443/DIODE                      0.350000    0.353916   -0.003916 (VIOLATED)
ANTENNA_1446/DIODE                      0.350000    0.353878   -0.003878 (VIOLATED)
ANTENNA_1448/DIODE                      0.350000    0.353878   -0.003878 (VIOLATED)
u_memory._215_/B1                       0.350000    0.353858   -0.003858 (VIOLATED)
ANTENNA_37/DIODE                        0.350000    0.353855   -0.003855 (VIOLATED)
ANTENNA_35/DIODE                        0.350000    0.353853   -0.003853 (VIOLATED)
ANTENNA_36/DIODE                        0.350000    0.353851   -0.003851 (VIOLATED)
u_memory._416_/A1                       0.350000    0.353785   -0.003785 (VIOLATED)
u_memory._242_/B2                       0.350000    0.353762   -0.003762 (VIOLATED)
u_memory._398_/A1                       0.350000    0.353754   -0.003754 (VIOLATED)
u_memory._248_/B2                       0.350000    0.353635   -0.003635 (VIOLATED)
u_memory._254_/B2                       0.350000    0.353632   -0.003632 (VIOLATED)
u_memory._404_/A1                       0.350000    0.353624   -0.003624 (VIOLATED)
u_memory._410_/A1                       0.350000    0.353588   -0.003588 (VIOLATED)
u_memory._257_/B2                       0.350000    0.353567   -0.003567 (VIOLATED)
u_memory._213_/X                        0.350000    0.353521   -0.003521 (VIOLATED)
max_cap480/X                            0.350000    0.353357   -0.003357 (VIOLATED)
u_memory._260_/B2                       0.350000    0.353349   -0.003349 (VIOLATED)
u_memory._330_/A1                       0.350000    0.353345   -0.003345 (VIOLATED)
ANTENNA_849/DIODE                       0.350000    0.353328   -0.003328 (VIOLATED)
ANTENNA_848/DIODE                       0.350000    0.353327   -0.003327 (VIOLATED)
ANTENNA_847/DIODE                       0.350000    0.353327   -0.003327 (VIOLATED)
max_cap427/X                            0.350000    0.353267   -0.003267 (VIOLATED)
u_memory._266_/B2                       0.350000    0.353259   -0.003259 (VIOLATED)
u_memory._395_/A1                       0.350000    0.353255   -0.003255 (VIOLATED)
u_memory._208_/A2                       0.350000    0.353227   -0.003227 (VIOLATED)
ANTENNA_1111/DIODE                      0.350000    0.353224   -0.003224 (VIOLATED)
ANTENNA_1109/DIODE                      0.350000    0.353223   -0.003223 (VIOLATED)
ANTENNA_1110/DIODE                      0.350000    0.353221   -0.003221 (VIOLATED)
u_memory._380_/A1                       0.350000    0.353111   -0.003111 (VIOLATED)
u_memory._269_/B2                       0.350000    0.353082   -0.003082 (VIOLATED)
fanout189/X                             0.350000    0.353067   -0.003067 (VIOLATED)
fanout204/X                             0.350000    0.353004   -0.003004 (VIOLATED)
wire273/X                               0.350000    0.352789   -0.002789 (VIOLATED)
ANTENNA_1479/DIODE                      0.350000    0.352783   -0.002783 (VIOLATED)
ANTENNA_1472/DIODE                      0.350000    0.352781   -0.002781 (VIOLATED)
ANTENNA_1471/DIODE                      0.350000    0.352781   -0.002781 (VIOLATED)
ANTENNA_1480/DIODE                      0.350000    0.352772   -0.002772 (VIOLATED)
ANTENNA_1481/DIODE                      0.350000    0.352742   -0.002742 (VIOLATED)
ANTENNA_1478/DIODE                      0.350000    0.352742   -0.002742 (VIOLATED)
ANTENNA_1477/DIODE                      0.350000    0.352742   -0.002742 (VIOLATED)
ANTENNA_1473/DIODE                      0.350000    0.352740   -0.002740 (VIOLATED)
ANTENNA_1474/DIODE                      0.350000    0.352738   -0.002738 (VIOLATED)
ANTENNA_1475/DIODE                      0.350000    0.352735   -0.002735 (VIOLATED)
ANTENNA_1412/DIODE                      0.350000    0.352735   -0.002735 (VIOLATED)
ANTENNA_1411/DIODE                      0.350000    0.352734   -0.002734 (VIOLATED)
ANTENNA_1407/DIODE                      0.350000    0.352734   -0.002734 (VIOLATED)
ANTENNA_1409/DIODE                      0.350000    0.352734   -0.002734 (VIOLATED)
ANTENNA_1408/DIODE                      0.350000    0.352734   -0.002734 (VIOLATED)
ANTENNA_1476/DIODE                      0.350000    0.352732   -0.002732 (VIOLATED)
wire336/X                               0.350000    0.352702   -0.002702 (VIOLATED)
u_memory._285_/B1                       0.350000    0.352693   -0.002693 (VIOLATED)
ANTENNA_104/DIODE                       0.350000    0.352690   -0.002690 (VIOLATED)
ANTENNA_102/DIODE                       0.350000    0.352690   -0.002690 (VIOLATED)
ANTENNA_1405/DIODE                      0.350000    0.352689   -0.002689 (VIOLATED)
ANTENNA_103/DIODE                       0.350000    0.352688   -0.002688 (VIOLATED)
ANTENNA_1406/DIODE                      0.350000    0.352687   -0.002687 (VIOLATED)
ANTENNA_1410/DIODE                      0.350000    0.352684   -0.002684 (VIOLATED)
ANTENNA_1413/DIODE                      0.350000    0.352679   -0.002679 (VIOLATED)
ANTENNA_1414/DIODE                      0.350000    0.352676   -0.002676 (VIOLATED)
ANTENNA_1415/DIODE                      0.350000    0.352674   -0.002674 (VIOLATED)
u_memory._283_/X                        0.350000    0.352393   -0.002393 (VIOLATED)
max_cap433/X                            0.350000    0.352086   -0.002086 (VIOLATED)
ANTENNA_1216/DIODE                      0.350000    0.352005   -0.002005 (VIOLATED)
max_cap422/X                            0.350000    0.352003   -0.002003 (VIOLATED)
u_memory._240_/A1                       0.350000    0.352002   -0.002002 (VIOLATED)
ANTENNA_1214/DIODE                      0.350000    0.352002   -0.002002 (VIOLATED)
ANTENNA_1215/DIODE                      0.350000    0.351978   -0.001978 (VIOLATED)
ANTENNA_1217/DIODE                      0.350000    0.351964   -0.001964 (VIOLATED)
max_cap459/A                            0.350000    0.351783   -0.001783 (VIOLATED)
wire367/X                               0.350000    0.351463   -0.001463 (VIOLATED)
ANTENNA_2374/DIODE                      0.350000    0.351003   -0.001003 (VIOLATED)
ANTENNA_2373/DIODE                      0.350000    0.351003   -0.001003 (VIOLATED)
ANTENNA_2379/DIODE                      0.350000    0.350996   -0.000996 (VIOLATED)
ANTENNA_2378/DIODE                      0.350000    0.350996   -0.000996 (VIOLATED)
ANTENNA_2377/DIODE                      0.350000    0.350995   -0.000995 (VIOLATED)
ANTENNA_2376/DIODE                      0.350000    0.350995   -0.000995 (VIOLATED)
ANTENNA_2380/DIODE                      0.350000    0.350994   -0.000994 (VIOLATED)
ANTENNA_2375/DIODE                      0.350000    0.350994   -0.000994 (VIOLATED)
ANTENNA_2383/DIODE                      0.350000    0.350980   -0.000980 (VIOLATED)
ANTENNA_2382/DIODE                      0.350000    0.350980   -0.000980 (VIOLATED)
ANTENNA_2381/DIODE                      0.350000    0.350979   -0.000979 (VIOLATED)
u_memory.g_read[0].g_bank[0].g_slice[0].u_sram/addr[8]    0.350000    0.350803   -0.000803 (VIOLATED)
_029_/D                                 0.350000    0.350778   -0.000778 (VIOLATED)
ANTENNA_20/DIODE                        0.350000    0.350778   -0.000778 (VIOLATED)
u_memory._372_/A1                       0.350000    0.350739   -0.000739 (VIOLATED)
ANTENNA_872/DIODE                       0.350000    0.350736   -0.000736 (VIOLATED)
ANTENNA_870/DIODE                       0.350000    0.350734   -0.000734 (VIOLATED)
ANTENNA_871/DIODE                       0.350000    0.350727   -0.000727 (VIOLATED)
ANTENNA_873/DIODE                       0.350000    0.350725   -0.000725 (VIOLATED)
u_memory._179_/B                        0.350000    0.350632   -0.000632 (VIOLATED)
u_memory._294_/X                        0.350000    0.350538   -0.000538 (VIOLATED)
max_cap465/X                            0.350000    0.350511   -0.000511 (VIOLATED)
u_memory._183_/B                        0.350000    0.350501   -0.000501 (VIOLATED)
hold194/A                               0.350000    0.350414   -0.000414 (VIOLATED)
max_cap576/X                            0.350000    0.350368   -0.000368 (VIOLATED)
_073_/D                                 0.350000    0.350291   -0.000290 (VIOLATED)
ANTENNA_1634/DIODE                      0.350000    0.350283   -0.000283 (VIOLATED)
ANTENNA_1633/DIODE                      0.350000    0.350283   -0.000283 (VIOLATED)
ANTENNA_1632/DIODE                      0.350000    0.350283   -0.000283 (VIOLATED)
input19/X                               0.350000    0.350276   -0.000276 (VIOLATED)
ANTENNA_1631/DIODE                      0.350000    0.350251   -0.000251 (VIOLATED)
ANTENNA_1625/DIODE                      0.350000    0.350251   -0.000251 (VIOLATED)
ANTENNA_1626/DIODE                      0.350000    0.350248   -0.000248 (VIOLATED)
ANTENNA_1627/DIODE                      0.350000    0.350246   -0.000246 (VIOLATED)
ANTENNA_1628/DIODE                      0.350000    0.350244   -0.000244 (VIOLATED)
ANTENNA_1635/DIODE                      0.350000    0.350242   -0.000242 (VIOLATED)
ANTENNA_1630/DIODE                      0.350000    0.350241   -0.000241 (VIOLATED)
ANTENNA_1629/DIODE                      0.350000    0.350208   -0.000208 (VIOLATED)
wire278/X                               0.350000    0.350164   -0.000164 (VIOLATED)
hold33/A                                0.350000    0.350147   -0.000147 (VIOLATED)
ANTENNA_1766/DIODE                      0.350000    0.350139   -0.000139 (VIOLATED)
ANTENNA_1764/DIODE                      0.350000    0.350138   -0.000138 (VIOLATED)
ANTENNA_1765/DIODE                      0.350000    0.350138   -0.000138 (VIOLATED)
ANTENNA_1763/DIODE                      0.350000    0.350138   -0.000138 (VIOLATED)
ANTENNA_1759/DIODE                      0.350000    0.350138   -0.000138 (VIOLATED)
ANTENNA_1761/DIODE                      0.350000    0.350138   -0.000138 (VIOLATED)
ANTENNA_1760/DIODE                      0.350000    0.350138   -0.000138 (VIOLATED)
ANTENNA_1762/DIODE                      0.350000    0.350135   -0.000135 (VIOLATED)
ANTENNA_1758/DIODE                      0.350000    0.350135   -0.000135 (VIOLATED)
ANTENNA_1757/DIODE                      0.350000    0.350135   -0.000135 (VIOLATED)
ANTENNA_1767/DIODE                      0.350000    0.350122   -0.000122 (VIOLATED)

max fanout

Pin                                   Limit Fanout  Slack
---------------------------------------------------------
max_cap137/X                             16     22     -6 (VIOLATED)
max_cap138/X                             16     22     -6 (VIOLATED)
max_cap139/X                             16     22     -6 (VIOLATED)
max_cap140/X                             16     22     -6 (VIOLATED)
max_cap141/X                             16     22     -6 (VIOLATED)
max_cap145/X                             16     22     -6 (VIOLATED)
max_cap155/X                             16     22     -6 (VIOLATED)
max_cap156/X                             16     22     -6 (VIOLATED)
max_cap158/X                             16     22     -6 (VIOLATED)
max_cap159/X                             16     22     -6 (VIOLATED)
max_cap160/X                             16     22     -6 (VIOLATED)
max_cap162/X                             16     22     -6 (VIOLATED)
max_cap163/X                             16     22     -6 (VIOLATED)
max_cap142/X                             16     20     -4 (VIOLATED)
max_cap143/X                             16     20     -4 (VIOLATED)
max_cap144/X                             16     20     -4 (VIOLATED)
max_cap157/X                             16     20     -4 (VIOLATED)
max_cap161/X                             16     20     -4 (VIOLATED)
clkbuf_4_14__f_clk/X                     16     19     -3 (VIOLATED)



===========================================================================
report_parasitic_annotation -report_unannotated
============================================================================
Found 16 unannotated drivers.
 clkload0/Y
 clkload1/Y
 clkload2/Y
 clkload3/Y
 clkload4/Y
 clkload5/Y
 clkload6/Y
 clkload7/Y
 u_memory.g_read\[0\].g_bank\[0\].g_slice\[0\].u_sram_649/LO
 u_memory.g_read\[0\].g_bank\[1\].g_slice\[0\].u_sram_650/LO
 u_memory.g_read\[0\].g_bank\[2\].g_slice\[0\].u_sram_651/LO
 u_memory.g_read\[0\].g_bank\[3\].g_slice\[0\].u_sram_652/LO
 u_memory.g_read\[1\].g_bank\[0\].g_slice\[0\].u_sram_653/LO
 u_memory.g_read\[1\].g_bank\[1\].g_slice\[0\].u_sram_654/LO
 u_memory.g_read\[1\].g_bank\[2\].g_slice\[0\].u_sram_655/LO
 u_memory.g_read\[1\].g_bank\[3\].g_slice\[0\].u_sram_656/LO
Found 0 partially unannotated drivers.

===========================================================================
max slew violation count 3564
max fanout violation count 19
max cap violation count 0
============================================================================

===========================================================================
check_setup -verbose -unconstrained_endpoints -multiple_clock -no_clock -no_input_delay -loops -generated_clocks
===========================================================================
Warning: There are 8 unconstrained endpoints.
  u_memory.g_read[0].g_bank[0].g_slice[0].u_sram/rstb
  u_memory.g_read[0].g_bank[1].g_slice[0].u_sram/rstb
  u_memory.g_read[0].g_bank[2].g_slice[0].u_sram/rstb
  u_memory.g_read[0].g_bank[3].g_slice[0].u_sram/rstb
  u_memory.g_read[1].g_bank[0].g_slice[0].u_sram/rstb
  u_memory.g_read[1].g_bank[1].g_slice[0].u_sram/rstb
  u_memory.g_read[1].g_bank[2].g_slice[0].u_sram/rstb
  u_memory.g_read[1].g_bank[3].g_slice[0].u_sram/rstb
